Copyright 1986-2022 Xilinx, Inc. All Rights Reserved. Copyright 2022-2025 Advanced Micro Devices, Inc. All Rights Reserved.
------------------------------------------------------------------------------------------------------------------------------------------------------------------------------------
| Tool Version : Vivado v.2025.2 (lin64) Build 6299465 Fri Nov 14 12:34:56 MST 2025
| Date         : Thu Sep 10 17:02:25 2026
| Host         : trungp1412 running 64-bit Red Hat Enterprise Linux 10.2 (Coughlan)"
RELEASE_TYPE=stable
| Command      : report_timing -delay_type max -max_paths 20 -path_type full_clock_expanded -file /home/trungpham/PROJECT/KLTN/vivado_fmax_xc7a35t_20ns/post_route_timing_paths.rpt
| Design       : soc_top
| Device       : 7a35t-cpg236
| Speed File   : -1  PRODUCTION 1.23 2018-06-13
| Design State : Routed
------------------------------------------------------------------------------------------------------------------------------------------------------------------------------------

Timing Report

Slack (VIOLATED) :        -1.211ns  (required time - arrival time)
  Source:                 u_cpu/dut_pc/pc_reg[4]_rep__8/C
                            (rising edge-triggered cell FDRE clocked by CLK  {rise@0.000ns fall@10.000ns period=20.000ns})
  Destination:            u_l1_icache/data_array_reg[5][0][10]/CE
                            (rising edge-triggered cell FDRE clocked by CLK  {rise@0.000ns fall@10.000ns period=20.000ns})
  Path Group:             CLK
  Path Type:              Setup (Max at Slow Process Corner)
  Requirement:            20.000ns  (CLK rise@20.000ns - CLK rise@0.000ns)
  Data Path Delay:        20.575ns  (logic 4.481ns (21.779%)  route 16.094ns (78.221%))
  Logic Levels:           21  (CARRY4=4 LUT2=1 LUT3=1 LUT4=3 LUT5=5 LUT6=6 RAMD32=1)
  Clock Path Skew:        -0.095ns (DCD - SCD + CPR)
    Destination Clock Delay (DCD):    4.208ns = ( 24.208 - 20.000 ) 
    Source Clock Delay      (SCD):    4.553ns
    Clock Pessimism Removal (CPR):    0.250ns
  Clock Uncertainty:      0.335ns  ((TSJ^2 + TIJ^2)^1/2 + DJ) / 2 + PE + UU
    Total System Jitter     (TSJ):    0.071ns
    Total Input Jitter      (TIJ):    0.000ns
    Discrete Jitter          (DJ):    0.000ns
    Phase Error              (PE):    0.000ns
    User Uncertainty         (UU):    0.300ns

    Location             Delay type                Incr(ns)  Path(ns)    Netlist Resource(s)
  -------------------------------------------------------------------    -------------------
                         (clock CLK rise edge)        0.000     0.000 r  
    M18                                               0.000     0.000 r  clk (IN)
                         net (fo=0)                   0.000     0.000    clk
    M18                  IBUF (Prop_ibuf_I_O)         0.938     0.938 r  clk_IBUF_inst/O
                         net (fo=1, routed)           1.972     2.910    clk_IBUF
    BUFGCTRL_X0Y0        BUFG (Prop_bufg_I_O)         0.096     3.006 r  clk_IBUF_BUFG_inst/O
                         net (fo=11156, routed)       1.547     4.553    u_cpu/dut_pc/clk_IBUF_BUFG
    SLICE_X47Y25         FDRE                                         r  u_cpu/dut_pc/pc_reg[4]_rep__8/C
  -------------------------------------------------------------------    -------------------
    SLICE_X47Y25         FDRE (Prop_fdre_C_Q)         0.419     4.972 r  u_cpu/dut_pc/pc_reg[4]_rep__8/Q
                         net (fo=130, routed)         1.643     6.615    u_l1_icache/tag_array_reg_0_31_0_5/ADDRC0
    SLICE_X46Y22         RAMD32 (Prop_ramd32_RADR0_O)
                                                      0.328     6.943 r  u_l1_icache/tag_array_reg_0_31_0_5/RAMC/O
                         net (fo=1, routed)           0.676     7.619    u_cpu/dut_pc/lookup_hit1[4]
    SLICE_X42Y22         LUT6 (Prop_lut6_I1_O)        0.331     7.950 r  u_cpu/dut_pc/cpu_stall_debug_OBUF_inst_i_38/O
                         net (fo=1, routed)           0.000     7.950    u_cpu/dut_pc/cpu_stall_debug_OBUF_inst_i_38_n_0
    SLICE_X42Y22         CARRY4 (Prop_carry4_S[1]_CO[3])
                                                      0.533     8.483 r  u_cpu/dut_pc/cpu_stall_debug_OBUF_inst_i_23/CO[3]
                         net (fo=1, routed)           0.000     8.483    u_cpu/dut_pc/cpu_stall_debug_OBUF_inst_i_23_n_0
    SLICE_X42Y23         CARRY4 (Prop_carry4_CI_CO[3])
                                                      0.117     8.600 r  u_cpu/dut_pc/cpu_stall_debug_OBUF_inst_i_7/CO[3]
                         net (fo=4, routed)           0.948     9.548    u_cpu/dut_pc/u_l1_icache/lookup_hit0
    SLICE_X40Y22         LUT6 (Prop_lut6_I1_O)        0.124     9.672 r  u_cpu/dut_pc/registers_reg_r1_0_31_0_5_i_29/O
                         net (fo=33, routed)          1.119    10.791    u_cpu/dut_pc/registers_reg_r1_0_31_0_5_i_29_n_0
    SLICE_X34Y20         LUT6 (Prop_lut6_I4_O)        0.124    10.915 r  u_cpu/dut_pc/instr_debug[14]_i_1/O
                         net (fo=13, routed)          0.846    11.761    u_cpu/dut_pc/cpu_mem_funct3[2]
    SLICE_X33Y20         LUT4 (Prop_lut4_I0_O)        0.124    11.885 r  u_cpu/dut_pc/pc_target1_carry_i_19/O
                         net (fo=1, routed)           0.620    12.505    u_cpu/dut_pc/pc_target1_carry_i_19_n_0
    SLICE_X33Y21         LUT5 (Prop_lut5_I0_O)        0.124    12.629 r  u_cpu/dut_pc/pc_target1_carry_i_12/O
                         net (fo=39, routed)          0.910    13.540    u_cpu/dut_pc/imm_sel[2]
    SLICE_X34Y21         LUT6 (Prop_lut6_I0_O)        0.124    13.664 r  u_cpu/dut_pc/pc_target1_carry__2_i_9/O
                         net (fo=18, routed)          1.339    15.003    u_cpu/dut_pc/pc_target1_carry__2_i_9_n_0
    SLICE_X38Y33         LUT5 (Prop_lut5_I3_O)        0.124    15.127 r  u_cpu/dut_pc/pc_target1_carry__4_i_10/O
                         net (fo=7, routed)           0.652    15.779    u_cpu/dut_pc/pc_target1_carry__4_i_10_n_0
    SLICE_X38Y36         LUT3 (Prop_lut3_I2_O)        0.124    15.903 r  u_cpu/dut_pc/pc_target1_carry__4_i_2/O
                         net (fo=7, routed)           0.696    16.599    u_cpu/dut_pc/instruction_hold_valid_q_reg[16]
    SLICE_X38Y36         LUT4 (Prop_lut4_I3_O)        0.124    16.723 r  u_cpu/dut_pc/result0_carry__4_i_10/O
                         net (fo=6, routed)           0.607    17.330    u_cpu/dut_pc/src_b[22]
    SLICE_X36Y33         LUT2 (Prop_lut2_I1_O)        0.124    17.454 r  u_cpu/dut_pc/result0_carry__4_i_6/O
                         net (fo=1, routed)           0.000    17.454    u_cpu/dut_alu/mem_addr_q[20]_i_12_0[2]
    SLICE_X36Y33         CARRY4 (Prop_carry4_S[2]_CO[3])
                                                      0.398    17.852 r  u_cpu/dut_alu/result0_carry__4/CO[3]
                         net (fo=1, routed)           0.000    17.852    u_cpu/dut_alu/result0_carry__4_n_0
    SLICE_X36Y34         CARRY4 (Prop_carry4_CI_O[3])
                                                      0.313    18.165 r  u_cpu/dut_alu/result0_carry__5/O[3]
                         net (fo=1, routed)           1.047    19.212    u_cpu/dut_alu/data0[27]
    SLICE_X42Y36         LUT4 (Prop_lut4_I0_O)        0.306    19.518 r  u_cpu/dut_alu/mem_addr_q[27]_i_8/O
                         net (fo=1, routed)           0.305    19.823    u_cpu/dut_pc/pc[31]_i_27_0
    SLICE_X42Y38         LUT6 (Prop_lut6_I5_O)        0.124    19.947 r  u_cpu/dut_pc/mem_addr_q[27]_i_4/O
                         net (fo=2, routed)           0.589    20.536    u_cpu/dut_pc/mem_addr_q[27]_i_4_n_0
    SLICE_X45Y38         LUT5 (Prop_lut5_I1_O)        0.124    20.660 r  u_cpu/dut_pc/mem_addr_q[27]_i_2/O
                         net (fo=3, routed)           0.819    21.479    u_cpu/dut_pc/cpu_mem_addr[27]
    SLICE_X46Y38         LUT5 (Prop_lut5_I3_O)        0.124    21.603 f  u_cpu/dut_pc/refill_word_q[1]_i_8/O
                         net (fo=1, routed)           0.612    22.215    u_cpu/dut_pc/refill_word_q[1]_i_8_n_0
    SLICE_X47Y33         LUT5 (Prop_lut5_I4_O)        0.124    22.339 f  u_cpu/dut_pc/refill_word_q[1]_i_4/O
                         net (fo=165, routed)         1.497    23.836    u_l1_icache/icache_invalidate
    SLICE_X46Y14         LUT6 (Prop_lut6_I4_O)        0.124    23.960 r  u_l1_icache/data_array[5][0][31]_i_1/O
                         net (fo=32, routed)          1.168    25.128    u_l1_icache/data_array[5][0][31]_i_1_n_0
    SLICE_X35Y5          FDRE                                         r  u_l1_icache/data_array_reg[5][0][10]/CE
  -------------------------------------------------------------------    -------------------

                         (clock CLK rise edge)       20.000    20.000 r  
    M18                                               0.000    20.000 r  clk (IN)
                         net (fo=0)                   0.000    20.000    clk
    M18                  IBUF (Prop_ibuf_I_O)         0.805    20.805 r  clk_IBUF_inst/O
                         net (fo=1, routed)           1.868    22.673    clk_IBUF
    BUFGCTRL_X0Y0        BUFG (Prop_bufg_I_O)         0.091    22.764 r  clk_IBUF_BUFG_inst/O
                         net (fo=11156, routed)       1.444    24.208    u_l1_icache/clk_IBUF_BUFG
    SLICE_X35Y5          FDRE                                         r  u_l1_icache/data_array_reg[5][0][10]/C
                         clock pessimism              0.250    24.458    
                         clock uncertainty           -0.335    24.123    
    SLICE_X35Y5          FDRE (Setup_fdre_C_CE)      -0.205    23.918    u_l1_icache/data_array_reg[5][0][10]
  -------------------------------------------------------------------
                         required time                         23.918    
                         arrival time                         -25.128    
  -------------------------------------------------------------------
                         slack                                 -1.211    

Slack (VIOLATED) :        -1.190ns  (required time - arrival time)
  Source:                 u_cpu/dut_pc/pc_reg[4]_rep__8/C
                            (rising edge-triggered cell FDRE clocked by CLK  {rise@0.000ns fall@10.000ns period=20.000ns})
  Destination:            u_l1_icache/data_array_reg[8][1][10]/CE
                            (rising edge-triggered cell FDRE clocked by CLK  {rise@0.000ns fall@10.000ns period=20.000ns})
  Path Group:             CLK
  Path Type:              Setup (Max at Slow Process Corner)
  Requirement:            20.000ns  (CLK rise@20.000ns - CLK rise@0.000ns)
  Data Path Delay:        20.629ns  (logic 4.481ns (21.722%)  route 16.148ns (78.278%))
  Logic Levels:           21  (CARRY4=4 LUT2=1 LUT3=1 LUT4=3 LUT5=5 LUT6=6 RAMD32=1)
  Clock Path Skew:        -0.020ns (DCD - SCD + CPR)
    Destination Clock Delay (DCD):    4.211ns = ( 24.211 - 20.000 ) 
    Source Clock Delay      (SCD):    4.553ns
    Clock Pessimism Removal (CPR):    0.322ns
  Clock Uncertainty:      0.335ns  ((TSJ^2 + TIJ^2)^1/2 + DJ) / 2 + PE + UU
    Total System Jitter     (TSJ):    0.071ns
    Total Input Jitter      (TIJ):    0.000ns
    Discrete Jitter          (DJ):    0.000ns
    Phase Error              (PE):    0.000ns
    User Uncertainty         (UU):    0.300ns

    Location             Delay type                Incr(ns)  Path(ns)    Netlist Resource(s)
  -------------------------------------------------------------------    -------------------
                         (clock CLK rise edge)        0.000     0.000 r  
    M18                                               0.000     0.000 r  clk (IN)
                         net (fo=0)                   0.000     0.000    clk
    M18                  IBUF (Prop_ibuf_I_O)         0.938     0.938 r  clk_IBUF_inst/O
                         net (fo=1, routed)           1.972     2.910    clk_IBUF
    BUFGCTRL_X0Y0        BUFG (Prop_bufg_I_O)         0.096     3.006 r  clk_IBUF_BUFG_inst/O
                         net (fo=11156, routed)       1.547     4.553    u_cpu/dut_pc/clk_IBUF_BUFG
    SLICE_X47Y25         FDRE                                         r  u_cpu/dut_pc/pc_reg[4]_rep__8/C
  -------------------------------------------------------------------    -------------------
    SLICE_X47Y25         FDRE (Prop_fdre_C_Q)         0.419     4.972 r  u_cpu/dut_pc/pc_reg[4]_rep__8/Q
                         net (fo=130, routed)         1.643     6.615    u_l1_icache/tag_array_reg_0_31_0_5/ADDRC0
    SLICE_X46Y22         RAMD32 (Prop_ramd32_RADR0_O)
                                                      0.328     6.943 r  u_l1_icache/tag_array_reg_0_31_0_5/RAMC/O
                         net (fo=1, routed)           0.676     7.619    u_cpu/dut_pc/lookup_hit1[4]
    SLICE_X42Y22         LUT6 (Prop_lut6_I1_O)        0.331     7.950 r  u_cpu/dut_pc/cpu_stall_debug_OBUF_inst_i_38/O
                         net (fo=1, routed)           0.000     7.950    u_cpu/dut_pc/cpu_stall_debug_OBUF_inst_i_38_n_0
    SLICE_X42Y22         CARRY4 (Prop_carry4_S[1]_CO[3])
                                                      0.533     8.483 r  u_cpu/dut_pc/cpu_stall_debug_OBUF_inst_i_23/CO[3]
                         net (fo=1, routed)           0.000     8.483    u_cpu/dut_pc/cpu_stall_debug_OBUF_inst_i_23_n_0
    SLICE_X42Y23         CARRY4 (Prop_carry4_CI_CO[3])
                                                      0.117     8.600 r  u_cpu/dut_pc/cpu_stall_debug_OBUF_inst_i_7/CO[3]
                         net (fo=4, routed)           0.948     9.548    u_cpu/dut_pc/u_l1_icache/lookup_hit0
    SLICE_X40Y22         LUT6 (Prop_lut6_I1_O)        0.124     9.672 r  u_cpu/dut_pc/registers_reg_r1_0_31_0_5_i_29/O
                         net (fo=33, routed)          1.119    10.791    u_cpu/dut_pc/registers_reg_r1_0_31_0_5_i_29_n_0
    SLICE_X34Y20         LUT6 (Prop_lut6_I4_O)        0.124    10.915 r  u_cpu/dut_pc/instr_debug[14]_i_1/O
                         net (fo=13, routed)          0.846    11.761    u_cpu/dut_pc/cpu_mem_funct3[2]
    SLICE_X33Y20         LUT4 (Prop_lut4_I0_O)        0.124    11.885 r  u_cpu/dut_pc/pc_target1_carry_i_19/O
                         net (fo=1, routed)           0.620    12.505    u_cpu/dut_pc/pc_target1_carry_i_19_n_0
    SLICE_X33Y21         LUT5 (Prop_lut5_I0_O)        0.124    12.629 r  u_cpu/dut_pc/pc_target1_carry_i_12/O
                         net (fo=39, routed)          0.910    13.540    u_cpu/dut_pc/imm_sel[2]
    SLICE_X34Y21         LUT6 (Prop_lut6_I0_O)        0.124    13.664 r  u_cpu/dut_pc/pc_target1_carry__2_i_9/O
                         net (fo=18, routed)          1.339    15.003    u_cpu/dut_pc/pc_target1_carry__2_i_9_n_0
    SLICE_X38Y33         LUT5 (Prop_lut5_I3_O)        0.124    15.127 r  u_cpu/dut_pc/pc_target1_carry__4_i_10/O
                         net (fo=7, routed)           0.652    15.779    u_cpu/dut_pc/pc_target1_carry__4_i_10_n_0
    SLICE_X38Y36         LUT3 (Prop_lut3_I2_O)        0.124    15.903 r  u_cpu/dut_pc/pc_target1_carry__4_i_2/O
                         net (fo=7, routed)           0.696    16.599    u_cpu/dut_pc/instruction_hold_valid_q_reg[16]
    SLICE_X38Y36         LUT4 (Prop_lut4_I3_O)        0.124    16.723 r  u_cpu/dut_pc/result0_carry__4_i_10/O
                         net (fo=6, routed)           0.607    17.330    u_cpu/dut_pc/src_b[22]
    SLICE_X36Y33         LUT2 (Prop_lut2_I1_O)        0.124    17.454 r  u_cpu/dut_pc/result0_carry__4_i_6/O
                         net (fo=1, routed)           0.000    17.454    u_cpu/dut_alu/mem_addr_q[20]_i_12_0[2]
    SLICE_X36Y33         CARRY4 (Prop_carry4_S[2]_CO[3])
                                                      0.398    17.852 r  u_cpu/dut_alu/result0_carry__4/CO[3]
                         net (fo=1, routed)           0.000    17.852    u_cpu/dut_alu/result0_carry__4_n_0
    SLICE_X36Y34         CARRY4 (Prop_carry4_CI_O[3])
                                                      0.313    18.165 r  u_cpu/dut_alu/result0_carry__5/O[3]
                         net (fo=1, routed)           1.047    19.212    u_cpu/dut_alu/data0[27]
    SLICE_X42Y36         LUT4 (Prop_lut4_I0_O)        0.306    19.518 r  u_cpu/dut_alu/mem_addr_q[27]_i_8/O
                         net (fo=1, routed)           0.305    19.823    u_cpu/dut_pc/pc[31]_i_27_0
    SLICE_X42Y38         LUT6 (Prop_lut6_I5_O)        0.124    19.947 r  u_cpu/dut_pc/mem_addr_q[27]_i_4/O
                         net (fo=2, routed)           0.589    20.536    u_cpu/dut_pc/mem_addr_q[27]_i_4_n_0
    SLICE_X45Y38         LUT5 (Prop_lut5_I1_O)        0.124    20.660 r  u_cpu/dut_pc/mem_addr_q[27]_i_2/O
                         net (fo=3, routed)           0.819    21.479    u_cpu/dut_pc/cpu_mem_addr[27]
    SLICE_X46Y38         LUT5 (Prop_lut5_I3_O)        0.124    21.603 f  u_cpu/dut_pc/refill_word_q[1]_i_8/O
                         net (fo=1, routed)           0.612    22.215    u_cpu/dut_pc/refill_word_q[1]_i_8_n_0
    SLICE_X47Y33         LUT5 (Prop_lut5_I4_O)        0.124    22.339 f  u_cpu/dut_pc/refill_word_q[1]_i_4/O
                         net (fo=165, routed)         1.549    23.888    u_l1_icache/icache_invalidate
    SLICE_X45Y11         LUT6 (Prop_lut6_I0_O)        0.124    24.012 r  u_l1_icache/data_array[8][1][31]_i_1/O
                         net (fo=32, routed)          1.170    25.182    u_l1_icache/data_array[8][1][31]_i_1_n_0
    SLICE_X51Y14         FDRE                                         r  u_l1_icache/data_array_reg[8][1][10]/CE
  -------------------------------------------------------------------    -------------------

                         (clock CLK rise edge)       20.000    20.000 r  
    M18                                               0.000    20.000 r  clk (IN)
                         net (fo=0)                   0.000    20.000    clk
    M18                  IBUF (Prop_ibuf_I_O)         0.805    20.805 r  clk_IBUF_inst/O
                         net (fo=1, routed)           1.868    22.673    clk_IBUF
    BUFGCTRL_X0Y0        BUFG (Prop_bufg_I_O)         0.091    22.764 r  clk_IBUF_BUFG_inst/O
                         net (fo=11156, routed)       1.447    24.211    u_l1_icache/clk_IBUF_BUFG
    SLICE_X51Y14         FDRE                                         r  u_l1_icache/data_array_reg[8][1][10]/C
                         clock pessimism              0.322    24.533    
                         clock uncertainty           -0.335    24.198    
    SLICE_X51Y14         FDRE (Setup_fdre_C_CE)      -0.205    23.993    u_l1_icache/data_array_reg[8][1][10]
  -------------------------------------------------------------------
                         required time                         23.993    
                         arrival time                         -25.182    
  -------------------------------------------------------------------
                         slack                                 -1.190    

Slack (VIOLATED) :        -1.190ns  (required time - arrival time)
  Source:                 u_cpu/dut_pc/pc_reg[4]_rep__8/C
                            (rising edge-triggered cell FDRE clocked by CLK  {rise@0.000ns fall@10.000ns period=20.000ns})
  Destination:            u_l1_icache/data_array_reg[8][1][11]/CE
                            (rising edge-triggered cell FDRE clocked by CLK  {rise@0.000ns fall@10.000ns period=20.000ns})
  Path Group:             CLK
  Path Type:              Setup (Max at Slow Process Corner)
  Requirement:            20.000ns  (CLK rise@20.000ns - CLK rise@0.000ns)
  Data Path Delay:        20.629ns  (logic 4.481ns (21.722%)  route 16.148ns (78.278%))
  Logic Levels:           21  (CARRY4=4 LUT2=1 LUT3=1 LUT4=3 LUT5=5 LUT6=6 RAMD32=1)
  Clock Path Skew:        -0.020ns (DCD - SCD + CPR)
    Destination Clock Delay (DCD):    4.211ns = ( 24.211 - 20.000 ) 
    Source Clock Delay      (SCD):    4.553ns
    Clock Pessimism Removal (CPR):    0.322ns
  Clock Uncertainty:      0.335ns  ((TSJ^2 + TIJ^2)^1/2 + DJ) / 2 + PE + UU
    Total System Jitter     (TSJ):    0.071ns
    Total Input Jitter      (TIJ):    0.000ns
    Discrete Jitter          (DJ):    0.000ns
    Phase Error              (PE):    0.000ns
    User Uncertainty         (UU):    0.300ns

    Location             Delay type                Incr(ns)  Path(ns)    Netlist Resource(s)
  -------------------------------------------------------------------    -------------------
                         (clock CLK rise edge)        0.000     0.000 r  
    M18                                               0.000     0.000 r  clk (IN)
                         net (fo=0)                   0.000     0.000    clk
    M18                  IBUF (Prop_ibuf_I_O)         0.938     0.938 r  clk_IBUF_inst/O
                         net (fo=1, routed)           1.972     2.910    clk_IBUF
    BUFGCTRL_X0Y0        BUFG (Prop_bufg_I_O)         0.096     3.006 r  clk_IBUF_BUFG_inst/O
                         net (fo=11156, routed)       1.547     4.553    u_cpu/dut_pc/clk_IBUF_BUFG
    SLICE_X47Y25         FDRE                                         r  u_cpu/dut_pc/pc_reg[4]_rep__8/C
  -------------------------------------------------------------------    -------------------
    SLICE_X47Y25         FDRE (Prop_fdre_C_Q)         0.419     4.972 r  u_cpu/dut_pc/pc_reg[4]_rep__8/Q
                         net (fo=130, routed)         1.643     6.615    u_l1_icache/tag_array_reg_0_31_0_5/ADDRC0
    SLICE_X46Y22         RAMD32 (Prop_ramd32_RADR0_O)
                                                      0.328     6.943 r  u_l1_icache/tag_array_reg_0_31_0_5/RAMC/O
                         net (fo=1, routed)           0.676     7.619    u_cpu/dut_pc/lookup_hit1[4]
    SLICE_X42Y22         LUT6 (Prop_lut6_I1_O)        0.331     7.950 r  u_cpu/dut_pc/cpu_stall_debug_OBUF_inst_i_38/O
                         net (fo=1, routed)           0.000     7.950    u_cpu/dut_pc/cpu_stall_debug_OBUF_inst_i_38_n_0
    SLICE_X42Y22         CARRY4 (Prop_carry4_S[1]_CO[3])
                                                      0.533     8.483 r  u_cpu/dut_pc/cpu_stall_debug_OBUF_inst_i_23/CO[3]
                         net (fo=1, routed)           0.000     8.483    u_cpu/dut_pc/cpu_stall_debug_OBUF_inst_i_23_n_0
    SLICE_X42Y23         CARRY4 (Prop_carry4_CI_CO[3])
                                                      0.117     8.600 r  u_cpu/dut_pc/cpu_stall_debug_OBUF_inst_i_7/CO[3]
                         net (fo=4, routed)           0.948     9.548    u_cpu/dut_pc/u_l1_icache/lookup_hit0
    SLICE_X40Y22         LUT6 (Prop_lut6_I1_O)        0.124     9.672 r  u_cpu/dut_pc/registers_reg_r1_0_31_0_5_i_29/O
                         net (fo=33, routed)          1.119    10.791    u_cpu/dut_pc/registers_reg_r1_0_31_0_5_i_29_n_0
    SLICE_X34Y20         LUT6 (Prop_lut6_I4_O)        0.124    10.915 r  u_cpu/dut_pc/instr_debug[14]_i_1/O
                         net (fo=13, routed)          0.846    11.761    u_cpu/dut_pc/cpu_mem_funct3[2]
    SLICE_X33Y20         LUT4 (Prop_lut4_I0_O)        0.124    11.885 r  u_cpu/dut_pc/pc_target1_carry_i_19/O
                         net (fo=1, routed)           0.620    12.505    u_cpu/dut_pc/pc_target1_carry_i_19_n_0
    SLICE_X33Y21         LUT5 (Prop_lut5_I0_O)        0.124    12.629 r  u_cpu/dut_pc/pc_target1_carry_i_12/O
                         net (fo=39, routed)          0.910    13.540    u_cpu/dut_pc/imm_sel[2]
    SLICE_X34Y21         LUT6 (Prop_lut6_I0_O)        0.124    13.664 r  u_cpu/dut_pc/pc_target1_carry__2_i_9/O
                         net (fo=18, routed)          1.339    15.003    u_cpu/dut_pc/pc_target1_carry__2_i_9_n_0
    SLICE_X38Y33         LUT5 (Prop_lut5_I3_O)        0.124    15.127 r  u_cpu/dut_pc/pc_target1_carry__4_i_10/O
                         net (fo=7, routed)           0.652    15.779    u_cpu/dut_pc/pc_target1_carry__4_i_10_n_0
    SLICE_X38Y36         LUT3 (Prop_lut3_I2_O)        0.124    15.903 r  u_cpu/dut_pc/pc_target1_carry__4_i_2/O
                         net (fo=7, routed)           0.696    16.599    u_cpu/dut_pc/instruction_hold_valid_q_reg[16]
    SLICE_X38Y36         LUT4 (Prop_lut4_I3_O)        0.124    16.723 r  u_cpu/dut_pc/result0_carry__4_i_10/O
                         net (fo=6, routed)           0.607    17.330    u_cpu/dut_pc/src_b[22]
    SLICE_X36Y33         LUT2 (Prop_lut2_I1_O)        0.124    17.454 r  u_cpu/dut_pc/result0_carry__4_i_6/O
                         net (fo=1, routed)           0.000    17.454    u_cpu/dut_alu/mem_addr_q[20]_i_12_0[2]
    SLICE_X36Y33         CARRY4 (Prop_carry4_S[2]_CO[3])
                                                      0.398    17.852 r  u_cpu/dut_alu/result0_carry__4/CO[3]
                         net (fo=1, routed)           0.000    17.852    u_cpu/dut_alu/result0_carry__4_n_0
    SLICE_X36Y34         CARRY4 (Prop_carry4_CI_O[3])
                                                      0.313    18.165 r  u_cpu/dut_alu/result0_carry__5/O[3]
                         net (fo=1, routed)           1.047    19.212    u_cpu/dut_alu/data0[27]
    SLICE_X42Y36         LUT4 (Prop_lut4_I0_O)        0.306    19.518 r  u_cpu/dut_alu/mem_addr_q[27]_i_8/O
                         net (fo=1, routed)           0.305    19.823    u_cpu/dut_pc/pc[31]_i_27_0
    SLICE_X42Y38         LUT6 (Prop_lut6_I5_O)        0.124    19.947 r  u_cpu/dut_pc/mem_addr_q[27]_i_4/O
                         net (fo=2, routed)           0.589    20.536    u_cpu/dut_pc/mem_addr_q[27]_i_4_n_0
    SLICE_X45Y38         LUT5 (Prop_lut5_I1_O)        0.124    20.660 r  u_cpu/dut_pc/mem_addr_q[27]_i_2/O
                         net (fo=3, routed)           0.819    21.479    u_cpu/dut_pc/cpu_mem_addr[27]
    SLICE_X46Y38         LUT5 (Prop_lut5_I3_O)        0.124    21.603 f  u_cpu/dut_pc/refill_word_q[1]_i_8/O
                         net (fo=1, routed)           0.612    22.215    u_cpu/dut_pc/refill_word_q[1]_i_8_n_0
    SLICE_X47Y33         LUT5 (Prop_lut5_I4_O)        0.124    22.339 f  u_cpu/dut_pc/refill_word_q[1]_i_4/O
                         net (fo=165, routed)         1.549    23.888    u_l1_icache/icache_invalidate
    SLICE_X45Y11         LUT6 (Prop_lut6_I0_O)        0.124    24.012 r  u_l1_icache/data_array[8][1][31]_i_1/O
                         net (fo=32, routed)          1.170    25.182    u_l1_icache/data_array[8][1][31]_i_1_n_0
    SLICE_X51Y14         FDRE                                         r  u_l1_icache/data_array_reg[8][1][11]/CE
  -------------------------------------------------------------------    -------------------

                         (clock CLK rise edge)       20.000    20.000 r  
    M18                                               0.000    20.000 r  clk (IN)
                         net (fo=0)                   0.000    20.000    clk
    M18                  IBUF (Prop_ibuf_I_O)         0.805    20.805 r  clk_IBUF_inst/O
                         net (fo=1, routed)           1.868    22.673    clk_IBUF
    BUFGCTRL_X0Y0        BUFG (Prop_bufg_I_O)         0.091    22.764 r  clk_IBUF_BUFG_inst/O
                         net (fo=11156, routed)       1.447    24.211    u_l1_icache/clk_IBUF_BUFG
    SLICE_X51Y14         FDRE                                         r  u_l1_icache/data_array_reg[8][1][11]/C
                         clock pessimism              0.322    24.533    
                         clock uncertainty           -0.335    24.198    
    SLICE_X51Y14         FDRE (Setup_fdre_C_CE)      -0.205    23.993    u_l1_icache/data_array_reg[8][1][11]
  -------------------------------------------------------------------
                         required time                         23.993    
                         arrival time                         -25.182    
  -------------------------------------------------------------------
                         slack                                 -1.190    

Slack (VIOLATED) :        -1.190ns  (required time - arrival time)
  Source:                 u_cpu/dut_pc/pc_reg[4]_rep__8/C
                            (rising edge-triggered cell FDRE clocked by CLK  {rise@0.000ns fall@10.000ns period=20.000ns})
  Destination:            u_l1_icache/data_array_reg[8][1][1]/CE
                            (rising edge-triggered cell FDRE clocked by CLK  {rise@0.000ns fall@10.000ns period=20.000ns})
  Path Group:             CLK
  Path Type:              Setup (Max at Slow Process Corner)
  Requirement:            20.000ns  (CLK rise@20.000ns - CLK rise@0.000ns)
  Data Path Delay:        20.629ns  (logic 4.481ns (21.722%)  route 16.148ns (78.278%))
  Logic Levels:           21  (CARRY4=4 LUT2=1 LUT3=1 LUT4=3 LUT5=5 LUT6=6 RAMD32=1)
  Clock Path Skew:        -0.020ns (DCD - SCD + CPR)
    Destination Clock Delay (DCD):    4.211ns = ( 24.211 - 20.000 ) 
    Source Clock Delay      (SCD):    4.553ns
    Clock Pessimism Removal (CPR):    0.322ns
  Clock Uncertainty:      0.335ns  ((TSJ^2 + TIJ^2)^1/2 + DJ) / 2 + PE + UU
    Total System Jitter     (TSJ):    0.071ns
    Total Input Jitter      (TIJ):    0.000ns
    Discrete Jitter          (DJ):    0.000ns
    Phase Error              (PE):    0.000ns
    User Uncertainty         (UU):    0.300ns

    Location             Delay type                Incr(ns)  Path(ns)    Netlist Resource(s)
  -------------------------------------------------------------------    -------------------
                         (clock CLK rise edge)        0.000     0.000 r  
    M18                                               0.000     0.000 r  clk (IN)
                         net (fo=0)                   0.000     0.000    clk
    M18                  IBUF (Prop_ibuf_I_O)         0.938     0.938 r  clk_IBUF_inst/O
                         net (fo=1, routed)           1.972     2.910    clk_IBUF
    BUFGCTRL_X0Y0        BUFG (Prop_bufg_I_O)         0.096     3.006 r  clk_IBUF_BUFG_inst/O
                         net (fo=11156, routed)       1.547     4.553    u_cpu/dut_pc/clk_IBUF_BUFG
    SLICE_X47Y25         FDRE                                         r  u_cpu/dut_pc/pc_reg[4]_rep__8/C
  -------------------------------------------------------------------    -------------------
    SLICE_X47Y25         FDRE (Prop_fdre_C_Q)         0.419     4.972 r  u_cpu/dut_pc/pc_reg[4]_rep__8/Q
                         net (fo=130, routed)         1.643     6.615    u_l1_icache/tag_array_reg_0_31_0_5/ADDRC0
    SLICE_X46Y22         RAMD32 (Prop_ramd32_RADR0_O)
                                                      0.328     6.943 r  u_l1_icache/tag_array_reg_0_31_0_5/RAMC/O
                         net (fo=1, routed)           0.676     7.619    u_cpu/dut_pc/lookup_hit1[4]
    SLICE_X42Y22         LUT6 (Prop_lut6_I1_O)        0.331     7.950 r  u_cpu/dut_pc/cpu_stall_debug_OBUF_inst_i_38/O
                         net (fo=1, routed)           0.000     7.950    u_cpu/dut_pc/cpu_stall_debug_OBUF_inst_i_38_n_0
    SLICE_X42Y22         CARRY4 (Prop_carry4_S[1]_CO[3])
                                                      0.533     8.483 r  u_cpu/dut_pc/cpu_stall_debug_OBUF_inst_i_23/CO[3]
                         net (fo=1, routed)           0.000     8.483    u_cpu/dut_pc/cpu_stall_debug_OBUF_inst_i_23_n_0
    SLICE_X42Y23         CARRY4 (Prop_carry4_CI_CO[3])
                                                      0.117     8.600 r  u_cpu/dut_pc/cpu_stall_debug_OBUF_inst_i_7/CO[3]
                         net (fo=4, routed)           0.948     9.548    u_cpu/dut_pc/u_l1_icache/lookup_hit0
    SLICE_X40Y22         LUT6 (Prop_lut6_I1_O)        0.124     9.672 r  u_cpu/dut_pc/registers_reg_r1_0_31_0_5_i_29/O
                         net (fo=33, routed)          1.119    10.791    u_cpu/dut_pc/registers_reg_r1_0_31_0_5_i_29_n_0
    SLICE_X34Y20         LUT6 (Prop_lut6_I4_O)        0.124    10.915 r  u_cpu/dut_pc/instr_debug[14]_i_1/O
                         net (fo=13, routed)          0.846    11.761    u_cpu/dut_pc/cpu_mem_funct3[2]
    SLICE_X33Y20         LUT4 (Prop_lut4_I0_O)        0.124    11.885 r  u_cpu/dut_pc/pc_target1_carry_i_19/O
                         net (fo=1, routed)           0.620    12.505    u_cpu/dut_pc/pc_target1_carry_i_19_n_0
    SLICE_X33Y21         LUT5 (Prop_lut5_I0_O)        0.124    12.629 r  u_cpu/dut_pc/pc_target1_carry_i_12/O
                         net (fo=39, routed)          0.910    13.540    u_cpu/dut_pc/imm_sel[2]
    SLICE_X34Y21         LUT6 (Prop_lut6_I0_O)        0.124    13.664 r  u_cpu/dut_pc/pc_target1_carry__2_i_9/O
                         net (fo=18, routed)          1.339    15.003    u_cpu/dut_pc/pc_target1_carry__2_i_9_n_0
    SLICE_X38Y33         LUT5 (Prop_lut5_I3_O)        0.124    15.127 r  u_cpu/dut_pc/pc_target1_carry__4_i_10/O
                         net (fo=7, routed)           0.652    15.779    u_cpu/dut_pc/pc_target1_carry__4_i_10_n_0
    SLICE_X38Y36         LUT3 (Prop_lut3_I2_O)        0.124    15.903 r  u_cpu/dut_pc/pc_target1_carry__4_i_2/O
                         net (fo=7, routed)           0.696    16.599    u_cpu/dut_pc/instruction_hold_valid_q_reg[16]
    SLICE_X38Y36         LUT4 (Prop_lut4_I3_O)        0.124    16.723 r  u_cpu/dut_pc/result0_carry__4_i_10/O
                         net (fo=6, routed)           0.607    17.330    u_cpu/dut_pc/src_b[22]
    SLICE_X36Y33         LUT2 (Prop_lut2_I1_O)        0.124    17.454 r  u_cpu/dut_pc/result0_carry__4_i_6/O
                         net (fo=1, routed)           0.000    17.454    u_cpu/dut_alu/mem_addr_q[20]_i_12_0[2]
    SLICE_X36Y33         CARRY4 (Prop_carry4_S[2]_CO[3])
                                                      0.398    17.852 r  u_cpu/dut_alu/result0_carry__4/CO[3]
                         net (fo=1, routed)           0.000    17.852    u_cpu/dut_alu/result0_carry__4_n_0
    SLICE_X36Y34         CARRY4 (Prop_carry4_CI_O[3])
                                                      0.313    18.165 r  u_cpu/dut_alu/result0_carry__5/O[3]
                         net (fo=1, routed)           1.047    19.212    u_cpu/dut_alu/data0[27]
    SLICE_X42Y36         LUT4 (Prop_lut4_I0_O)        0.306    19.518 r  u_cpu/dut_alu/mem_addr_q[27]_i_8/O
                         net (fo=1, routed)           0.305    19.823    u_cpu/dut_pc/pc[31]_i_27_0
    SLICE_X42Y38         LUT6 (Prop_lut6_I5_O)        0.124    19.947 r  u_cpu/dut_pc/mem_addr_q[27]_i_4/O
                         net (fo=2, routed)           0.589    20.536    u_cpu/dut_pc/mem_addr_q[27]_i_4_n_0
    SLICE_X45Y38         LUT5 (Prop_lut5_I1_O)        0.124    20.660 r  u_cpu/dut_pc/mem_addr_q[27]_i_2/O
                         net (fo=3, routed)           0.819    21.479    u_cpu/dut_pc/cpu_mem_addr[27]
    SLICE_X46Y38         LUT5 (Prop_lut5_I3_O)        0.124    21.603 f  u_cpu/dut_pc/refill_word_q[1]_i_8/O
                         net (fo=1, routed)           0.612    22.215    u_cpu/dut_pc/refill_word_q[1]_i_8_n_0
    SLICE_X47Y33         LUT5 (Prop_lut5_I4_O)        0.124    22.339 f  u_cpu/dut_pc/refill_word_q[1]_i_4/O
                         net (fo=165, routed)         1.549    23.888    u_l1_icache/icache_invalidate
    SLICE_X45Y11         LUT6 (Prop_lut6_I0_O)        0.124    24.012 r  u_l1_icache/data_array[8][1][31]_i_1/O
                         net (fo=32, routed)          1.170    25.182    u_l1_icache/data_array[8][1][31]_i_1_n_0
    SLICE_X51Y14         FDRE                                         r  u_l1_icache/data_array_reg[8][1][1]/CE
  -------------------------------------------------------------------    -------------------

                         (clock CLK rise edge)       20.000    20.000 r  
    M18                                               0.000    20.000 r  clk (IN)
                         net (fo=0)                   0.000    20.000    clk
    M18                  IBUF (Prop_ibuf_I_O)         0.805    20.805 r  clk_IBUF_inst/O
                         net (fo=1, routed)           1.868    22.673    clk_IBUF
    BUFGCTRL_X0Y0        BUFG (Prop_bufg_I_O)         0.091    22.764 r  clk_IBUF_BUFG_inst/O
                         net (fo=11156, routed)       1.447    24.211    u_l1_icache/clk_IBUF_BUFG
    SLICE_X51Y14         FDRE                                         r  u_l1_icache/data_array_reg[8][1][1]/C
                         clock pessimism              0.322    24.533    
                         clock uncertainty           -0.335    24.198    
    SLICE_X51Y14         FDRE (Setup_fdre_C_CE)      -0.205    23.993    u_l1_icache/data_array_reg[8][1][1]
  -------------------------------------------------------------------
                         required time                         23.993    
                         arrival time                         -25.182    
  -------------------------------------------------------------------
                         slack                                 -1.190    

Slack (VIOLATED) :        -1.190ns  (required time - arrival time)
  Source:                 u_cpu/dut_pc/pc_reg[4]_rep__8/C
                            (rising edge-triggered cell FDRE clocked by CLK  {rise@0.000ns fall@10.000ns period=20.000ns})
  Destination:            u_l1_icache/data_array_reg[8][1][20]/CE
                            (rising edge-triggered cell FDRE clocked by CLK  {rise@0.000ns fall@10.000ns period=20.000ns})
  Path Group:             CLK
  Path Type:              Setup (Max at Slow Process Corner)
  Requirement:            20.000ns  (CLK rise@20.000ns - CLK rise@0.000ns)
  Data Path Delay:        20.629ns  (logic 4.481ns (21.722%)  route 16.148ns (78.278%))
  Logic Levels:           21  (CARRY4=4 LUT2=1 LUT3=1 LUT4=3 LUT5=5 LUT6=6 RAMD32=1)
  Clock Path Skew:        -0.020ns (DCD - SCD + CPR)
    Destination Clock Delay (DCD):    4.211ns = ( 24.211 - 20.000 ) 
    Source Clock Delay      (SCD):    4.553ns
    Clock Pessimism Removal (CPR):    0.322ns
  Clock Uncertainty:      0.335ns  ((TSJ^2 + TIJ^2)^1/2 + DJ) / 2 + PE + UU
    Total System Jitter     (TSJ):    0.071ns
    Total Input Jitter      (TIJ):    0.000ns
    Discrete Jitter          (DJ):    0.000ns
    Phase Error              (PE):    0.000ns
    User Uncertainty         (UU):    0.300ns

    Location             Delay type                Incr(ns)  Path(ns)    Netlist Resource(s)
  -------------------------------------------------------------------    -------------------
                         (clock CLK rise edge)        0.000     0.000 r  
    M18                                               0.000     0.000 r  clk (IN)
                         net (fo=0)                   0.000     0.000    clk
    M18                  IBUF (Prop_ibuf_I_O)         0.938     0.938 r  clk_IBUF_inst/O
                         net (fo=1, routed)           1.972     2.910    clk_IBUF
    BUFGCTRL_X0Y0        BUFG (Prop_bufg_I_O)         0.096     3.006 r  clk_IBUF_BUFG_inst/O
                         net (fo=11156, routed)       1.547     4.553    u_cpu/dut_pc/clk_IBUF_BUFG
    SLICE_X47Y25         FDRE                                         r  u_cpu/dut_pc/pc_reg[4]_rep__8/C
  -------------------------------------------------------------------    -------------------
    SLICE_X47Y25         FDRE (Prop_fdre_C_Q)         0.419     4.972 r  u_cpu/dut_pc/pc_reg[4]_rep__8/Q
                         net (fo=130, routed)         1.643     6.615    u_l1_icache/tag_array_reg_0_31_0_5/ADDRC0
    SLICE_X46Y22         RAMD32 (Prop_ramd32_RADR0_O)
                                                      0.328     6.943 r  u_l1_icache/tag_array_reg_0_31_0_5/RAMC/O
                         net (fo=1, routed)           0.676     7.619    u_cpu/dut_pc/lookup_hit1[4]
    SLICE_X42Y22         LUT6 (Prop_lut6_I1_O)        0.331     7.950 r  u_cpu/dut_pc/cpu_stall_debug_OBUF_inst_i_38/O
                         net (fo=1, routed)           0.000     7.950    u_cpu/dut_pc/cpu_stall_debug_OBUF_inst_i_38_n_0
    SLICE_X42Y22         CARRY4 (Prop_carry4_S[1]_CO[3])
                                                      0.533     8.483 r  u_cpu/dut_pc/cpu_stall_debug_OBUF_inst_i_23/CO[3]
                         net (fo=1, routed)           0.000     8.483    u_cpu/dut_pc/cpu_stall_debug_OBUF_inst_i_23_n_0
    SLICE_X42Y23         CARRY4 (Prop_carry4_CI_CO[3])
                                                      0.117     8.600 r  u_cpu/dut_pc/cpu_stall_debug_OBUF_inst_i_7/CO[3]
                         net (fo=4, routed)           0.948     9.548    u_cpu/dut_pc/u_l1_icache/lookup_hit0
    SLICE_X40Y22         LUT6 (Prop_lut6_I1_O)        0.124     9.672 r  u_cpu/dut_pc/registers_reg_r1_0_31_0_5_i_29/O
                         net (fo=33, routed)          1.119    10.791    u_cpu/dut_pc/registers_reg_r1_0_31_0_5_i_29_n_0
    SLICE_X34Y20         LUT6 (Prop_lut6_I4_O)        0.124    10.915 r  u_cpu/dut_pc/instr_debug[14]_i_1/O
                         net (fo=13, routed)          0.846    11.761    u_cpu/dut_pc/cpu_mem_funct3[2]
    SLICE_X33Y20         LUT4 (Prop_lut4_I0_O)        0.124    11.885 r  u_cpu/dut_pc/pc_target1_carry_i_19/O
                         net (fo=1, routed)           0.620    12.505    u_cpu/dut_pc/pc_target1_carry_i_19_n_0
    SLICE_X33Y21         LUT5 (Prop_lut5_I0_O)        0.124    12.629 r  u_cpu/dut_pc/pc_target1_carry_i_12/O
                         net (fo=39, routed)          0.910    13.540    u_cpu/dut_pc/imm_sel[2]
    SLICE_X34Y21         LUT6 (Prop_lut6_I0_O)        0.124    13.664 r  u_cpu/dut_pc/pc_target1_carry__2_i_9/O
                         net (fo=18, routed)          1.339    15.003    u_cpu/dut_pc/pc_target1_carry__2_i_9_n_0
    SLICE_X38Y33         LUT5 (Prop_lut5_I3_O)        0.124    15.127 r  u_cpu/dut_pc/pc_target1_carry__4_i_10/O
                         net (fo=7, routed)           0.652    15.779    u_cpu/dut_pc/pc_target1_carry__4_i_10_n_0
    SLICE_X38Y36         LUT3 (Prop_lut3_I2_O)        0.124    15.903 r  u_cpu/dut_pc/pc_target1_carry__4_i_2/O
                         net (fo=7, routed)           0.696    16.599    u_cpu/dut_pc/instruction_hold_valid_q_reg[16]
    SLICE_X38Y36         LUT4 (Prop_lut4_I3_O)        0.124    16.723 r  u_cpu/dut_pc/result0_carry__4_i_10/O
                         net (fo=6, routed)           0.607    17.330    u_cpu/dut_pc/src_b[22]
    SLICE_X36Y33         LUT2 (Prop_lut2_I1_O)        0.124    17.454 r  u_cpu/dut_pc/result0_carry__4_i_6/O
                         net (fo=1, routed)           0.000    17.454    u_cpu/dut_alu/mem_addr_q[20]_i_12_0[2]
    SLICE_X36Y33         CARRY4 (Prop_carry4_S[2]_CO[3])
                                                      0.398    17.852 r  u_cpu/dut_alu/result0_carry__4/CO[3]
                         net (fo=1, routed)           0.000    17.852    u_cpu/dut_alu/result0_carry__4_n_0
    SLICE_X36Y34         CARRY4 (Prop_carry4_CI_O[3])
                                                      0.313    18.165 r  u_cpu/dut_alu/result0_carry__5/O[3]
                         net (fo=1, routed)           1.047    19.212    u_cpu/dut_alu/data0[27]
    SLICE_X42Y36         LUT4 (Prop_lut4_I0_O)        0.306    19.518 r  u_cpu/dut_alu/mem_addr_q[27]_i_8/O
                         net (fo=1, routed)           0.305    19.823    u_cpu/dut_pc/pc[31]_i_27_0
    SLICE_X42Y38         LUT6 (Prop_lut6_I5_O)        0.124    19.947 r  u_cpu/dut_pc/mem_addr_q[27]_i_4/O
                         net (fo=2, routed)           0.589    20.536    u_cpu/dut_pc/mem_addr_q[27]_i_4_n_0
    SLICE_X45Y38         LUT5 (Prop_lut5_I1_O)        0.124    20.660 r  u_cpu/dut_pc/mem_addr_q[27]_i_2/O
                         net (fo=3, routed)           0.819    21.479    u_cpu/dut_pc/cpu_mem_addr[27]
    SLICE_X46Y38         LUT5 (Prop_lut5_I3_O)        0.124    21.603 f  u_cpu/dut_pc/refill_word_q[1]_i_8/O
                         net (fo=1, routed)           0.612    22.215    u_cpu/dut_pc/refill_word_q[1]_i_8_n_0
    SLICE_X47Y33         LUT5 (Prop_lut5_I4_O)        0.124    22.339 f  u_cpu/dut_pc/refill_word_q[1]_i_4/O
                         net (fo=165, routed)         1.549    23.888    u_l1_icache/icache_invalidate
    SLICE_X45Y11         LUT6 (Prop_lut6_I0_O)        0.124    24.012 r  u_l1_icache/data_array[8][1][31]_i_1/O
                         net (fo=32, routed)          1.170    25.182    u_l1_icache/data_array[8][1][31]_i_1_n_0
    SLICE_X51Y14         FDRE                                         r  u_l1_icache/data_array_reg[8][1][20]/CE
  -------------------------------------------------------------------    -------------------

                         (clock CLK rise edge)       20.000    20.000 r  
    M18                                               0.000    20.000 r  clk (IN)
                         net (fo=0)                   0.000    20.000    clk
    M18                  IBUF (Prop_ibuf_I_O)         0.805    20.805 r  clk_IBUF_inst/O
                         net (fo=1, routed)           1.868    22.673    clk_IBUF
    BUFGCTRL_X0Y0        BUFG (Prop_bufg_I_O)         0.091    22.764 r  clk_IBUF_BUFG_inst/O
                         net (fo=11156, routed)       1.447    24.211    u_l1_icache/clk_IBUF_BUFG
    SLICE_X51Y14         FDRE                                         r  u_l1_icache/data_array_reg[8][1][20]/C
                         clock pessimism              0.322    24.533    
                         clock uncertainty           -0.335    24.198    
    SLICE_X51Y14         FDRE (Setup_fdre_C_CE)      -0.205    23.993    u_l1_icache/data_array_reg[8][1][20]
  -------------------------------------------------------------------
                         required time                         23.993    
                         arrival time                         -25.182    
  -------------------------------------------------------------------
                         slack                                 -1.190    

Slack (VIOLATED) :        -1.190ns  (required time - arrival time)
  Source:                 u_cpu/dut_pc/pc_reg[4]_rep__8/C
                            (rising edge-triggered cell FDRE clocked by CLK  {rise@0.000ns fall@10.000ns period=20.000ns})
  Destination:            u_l1_icache/data_array_reg[8][1][23]/CE
                            (rising edge-triggered cell FDRE clocked by CLK  {rise@0.000ns fall@10.000ns period=20.000ns})
  Path Group:             CLK
  Path Type:              Setup (Max at Slow Process Corner)
  Requirement:            20.000ns  (CLK rise@20.000ns - CLK rise@0.000ns)
  Data Path Delay:        20.629ns  (logic 4.481ns (21.722%)  route 16.148ns (78.278%))
  Logic Levels:           21  (CARRY4=4 LUT2=1 LUT3=1 LUT4=3 LUT5=5 LUT6=6 RAMD32=1)
  Clock Path Skew:        -0.020ns (DCD - SCD + CPR)
    Destination Clock Delay (DCD):    4.211ns = ( 24.211 - 20.000 ) 
    Source Clock Delay      (SCD):    4.553ns
    Clock Pessimism Removal (CPR):    0.322ns
  Clock Uncertainty:      0.335ns  ((TSJ^2 + TIJ^2)^1/2 + DJ) / 2 + PE + UU
    Total System Jitter     (TSJ):    0.071ns
    Total Input Jitter      (TIJ):    0.000ns
    Discrete Jitter          (DJ):    0.000ns
    Phase Error              (PE):    0.000ns
    User Uncertainty         (UU):    0.300ns

    Location             Delay type                Incr(ns)  Path(ns)    Netlist Resource(s)
  -------------------------------------------------------------------    -------------------
                         (clock CLK rise edge)        0.000     0.000 r  
    M18                                               0.000     0.000 r  clk (IN)
                         net (fo=0)                   0.000     0.000    clk
    M18                  IBUF (Prop_ibuf_I_O)         0.938     0.938 r  clk_IBUF_inst/O
                         net (fo=1, routed)           1.972     2.910    clk_IBUF
    BUFGCTRL_X0Y0        BUFG (Prop_bufg_I_O)         0.096     3.006 r  clk_IBUF_BUFG_inst/O
                         net (fo=11156, routed)       1.547     4.553    u_cpu/dut_pc/clk_IBUF_BUFG
    SLICE_X47Y25         FDRE                                         r  u_cpu/dut_pc/pc_reg[4]_rep__8/C
  -------------------------------------------------------------------    -------------------
    SLICE_X47Y25         FDRE (Prop_fdre_C_Q)         0.419     4.972 r  u_cpu/dut_pc/pc_reg[4]_rep__8/Q
                         net (fo=130, routed)         1.643     6.615    u_l1_icache/tag_array_reg_0_31_0_5/ADDRC0
    SLICE_X46Y22         RAMD32 (Prop_ramd32_RADR0_O)
                                                      0.328     6.943 r  u_l1_icache/tag_array_reg_0_31_0_5/RAMC/O
                         net (fo=1, routed)           0.676     7.619    u_cpu/dut_pc/lookup_hit1[4]
    SLICE_X42Y22         LUT6 (Prop_lut6_I1_O)        0.331     7.950 r  u_cpu/dut_pc/cpu_stall_debug_OBUF_inst_i_38/O
                         net (fo=1, routed)           0.000     7.950    u_cpu/dut_pc/cpu_stall_debug_OBUF_inst_i_38_n_0
    SLICE_X42Y22         CARRY4 (Prop_carry4_S[1]_CO[3])
                                                      0.533     8.483 r  u_cpu/dut_pc/cpu_stall_debug_OBUF_inst_i_23/CO[3]
                         net (fo=1, routed)           0.000     8.483    u_cpu/dut_pc/cpu_stall_debug_OBUF_inst_i_23_n_0
    SLICE_X42Y23         CARRY4 (Prop_carry4_CI_CO[3])
                                                      0.117     8.600 r  u_cpu/dut_pc/cpu_stall_debug_OBUF_inst_i_7/CO[3]
                         net (fo=4, routed)           0.948     9.548    u_cpu/dut_pc/u_l1_icache/lookup_hit0
    SLICE_X40Y22         LUT6 (Prop_lut6_I1_O)        0.124     9.672 r  u_cpu/dut_pc/registers_reg_r1_0_31_0_5_i_29/O
                         net (fo=33, routed)          1.119    10.791    u_cpu/dut_pc/registers_reg_r1_0_31_0_5_i_29_n_0
    SLICE_X34Y20         LUT6 (Prop_lut6_I4_O)        0.124    10.915 r  u_cpu/dut_pc/instr_debug[14]_i_1/O
                         net (fo=13, routed)          0.846    11.761    u_cpu/dut_pc/cpu_mem_funct3[2]
    SLICE_X33Y20         LUT4 (Prop_lut4_I0_O)        0.124    11.885 r  u_cpu/dut_pc/pc_target1_carry_i_19/O
                         net (fo=1, routed)           0.620    12.505    u_cpu/dut_pc/pc_target1_carry_i_19_n_0
    SLICE_X33Y21         LUT5 (Prop_lut5_I0_O)        0.124    12.629 r  u_cpu/dut_pc/pc_target1_carry_i_12/O
                         net (fo=39, routed)          0.910    13.540    u_cpu/dut_pc/imm_sel[2]
    SLICE_X34Y21         LUT6 (Prop_lut6_I0_O)        0.124    13.664 r  u_cpu/dut_pc/pc_target1_carry__2_i_9/O
                         net (fo=18, routed)          1.339    15.003    u_cpu/dut_pc/pc_target1_carry__2_i_9_n_0
    SLICE_X38Y33         LUT5 (Prop_lut5_I3_O)        0.124    15.127 r  u_cpu/dut_pc/pc_target1_carry__4_i_10/O
                         net (fo=7, routed)           0.652    15.779    u_cpu/dut_pc/pc_target1_carry__4_i_10_n_0
    SLICE_X38Y36         LUT3 (Prop_lut3_I2_O)        0.124    15.903 r  u_cpu/dut_pc/pc_target1_carry__4_i_2/O
                         net (fo=7, routed)           0.696    16.599    u_cpu/dut_pc/instruction_hold_valid_q_reg[16]
    SLICE_X38Y36         LUT4 (Prop_lut4_I3_O)        0.124    16.723 r  u_cpu/dut_pc/result0_carry__4_i_10/O
                         net (fo=6, routed)           0.607    17.330    u_cpu/dut_pc/src_b[22]
    SLICE_X36Y33         LUT2 (Prop_lut2_I1_O)        0.124    17.454 r  u_cpu/dut_pc/result0_carry__4_i_6/O
                         net (fo=1, routed)           0.000    17.454    u_cpu/dut_alu/mem_addr_q[20]_i_12_0[2]
    SLICE_X36Y33         CARRY4 (Prop_carry4_S[2]_CO[3])
                                                      0.398    17.852 r  u_cpu/dut_alu/result0_carry__4/CO[3]
                         net (fo=1, routed)           0.000    17.852    u_cpu/dut_alu/result0_carry__4_n_0
    SLICE_X36Y34         CARRY4 (Prop_carry4_CI_O[3])
                                                      0.313    18.165 r  u_cpu/dut_alu/result0_carry__5/O[3]
                         net (fo=1, routed)           1.047    19.212    u_cpu/dut_alu/data0[27]
    SLICE_X42Y36         LUT4 (Prop_lut4_I0_O)        0.306    19.518 r  u_cpu/dut_alu/mem_addr_q[27]_i_8/O
                         net (fo=1, routed)           0.305    19.823    u_cpu/dut_pc/pc[31]_i_27_0
    SLICE_X42Y38         LUT6 (Prop_lut6_I5_O)        0.124    19.947 r  u_cpu/dut_pc/mem_addr_q[27]_i_4/O
                         net (fo=2, routed)           0.589    20.536    u_cpu/dut_pc/mem_addr_q[27]_i_4_n_0
    SLICE_X45Y38         LUT5 (Prop_lut5_I1_O)        0.124    20.660 r  u_cpu/dut_pc/mem_addr_q[27]_i_2/O
                         net (fo=3, routed)           0.819    21.479    u_cpu/dut_pc/cpu_mem_addr[27]
    SLICE_X46Y38         LUT5 (Prop_lut5_I3_O)        0.124    21.603 f  u_cpu/dut_pc/refill_word_q[1]_i_8/O
                         net (fo=1, routed)           0.612    22.215    u_cpu/dut_pc/refill_word_q[1]_i_8_n_0
    SLICE_X47Y33         LUT5 (Prop_lut5_I4_O)        0.124    22.339 f  u_cpu/dut_pc/refill_word_q[1]_i_4/O
                         net (fo=165, routed)         1.549    23.888    u_l1_icache/icache_invalidate
    SLICE_X45Y11         LUT6 (Prop_lut6_I0_O)        0.124    24.012 r  u_l1_icache/data_array[8][1][31]_i_1/O
                         net (fo=32, routed)          1.170    25.182    u_l1_icache/data_array[8][1][31]_i_1_n_0
    SLICE_X51Y14         FDRE                                         r  u_l1_icache/data_array_reg[8][1][23]/CE
  -------------------------------------------------------------------    -------------------

                         (clock CLK rise edge)       20.000    20.000 r  
    M18                                               0.000    20.000 r  clk (IN)
                         net (fo=0)                   0.000    20.000    clk
    M18                  IBUF (Prop_ibuf_I_O)         0.805    20.805 r  clk_IBUF_inst/O
                         net (fo=1, routed)           1.868    22.673    clk_IBUF
    BUFGCTRL_X0Y0        BUFG (Prop_bufg_I_O)         0.091    22.764 r  clk_IBUF_BUFG_inst/O
                         net (fo=11156, routed)       1.447    24.211    u_l1_icache/clk_IBUF_BUFG
    SLICE_X51Y14         FDRE                                         r  u_l1_icache/data_array_reg[8][1][23]/C
                         clock pessimism              0.322    24.533    
                         clock uncertainty           -0.335    24.198    
    SLICE_X51Y14         FDRE (Setup_fdre_C_CE)      -0.205    23.993    u_l1_icache/data_array_reg[8][1][23]
  -------------------------------------------------------------------
                         required time                         23.993    
                         arrival time                         -25.182    
  -------------------------------------------------------------------
                         slack                                 -1.190    

Slack (VIOLATED) :        -1.190ns  (required time - arrival time)
  Source:                 u_cpu/dut_pc/pc_reg[4]_rep__8/C
                            (rising edge-triggered cell FDRE clocked by CLK  {rise@0.000ns fall@10.000ns period=20.000ns})
  Destination:            u_l1_icache/data_array_reg[8][1][24]/CE
                            (rising edge-triggered cell FDRE clocked by CLK  {rise@0.000ns fall@10.000ns period=20.000ns})
  Path Group:             CLK
  Path Type:              Setup (Max at Slow Process Corner)
  Requirement:            20.000ns  (CLK rise@20.000ns - CLK rise@0.000ns)
  Data Path Delay:        20.629ns  (logic 4.481ns (21.722%)  route 16.148ns (78.278%))
  Logic Levels:           21  (CARRY4=4 LUT2=1 LUT3=1 LUT4=3 LUT5=5 LUT6=6 RAMD32=1)
  Clock Path Skew:        -0.020ns (DCD - SCD + CPR)
    Destination Clock Delay (DCD):    4.211ns = ( 24.211 - 20.000 ) 
    Source Clock Delay      (SCD):    4.553ns
    Clock Pessimism Removal (CPR):    0.322ns
  Clock Uncertainty:      0.335ns  ((TSJ^2 + TIJ^2)^1/2 + DJ) / 2 + PE + UU
    Total System Jitter     (TSJ):    0.071ns
    Total Input Jitter      (TIJ):    0.000ns
    Discrete Jitter          (DJ):    0.000ns
    Phase Error              (PE):    0.000ns
    User Uncertainty         (UU):    0.300ns

    Location             Delay type                Incr(ns)  Path(ns)    Netlist Resource(s)
  -------------------------------------------------------------------    -------------------
                         (clock CLK rise edge)        0.000     0.000 r  
    M18                                               0.000     0.000 r  clk (IN)
                         net (fo=0)                   0.000     0.000    clk
    M18                  IBUF (Prop_ibuf_I_O)         0.938     0.938 r  clk_IBUF_inst/O
                         net (fo=1, routed)           1.972     2.910    clk_IBUF
    BUFGCTRL_X0Y0        BUFG (Prop_bufg_I_O)         0.096     3.006 r  clk_IBUF_BUFG_inst/O
                         net (fo=11156, routed)       1.547     4.553    u_cpu/dut_pc/clk_IBUF_BUFG
    SLICE_X47Y25         FDRE                                         r  u_cpu/dut_pc/pc_reg[4]_rep__8/C
  -------------------------------------------------------------------    -------------------
    SLICE_X47Y25         FDRE (Prop_fdre_C_Q)         0.419     4.972 r  u_cpu/dut_pc/pc_reg[4]_rep__8/Q
                         net (fo=130, routed)         1.643     6.615    u_l1_icache/tag_array_reg_0_31_0_5/ADDRC0
    SLICE_X46Y22         RAMD32 (Prop_ramd32_RADR0_O)
                                                      0.328     6.943 r  u_l1_icache/tag_array_reg_0_31_0_5/RAMC/O
                         net (fo=1, routed)           0.676     7.619    u_cpu/dut_pc/lookup_hit1[4]
    SLICE_X42Y22         LUT6 (Prop_lut6_I1_O)        0.331     7.950 r  u_cpu/dut_pc/cpu_stall_debug_OBUF_inst_i_38/O
                         net (fo=1, routed)           0.000     7.950    u_cpu/dut_pc/cpu_stall_debug_OBUF_inst_i_38_n_0
    SLICE_X42Y22         CARRY4 (Prop_carry4_S[1]_CO[3])
                                                      0.533     8.483 r  u_cpu/dut_pc/cpu_stall_debug_OBUF_inst_i_23/CO[3]
                         net (fo=1, routed)           0.000     8.483    u_cpu/dut_pc/cpu_stall_debug_OBUF_inst_i_23_n_0
    SLICE_X42Y23         CARRY4 (Prop_carry4_CI_CO[3])
                                                      0.117     8.600 r  u_cpu/dut_pc/cpu_stall_debug_OBUF_inst_i_7/CO[3]
                         net (fo=4, routed)           0.948     9.548    u_cpu/dut_pc/u_l1_icache/lookup_hit0
    SLICE_X40Y22         LUT6 (Prop_lut6_I1_O)        0.124     9.672 r  u_cpu/dut_pc/registers_reg_r1_0_31_0_5_i_29/O
                         net (fo=33, routed)          1.119    10.791    u_cpu/dut_pc/registers_reg_r1_0_31_0_5_i_29_n_0
    SLICE_X34Y20         LUT6 (Prop_lut6_I4_O)        0.124    10.915 r  u_cpu/dut_pc/instr_debug[14]_i_1/O
                         net (fo=13, routed)          0.846    11.761    u_cpu/dut_pc/cpu_mem_funct3[2]
    SLICE_X33Y20         LUT4 (Prop_lut4_I0_O)        0.124    11.885 r  u_cpu/dut_pc/pc_target1_carry_i_19/O
                         net (fo=1, routed)           0.620    12.505    u_cpu/dut_pc/pc_target1_carry_i_19_n_0
    SLICE_X33Y21         LUT5 (Prop_lut5_I0_O)        0.124    12.629 r  u_cpu/dut_pc/pc_target1_carry_i_12/O
                         net (fo=39, routed)          0.910    13.540    u_cpu/dut_pc/imm_sel[2]
    SLICE_X34Y21         LUT6 (Prop_lut6_I0_O)        0.124    13.664 r  u_cpu/dut_pc/pc_target1_carry__2_i_9/O
                         net (fo=18, routed)          1.339    15.003    u_cpu/dut_pc/pc_target1_carry__2_i_9_n_0
    SLICE_X38Y33         LUT5 (Prop_lut5_I3_O)        0.124    15.127 r  u_cpu/dut_pc/pc_target1_carry__4_i_10/O
                         net (fo=7, routed)           0.652    15.779    u_cpu/dut_pc/pc_target1_carry__4_i_10_n_0
    SLICE_X38Y36         LUT3 (Prop_lut3_I2_O)        0.124    15.903 r  u_cpu/dut_pc/pc_target1_carry__4_i_2/O
                         net (fo=7, routed)           0.696    16.599    u_cpu/dut_pc/instruction_hold_valid_q_reg[16]
    SLICE_X38Y36         LUT4 (Prop_lut4_I3_O)        0.124    16.723 r  u_cpu/dut_pc/result0_carry__4_i_10/O
                         net (fo=6, routed)           0.607    17.330    u_cpu/dut_pc/src_b[22]
    SLICE_X36Y33         LUT2 (Prop_lut2_I1_O)        0.124    17.454 r  u_cpu/dut_pc/result0_carry__4_i_6/O
                         net (fo=1, routed)           0.000    17.454    u_cpu/dut_alu/mem_addr_q[20]_i_12_0[2]
    SLICE_X36Y33         CARRY4 (Prop_carry4_S[2]_CO[3])
                                                      0.398    17.852 r  u_cpu/dut_alu/result0_carry__4/CO[3]
                         net (fo=1, routed)           0.000    17.852    u_cpu/dut_alu/result0_carry__4_n_0
    SLICE_X36Y34         CARRY4 (Prop_carry4_CI_O[3])
                                                      0.313    18.165 r  u_cpu/dut_alu/result0_carry__5/O[3]
                         net (fo=1, routed)           1.047    19.212    u_cpu/dut_alu/data0[27]
    SLICE_X42Y36         LUT4 (Prop_lut4_I0_O)        0.306    19.518 r  u_cpu/dut_alu/mem_addr_q[27]_i_8/O
                         net (fo=1, routed)           0.305    19.823    u_cpu/dut_pc/pc[31]_i_27_0
    SLICE_X42Y38         LUT6 (Prop_lut6_I5_O)        0.124    19.947 r  u_cpu/dut_pc/mem_addr_q[27]_i_4/O
                         net (fo=2, routed)           0.589    20.536    u_cpu/dut_pc/mem_addr_q[27]_i_4_n_0
    SLICE_X45Y38         LUT5 (Prop_lut5_I1_O)        0.124    20.660 r  u_cpu/dut_pc/mem_addr_q[27]_i_2/O
                         net (fo=3, routed)           0.819    21.479    u_cpu/dut_pc/cpu_mem_addr[27]
    SLICE_X46Y38         LUT5 (Prop_lut5_I3_O)        0.124    21.603 f  u_cpu/dut_pc/refill_word_q[1]_i_8/O
                         net (fo=1, routed)           0.612    22.215    u_cpu/dut_pc/refill_word_q[1]_i_8_n_0
    SLICE_X47Y33         LUT5 (Prop_lut5_I4_O)        0.124    22.339 f  u_cpu/dut_pc/refill_word_q[1]_i_4/O
                         net (fo=165, routed)         1.549    23.888    u_l1_icache/icache_invalidate
    SLICE_X45Y11         LUT6 (Prop_lut6_I0_O)        0.124    24.012 r  u_l1_icache/data_array[8][1][31]_i_1/O
                         net (fo=32, routed)          1.170    25.182    u_l1_icache/data_array[8][1][31]_i_1_n_0
    SLICE_X51Y14         FDRE                                         r  u_l1_icache/data_array_reg[8][1][24]/CE
  -------------------------------------------------------------------    -------------------

                         (clock CLK rise edge)       20.000    20.000 r  
    M18                                               0.000    20.000 r  clk (IN)
                         net (fo=0)                   0.000    20.000    clk
    M18                  IBUF (Prop_ibuf_I_O)         0.805    20.805 r  clk_IBUF_inst/O
                         net (fo=1, routed)           1.868    22.673    clk_IBUF
    BUFGCTRL_X0Y0        BUFG (Prop_bufg_I_O)         0.091    22.764 r  clk_IBUF_BUFG_inst/O
                         net (fo=11156, routed)       1.447    24.211    u_l1_icache/clk_IBUF_BUFG
    SLICE_X51Y14         FDRE                                         r  u_l1_icache/data_array_reg[8][1][24]/C
                         clock pessimism              0.322    24.533    
                         clock uncertainty           -0.335    24.198    
    SLICE_X51Y14         FDRE (Setup_fdre_C_CE)      -0.205    23.993    u_l1_icache/data_array_reg[8][1][24]
  -------------------------------------------------------------------
                         required time                         23.993    
                         arrival time                         -25.182    
  -------------------------------------------------------------------
                         slack                                 -1.190    

Slack (VIOLATED) :        -1.190ns  (required time - arrival time)
  Source:                 u_cpu/dut_pc/pc_reg[4]_rep__8/C
                            (rising edge-triggered cell FDRE clocked by CLK  {rise@0.000ns fall@10.000ns period=20.000ns})
  Destination:            u_l1_icache/data_array_reg[8][1][27]/CE
                            (rising edge-triggered cell FDRE clocked by CLK  {rise@0.000ns fall@10.000ns period=20.000ns})
  Path Group:             CLK
  Path Type:              Setup (Max at Slow Process Corner)
  Requirement:            20.000ns  (CLK rise@20.000ns - CLK rise@0.000ns)
  Data Path Delay:        20.629ns  (logic 4.481ns (21.722%)  route 16.148ns (78.278%))
  Logic Levels:           21  (CARRY4=4 LUT2=1 LUT3=1 LUT4=3 LUT5=5 LUT6=6 RAMD32=1)
  Clock Path Skew:        -0.020ns (DCD - SCD + CPR)
    Destination Clock Delay (DCD):    4.211ns = ( 24.211 - 20.000 ) 
    Source Clock Delay      (SCD):    4.553ns
    Clock Pessimism Removal (CPR):    0.322ns
  Clock Uncertainty:      0.335ns  ((TSJ^2 + TIJ^2)^1/2 + DJ) / 2 + PE + UU
    Total System Jitter     (TSJ):    0.071ns
    Total Input Jitter      (TIJ):    0.000ns
    Discrete Jitter          (DJ):    0.000ns
    Phase Error              (PE):    0.000ns
    User Uncertainty         (UU):    0.300ns

    Location             Delay type                Incr(ns)  Path(ns)    Netlist Resource(s)
  -------------------------------------------------------------------    -------------------
                         (clock CLK rise edge)        0.000     0.000 r  
    M18                                               0.000     0.000 r  clk (IN)
                         net (fo=0)                   0.000     0.000    clk
    M18                  IBUF (Prop_ibuf_I_O)         0.938     0.938 r  clk_IBUF_inst/O
                         net (fo=1, routed)           1.972     2.910    clk_IBUF
    BUFGCTRL_X0Y0        BUFG (Prop_bufg_I_O)         0.096     3.006 r  clk_IBUF_BUFG_inst/O
                         net (fo=11156, routed)       1.547     4.553    u_cpu/dut_pc/clk_IBUF_BUFG
    SLICE_X47Y25         FDRE                                         r  u_cpu/dut_pc/pc_reg[4]_rep__8/C
  -------------------------------------------------------------------    -------------------
    SLICE_X47Y25         FDRE (Prop_fdre_C_Q)         0.419     4.972 r  u_cpu/dut_pc/pc_reg[4]_rep__8/Q
                         net (fo=130, routed)         1.643     6.615    u_l1_icache/tag_array_reg_0_31_0_5/ADDRC0
    SLICE_X46Y22         RAMD32 (Prop_ramd32_RADR0_O)
                                                      0.328     6.943 r  u_l1_icache/tag_array_reg_0_31_0_5/RAMC/O
                         net (fo=1, routed)           0.676     7.619    u_cpu/dut_pc/lookup_hit1[4]
    SLICE_X42Y22         LUT6 (Prop_lut6_I1_O)        0.331     7.950 r  u_cpu/dut_pc/cpu_stall_debug_OBUF_inst_i_38/O
                         net (fo=1, routed)           0.000     7.950    u_cpu/dut_pc/cpu_stall_debug_OBUF_inst_i_38_n_0
    SLICE_X42Y22         CARRY4 (Prop_carry4_S[1]_CO[3])
                                                      0.533     8.483 r  u_cpu/dut_pc/cpu_stall_debug_OBUF_inst_i_23/CO[3]
                         net (fo=1, routed)           0.000     8.483    u_cpu/dut_pc/cpu_stall_debug_OBUF_inst_i_23_n_0
    SLICE_X42Y23         CARRY4 (Prop_carry4_CI_CO[3])
                                                      0.117     8.600 r  u_cpu/dut_pc/cpu_stall_debug_OBUF_inst_i_7/CO[3]
                         net (fo=4, routed)           0.948     9.548    u_cpu/dut_pc/u_l1_icache/lookup_hit0
    SLICE_X40Y22         LUT6 (Prop_lut6_I1_O)        0.124     9.672 r  u_cpu/dut_pc/registers_reg_r1_0_31_0_5_i_29/O
                         net (fo=33, routed)          1.119    10.791    u_cpu/dut_pc/registers_reg_r1_0_31_0_5_i_29_n_0
    SLICE_X34Y20         LUT6 (Prop_lut6_I4_O)        0.124    10.915 r  u_cpu/dut_pc/instr_debug[14]_i_1/O
                         net (fo=13, routed)          0.846    11.761    u_cpu/dut_pc/cpu_mem_funct3[2]
    SLICE_X33Y20         LUT4 (Prop_lut4_I0_O)        0.124    11.885 r  u_cpu/dut_pc/pc_target1_carry_i_19/O
                         net (fo=1, routed)           0.620    12.505    u_cpu/dut_pc/pc_target1_carry_i_19_n_0
    SLICE_X33Y21         LUT5 (Prop_lut5_I0_O)        0.124    12.629 r  u_cpu/dut_pc/pc_target1_carry_i_12/O
                         net (fo=39, routed)          0.910    13.540    u_cpu/dut_pc/imm_sel[2]
    SLICE_X34Y21         LUT6 (Prop_lut6_I0_O)        0.124    13.664 r  u_cpu/dut_pc/pc_target1_carry__2_i_9/O
                         net (fo=18, routed)          1.339    15.003    u_cpu/dut_pc/pc_target1_carry__2_i_9_n_0
    SLICE_X38Y33         LUT5 (Prop_lut5_I3_O)        0.124    15.127 r  u_cpu/dut_pc/pc_target1_carry__4_i_10/O
                         net (fo=7, routed)           0.652    15.779    u_cpu/dut_pc/pc_target1_carry__4_i_10_n_0
    SLICE_X38Y36         LUT3 (Prop_lut3_I2_O)        0.124    15.903 r  u_cpu/dut_pc/pc_target1_carry__4_i_2/O
                         net (fo=7, routed)           0.696    16.599    u_cpu/dut_pc/instruction_hold_valid_q_reg[16]
    SLICE_X38Y36         LUT4 (Prop_lut4_I3_O)        0.124    16.723 r  u_cpu/dut_pc/result0_carry__4_i_10/O
                         net (fo=6, routed)           0.607    17.330    u_cpu/dut_pc/src_b[22]
    SLICE_X36Y33         LUT2 (Prop_lut2_I1_O)        0.124    17.454 r  u_cpu/dut_pc/result0_carry__4_i_6/O
                         net (fo=1, routed)           0.000    17.454    u_cpu/dut_alu/mem_addr_q[20]_i_12_0[2]
    SLICE_X36Y33         CARRY4 (Prop_carry4_S[2]_CO[3])
                                                      0.398    17.852 r  u_cpu/dut_alu/result0_carry__4/CO[3]
                         net (fo=1, routed)           0.000    17.852    u_cpu/dut_alu/result0_carry__4_n_0
    SLICE_X36Y34         CARRY4 (Prop_carry4_CI_O[3])
                                                      0.313    18.165 r  u_cpu/dut_alu/result0_carry__5/O[3]
                         net (fo=1, routed)           1.047    19.212    u_cpu/dut_alu/data0[27]
    SLICE_X42Y36         LUT4 (Prop_lut4_I0_O)        0.306    19.518 r  u_cpu/dut_alu/mem_addr_q[27]_i_8/O
                         net (fo=1, routed)           0.305    19.823    u_cpu/dut_pc/pc[31]_i_27_0
    SLICE_X42Y38         LUT6 (Prop_lut6_I5_O)        0.124    19.947 r  u_cpu/dut_pc/mem_addr_q[27]_i_4/O
                         net (fo=2, routed)           0.589    20.536    u_cpu/dut_pc/mem_addr_q[27]_i_4_n_0
    SLICE_X45Y38         LUT5 (Prop_lut5_I1_O)        0.124    20.660 r  u_cpu/dut_pc/mem_addr_q[27]_i_2/O
                         net (fo=3, routed)           0.819    21.479    u_cpu/dut_pc/cpu_mem_addr[27]
    SLICE_X46Y38         LUT5 (Prop_lut5_I3_O)        0.124    21.603 f  u_cpu/dut_pc/refill_word_q[1]_i_8/O
                         net (fo=1, routed)           0.612    22.215    u_cpu/dut_pc/refill_word_q[1]_i_8_n_0
    SLICE_X47Y33         LUT5 (Prop_lut5_I4_O)        0.124    22.339 f  u_cpu/dut_pc/refill_word_q[1]_i_4/O
                         net (fo=165, routed)         1.549    23.888    u_l1_icache/icache_invalidate
    SLICE_X45Y11         LUT6 (Prop_lut6_I0_O)        0.124    24.012 r  u_l1_icache/data_array[8][1][31]_i_1/O
                         net (fo=32, routed)          1.170    25.182    u_l1_icache/data_array[8][1][31]_i_1_n_0
    SLICE_X51Y14         FDRE                                         r  u_l1_icache/data_array_reg[8][1][27]/CE
  -------------------------------------------------------------------    -------------------

                         (clock CLK rise edge)       20.000    20.000 r  
    M18                                               0.000    20.000 r  clk (IN)
                         net (fo=0)                   0.000    20.000    clk
    M18                  IBUF (Prop_ibuf_I_O)         0.805    20.805 r  clk_IBUF_inst/O
                         net (fo=1, routed)           1.868    22.673    clk_IBUF
    BUFGCTRL_X0Y0        BUFG (Prop_bufg_I_O)         0.091    22.764 r  clk_IBUF_BUFG_inst/O
                         net (fo=11156, routed)       1.447    24.211    u_l1_icache/clk_IBUF_BUFG
    SLICE_X51Y14         FDRE                                         r  u_l1_icache/data_array_reg[8][1][27]/C
                         clock pessimism              0.322    24.533    
                         clock uncertainty           -0.335    24.198    
    SLICE_X51Y14         FDRE (Setup_fdre_C_CE)      -0.205    23.993    u_l1_icache/data_array_reg[8][1][27]
  -------------------------------------------------------------------
                         required time                         23.993    
                         arrival time                         -25.182    
  -------------------------------------------------------------------
                         slack                                 -1.190    

Slack (VIOLATED) :        -1.190ns  (required time - arrival time)
  Source:                 u_cpu/dut_pc/pc_reg[4]_rep__8/C
                            (rising edge-triggered cell FDRE clocked by CLK  {rise@0.000ns fall@10.000ns period=20.000ns})
  Destination:            u_l1_icache/data_array_reg[8][1][8]/CE
                            (rising edge-triggered cell FDRE clocked by CLK  {rise@0.000ns fall@10.000ns period=20.000ns})
  Path Group:             CLK
  Path Type:              Setup (Max at Slow Process Corner)
  Requirement:            20.000ns  (CLK rise@20.000ns - CLK rise@0.000ns)
  Data Path Delay:        20.629ns  (logic 4.481ns (21.722%)  route 16.148ns (78.278%))
  Logic Levels:           21  (CARRY4=4 LUT2=1 LUT3=1 LUT4=3 LUT5=5 LUT6=6 RAMD32=1)
  Clock Path Skew:        -0.020ns (DCD - SCD + CPR)
    Destination Clock Delay (DCD):    4.211ns = ( 24.211 - 20.000 ) 
    Source Clock Delay      (SCD):    4.553ns
    Clock Pessimism Removal (CPR):    0.322ns
  Clock Uncertainty:      0.335ns  ((TSJ^2 + TIJ^2)^1/2 + DJ) / 2 + PE + UU
    Total System Jitter     (TSJ):    0.071ns
    Total Input Jitter      (TIJ):    0.000ns
    Discrete Jitter          (DJ):    0.000ns
    Phase Error              (PE):    0.000ns
    User Uncertainty         (UU):    0.300ns

    Location             Delay type                Incr(ns)  Path(ns)    Netlist Resource(s)
  -------------------------------------------------------------------    -------------------
                         (clock CLK rise edge)        0.000     0.000 r  
    M18                                               0.000     0.000 r  clk (IN)
                         net (fo=0)                   0.000     0.000    clk
    M18                  IBUF (Prop_ibuf_I_O)         0.938     0.938 r  clk_IBUF_inst/O
                         net (fo=1, routed)           1.972     2.910    clk_IBUF
    BUFGCTRL_X0Y0        BUFG (Prop_bufg_I_O)         0.096     3.006 r  clk_IBUF_BUFG_inst/O
                         net (fo=11156, routed)       1.547     4.553    u_cpu/dut_pc/clk_IBUF_BUFG
    SLICE_X47Y25         FDRE                                         r  u_cpu/dut_pc/pc_reg[4]_rep__8/C
  -------------------------------------------------------------------    -------------------
    SLICE_X47Y25         FDRE (Prop_fdre_C_Q)         0.419     4.972 r  u_cpu/dut_pc/pc_reg[4]_rep__8/Q
                         net (fo=130, routed)         1.643     6.615    u_l1_icache/tag_array_reg_0_31_0_5/ADDRC0
    SLICE_X46Y22         RAMD32 (Prop_ramd32_RADR0_O)
                                                      0.328     6.943 r  u_l1_icache/tag_array_reg_0_31_0_5/RAMC/O
                         net (fo=1, routed)           0.676     7.619    u_cpu/dut_pc/lookup_hit1[4]
    SLICE_X42Y22         LUT6 (Prop_lut6_I1_O)        0.331     7.950 r  u_cpu/dut_pc/cpu_stall_debug_OBUF_inst_i_38/O
                         net (fo=1, routed)           0.000     7.950    u_cpu/dut_pc/cpu_stall_debug_OBUF_inst_i_38_n_0
    SLICE_X42Y22         CARRY4 (Prop_carry4_S[1]_CO[3])
                                                      0.533     8.483 r  u_cpu/dut_pc/cpu_stall_debug_OBUF_inst_i_23/CO[3]
                         net (fo=1, routed)           0.000     8.483    u_cpu/dut_pc/cpu_stall_debug_OBUF_inst_i_23_n_0
    SLICE_X42Y23         CARRY4 (Prop_carry4_CI_CO[3])
                                                      0.117     8.600 r  u_cpu/dut_pc/cpu_stall_debug_OBUF_inst_i_7/CO[3]
                         net (fo=4, routed)           0.948     9.548    u_cpu/dut_pc/u_l1_icache/lookup_hit0
    SLICE_X40Y22         LUT6 (Prop_lut6_I1_O)        0.124     9.672 r  u_cpu/dut_pc/registers_reg_r1_0_31_0_5_i_29/O
                         net (fo=33, routed)          1.119    10.791    u_cpu/dut_pc/registers_reg_r1_0_31_0_5_i_29_n_0
    SLICE_X34Y20         LUT6 (Prop_lut6_I4_O)        0.124    10.915 r  u_cpu/dut_pc/instr_debug[14]_i_1/O
                         net (fo=13, routed)          0.846    11.761    u_cpu/dut_pc/cpu_mem_funct3[2]
    SLICE_X33Y20         LUT4 (Prop_lut4_I0_O)        0.124    11.885 r  u_cpu/dut_pc/pc_target1_carry_i_19/O
                         net (fo=1, routed)           0.620    12.505    u_cpu/dut_pc/pc_target1_carry_i_19_n_0
    SLICE_X33Y21         LUT5 (Prop_lut5_I0_O)        0.124    12.629 r  u_cpu/dut_pc/pc_target1_carry_i_12/O
                         net (fo=39, routed)          0.910    13.540    u_cpu/dut_pc/imm_sel[2]
    SLICE_X34Y21         LUT6 (Prop_lut6_I0_O)        0.124    13.664 r  u_cpu/dut_pc/pc_target1_carry__2_i_9/O
                         net (fo=18, routed)          1.339    15.003    u_cpu/dut_pc/pc_target1_carry__2_i_9_n_0
    SLICE_X38Y33         LUT5 (Prop_lut5_I3_O)        0.124    15.127 r  u_cpu/dut_pc/pc_target1_carry__4_i_10/O
                         net (fo=7, routed)           0.652    15.779    u_cpu/dut_pc/pc_target1_carry__4_i_10_n_0
    SLICE_X38Y36         LUT3 (Prop_lut3_I2_O)        0.124    15.903 r  u_cpu/dut_pc/pc_target1_carry__4_i_2/O
                         net (fo=7, routed)           0.696    16.599    u_cpu/dut_pc/instruction_hold_valid_q_reg[16]
    SLICE_X38Y36         LUT4 (Prop_lut4_I3_O)        0.124    16.723 r  u_cpu/dut_pc/result0_carry__4_i_10/O
                         net (fo=6, routed)           0.607    17.330    u_cpu/dut_pc/src_b[22]
    SLICE_X36Y33         LUT2 (Prop_lut2_I1_O)        0.124    17.454 r  u_cpu/dut_pc/result0_carry__4_i_6/O
                         net (fo=1, routed)           0.000    17.454    u_cpu/dut_alu/mem_addr_q[20]_i_12_0[2]
    SLICE_X36Y33         CARRY4 (Prop_carry4_S[2]_CO[3])
                                                      0.398    17.852 r  u_cpu/dut_alu/result0_carry__4/CO[3]
                         net (fo=1, routed)           0.000    17.852    u_cpu/dut_alu/result0_carry__4_n_0
    SLICE_X36Y34         CARRY4 (Prop_carry4_CI_O[3])
                                                      0.313    18.165 r  u_cpu/dut_alu/result0_carry__5/O[3]
                         net (fo=1, routed)           1.047    19.212    u_cpu/dut_alu/data0[27]
    SLICE_X42Y36         LUT4 (Prop_lut4_I0_O)        0.306    19.518 r  u_cpu/dut_alu/mem_addr_q[27]_i_8/O
                         net (fo=1, routed)           0.305    19.823    u_cpu/dut_pc/pc[31]_i_27_0
    SLICE_X42Y38         LUT6 (Prop_lut6_I5_O)        0.124    19.947 r  u_cpu/dut_pc/mem_addr_q[27]_i_4/O
                         net (fo=2, routed)           0.589    20.536    u_cpu/dut_pc/mem_addr_q[27]_i_4_n_0
    SLICE_X45Y38         LUT5 (Prop_lut5_I1_O)        0.124    20.660 r  u_cpu/dut_pc/mem_addr_q[27]_i_2/O
                         net (fo=3, routed)           0.819    21.479    u_cpu/dut_pc/cpu_mem_addr[27]
    SLICE_X46Y38         LUT5 (Prop_lut5_I3_O)        0.124    21.603 f  u_cpu/dut_pc/refill_word_q[1]_i_8/O
                         net (fo=1, routed)           0.612    22.215    u_cpu/dut_pc/refill_word_q[1]_i_8_n_0
    SLICE_X47Y33         LUT5 (Prop_lut5_I4_O)        0.124    22.339 f  u_cpu/dut_pc/refill_word_q[1]_i_4/O
                         net (fo=165, routed)         1.549    23.888    u_l1_icache/icache_invalidate
    SLICE_X45Y11         LUT6 (Prop_lut6_I0_O)        0.124    24.012 r  u_l1_icache/data_array[8][1][31]_i_1/O
                         net (fo=32, routed)          1.170    25.182    u_l1_icache/data_array[8][1][31]_i_1_n_0
    SLICE_X51Y14         FDRE                                         r  u_l1_icache/data_array_reg[8][1][8]/CE
  -------------------------------------------------------------------    -------------------

                         (clock CLK rise edge)       20.000    20.000 r  
    M18                                               0.000    20.000 r  clk (IN)
                         net (fo=0)                   0.000    20.000    clk
    M18                  IBUF (Prop_ibuf_I_O)         0.805    20.805 r  clk_IBUF_inst/O
                         net (fo=1, routed)           1.868    22.673    clk_IBUF
    BUFGCTRL_X0Y0        BUFG (Prop_bufg_I_O)         0.091    22.764 r  clk_IBUF_BUFG_inst/O
                         net (fo=11156, routed)       1.447    24.211    u_l1_icache/clk_IBUF_BUFG
    SLICE_X51Y14         FDRE                                         r  u_l1_icache/data_array_reg[8][1][8]/C
                         clock pessimism              0.322    24.533    
                         clock uncertainty           -0.335    24.198    
    SLICE_X51Y14         FDRE (Setup_fdre_C_CE)      -0.205    23.993    u_l1_icache/data_array_reg[8][1][8]
  -------------------------------------------------------------------
                         required time                         23.993    
                         arrival time                         -25.182    
  -------------------------------------------------------------------
                         slack                                 -1.190    

Slack (VIOLATED) :        -1.184ns  (required time - arrival time)
  Source:                 u_cpu/dut_pc/pc_reg[4]_rep__8/C
                            (rising edge-triggered cell FDRE clocked by CLK  {rise@0.000ns fall@10.000ns period=20.000ns})
  Destination:            u_cpu/dut_pc/pc_reg[8]/D
                            (rising edge-triggered cell FDRE clocked by CLK  {rise@0.000ns fall@10.000ns period=20.000ns})
  Path Group:             CLK
  Path Type:              Setup (Max at Slow Process Corner)
  Requirement:            20.000ns  (CLK rise@20.000ns - CLK rise@0.000ns)
  Data Path Delay:        20.737ns  (logic 4.527ns (21.831%)  route 16.210ns (78.169%))
  Logic Levels:           22  (CARRY4=4 LUT2=1 LUT3=1 LUT4=3 LUT5=3 LUT6=9 RAMD32=1)
  Clock Path Skew:        -0.031ns (DCD - SCD + CPR)
    Destination Clock Delay (DCD):    4.200ns = ( 24.200 - 20.000 ) 
    Source Clock Delay      (SCD):    4.553ns
    Clock Pessimism Removal (CPR):    0.322ns
  Clock Uncertainty:      0.335ns  ((TSJ^2 + TIJ^2)^1/2 + DJ) / 2 + PE + UU
    Total System Jitter     (TSJ):    0.071ns
    Total Input Jitter      (TIJ):    0.000ns
    Discrete Jitter          (DJ):    0.000ns
    Phase Error              (PE):    0.000ns
    User Uncertainty         (UU):    0.300ns

    Location             Delay type                Incr(ns)  Path(ns)    Netlist Resource(s)
  -------------------------------------------------------------------    -------------------
                         (clock CLK rise edge)        0.000     0.000 r  
    M18                                               0.000     0.000 r  clk (IN)
                         net (fo=0)                   0.000     0.000    clk
    M18                  IBUF (Prop_ibuf_I_O)         0.938     0.938 r  clk_IBUF_inst/O
                         net (fo=1, routed)           1.972     2.910    clk_IBUF
    BUFGCTRL_X0Y0        BUFG (Prop_bufg_I_O)         0.096     3.006 r  clk_IBUF_BUFG_inst/O
                         net (fo=11156, routed)       1.547     4.553    u_cpu/dut_pc/clk_IBUF_BUFG
    SLICE_X47Y25         FDRE                                         r  u_cpu/dut_pc/pc_reg[4]_rep__8/C
  -------------------------------------------------------------------    -------------------
    SLICE_X47Y25         FDRE (Prop_fdre_C_Q)         0.419     4.972 r  u_cpu/dut_pc/pc_reg[4]_rep__8/Q
                         net (fo=130, routed)         1.643     6.615    u_l1_icache/tag_array_reg_0_31_0_5/ADDRC0
    SLICE_X46Y22         RAMD32 (Prop_ramd32_RADR0_O)
                                                      0.328     6.943 r  u_l1_icache/tag_array_reg_0_31_0_5/RAMC/O
                         net (fo=1, routed)           0.676     7.619    u_cpu/dut_pc/lookup_hit1[4]
    SLICE_X42Y22         LUT6 (Prop_lut6_I1_O)        0.331     7.950 r  u_cpu/dut_pc/cpu_stall_debug_OBUF_inst_i_38/O
                         net (fo=1, routed)           0.000     7.950    u_cpu/dut_pc/cpu_stall_debug_OBUF_inst_i_38_n_0
    SLICE_X42Y22         CARRY4 (Prop_carry4_S[1]_CO[3])
                                                      0.533     8.483 r  u_cpu/dut_pc/cpu_stall_debug_OBUF_inst_i_23/CO[3]
                         net (fo=1, routed)           0.000     8.483    u_cpu/dut_pc/cpu_stall_debug_OBUF_inst_i_23_n_0
    SLICE_X42Y23         CARRY4 (Prop_carry4_CI_CO[3])
                                                      0.117     8.600 r  u_cpu/dut_pc/cpu_stall_debug_OBUF_inst_i_7/CO[3]
                         net (fo=4, routed)           0.948     9.548    u_cpu/dut_pc/u_l1_icache/lookup_hit0
    SLICE_X40Y22         LUT6 (Prop_lut6_I1_O)        0.124     9.672 r  u_cpu/dut_pc/registers_reg_r1_0_31_0_5_i_29/O
                         net (fo=33, routed)          1.119    10.791    u_cpu/dut_pc/registers_reg_r1_0_31_0_5_i_29_n_0
    SLICE_X34Y20         LUT6 (Prop_lut6_I4_O)        0.124    10.915 r  u_cpu/dut_pc/instr_debug[14]_i_1/O
                         net (fo=13, routed)          0.846    11.761    u_cpu/dut_pc/cpu_mem_funct3[2]
    SLICE_X33Y20         LUT4 (Prop_lut4_I0_O)        0.124    11.885 r  u_cpu/dut_pc/pc_target1_carry_i_19/O
                         net (fo=1, routed)           0.620    12.505    u_cpu/dut_pc/pc_target1_carry_i_19_n_0
    SLICE_X33Y21         LUT5 (Prop_lut5_I0_O)        0.124    12.629 r  u_cpu/dut_pc/pc_target1_carry_i_12/O
                         net (fo=39, routed)          0.910    13.540    u_cpu/dut_pc/imm_sel[2]
    SLICE_X34Y21         LUT6 (Prop_lut6_I0_O)        0.124    13.664 r  u_cpu/dut_pc/pc_target1_carry__2_i_9/O
                         net (fo=18, routed)          1.339    15.003    u_cpu/dut_pc/pc_target1_carry__2_i_9_n_0
    SLICE_X38Y33         LUT5 (Prop_lut5_I3_O)        0.124    15.127 r  u_cpu/dut_pc/pc_target1_carry__4_i_10/O
                         net (fo=7, routed)           0.652    15.779    u_cpu/dut_pc/pc_target1_carry__4_i_10_n_0
    SLICE_X38Y36         LUT3 (Prop_lut3_I2_O)        0.124    15.903 r  u_cpu/dut_pc/pc_target1_carry__4_i_2/O
                         net (fo=7, routed)           0.696    16.599    u_cpu/dut_pc/instruction_hold_valid_q_reg[16]
    SLICE_X38Y36         LUT4 (Prop_lut4_I3_O)        0.124    16.723 r  u_cpu/dut_pc/result0_carry__4_i_10/O
                         net (fo=6, routed)           0.600    17.324    u_cpu/dut_pc/src_b[22]
    SLICE_X37Y32         LUT2 (Prop_lut2_I1_O)        0.124    17.448 r  u_cpu/dut_pc/i__carry__4_i_2/O
                         net (fo=1, routed)           0.000    17.448    u_cpu/dut_alu/mem_addr_q[20]_i_12_1[2]
    SLICE_X37Y32         CARRY4 (Prop_carry4_S[2]_CO[3])
                                                      0.398    17.846 r  u_cpu/dut_alu/result0_inferred__0/i__carry__4/CO[3]
                         net (fo=1, routed)           0.000    17.846    u_cpu/dut_alu/result0_inferred__0/i__carry__4_n_0
    SLICE_X37Y33         CARRY4 (Prop_carry4_CI_O[2])
                                                      0.239    18.085 f  u_cpu/dut_alu/result0_inferred__0/i__carry__5/O[2]
                         net (fo=1, routed)           0.938    19.023    u_cpu/dut_alu/data1[26]
    SLICE_X39Y38         LUT4 (Prop_lut4_I2_O)        0.302    19.325 f  u_cpu/dut_alu/mem_addr_q[26]_i_8/O
                         net (fo=1, routed)           0.409    19.734    u_cpu/dut_pc/mem_addr_q[26]_i_2_0
    SLICE_X41Y38         LUT6 (Prop_lut6_I5_O)        0.124    19.858 f  u_cpu/dut_pc/mem_addr_q[26]_i_4/O
                         net (fo=1, routed)           0.430    20.288    u_cpu/dut_pc/mem_addr_q[26]_i_4_n_0
    SLICE_X42Y38         LUT5 (Prop_lut5_I1_O)        0.124    20.412 f  u_cpu/dut_pc/mem_addr_q[26]_i_2/O
                         net (fo=5, routed)           1.122    21.534    u_cpu/dut_pc/cpu_mem_addr[26]
    SLICE_X48Y36         LUT6 (Prop_lut6_I5_O)        0.124    21.658 r  u_cpu/dut_pc/pc[31]_i_19/O
                         net (fo=1, routed)           0.642    22.300    u_cpu/dut_pc/pc[31]_i_19_n_0
    SLICE_X48Y34         LUT6 (Prop_lut6_I5_O)        0.124    22.424 r  u_cpu/dut_pc/pc[31]_i_10/O
                         net (fo=2, routed)           0.630    23.054    u_cpu/dut_pc/pc[31]_i_10_n_0
    SLICE_X50Y30         LUT6 (Prop_lut6_I0_O)        0.124    23.178 r  u_cpu/dut_pc/pc[31]_i_5/O
                         net (fo=59, routed)          1.130    24.308    u_cpu/dut_pc/pc[31]_i_5_n_0
    SLICE_X45Y27         LUT6 (Prop_lut6_I1_O)        0.124    24.432 r  u_cpu/dut_pc/pc[8]_i_1/O
                         net (fo=1, routed)           0.857    25.290    u_cpu/dut_pc/pc_next[8]
    SLICE_X45Y21         FDRE                                         r  u_cpu/dut_pc/pc_reg[8]/D
  -------------------------------------------------------------------    -------------------

                         (clock CLK rise edge)       20.000    20.000 r  
    M18                                               0.000    20.000 r  clk (IN)
                         net (fo=0)                   0.000    20.000    clk
    M18                  IBUF (Prop_ibuf_I_O)         0.805    20.805 r  clk_IBUF_inst/O
                         net (fo=1, routed)           1.868    22.673    clk_IBUF
    BUFGCTRL_X0Y0        BUFG (Prop_bufg_I_O)         0.091    22.764 r  clk_IBUF_BUFG_inst/O
                         net (fo=11156, routed)       1.436    24.200    u_cpu/dut_pc/clk_IBUF_BUFG
    SLICE_X45Y21         FDRE                                         r  u_cpu/dut_pc/pc_reg[8]/C
                         clock pessimism              0.322    24.522    
                         clock uncertainty           -0.335    24.187    
    SLICE_X45Y21         FDRE (Setup_fdre_C_D)       -0.081    24.106    u_cpu/dut_pc/pc_reg[8]
  -------------------------------------------------------------------
                         required time                         24.106    
                         arrival time                         -25.290    
  -------------------------------------------------------------------
                         slack                                 -1.184    

Slack (VIOLATED) :        -1.166ns  (required time - arrival time)
  Source:                 u_cpu/dut_pc/pc_reg[4]_rep__8/C
                            (rising edge-triggered cell FDRE clocked by CLK  {rise@0.000ns fall@10.000ns period=20.000ns})
  Destination:            u_cpu/dut_pc/pc_reg[6]_rep__0/D
                            (rising edge-triggered cell FDRE clocked by CLK  {rise@0.000ns fall@10.000ns period=20.000ns})
  Path Group:             CLK
  Path Type:              Setup (Max at Slow Process Corner)
  Requirement:            20.000ns  (CLK rise@20.000ns - CLK rise@0.000ns)
  Data Path Delay:        20.720ns  (logic 4.527ns (21.848%)  route 16.193ns (78.152%))
  Logic Levels:           22  (CARRY4=4 LUT2=1 LUT3=1 LUT4=3 LUT5=3 LUT6=9 RAMD32=1)
  Clock Path Skew:        -0.030ns (DCD - SCD + CPR)
    Destination Clock Delay (DCD):    4.201ns = ( 24.201 - 20.000 ) 
    Source Clock Delay      (SCD):    4.553ns
    Clock Pessimism Removal (CPR):    0.322ns
  Clock Uncertainty:      0.335ns  ((TSJ^2 + TIJ^2)^1/2 + DJ) / 2 + PE + UU
    Total System Jitter     (TSJ):    0.071ns
    Total Input Jitter      (TIJ):    0.000ns
    Discrete Jitter          (DJ):    0.000ns
    Phase Error              (PE):    0.000ns
    User Uncertainty         (UU):    0.300ns

    Location             Delay type                Incr(ns)  Path(ns)    Netlist Resource(s)
  -------------------------------------------------------------------    -------------------
                         (clock CLK rise edge)        0.000     0.000 r  
    M18                                               0.000     0.000 r  clk (IN)
                         net (fo=0)                   0.000     0.000    clk
    M18                  IBUF (Prop_ibuf_I_O)         0.938     0.938 r  clk_IBUF_inst/O
                         net (fo=1, routed)           1.972     2.910    clk_IBUF
    BUFGCTRL_X0Y0        BUFG (Prop_bufg_I_O)         0.096     3.006 r  clk_IBUF_BUFG_inst/O
                         net (fo=11156, routed)       1.547     4.553    u_cpu/dut_pc/clk_IBUF_BUFG
    SLICE_X47Y25         FDRE                                         r  u_cpu/dut_pc/pc_reg[4]_rep__8/C
  -------------------------------------------------------------------    -------------------
    SLICE_X47Y25         FDRE (Prop_fdre_C_Q)         0.419     4.972 r  u_cpu/dut_pc/pc_reg[4]_rep__8/Q
                         net (fo=130, routed)         1.643     6.615    u_l1_icache/tag_array_reg_0_31_0_5/ADDRC0
    SLICE_X46Y22         RAMD32 (Prop_ramd32_RADR0_O)
                                                      0.328     6.943 r  u_l1_icache/tag_array_reg_0_31_0_5/RAMC/O
                         net (fo=1, routed)           0.676     7.619    u_cpu/dut_pc/lookup_hit1[4]
    SLICE_X42Y22         LUT6 (Prop_lut6_I1_O)        0.331     7.950 r  u_cpu/dut_pc/cpu_stall_debug_OBUF_inst_i_38/O
                         net (fo=1, routed)           0.000     7.950    u_cpu/dut_pc/cpu_stall_debug_OBUF_inst_i_38_n_0
    SLICE_X42Y22         CARRY4 (Prop_carry4_S[1]_CO[3])
                                                      0.533     8.483 r  u_cpu/dut_pc/cpu_stall_debug_OBUF_inst_i_23/CO[3]
                         net (fo=1, routed)           0.000     8.483    u_cpu/dut_pc/cpu_stall_debug_OBUF_inst_i_23_n_0
    SLICE_X42Y23         CARRY4 (Prop_carry4_CI_CO[3])
                                                      0.117     8.600 r  u_cpu/dut_pc/cpu_stall_debug_OBUF_inst_i_7/CO[3]
                         net (fo=4, routed)           0.948     9.548    u_cpu/dut_pc/u_l1_icache/lookup_hit0
    SLICE_X40Y22         LUT6 (Prop_lut6_I1_O)        0.124     9.672 r  u_cpu/dut_pc/registers_reg_r1_0_31_0_5_i_29/O
                         net (fo=33, routed)          1.119    10.791    u_cpu/dut_pc/registers_reg_r1_0_31_0_5_i_29_n_0
    SLICE_X34Y20         LUT6 (Prop_lut6_I4_O)        0.124    10.915 r  u_cpu/dut_pc/instr_debug[14]_i_1/O
                         net (fo=13, routed)          0.846    11.761    u_cpu/dut_pc/cpu_mem_funct3[2]
    SLICE_X33Y20         LUT4 (Prop_lut4_I0_O)        0.124    11.885 r  u_cpu/dut_pc/pc_target1_carry_i_19/O
                         net (fo=1, routed)           0.620    12.505    u_cpu/dut_pc/pc_target1_carry_i_19_n_0
    SLICE_X33Y21         LUT5 (Prop_lut5_I0_O)        0.124    12.629 r  u_cpu/dut_pc/pc_target1_carry_i_12/O
                         net (fo=39, routed)          0.910    13.540    u_cpu/dut_pc/imm_sel[2]
    SLICE_X34Y21         LUT6 (Prop_lut6_I0_O)        0.124    13.664 r  u_cpu/dut_pc/pc_target1_carry__2_i_9/O
                         net (fo=18, routed)          1.339    15.003    u_cpu/dut_pc/pc_target1_carry__2_i_9_n_0
    SLICE_X38Y33         LUT5 (Prop_lut5_I3_O)        0.124    15.127 r  u_cpu/dut_pc/pc_target1_carry__4_i_10/O
                         net (fo=7, routed)           0.652    15.779    u_cpu/dut_pc/pc_target1_carry__4_i_10_n_0
    SLICE_X38Y36         LUT3 (Prop_lut3_I2_O)        0.124    15.903 r  u_cpu/dut_pc/pc_target1_carry__4_i_2/O
                         net (fo=7, routed)           0.696    16.599    u_cpu/dut_pc/instruction_hold_valid_q_reg[16]
    SLICE_X38Y36         LUT4 (Prop_lut4_I3_O)        0.124    16.723 r  u_cpu/dut_pc/result0_carry__4_i_10/O
                         net (fo=6, routed)           0.600    17.324    u_cpu/dut_pc/src_b[22]
    SLICE_X37Y32         LUT2 (Prop_lut2_I1_O)        0.124    17.448 r  u_cpu/dut_pc/i__carry__4_i_2/O
                         net (fo=1, routed)           0.000    17.448    u_cpu/dut_alu/mem_addr_q[20]_i_12_1[2]
    SLICE_X37Y32         CARRY4 (Prop_carry4_S[2]_CO[3])
                                                      0.398    17.846 r  u_cpu/dut_alu/result0_inferred__0/i__carry__4/CO[3]
                         net (fo=1, routed)           0.000    17.846    u_cpu/dut_alu/result0_inferred__0/i__carry__4_n_0
    SLICE_X37Y33         CARRY4 (Prop_carry4_CI_O[2])
                                                      0.239    18.085 f  u_cpu/dut_alu/result0_inferred__0/i__carry__5/O[2]
                         net (fo=1, routed)           0.938    19.023    u_cpu/dut_alu/data1[26]
    SLICE_X39Y38         LUT4 (Prop_lut4_I2_O)        0.302    19.325 f  u_cpu/dut_alu/mem_addr_q[26]_i_8/O
                         net (fo=1, routed)           0.409    19.734    u_cpu/dut_pc/mem_addr_q[26]_i_2_0
    SLICE_X41Y38         LUT6 (Prop_lut6_I5_O)        0.124    19.858 f  u_cpu/dut_pc/mem_addr_q[26]_i_4/O
                         net (fo=1, routed)           0.430    20.288    u_cpu/dut_pc/mem_addr_q[26]_i_4_n_0
    SLICE_X42Y38         LUT5 (Prop_lut5_I1_O)        0.124    20.412 f  u_cpu/dut_pc/mem_addr_q[26]_i_2/O
                         net (fo=5, routed)           1.122    21.534    u_cpu/dut_pc/cpu_mem_addr[26]
    SLICE_X48Y36         LUT6 (Prop_lut6_I5_O)        0.124    21.658 r  u_cpu/dut_pc/pc[31]_i_19/O
                         net (fo=1, routed)           0.642    22.300    u_cpu/dut_pc/pc[31]_i_19_n_0
    SLICE_X48Y34         LUT6 (Prop_lut6_I5_O)        0.124    22.424 r  u_cpu/dut_pc/pc[31]_i_10/O
                         net (fo=2, routed)           0.630    23.054    u_cpu/dut_pc/pc[31]_i_10_n_0
    SLICE_X50Y30         LUT6 (Prop_lut6_I0_O)        0.124    23.178 r  u_cpu/dut_pc/pc[31]_i_5/O
                         net (fo=59, routed)          0.999    24.177    u_cpu/dut_pc/pc[31]_i_5_n_0
    SLICE_X49Y25         LUT6 (Prop_lut6_I1_O)        0.124    24.301 r  u_cpu/dut_pc/pc[6]_rep__0_i_1/O
                         net (fo=1, routed)           0.973    25.273    u_cpu/dut_pc/pc[6]_rep__0_i_1_n_0
    SLICE_X45Y19         FDRE                                         r  u_cpu/dut_pc/pc_reg[6]_rep__0/D
  -------------------------------------------------------------------    -------------------

                         (clock CLK rise edge)       20.000    20.000 r  
    M18                                               0.000    20.000 r  clk (IN)
                         net (fo=0)                   0.000    20.000    clk
    M18                  IBUF (Prop_ibuf_I_O)         0.805    20.805 r  clk_IBUF_inst/O
                         net (fo=1, routed)           1.868    22.673    clk_IBUF
    BUFGCTRL_X0Y0        BUFG (Prop_bufg_I_O)         0.091    22.764 r  clk_IBUF_BUFG_inst/O
                         net (fo=11156, routed)       1.437    24.201    u_cpu/dut_pc/clk_IBUF_BUFG
    SLICE_X45Y19         FDRE                                         r  u_cpu/dut_pc/pc_reg[6]_rep__0/C
                         clock pessimism              0.322    24.523    
                         clock uncertainty           -0.335    24.188    
    SLICE_X45Y19         FDRE (Setup_fdre_C_D)       -0.081    24.107    u_cpu/dut_pc/pc_reg[6]_rep__0
  -------------------------------------------------------------------
                         required time                         24.107    
                         arrival time                         -25.273    
  -------------------------------------------------------------------
                         slack                                 -1.166    

Slack (VIOLATED) :        -1.136ns  (required time - arrival time)
  Source:                 u_cpu/dut_pc/pc_reg[4]_rep__8/C
                            (rising edge-triggered cell FDRE clocked by CLK  {rise@0.000ns fall@10.000ns period=20.000ns})
  Destination:            u_l1_icache/data_array_reg[2][1][16]/CE
                            (rising edge-triggered cell FDRE clocked by CLK  {rise@0.000ns fall@10.000ns period=20.000ns})
  Path Group:             CLK
  Path Type:              Setup (Max at Slow Process Corner)
  Requirement:            20.000ns  (CLK rise@20.000ns - CLK rise@0.000ns)
  Data Path Delay:        20.582ns  (logic 4.481ns (21.771%)  route 16.101ns (78.229%))
  Logic Levels:           21  (CARRY4=4 LUT2=1 LUT3=1 LUT4=3 LUT5=5 LUT6=6 RAMD32=1)
  Clock Path Skew:        -0.014ns (DCD - SCD + CPR)
    Destination Clock Delay (DCD):    4.217ns = ( 24.217 - 20.000 ) 
    Source Clock Delay      (SCD):    4.553ns
    Clock Pessimism Removal (CPR):    0.322ns
  Clock Uncertainty:      0.335ns  ((TSJ^2 + TIJ^2)^1/2 + DJ) / 2 + PE + UU
    Total System Jitter     (TSJ):    0.071ns
    Total Input Jitter      (TIJ):    0.000ns
    Discrete Jitter          (DJ):    0.000ns
    Phase Error              (PE):    0.000ns
    User Uncertainty         (UU):    0.300ns

    Location             Delay type                Incr(ns)  Path(ns)    Netlist Resource(s)
  -------------------------------------------------------------------    -------------------
                         (clock CLK rise edge)        0.000     0.000 r  
    M18                                               0.000     0.000 r  clk (IN)
                         net (fo=0)                   0.000     0.000    clk
    M18                  IBUF (Prop_ibuf_I_O)         0.938     0.938 r  clk_IBUF_inst/O
                         net (fo=1, routed)           1.972     2.910    clk_IBUF
    BUFGCTRL_X0Y0        BUFG (Prop_bufg_I_O)         0.096     3.006 r  clk_IBUF_BUFG_inst/O
                         net (fo=11156, routed)       1.547     4.553    u_cpu/dut_pc/clk_IBUF_BUFG
    SLICE_X47Y25         FDRE                                         r  u_cpu/dut_pc/pc_reg[4]_rep__8/C
  -------------------------------------------------------------------    -------------------
    SLICE_X47Y25         FDRE (Prop_fdre_C_Q)         0.419     4.972 r  u_cpu/dut_pc/pc_reg[4]_rep__8/Q
                         net (fo=130, routed)         1.643     6.615    u_l1_icache/tag_array_reg_0_31_0_5/ADDRC0
    SLICE_X46Y22         RAMD32 (Prop_ramd32_RADR0_O)
                                                      0.328     6.943 r  u_l1_icache/tag_array_reg_0_31_0_5/RAMC/O
                         net (fo=1, routed)           0.676     7.619    u_cpu/dut_pc/lookup_hit1[4]
    SLICE_X42Y22         LUT6 (Prop_lut6_I1_O)        0.331     7.950 r  u_cpu/dut_pc/cpu_stall_debug_OBUF_inst_i_38/O
                         net (fo=1, routed)           0.000     7.950    u_cpu/dut_pc/cpu_stall_debug_OBUF_inst_i_38_n_0
    SLICE_X42Y22         CARRY4 (Prop_carry4_S[1]_CO[3])
                                                      0.533     8.483 r  u_cpu/dut_pc/cpu_stall_debug_OBUF_inst_i_23/CO[3]
                         net (fo=1, routed)           0.000     8.483    u_cpu/dut_pc/cpu_stall_debug_OBUF_inst_i_23_n_0
    SLICE_X42Y23         CARRY4 (Prop_carry4_CI_CO[3])
                                                      0.117     8.600 r  u_cpu/dut_pc/cpu_stall_debug_OBUF_inst_i_7/CO[3]
                         net (fo=4, routed)           0.948     9.548    u_cpu/dut_pc/u_l1_icache/lookup_hit0
    SLICE_X40Y22         LUT6 (Prop_lut6_I1_O)        0.124     9.672 r  u_cpu/dut_pc/registers_reg_r1_0_31_0_5_i_29/O
                         net (fo=33, routed)          1.119    10.791    u_cpu/dut_pc/registers_reg_r1_0_31_0_5_i_29_n_0
    SLICE_X34Y20         LUT6 (Prop_lut6_I4_O)        0.124    10.915 r  u_cpu/dut_pc/instr_debug[14]_i_1/O
                         net (fo=13, routed)          0.846    11.761    u_cpu/dut_pc/cpu_mem_funct3[2]
    SLICE_X33Y20         LUT4 (Prop_lut4_I0_O)        0.124    11.885 r  u_cpu/dut_pc/pc_target1_carry_i_19/O
                         net (fo=1, routed)           0.620    12.505    u_cpu/dut_pc/pc_target1_carry_i_19_n_0
    SLICE_X33Y21         LUT5 (Prop_lut5_I0_O)        0.124    12.629 r  u_cpu/dut_pc/pc_target1_carry_i_12/O
                         net (fo=39, routed)          0.910    13.540    u_cpu/dut_pc/imm_sel[2]
    SLICE_X34Y21         LUT6 (Prop_lut6_I0_O)        0.124    13.664 r  u_cpu/dut_pc/pc_target1_carry__2_i_9/O
                         net (fo=18, routed)          1.339    15.003    u_cpu/dut_pc/pc_target1_carry__2_i_9_n_0
    SLICE_X38Y33         LUT5 (Prop_lut5_I3_O)        0.124    15.127 r  u_cpu/dut_pc/pc_target1_carry__4_i_10/O
                         net (fo=7, routed)           0.652    15.779    u_cpu/dut_pc/pc_target1_carry__4_i_10_n_0
    SLICE_X38Y36         LUT3 (Prop_lut3_I2_O)        0.124    15.903 r  u_cpu/dut_pc/pc_target1_carry__4_i_2/O
                         net (fo=7, routed)           0.696    16.599    u_cpu/dut_pc/instruction_hold_valid_q_reg[16]
    SLICE_X38Y36         LUT4 (Prop_lut4_I3_O)        0.124    16.723 r  u_cpu/dut_pc/result0_carry__4_i_10/O
                         net (fo=6, routed)           0.607    17.330    u_cpu/dut_pc/src_b[22]
    SLICE_X36Y33         LUT2 (Prop_lut2_I1_O)        0.124    17.454 r  u_cpu/dut_pc/result0_carry__4_i_6/O
                         net (fo=1, routed)           0.000    17.454    u_cpu/dut_alu/mem_addr_q[20]_i_12_0[2]
    SLICE_X36Y33         CARRY4 (Prop_carry4_S[2]_CO[3])
                                                      0.398    17.852 r  u_cpu/dut_alu/result0_carry__4/CO[3]
                         net (fo=1, routed)           0.000    17.852    u_cpu/dut_alu/result0_carry__4_n_0
    SLICE_X36Y34         CARRY4 (Prop_carry4_CI_O[3])
                                                      0.313    18.165 r  u_cpu/dut_alu/result0_carry__5/O[3]
                         net (fo=1, routed)           1.047    19.212    u_cpu/dut_alu/data0[27]
    SLICE_X42Y36         LUT4 (Prop_lut4_I0_O)        0.306    19.518 r  u_cpu/dut_alu/mem_addr_q[27]_i_8/O
                         net (fo=1, routed)           0.305    19.823    u_cpu/dut_pc/pc[31]_i_27_0
    SLICE_X42Y38         LUT6 (Prop_lut6_I5_O)        0.124    19.947 r  u_cpu/dut_pc/mem_addr_q[27]_i_4/O
                         net (fo=2, routed)           0.589    20.536    u_cpu/dut_pc/mem_addr_q[27]_i_4_n_0
    SLICE_X45Y38         LUT5 (Prop_lut5_I1_O)        0.124    20.660 r  u_cpu/dut_pc/mem_addr_q[27]_i_2/O
                         net (fo=3, routed)           0.819    21.479    u_cpu/dut_pc/cpu_mem_addr[27]
    SLICE_X46Y38         LUT5 (Prop_lut5_I3_O)        0.124    21.603 f  u_cpu/dut_pc/refill_word_q[1]_i_8/O
                         net (fo=1, routed)           0.612    22.215    u_cpu/dut_pc/refill_word_q[1]_i_8_n_0
    SLICE_X47Y33         LUT5 (Prop_lut5_I4_O)        0.124    22.339 f  u_cpu/dut_pc/refill_word_q[1]_i_4/O
                         net (fo=165, routed)         1.167    23.506    u_l1_icache/icache_invalidate
    SLICE_X47Y21         LUT6 (Prop_lut6_I3_O)        0.124    23.630 r  u_l1_icache/data_array[2][1][31]_i_1/O
                         net (fo=32, routed)          1.505    25.135    u_l1_icache/data_array[2][1][31]_i_1_n_0
    SLICE_X57Y6          FDRE                                         r  u_l1_icache/data_array_reg[2][1][16]/CE
  -------------------------------------------------------------------    -------------------

                         (clock CLK rise edge)       20.000    20.000 r  
    M18                                               0.000    20.000 r  clk (IN)
                         net (fo=0)                   0.000    20.000    clk
    M18                  IBUF (Prop_ibuf_I_O)         0.805    20.805 r  clk_IBUF_inst/O
                         net (fo=1, routed)           1.868    22.673    clk_IBUF
    BUFGCTRL_X0Y0        BUFG (Prop_bufg_I_O)         0.091    22.764 r  clk_IBUF_BUFG_inst/O
                         net (fo=11156, routed)       1.453    24.217    u_l1_icache/clk_IBUF_BUFG
    SLICE_X57Y6          FDRE                                         r  u_l1_icache/data_array_reg[2][1][16]/C
                         clock pessimism              0.322    24.539    
                         clock uncertainty           -0.335    24.204    
    SLICE_X57Y6          FDRE (Setup_fdre_C_CE)      -0.205    23.999    u_l1_icache/data_array_reg[2][1][16]
  -------------------------------------------------------------------
                         required time                         23.999    
                         arrival time                         -25.135    
  -------------------------------------------------------------------
                         slack                                 -1.136    

Slack (VIOLATED) :        -1.136ns  (required time - arrival time)
  Source:                 u_cpu/dut_pc/pc_reg[4]_rep__8/C
                            (rising edge-triggered cell FDRE clocked by CLK  {rise@0.000ns fall@10.000ns period=20.000ns})
  Destination:            u_l1_icache/data_array_reg[2][1][31]/CE
                            (rising edge-triggered cell FDRE clocked by CLK  {rise@0.000ns fall@10.000ns period=20.000ns})
  Path Group:             CLK
  Path Type:              Setup (Max at Slow Process Corner)
  Requirement:            20.000ns  (CLK rise@20.000ns - CLK rise@0.000ns)
  Data Path Delay:        20.582ns  (logic 4.481ns (21.771%)  route 16.101ns (78.229%))
  Logic Levels:           21  (CARRY4=4 LUT2=1 LUT3=1 LUT4=3 LUT5=5 LUT6=6 RAMD32=1)
  Clock Path Skew:        -0.014ns (DCD - SCD + CPR)
    Destination Clock Delay (DCD):    4.217ns = ( 24.217 - 20.000 ) 
    Source Clock Delay      (SCD):    4.553ns
    Clock Pessimism Removal (CPR):    0.322ns
  Clock Uncertainty:      0.335ns  ((TSJ^2 + TIJ^2)^1/2 + DJ) / 2 + PE + UU
    Total System Jitter     (TSJ):    0.071ns
    Total Input Jitter      (TIJ):    0.000ns
    Discrete Jitter          (DJ):    0.000ns
    Phase Error              (PE):    0.000ns
    User Uncertainty         (UU):    0.300ns

    Location             Delay type                Incr(ns)  Path(ns)    Netlist Resource(s)
  -------------------------------------------------------------------    -------------------
                         (clock CLK rise edge)        0.000     0.000 r  
    M18                                               0.000     0.000 r  clk (IN)
                         net (fo=0)                   0.000     0.000    clk
    M18                  IBUF (Prop_ibuf_I_O)         0.938     0.938 r  clk_IBUF_inst/O
                         net (fo=1, routed)           1.972     2.910    clk_IBUF
    BUFGCTRL_X0Y0        BUFG (Prop_bufg_I_O)         0.096     3.006 r  clk_IBUF_BUFG_inst/O
                         net (fo=11156, routed)       1.547     4.553    u_cpu/dut_pc/clk_IBUF_BUFG
    SLICE_X47Y25         FDRE                                         r  u_cpu/dut_pc/pc_reg[4]_rep__8/C
  -------------------------------------------------------------------    -------------------
    SLICE_X47Y25         FDRE (Prop_fdre_C_Q)         0.419     4.972 r  u_cpu/dut_pc/pc_reg[4]_rep__8/Q
                         net (fo=130, routed)         1.643     6.615    u_l1_icache/tag_array_reg_0_31_0_5/ADDRC0
    SLICE_X46Y22         RAMD32 (Prop_ramd32_RADR0_O)
                                                      0.328     6.943 r  u_l1_icache/tag_array_reg_0_31_0_5/RAMC/O
                         net (fo=1, routed)           0.676     7.619    u_cpu/dut_pc/lookup_hit1[4]
    SLICE_X42Y22         LUT6 (Prop_lut6_I1_O)        0.331     7.950 r  u_cpu/dut_pc/cpu_stall_debug_OBUF_inst_i_38/O
                         net (fo=1, routed)           0.000     7.950    u_cpu/dut_pc/cpu_stall_debug_OBUF_inst_i_38_n_0
    SLICE_X42Y22         CARRY4 (Prop_carry4_S[1]_CO[3])
                                                      0.533     8.483 r  u_cpu/dut_pc/cpu_stall_debug_OBUF_inst_i_23/CO[3]
                         net (fo=1, routed)           0.000     8.483    u_cpu/dut_pc/cpu_stall_debug_OBUF_inst_i_23_n_0
    SLICE_X42Y23         CARRY4 (Prop_carry4_CI_CO[3])
                                                      0.117     8.600 r  u_cpu/dut_pc/cpu_stall_debug_OBUF_inst_i_7/CO[3]
                         net (fo=4, routed)           0.948     9.548    u_cpu/dut_pc/u_l1_icache/lookup_hit0
    SLICE_X40Y22         LUT6 (Prop_lut6_I1_O)        0.124     9.672 r  u_cpu/dut_pc/registers_reg_r1_0_31_0_5_i_29/O
                         net (fo=33, routed)          1.119    10.791    u_cpu/dut_pc/registers_reg_r1_0_31_0_5_i_29_n_0
    SLICE_X34Y20         LUT6 (Prop_lut6_I4_O)        0.124    10.915 r  u_cpu/dut_pc/instr_debug[14]_i_1/O
                         net (fo=13, routed)          0.846    11.761    u_cpu/dut_pc/cpu_mem_funct3[2]
    SLICE_X33Y20         LUT4 (Prop_lut4_I0_O)        0.124    11.885 r  u_cpu/dut_pc/pc_target1_carry_i_19/O
                         net (fo=1, routed)           0.620    12.505    u_cpu/dut_pc/pc_target1_carry_i_19_n_0
    SLICE_X33Y21         LUT5 (Prop_lut5_I0_O)        0.124    12.629 r  u_cpu/dut_pc/pc_target1_carry_i_12/O
                         net (fo=39, routed)          0.910    13.540    u_cpu/dut_pc/imm_sel[2]
    SLICE_X34Y21         LUT6 (Prop_lut6_I0_O)        0.124    13.664 r  u_cpu/dut_pc/pc_target1_carry__2_i_9/O
                         net (fo=18, routed)          1.339    15.003    u_cpu/dut_pc/pc_target1_carry__2_i_9_n_0
    SLICE_X38Y33         LUT5 (Prop_lut5_I3_O)        0.124    15.127 r  u_cpu/dut_pc/pc_target1_carry__4_i_10/O
                         net (fo=7, routed)           0.652    15.779    u_cpu/dut_pc/pc_target1_carry__4_i_10_n_0
    SLICE_X38Y36         LUT3 (Prop_lut3_I2_O)        0.124    15.903 r  u_cpu/dut_pc/pc_target1_carry__4_i_2/O
                         net (fo=7, routed)           0.696    16.599    u_cpu/dut_pc/instruction_hold_valid_q_reg[16]
    SLICE_X38Y36         LUT4 (Prop_lut4_I3_O)        0.124    16.723 r  u_cpu/dut_pc/result0_carry__4_i_10/O
                         net (fo=6, routed)           0.607    17.330    u_cpu/dut_pc/src_b[22]
    SLICE_X36Y33         LUT2 (Prop_lut2_I1_O)        0.124    17.454 r  u_cpu/dut_pc/result0_carry__4_i_6/O
                         net (fo=1, routed)           0.000    17.454    u_cpu/dut_alu/mem_addr_q[20]_i_12_0[2]
    SLICE_X36Y33         CARRY4 (Prop_carry4_S[2]_CO[3])
                                                      0.398    17.852 r  u_cpu/dut_alu/result0_carry__4/CO[3]
                         net (fo=1, routed)           0.000    17.852    u_cpu/dut_alu/result0_carry__4_n_0
    SLICE_X36Y34         CARRY4 (Prop_carry4_CI_O[3])
                                                      0.313    18.165 r  u_cpu/dut_alu/result0_carry__5/O[3]
                         net (fo=1, routed)           1.047    19.212    u_cpu/dut_alu/data0[27]
    SLICE_X42Y36         LUT4 (Prop_lut4_I0_O)        0.306    19.518 r  u_cpu/dut_alu/mem_addr_q[27]_i_8/O
                         net (fo=1, routed)           0.305    19.823    u_cpu/dut_pc/pc[31]_i_27_0
    SLICE_X42Y38         LUT6 (Prop_lut6_I5_O)        0.124    19.947 r  u_cpu/dut_pc/mem_addr_q[27]_i_4/O
                         net (fo=2, routed)           0.589    20.536    u_cpu/dut_pc/mem_addr_q[27]_i_4_n_0
    SLICE_X45Y38         LUT5 (Prop_lut5_I1_O)        0.124    20.660 r  u_cpu/dut_pc/mem_addr_q[27]_i_2/O
                         net (fo=3, routed)           0.819    21.479    u_cpu/dut_pc/cpu_mem_addr[27]
    SLICE_X46Y38         LUT5 (Prop_lut5_I3_O)        0.124    21.603 f  u_cpu/dut_pc/refill_word_q[1]_i_8/O
                         net (fo=1, routed)           0.612    22.215    u_cpu/dut_pc/refill_word_q[1]_i_8_n_0
    SLICE_X47Y33         LUT5 (Prop_lut5_I4_O)        0.124    22.339 f  u_cpu/dut_pc/refill_word_q[1]_i_4/O
                         net (fo=165, routed)         1.167    23.506    u_l1_icache/icache_invalidate
    SLICE_X47Y21         LUT6 (Prop_lut6_I3_O)        0.124    23.630 r  u_l1_icache/data_array[2][1][31]_i_1/O
                         net (fo=32, routed)          1.505    25.135    u_l1_icache/data_array[2][1][31]_i_1_n_0
    SLICE_X57Y6          FDRE                                         r  u_l1_icache/data_array_reg[2][1][31]/CE
  -------------------------------------------------------------------    -------------------

                         (clock CLK rise edge)       20.000    20.000 r  
    M18                                               0.000    20.000 r  clk (IN)
                         net (fo=0)                   0.000    20.000    clk
    M18                  IBUF (Prop_ibuf_I_O)         0.805    20.805 r  clk_IBUF_inst/O
                         net (fo=1, routed)           1.868    22.673    clk_IBUF
    BUFGCTRL_X0Y0        BUFG (Prop_bufg_I_O)         0.091    22.764 r  clk_IBUF_BUFG_inst/O
                         net (fo=11156, routed)       1.453    24.217    u_l1_icache/clk_IBUF_BUFG
    SLICE_X57Y6          FDRE                                         r  u_l1_icache/data_array_reg[2][1][31]/C
                         clock pessimism              0.322    24.539    
                         clock uncertainty           -0.335    24.204    
    SLICE_X57Y6          FDRE (Setup_fdre_C_CE)      -0.205    23.999    u_l1_icache/data_array_reg[2][1][31]
  -------------------------------------------------------------------
                         required time                         23.999    
                         arrival time                         -25.135    
  -------------------------------------------------------------------
                         slack                                 -1.136    

Slack (VIOLATED) :        -1.129ns  (required time - arrival time)
  Source:                 u_cpu/dut_pc/pc_reg[4]_rep__8/C
                            (rising edge-triggered cell FDRE clocked by CLK  {rise@0.000ns fall@10.000ns period=20.000ns})
  Destination:            u_cpu/dut_pc/pc_reg[5]_rep__3/D
                            (rising edge-triggered cell FDRE clocked by CLK  {rise@0.000ns fall@10.000ns period=20.000ns})
  Path Group:             CLK
  Path Type:              Setup (Max at Slow Process Corner)
  Requirement:            20.000ns  (CLK rise@20.000ns - CLK rise@0.000ns)
  Data Path Delay:        20.713ns  (logic 4.527ns (21.856%)  route 16.186ns (78.144%))
  Logic Levels:           22  (CARRY4=4 LUT2=1 LUT3=1 LUT4=3 LUT5=3 LUT6=9 RAMD32=1)
  Clock Path Skew:        -0.034ns (DCD - SCD + CPR)
    Destination Clock Delay (DCD):    4.197ns = ( 24.197 - 20.000 ) 
    Source Clock Delay      (SCD):    4.553ns
    Clock Pessimism Removal (CPR):    0.322ns
  Clock Uncertainty:      0.335ns  ((TSJ^2 + TIJ^2)^1/2 + DJ) / 2 + PE + UU
    Total System Jitter     (TSJ):    0.071ns
    Total Input Jitter      (TIJ):    0.000ns
    Discrete Jitter          (DJ):    0.000ns
    Phase Error              (PE):    0.000ns
    User Uncertainty         (UU):    0.300ns

    Location             Delay type                Incr(ns)  Path(ns)    Netlist Resource(s)
  -------------------------------------------------------------------    -------------------
                         (clock CLK rise edge)        0.000     0.000 r  
    M18                                               0.000     0.000 r  clk (IN)
                         net (fo=0)                   0.000     0.000    clk
    M18                  IBUF (Prop_ibuf_I_O)         0.938     0.938 r  clk_IBUF_inst/O
                         net (fo=1, routed)           1.972     2.910    clk_IBUF
    BUFGCTRL_X0Y0        BUFG (Prop_bufg_I_O)         0.096     3.006 r  clk_IBUF_BUFG_inst/O
                         net (fo=11156, routed)       1.547     4.553    u_cpu/dut_pc/clk_IBUF_BUFG
    SLICE_X47Y25         FDRE                                         r  u_cpu/dut_pc/pc_reg[4]_rep__8/C
  -------------------------------------------------------------------    -------------------
    SLICE_X47Y25         FDRE (Prop_fdre_C_Q)         0.419     4.972 r  u_cpu/dut_pc/pc_reg[4]_rep__8/Q
                         net (fo=130, routed)         1.643     6.615    u_l1_icache/tag_array_reg_0_31_0_5/ADDRC0
    SLICE_X46Y22         RAMD32 (Prop_ramd32_RADR0_O)
                                                      0.328     6.943 r  u_l1_icache/tag_array_reg_0_31_0_5/RAMC/O
                         net (fo=1, routed)           0.676     7.619    u_cpu/dut_pc/lookup_hit1[4]
    SLICE_X42Y22         LUT6 (Prop_lut6_I1_O)        0.331     7.950 r  u_cpu/dut_pc/cpu_stall_debug_OBUF_inst_i_38/O
                         net (fo=1, routed)           0.000     7.950    u_cpu/dut_pc/cpu_stall_debug_OBUF_inst_i_38_n_0
    SLICE_X42Y22         CARRY4 (Prop_carry4_S[1]_CO[3])
                                                      0.533     8.483 r  u_cpu/dut_pc/cpu_stall_debug_OBUF_inst_i_23/CO[3]
                         net (fo=1, routed)           0.000     8.483    u_cpu/dut_pc/cpu_stall_debug_OBUF_inst_i_23_n_0
    SLICE_X42Y23         CARRY4 (Prop_carry4_CI_CO[3])
                                                      0.117     8.600 r  u_cpu/dut_pc/cpu_stall_debug_OBUF_inst_i_7/CO[3]
                         net (fo=4, routed)           0.948     9.548    u_cpu/dut_pc/u_l1_icache/lookup_hit0
    SLICE_X40Y22         LUT6 (Prop_lut6_I1_O)        0.124     9.672 r  u_cpu/dut_pc/registers_reg_r1_0_31_0_5_i_29/O
                         net (fo=33, routed)          1.119    10.791    u_cpu/dut_pc/registers_reg_r1_0_31_0_5_i_29_n_0
    SLICE_X34Y20         LUT6 (Prop_lut6_I4_O)        0.124    10.915 r  u_cpu/dut_pc/instr_debug[14]_i_1/O
                         net (fo=13, routed)          0.846    11.761    u_cpu/dut_pc/cpu_mem_funct3[2]
    SLICE_X33Y20         LUT4 (Prop_lut4_I0_O)        0.124    11.885 r  u_cpu/dut_pc/pc_target1_carry_i_19/O
                         net (fo=1, routed)           0.620    12.505    u_cpu/dut_pc/pc_target1_carry_i_19_n_0
    SLICE_X33Y21         LUT5 (Prop_lut5_I0_O)        0.124    12.629 r  u_cpu/dut_pc/pc_target1_carry_i_12/O
                         net (fo=39, routed)          0.910    13.540    u_cpu/dut_pc/imm_sel[2]
    SLICE_X34Y21         LUT6 (Prop_lut6_I0_O)        0.124    13.664 r  u_cpu/dut_pc/pc_target1_carry__2_i_9/O
                         net (fo=18, routed)          1.339    15.003    u_cpu/dut_pc/pc_target1_carry__2_i_9_n_0
    SLICE_X38Y33         LUT5 (Prop_lut5_I3_O)        0.124    15.127 r  u_cpu/dut_pc/pc_target1_carry__4_i_10/O
                         net (fo=7, routed)           0.652    15.779    u_cpu/dut_pc/pc_target1_carry__4_i_10_n_0
    SLICE_X38Y36         LUT3 (Prop_lut3_I2_O)        0.124    15.903 r  u_cpu/dut_pc/pc_target1_carry__4_i_2/O
                         net (fo=7, routed)           0.696    16.599    u_cpu/dut_pc/instruction_hold_valid_q_reg[16]
    SLICE_X38Y36         LUT4 (Prop_lut4_I3_O)        0.124    16.723 r  u_cpu/dut_pc/result0_carry__4_i_10/O
                         net (fo=6, routed)           0.600    17.324    u_cpu/dut_pc/src_b[22]
    SLICE_X37Y32         LUT2 (Prop_lut2_I1_O)        0.124    17.448 r  u_cpu/dut_pc/i__carry__4_i_2/O
                         net (fo=1, routed)           0.000    17.448    u_cpu/dut_alu/mem_addr_q[20]_i_12_1[2]
    SLICE_X37Y32         CARRY4 (Prop_carry4_S[2]_CO[3])
                                                      0.398    17.846 r  u_cpu/dut_alu/result0_inferred__0/i__carry__4/CO[3]
                         net (fo=1, routed)           0.000    17.846    u_cpu/dut_alu/result0_inferred__0/i__carry__4_n_0
    SLICE_X37Y33         CARRY4 (Prop_carry4_CI_O[2])
                                                      0.239    18.085 f  u_cpu/dut_alu/result0_inferred__0/i__carry__5/O[2]
                         net (fo=1, routed)           0.938    19.023    u_cpu/dut_alu/data1[26]
    SLICE_X39Y38         LUT4 (Prop_lut4_I2_O)        0.302    19.325 f  u_cpu/dut_alu/mem_addr_q[26]_i_8/O
                         net (fo=1, routed)           0.409    19.734    u_cpu/dut_pc/mem_addr_q[26]_i_2_0
    SLICE_X41Y38         LUT6 (Prop_lut6_I5_O)        0.124    19.858 f  u_cpu/dut_pc/mem_addr_q[26]_i_4/O
                         net (fo=1, routed)           0.430    20.288    u_cpu/dut_pc/mem_addr_q[26]_i_4_n_0
    SLICE_X42Y38         LUT5 (Prop_lut5_I1_O)        0.124    20.412 f  u_cpu/dut_pc/mem_addr_q[26]_i_2/O
                         net (fo=5, routed)           1.122    21.534    u_cpu/dut_pc/cpu_mem_addr[26]
    SLICE_X48Y36         LUT6 (Prop_lut6_I5_O)        0.124    21.658 r  u_cpu/dut_pc/pc[31]_i_19/O
                         net (fo=1, routed)           0.642    22.300    u_cpu/dut_pc/pc[31]_i_19_n_0
    SLICE_X48Y34         LUT6 (Prop_lut6_I5_O)        0.124    22.424 r  u_cpu/dut_pc/pc[31]_i_10/O
                         net (fo=2, routed)           0.630    23.054    u_cpu/dut_pc/pc[31]_i_10_n_0
    SLICE_X50Y30         LUT6 (Prop_lut6_I0_O)        0.124    23.178 r  u_cpu/dut_pc/pc[31]_i_5/O
                         net (fo=59, routed)          1.464    24.641    u_cpu/dut_pc/pc[31]_i_5_n_0
    SLICE_X44Y22         LUT6 (Prop_lut6_I1_O)        0.124    24.765 r  u_cpu/dut_pc/pc[5]_rep__3_i_1/O
                         net (fo=1, routed)           0.500    25.265    u_cpu/dut_pc/pc[5]_rep__3_i_1_n_0
    SLICE_X41Y22         FDRE                                         r  u_cpu/dut_pc/pc_reg[5]_rep__3/D
  -------------------------------------------------------------------    -------------------

                         (clock CLK rise edge)       20.000    20.000 r  
    M18                                               0.000    20.000 r  clk (IN)
                         net (fo=0)                   0.000    20.000    clk
    M18                  IBUF (Prop_ibuf_I_O)         0.805    20.805 r  clk_IBUF_inst/O
                         net (fo=1, routed)           1.868    22.673    clk_IBUF
    BUFGCTRL_X0Y0        BUFG (Prop_bufg_I_O)         0.091    22.764 r  clk_IBUF_BUFG_inst/O
                         net (fo=11156, routed)       1.433    24.197    u_cpu/dut_pc/clk_IBUF_BUFG
    SLICE_X41Y22         FDRE                                         r  u_cpu/dut_pc/pc_reg[5]_rep__3/C
                         clock pessimism              0.322    24.519    
                         clock uncertainty           -0.335    24.184    
    SLICE_X41Y22         FDRE (Setup_fdre_C_D)       -0.047    24.137    u_cpu/dut_pc/pc_reg[5]_rep__3
  -------------------------------------------------------------------
                         required time                         24.137    
                         arrival time                         -25.265    
  -------------------------------------------------------------------
                         slack                                 -1.129    

Slack (VIOLATED) :        -1.123ns  (required time - arrival time)
  Source:                 u_cpu/dut_pc/pc_reg[4]_rep__8/C
                            (rising edge-triggered cell FDRE clocked by CLK  {rise@0.000ns fall@10.000ns period=20.000ns})
  Destination:            u_l1_icache/data_array_reg[12][0][18]/CE
                            (rising edge-triggered cell FDRE clocked by CLK  {rise@0.000ns fall@10.000ns period=20.000ns})
  Path Group:             CLK
  Path Type:              Setup (Max at Slow Process Corner)
  Requirement:            20.000ns  (CLK rise@20.000ns - CLK rise@0.000ns)
  Data Path Delay:        20.562ns  (logic 4.481ns (21.792%)  route 16.081ns (78.208%))
  Logic Levels:           21  (CARRY4=4 LUT2=1 LUT3=1 LUT4=3 LUT5=5 LUT6=6 RAMD32=1)
  Clock Path Skew:        -0.020ns (DCD - SCD + CPR)
    Destination Clock Delay (DCD):    4.211ns = ( 24.211 - 20.000 ) 
    Source Clock Delay      (SCD):    4.553ns
    Clock Pessimism Removal (CPR):    0.322ns
  Clock Uncertainty:      0.335ns  ((TSJ^2 + TIJ^2)^1/2 + DJ) / 2 + PE + UU
    Total System Jitter     (TSJ):    0.071ns
    Total Input Jitter      (TIJ):    0.000ns
    Discrete Jitter          (DJ):    0.000ns
    Phase Error              (PE):    0.000ns
    User Uncertainty         (UU):    0.300ns

    Location             Delay type                Incr(ns)  Path(ns)    Netlist Resource(s)
  -------------------------------------------------------------------    -------------------
                         (clock CLK rise edge)        0.000     0.000 r  
    M18                                               0.000     0.000 r  clk (IN)
                         net (fo=0)                   0.000     0.000    clk
    M18                  IBUF (Prop_ibuf_I_O)         0.938     0.938 r  clk_IBUF_inst/O
                         net (fo=1, routed)           1.972     2.910    clk_IBUF
    BUFGCTRL_X0Y0        BUFG (Prop_bufg_I_O)         0.096     3.006 r  clk_IBUF_BUFG_inst/O
                         net (fo=11156, routed)       1.547     4.553    u_cpu/dut_pc/clk_IBUF_BUFG
    SLICE_X47Y25         FDRE                                         r  u_cpu/dut_pc/pc_reg[4]_rep__8/C
  -------------------------------------------------------------------    -------------------
    SLICE_X47Y25         FDRE (Prop_fdre_C_Q)         0.419     4.972 r  u_cpu/dut_pc/pc_reg[4]_rep__8/Q
                         net (fo=130, routed)         1.643     6.615    u_l1_icache/tag_array_reg_0_31_0_5/ADDRC0
    SLICE_X46Y22         RAMD32 (Prop_ramd32_RADR0_O)
                                                      0.328     6.943 r  u_l1_icache/tag_array_reg_0_31_0_5/RAMC/O
                         net (fo=1, routed)           0.676     7.619    u_cpu/dut_pc/lookup_hit1[4]
    SLICE_X42Y22         LUT6 (Prop_lut6_I1_O)        0.331     7.950 r  u_cpu/dut_pc/cpu_stall_debug_OBUF_inst_i_38/O
                         net (fo=1, routed)           0.000     7.950    u_cpu/dut_pc/cpu_stall_debug_OBUF_inst_i_38_n_0
    SLICE_X42Y22         CARRY4 (Prop_carry4_S[1]_CO[3])
                                                      0.533     8.483 r  u_cpu/dut_pc/cpu_stall_debug_OBUF_inst_i_23/CO[3]
                         net (fo=1, routed)           0.000     8.483    u_cpu/dut_pc/cpu_stall_debug_OBUF_inst_i_23_n_0
    SLICE_X42Y23         CARRY4 (Prop_carry4_CI_CO[3])
                                                      0.117     8.600 r  u_cpu/dut_pc/cpu_stall_debug_OBUF_inst_i_7/CO[3]
                         net (fo=4, routed)           0.948     9.548    u_cpu/dut_pc/u_l1_icache/lookup_hit0
    SLICE_X40Y22         LUT6 (Prop_lut6_I1_O)        0.124     9.672 r  u_cpu/dut_pc/registers_reg_r1_0_31_0_5_i_29/O
                         net (fo=33, routed)          1.119    10.791    u_cpu/dut_pc/registers_reg_r1_0_31_0_5_i_29_n_0
    SLICE_X34Y20         LUT6 (Prop_lut6_I4_O)        0.124    10.915 r  u_cpu/dut_pc/instr_debug[14]_i_1/O
                         net (fo=13, routed)          0.846    11.761    u_cpu/dut_pc/cpu_mem_funct3[2]
    SLICE_X33Y20         LUT4 (Prop_lut4_I0_O)        0.124    11.885 r  u_cpu/dut_pc/pc_target1_carry_i_19/O
                         net (fo=1, routed)           0.620    12.505    u_cpu/dut_pc/pc_target1_carry_i_19_n_0
    SLICE_X33Y21         LUT5 (Prop_lut5_I0_O)        0.124    12.629 r  u_cpu/dut_pc/pc_target1_carry_i_12/O
                         net (fo=39, routed)          0.910    13.540    u_cpu/dut_pc/imm_sel[2]
    SLICE_X34Y21         LUT6 (Prop_lut6_I0_O)        0.124    13.664 r  u_cpu/dut_pc/pc_target1_carry__2_i_9/O
                         net (fo=18, routed)          1.339    15.003    u_cpu/dut_pc/pc_target1_carry__2_i_9_n_0
    SLICE_X38Y33         LUT5 (Prop_lut5_I3_O)        0.124    15.127 r  u_cpu/dut_pc/pc_target1_carry__4_i_10/O
                         net (fo=7, routed)           0.652    15.779    u_cpu/dut_pc/pc_target1_carry__4_i_10_n_0
    SLICE_X38Y36         LUT3 (Prop_lut3_I2_O)        0.124    15.903 r  u_cpu/dut_pc/pc_target1_carry__4_i_2/O
                         net (fo=7, routed)           0.696    16.599    u_cpu/dut_pc/instruction_hold_valid_q_reg[16]
    SLICE_X38Y36         LUT4 (Prop_lut4_I3_O)        0.124    16.723 r  u_cpu/dut_pc/result0_carry__4_i_10/O
                         net (fo=6, routed)           0.607    17.330    u_cpu/dut_pc/src_b[22]
    SLICE_X36Y33         LUT2 (Prop_lut2_I1_O)        0.124    17.454 r  u_cpu/dut_pc/result0_carry__4_i_6/O
                         net (fo=1, routed)           0.000    17.454    u_cpu/dut_alu/mem_addr_q[20]_i_12_0[2]
    SLICE_X36Y33         CARRY4 (Prop_carry4_S[2]_CO[3])
                                                      0.398    17.852 r  u_cpu/dut_alu/result0_carry__4/CO[3]
                         net (fo=1, routed)           0.000    17.852    u_cpu/dut_alu/result0_carry__4_n_0
    SLICE_X36Y34         CARRY4 (Prop_carry4_CI_O[3])
                                                      0.313    18.165 r  u_cpu/dut_alu/result0_carry__5/O[3]
                         net (fo=1, routed)           1.047    19.212    u_cpu/dut_alu/data0[27]
    SLICE_X42Y36         LUT4 (Prop_lut4_I0_O)        0.306    19.518 r  u_cpu/dut_alu/mem_addr_q[27]_i_8/O
                         net (fo=1, routed)           0.305    19.823    u_cpu/dut_pc/pc[31]_i_27_0
    SLICE_X42Y38         LUT6 (Prop_lut6_I5_O)        0.124    19.947 r  u_cpu/dut_pc/mem_addr_q[27]_i_4/O
                         net (fo=2, routed)           0.589    20.536    u_cpu/dut_pc/mem_addr_q[27]_i_4_n_0
    SLICE_X45Y38         LUT5 (Prop_lut5_I1_O)        0.124    20.660 r  u_cpu/dut_pc/mem_addr_q[27]_i_2/O
                         net (fo=3, routed)           0.819    21.479    u_cpu/dut_pc/cpu_mem_addr[27]
    SLICE_X46Y38         LUT5 (Prop_lut5_I3_O)        0.124    21.603 f  u_cpu/dut_pc/refill_word_q[1]_i_8/O
                         net (fo=1, routed)           0.612    22.215    u_cpu/dut_pc/refill_word_q[1]_i_8_n_0
    SLICE_X47Y33         LUT5 (Prop_lut5_I4_O)        0.124    22.339 f  u_cpu/dut_pc/refill_word_q[1]_i_4/O
                         net (fo=165, routed)         1.442    23.781    u_l1_icache/icache_invalidate
    SLICE_X38Y14         LUT6 (Prop_lut6_I3_O)        0.124    23.905 r  u_l1_icache/data_array[12][0][31]_i_1/O
                         net (fo=32, routed)          1.210    25.115    u_l1_icache/data_array[12][0][31]_i_1_n_0
    SLICE_X51Y13         FDRE                                         r  u_l1_icache/data_array_reg[12][0][18]/CE
  -------------------------------------------------------------------    -------------------

                         (clock CLK rise edge)       20.000    20.000 r  
    M18                                               0.000    20.000 r  clk (IN)
                         net (fo=0)                   0.000    20.000    clk
    M18                  IBUF (Prop_ibuf_I_O)         0.805    20.805 r  clk_IBUF_inst/O
                         net (fo=1, routed)           1.868    22.673    clk_IBUF
    BUFGCTRL_X0Y0        BUFG (Prop_bufg_I_O)         0.091    22.764 r  clk_IBUF_BUFG_inst/O
                         net (fo=11156, routed)       1.447    24.211    u_l1_icache/clk_IBUF_BUFG
    SLICE_X51Y13         FDRE                                         r  u_l1_icache/data_array_reg[12][0][18]/C
                         clock pessimism              0.322    24.533    
                         clock uncertainty           -0.335    24.198    
    SLICE_X51Y13         FDRE (Setup_fdre_C_CE)      -0.205    23.993    u_l1_icache/data_array_reg[12][0][18]
  -------------------------------------------------------------------
                         required time                         23.993    
                         arrival time                         -25.115    
  -------------------------------------------------------------------
                         slack                                 -1.123    

Slack (VIOLATED) :        -1.113ns  (required time - arrival time)
  Source:                 u_cpu/dut_pc/pc_reg[4]_rep__8/C
                            (rising edge-triggered cell FDRE clocked by CLK  {rise@0.000ns fall@10.000ns period=20.000ns})
  Destination:            u_l1_icache/data_array_reg[17][0][12]/CE
                            (rising edge-triggered cell FDRE clocked by CLK  {rise@0.000ns fall@10.000ns period=20.000ns})
  Path Group:             CLK
  Path Type:              Setup (Max at Slow Process Corner)
  Requirement:            20.000ns  (CLK rise@20.000ns - CLK rise@0.000ns)
  Data Path Delay:        20.479ns  (logic 4.481ns (21.881%)  route 15.998ns (78.118%))
  Logic Levels:           21  (CARRY4=4 LUT2=1 LUT3=1 LUT4=3 LUT5=5 LUT6=6 RAMD32=1)
  Clock Path Skew:        -0.094ns (DCD - SCD + CPR)
    Destination Clock Delay (DCD):    4.209ns = ( 24.209 - 20.000 ) 
    Source Clock Delay      (SCD):    4.553ns
    Clock Pessimism Removal (CPR):    0.250ns
  Clock Uncertainty:      0.335ns  ((TSJ^2 + TIJ^2)^1/2 + DJ) / 2 + PE + UU
    Total System Jitter     (TSJ):    0.071ns
    Total Input Jitter      (TIJ):    0.000ns
    Discrete Jitter          (DJ):    0.000ns
    Phase Error              (PE):    0.000ns
    User Uncertainty         (UU):    0.300ns

    Location             Delay type                Incr(ns)  Path(ns)    Netlist Resource(s)
  -------------------------------------------------------------------    -------------------
                         (clock CLK rise edge)        0.000     0.000 r  
    M18                                               0.000     0.000 r  clk (IN)
                         net (fo=0)                   0.000     0.000    clk
    M18                  IBUF (Prop_ibuf_I_O)         0.938     0.938 r  clk_IBUF_inst/O
                         net (fo=1, routed)           1.972     2.910    clk_IBUF
    BUFGCTRL_X0Y0        BUFG (Prop_bufg_I_O)         0.096     3.006 r  clk_IBUF_BUFG_inst/O
                         net (fo=11156, routed)       1.547     4.553    u_cpu/dut_pc/clk_IBUF_BUFG
    SLICE_X47Y25         FDRE                                         r  u_cpu/dut_pc/pc_reg[4]_rep__8/C
  -------------------------------------------------------------------    -------------------
    SLICE_X47Y25         FDRE (Prop_fdre_C_Q)         0.419     4.972 r  u_cpu/dut_pc/pc_reg[4]_rep__8/Q
                         net (fo=130, routed)         1.643     6.615    u_l1_icache/tag_array_reg_0_31_0_5/ADDRC0
    SLICE_X46Y22         RAMD32 (Prop_ramd32_RADR0_O)
                                                      0.328     6.943 r  u_l1_icache/tag_array_reg_0_31_0_5/RAMC/O
                         net (fo=1, routed)           0.676     7.619    u_cpu/dut_pc/lookup_hit1[4]
    SLICE_X42Y22         LUT6 (Prop_lut6_I1_O)        0.331     7.950 r  u_cpu/dut_pc/cpu_stall_debug_OBUF_inst_i_38/O
                         net (fo=1, routed)           0.000     7.950    u_cpu/dut_pc/cpu_stall_debug_OBUF_inst_i_38_n_0
    SLICE_X42Y22         CARRY4 (Prop_carry4_S[1]_CO[3])
                                                      0.533     8.483 r  u_cpu/dut_pc/cpu_stall_debug_OBUF_inst_i_23/CO[3]
                         net (fo=1, routed)           0.000     8.483    u_cpu/dut_pc/cpu_stall_debug_OBUF_inst_i_23_n_0
    SLICE_X42Y23         CARRY4 (Prop_carry4_CI_CO[3])
                                                      0.117     8.600 r  u_cpu/dut_pc/cpu_stall_debug_OBUF_inst_i_7/CO[3]
                         net (fo=4, routed)           0.948     9.548    u_cpu/dut_pc/u_l1_icache/lookup_hit0
    SLICE_X40Y22         LUT6 (Prop_lut6_I1_O)        0.124     9.672 r  u_cpu/dut_pc/registers_reg_r1_0_31_0_5_i_29/O
                         net (fo=33, routed)          1.119    10.791    u_cpu/dut_pc/registers_reg_r1_0_31_0_5_i_29_n_0
    SLICE_X34Y20         LUT6 (Prop_lut6_I4_O)        0.124    10.915 r  u_cpu/dut_pc/instr_debug[14]_i_1/O
                         net (fo=13, routed)          0.846    11.761    u_cpu/dut_pc/cpu_mem_funct3[2]
    SLICE_X33Y20         LUT4 (Prop_lut4_I0_O)        0.124    11.885 r  u_cpu/dut_pc/pc_target1_carry_i_19/O
                         net (fo=1, routed)           0.620    12.505    u_cpu/dut_pc/pc_target1_carry_i_19_n_0
    SLICE_X33Y21         LUT5 (Prop_lut5_I0_O)        0.124    12.629 r  u_cpu/dut_pc/pc_target1_carry_i_12/O
                         net (fo=39, routed)          0.910    13.540    u_cpu/dut_pc/imm_sel[2]
    SLICE_X34Y21         LUT6 (Prop_lut6_I0_O)        0.124    13.664 r  u_cpu/dut_pc/pc_target1_carry__2_i_9/O
                         net (fo=18, routed)          1.339    15.003    u_cpu/dut_pc/pc_target1_carry__2_i_9_n_0
    SLICE_X38Y33         LUT5 (Prop_lut5_I3_O)        0.124    15.127 r  u_cpu/dut_pc/pc_target1_carry__4_i_10/O
                         net (fo=7, routed)           0.652    15.779    u_cpu/dut_pc/pc_target1_carry__4_i_10_n_0
    SLICE_X38Y36         LUT3 (Prop_lut3_I2_O)        0.124    15.903 r  u_cpu/dut_pc/pc_target1_carry__4_i_2/O
                         net (fo=7, routed)           0.696    16.599    u_cpu/dut_pc/instruction_hold_valid_q_reg[16]
    SLICE_X38Y36         LUT4 (Prop_lut4_I3_O)        0.124    16.723 r  u_cpu/dut_pc/result0_carry__4_i_10/O
                         net (fo=6, routed)           0.607    17.330    u_cpu/dut_pc/src_b[22]
    SLICE_X36Y33         LUT2 (Prop_lut2_I1_O)        0.124    17.454 r  u_cpu/dut_pc/result0_carry__4_i_6/O
                         net (fo=1, routed)           0.000    17.454    u_cpu/dut_alu/mem_addr_q[20]_i_12_0[2]
    SLICE_X36Y33         CARRY4 (Prop_carry4_S[2]_CO[3])
                                                      0.398    17.852 r  u_cpu/dut_alu/result0_carry__4/CO[3]
                         net (fo=1, routed)           0.000    17.852    u_cpu/dut_alu/result0_carry__4_n_0
    SLICE_X36Y34         CARRY4 (Prop_carry4_CI_O[3])
                                                      0.313    18.165 r  u_cpu/dut_alu/result0_carry__5/O[3]
                         net (fo=1, routed)           1.047    19.212    u_cpu/dut_alu/data0[27]
    SLICE_X42Y36         LUT4 (Prop_lut4_I0_O)        0.306    19.518 r  u_cpu/dut_alu/mem_addr_q[27]_i_8/O
                         net (fo=1, routed)           0.305    19.823    u_cpu/dut_pc/pc[31]_i_27_0
    SLICE_X42Y38         LUT6 (Prop_lut6_I5_O)        0.124    19.947 r  u_cpu/dut_pc/mem_addr_q[27]_i_4/O
                         net (fo=2, routed)           0.589    20.536    u_cpu/dut_pc/mem_addr_q[27]_i_4_n_0
    SLICE_X45Y38         LUT5 (Prop_lut5_I1_O)        0.124    20.660 r  u_cpu/dut_pc/mem_addr_q[27]_i_2/O
                         net (fo=3, routed)           0.819    21.479    u_cpu/dut_pc/cpu_mem_addr[27]
    SLICE_X46Y38         LUT5 (Prop_lut5_I3_O)        0.124    21.603 f  u_cpu/dut_pc/refill_word_q[1]_i_8/O
                         net (fo=1, routed)           0.612    22.215    u_cpu/dut_pc/refill_word_q[1]_i_8_n_0
    SLICE_X47Y33         LUT5 (Prop_lut5_I4_O)        0.124    22.339 f  u_cpu/dut_pc/refill_word_q[1]_i_4/O
                         net (fo=165, routed)         1.688    24.027    u_l1_icache/icache_invalidate
    SLICE_X31Y18         LUT6 (Prop_lut6_I3_O)        0.124    24.151 r  u_l1_icache/data_array[17][0][31]_i_1/O
                         net (fo=32, routed)          0.880    25.031    u_l1_icache/data_array[17][0][31]_i_1_n_0
    SLICE_X29Y9          FDRE                                         r  u_l1_icache/data_array_reg[17][0][12]/CE
  -------------------------------------------------------------------    -------------------

                         (clock CLK rise edge)       20.000    20.000 r  
    M18                                               0.000    20.000 r  clk (IN)
                         net (fo=0)                   0.000    20.000    clk
    M18                  IBUF (Prop_ibuf_I_O)         0.805    20.805 r  clk_IBUF_inst/O
                         net (fo=1, routed)           1.868    22.673    clk_IBUF
    BUFGCTRL_X0Y0        BUFG (Prop_bufg_I_O)         0.091    22.764 r  clk_IBUF_BUFG_inst/O
                         net (fo=11156, routed)       1.445    24.209    u_l1_icache/clk_IBUF_BUFG
    SLICE_X29Y9          FDRE                                         r  u_l1_icache/data_array_reg[17][0][12]/C
                         clock pessimism              0.250    24.459    
                         clock uncertainty           -0.335    24.124    
    SLICE_X29Y9          FDRE (Setup_fdre_C_CE)      -0.205    23.919    u_l1_icache/data_array_reg[17][0][12]
  -------------------------------------------------------------------
                         required time                         23.919    
                         arrival time                         -25.031    
  -------------------------------------------------------------------
                         slack                                 -1.113    

Slack (VIOLATED) :        -1.108ns  (required time - arrival time)
  Source:                 u_cpu/dut_pc/pc_reg[4]_rep__8/C
                            (rising edge-triggered cell FDRE clocked by CLK  {rise@0.000ns fall@10.000ns period=20.000ns})
  Destination:            u_cpu/dut_pc/pc_reg[5]_rep__2/D
                            (rising edge-triggered cell FDRE clocked by CLK  {rise@0.000ns fall@10.000ns period=20.000ns})
  Path Group:             CLK
  Path Type:              Setup (Max at Slow Process Corner)
  Requirement:            20.000ns  (CLK rise@20.000ns - CLK rise@0.000ns)
  Data Path Delay:        20.676ns  (logic 4.527ns (21.895%)  route 16.149ns (78.105%))
  Logic Levels:           22  (CARRY4=4 LUT2=1 LUT3=1 LUT4=3 LUT5=3 LUT6=9 RAMD32=1)
  Clock Path Skew:        -0.030ns (DCD - SCD + CPR)
    Destination Clock Delay (DCD):    4.201ns = ( 24.201 - 20.000 ) 
    Source Clock Delay      (SCD):    4.553ns
    Clock Pessimism Removal (CPR):    0.322ns
  Clock Uncertainty:      0.335ns  ((TSJ^2 + TIJ^2)^1/2 + DJ) / 2 + PE + UU
    Total System Jitter     (TSJ):    0.071ns
    Total Input Jitter      (TIJ):    0.000ns
    Discrete Jitter          (DJ):    0.000ns
    Phase Error              (PE):    0.000ns
    User Uncertainty         (UU):    0.300ns

    Location             Delay type                Incr(ns)  Path(ns)    Netlist Resource(s)
  -------------------------------------------------------------------    -------------------
                         (clock CLK rise edge)        0.000     0.000 r  
    M18                                               0.000     0.000 r  clk (IN)
                         net (fo=0)                   0.000     0.000    clk
    M18                  IBUF (Prop_ibuf_I_O)         0.938     0.938 r  clk_IBUF_inst/O
                         net (fo=1, routed)           1.972     2.910    clk_IBUF
    BUFGCTRL_X0Y0        BUFG (Prop_bufg_I_O)         0.096     3.006 r  clk_IBUF_BUFG_inst/O
                         net (fo=11156, routed)       1.547     4.553    u_cpu/dut_pc/clk_IBUF_BUFG
    SLICE_X47Y25         FDRE                                         r  u_cpu/dut_pc/pc_reg[4]_rep__8/C
  -------------------------------------------------------------------    -------------------
    SLICE_X47Y25         FDRE (Prop_fdre_C_Q)         0.419     4.972 r  u_cpu/dut_pc/pc_reg[4]_rep__8/Q
                         net (fo=130, routed)         1.643     6.615    u_l1_icache/tag_array_reg_0_31_0_5/ADDRC0
    SLICE_X46Y22         RAMD32 (Prop_ramd32_RADR0_O)
                                                      0.328     6.943 r  u_l1_icache/tag_array_reg_0_31_0_5/RAMC/O
                         net (fo=1, routed)           0.676     7.619    u_cpu/dut_pc/lookup_hit1[4]
    SLICE_X42Y22         LUT6 (Prop_lut6_I1_O)        0.331     7.950 r  u_cpu/dut_pc/cpu_stall_debug_OBUF_inst_i_38/O
                         net (fo=1, routed)           0.000     7.950    u_cpu/dut_pc/cpu_stall_debug_OBUF_inst_i_38_n_0
    SLICE_X42Y22         CARRY4 (Prop_carry4_S[1]_CO[3])
                                                      0.533     8.483 r  u_cpu/dut_pc/cpu_stall_debug_OBUF_inst_i_23/CO[3]
                         net (fo=1, routed)           0.000     8.483    u_cpu/dut_pc/cpu_stall_debug_OBUF_inst_i_23_n_0
    SLICE_X42Y23         CARRY4 (Prop_carry4_CI_CO[3])
                                                      0.117     8.600 r  u_cpu/dut_pc/cpu_stall_debug_OBUF_inst_i_7/CO[3]
                         net (fo=4, routed)           0.948     9.548    u_cpu/dut_pc/u_l1_icache/lookup_hit0
    SLICE_X40Y22         LUT6 (Prop_lut6_I1_O)        0.124     9.672 r  u_cpu/dut_pc/registers_reg_r1_0_31_0_5_i_29/O
                         net (fo=33, routed)          1.119    10.791    u_cpu/dut_pc/registers_reg_r1_0_31_0_5_i_29_n_0
    SLICE_X34Y20         LUT6 (Prop_lut6_I4_O)        0.124    10.915 r  u_cpu/dut_pc/instr_debug[14]_i_1/O
                         net (fo=13, routed)          0.846    11.761    u_cpu/dut_pc/cpu_mem_funct3[2]
    SLICE_X33Y20         LUT4 (Prop_lut4_I0_O)        0.124    11.885 r  u_cpu/dut_pc/pc_target1_carry_i_19/O
                         net (fo=1, routed)           0.620    12.505    u_cpu/dut_pc/pc_target1_carry_i_19_n_0
    SLICE_X33Y21         LUT5 (Prop_lut5_I0_O)        0.124    12.629 r  u_cpu/dut_pc/pc_target1_carry_i_12/O
                         net (fo=39, routed)          0.910    13.540    u_cpu/dut_pc/imm_sel[2]
    SLICE_X34Y21         LUT6 (Prop_lut6_I0_O)        0.124    13.664 r  u_cpu/dut_pc/pc_target1_carry__2_i_9/O
                         net (fo=18, routed)          1.339    15.003    u_cpu/dut_pc/pc_target1_carry__2_i_9_n_0
    SLICE_X38Y33         LUT5 (Prop_lut5_I3_O)        0.124    15.127 r  u_cpu/dut_pc/pc_target1_carry__4_i_10/O
                         net (fo=7, routed)           0.652    15.779    u_cpu/dut_pc/pc_target1_carry__4_i_10_n_0
    SLICE_X38Y36         LUT3 (Prop_lut3_I2_O)        0.124    15.903 r  u_cpu/dut_pc/pc_target1_carry__4_i_2/O
                         net (fo=7, routed)           0.696    16.599    u_cpu/dut_pc/instruction_hold_valid_q_reg[16]
    SLICE_X38Y36         LUT4 (Prop_lut4_I3_O)        0.124    16.723 r  u_cpu/dut_pc/result0_carry__4_i_10/O
                         net (fo=6, routed)           0.600    17.324    u_cpu/dut_pc/src_b[22]
    SLICE_X37Y32         LUT2 (Prop_lut2_I1_O)        0.124    17.448 r  u_cpu/dut_pc/i__carry__4_i_2/O
                         net (fo=1, routed)           0.000    17.448    u_cpu/dut_alu/mem_addr_q[20]_i_12_1[2]
    SLICE_X37Y32         CARRY4 (Prop_carry4_S[2]_CO[3])
                                                      0.398    17.846 r  u_cpu/dut_alu/result0_inferred__0/i__carry__4/CO[3]
                         net (fo=1, routed)           0.000    17.846    u_cpu/dut_alu/result0_inferred__0/i__carry__4_n_0
    SLICE_X37Y33         CARRY4 (Prop_carry4_CI_O[2])
                                                      0.239    18.085 f  u_cpu/dut_alu/result0_inferred__0/i__carry__5/O[2]
                         net (fo=1, routed)           0.938    19.023    u_cpu/dut_alu/data1[26]
    SLICE_X39Y38         LUT4 (Prop_lut4_I2_O)        0.302    19.325 f  u_cpu/dut_alu/mem_addr_q[26]_i_8/O
                         net (fo=1, routed)           0.409    19.734    u_cpu/dut_pc/mem_addr_q[26]_i_2_0
    SLICE_X41Y38         LUT6 (Prop_lut6_I5_O)        0.124    19.858 f  u_cpu/dut_pc/mem_addr_q[26]_i_4/O
                         net (fo=1, routed)           0.430    20.288    u_cpu/dut_pc/mem_addr_q[26]_i_4_n_0
    SLICE_X42Y38         LUT5 (Prop_lut5_I1_O)        0.124    20.412 f  u_cpu/dut_pc/mem_addr_q[26]_i_2/O
                         net (fo=5, routed)           1.122    21.534    u_cpu/dut_pc/cpu_mem_addr[26]
    SLICE_X48Y36         LUT6 (Prop_lut6_I5_O)        0.124    21.658 r  u_cpu/dut_pc/pc[31]_i_19/O
                         net (fo=1, routed)           0.642    22.300    u_cpu/dut_pc/pc[31]_i_19_n_0
    SLICE_X48Y34         LUT6 (Prop_lut6_I5_O)        0.124    22.424 r  u_cpu/dut_pc/pc[31]_i_10/O
                         net (fo=2, routed)           0.630    23.054    u_cpu/dut_pc/pc[31]_i_10_n_0
    SLICE_X50Y30         LUT6 (Prop_lut6_I0_O)        0.124    23.178 r  u_cpu/dut_pc/pc[31]_i_5/O
                         net (fo=59, routed)          1.453    24.631    u_cpu/dut_pc/pc[31]_i_5_n_0
    SLICE_X45Y22         LUT6 (Prop_lut6_I1_O)        0.124    24.755 r  u_cpu/dut_pc/pc[5]_rep__2_i_1/O
                         net (fo=1, routed)           0.474    25.229    u_cpu/dut_pc/pc[5]_rep__2_i_1_n_0
    SLICE_X45Y19         FDRE                                         r  u_cpu/dut_pc/pc_reg[5]_rep__2/D
  -------------------------------------------------------------------    -------------------

                         (clock CLK rise edge)       20.000    20.000 r  
    M18                                               0.000    20.000 r  clk (IN)
                         net (fo=0)                   0.000    20.000    clk
    M18                  IBUF (Prop_ibuf_I_O)         0.805    20.805 r  clk_IBUF_inst/O
                         net (fo=1, routed)           1.868    22.673    clk_IBUF
    BUFGCTRL_X0Y0        BUFG (Prop_bufg_I_O)         0.091    22.764 r  clk_IBUF_BUFG_inst/O
                         net (fo=11156, routed)       1.437    24.201    u_cpu/dut_pc/clk_IBUF_BUFG
    SLICE_X45Y19         FDRE                                         r  u_cpu/dut_pc/pc_reg[5]_rep__2/C
                         clock pessimism              0.322    24.523    
                         clock uncertainty           -0.335    24.188    
    SLICE_X45Y19         FDRE (Setup_fdre_C_D)       -0.067    24.121    u_cpu/dut_pc/pc_reg[5]_rep__2
  -------------------------------------------------------------------
                         required time                         24.121    
                         arrival time                         -25.229    
  -------------------------------------------------------------------
                         slack                                 -1.108    

Slack (VIOLATED) :        -1.108ns  (required time - arrival time)
  Source:                 u_cpu/dut_pc/pc_reg[4]_rep__8/C
                            (rising edge-triggered cell FDRE clocked by CLK  {rise@0.000ns fall@10.000ns period=20.000ns})
  Destination:            u_l1_icache/data_array_reg[29][0][15]/CE
                            (rising edge-triggered cell FDRE clocked by CLK  {rise@0.000ns fall@10.000ns period=20.000ns})
  Path Group:             CLK
  Path Type:              Setup (Max at Slow Process Corner)
  Requirement:            20.000ns  (CLK rise@20.000ns - CLK rise@0.000ns)
  Data Path Delay:        20.472ns  (logic 4.481ns (21.889%)  route 15.991ns (78.111%))
  Logic Levels:           21  (CARRY4=4 LUT2=1 LUT3=1 LUT4=3 LUT5=5 LUT6=6 RAMD32=1)
  Clock Path Skew:        -0.096ns (DCD - SCD + CPR)
    Destination Clock Delay (DCD):    4.207ns = ( 24.207 - 20.000 ) 
    Source Clock Delay      (SCD):    4.553ns
    Clock Pessimism Removal (CPR):    0.250ns
  Clock Uncertainty:      0.335ns  ((TSJ^2 + TIJ^2)^1/2 + DJ) / 2 + PE + UU
    Total System Jitter     (TSJ):    0.071ns
    Total Input Jitter      (TIJ):    0.000ns
    Discrete Jitter          (DJ):    0.000ns
    Phase Error              (PE):    0.000ns
    User Uncertainty         (UU):    0.300ns

    Location             Delay type                Incr(ns)  Path(ns)    Netlist Resource(s)
  -------------------------------------------------------------------    -------------------
                         (clock CLK rise edge)        0.000     0.000 r  
    M18                                               0.000     0.000 r  clk (IN)
                         net (fo=0)                   0.000     0.000    clk
    M18                  IBUF (Prop_ibuf_I_O)         0.938     0.938 r  clk_IBUF_inst/O
                         net (fo=1, routed)           1.972     2.910    clk_IBUF
    BUFGCTRL_X0Y0        BUFG (Prop_bufg_I_O)         0.096     3.006 r  clk_IBUF_BUFG_inst/O
                         net (fo=11156, routed)       1.547     4.553    u_cpu/dut_pc/clk_IBUF_BUFG
    SLICE_X47Y25         FDRE                                         r  u_cpu/dut_pc/pc_reg[4]_rep__8/C
  -------------------------------------------------------------------    -------------------
    SLICE_X47Y25         FDRE (Prop_fdre_C_Q)         0.419     4.972 r  u_cpu/dut_pc/pc_reg[4]_rep__8/Q
                         net (fo=130, routed)         1.643     6.615    u_l1_icache/tag_array_reg_0_31_0_5/ADDRC0
    SLICE_X46Y22         RAMD32 (Prop_ramd32_RADR0_O)
                                                      0.328     6.943 r  u_l1_icache/tag_array_reg_0_31_0_5/RAMC/O
                         net (fo=1, routed)           0.676     7.619    u_cpu/dut_pc/lookup_hit1[4]
    SLICE_X42Y22         LUT6 (Prop_lut6_I1_O)        0.331     7.950 r  u_cpu/dut_pc/cpu_stall_debug_OBUF_inst_i_38/O
                         net (fo=1, routed)           0.000     7.950    u_cpu/dut_pc/cpu_stall_debug_OBUF_inst_i_38_n_0
    SLICE_X42Y22         CARRY4 (Prop_carry4_S[1]_CO[3])
                                                      0.533     8.483 r  u_cpu/dut_pc/cpu_stall_debug_OBUF_inst_i_23/CO[3]
                         net (fo=1, routed)           0.000     8.483    u_cpu/dut_pc/cpu_stall_debug_OBUF_inst_i_23_n_0
    SLICE_X42Y23         CARRY4 (Prop_carry4_CI_CO[3])
                                                      0.117     8.600 r  u_cpu/dut_pc/cpu_stall_debug_OBUF_inst_i_7/CO[3]
                         net (fo=4, routed)           0.948     9.548    u_cpu/dut_pc/u_l1_icache/lookup_hit0
    SLICE_X40Y22         LUT6 (Prop_lut6_I1_O)        0.124     9.672 r  u_cpu/dut_pc/registers_reg_r1_0_31_0_5_i_29/O
                         net (fo=33, routed)          1.119    10.791    u_cpu/dut_pc/registers_reg_r1_0_31_0_5_i_29_n_0
    SLICE_X34Y20         LUT6 (Prop_lut6_I4_O)        0.124    10.915 r  u_cpu/dut_pc/instr_debug[14]_i_1/O
                         net (fo=13, routed)          0.846    11.761    u_cpu/dut_pc/cpu_mem_funct3[2]
    SLICE_X33Y20         LUT4 (Prop_lut4_I0_O)        0.124    11.885 r  u_cpu/dut_pc/pc_target1_carry_i_19/O
                         net (fo=1, routed)           0.620    12.505    u_cpu/dut_pc/pc_target1_carry_i_19_n_0
    SLICE_X33Y21         LUT5 (Prop_lut5_I0_O)        0.124    12.629 r  u_cpu/dut_pc/pc_target1_carry_i_12/O
                         net (fo=39, routed)          0.910    13.540    u_cpu/dut_pc/imm_sel[2]
    SLICE_X34Y21         LUT6 (Prop_lut6_I0_O)        0.124    13.664 r  u_cpu/dut_pc/pc_target1_carry__2_i_9/O
                         net (fo=18, routed)          1.339    15.003    u_cpu/dut_pc/pc_target1_carry__2_i_9_n_0
    SLICE_X38Y33         LUT5 (Prop_lut5_I3_O)        0.124    15.127 r  u_cpu/dut_pc/pc_target1_carry__4_i_10/O
                         net (fo=7, routed)           0.652    15.779    u_cpu/dut_pc/pc_target1_carry__4_i_10_n_0
    SLICE_X38Y36         LUT3 (Prop_lut3_I2_O)        0.124    15.903 r  u_cpu/dut_pc/pc_target1_carry__4_i_2/O
                         net (fo=7, routed)           0.696    16.599    u_cpu/dut_pc/instruction_hold_valid_q_reg[16]
    SLICE_X38Y36         LUT4 (Prop_lut4_I3_O)        0.124    16.723 r  u_cpu/dut_pc/result0_carry__4_i_10/O
                         net (fo=6, routed)           0.607    17.330    u_cpu/dut_pc/src_b[22]
    SLICE_X36Y33         LUT2 (Prop_lut2_I1_O)        0.124    17.454 r  u_cpu/dut_pc/result0_carry__4_i_6/O
                         net (fo=1, routed)           0.000    17.454    u_cpu/dut_alu/mem_addr_q[20]_i_12_0[2]
    SLICE_X36Y33         CARRY4 (Prop_carry4_S[2]_CO[3])
                                                      0.398    17.852 r  u_cpu/dut_alu/result0_carry__4/CO[3]
                         net (fo=1, routed)           0.000    17.852    u_cpu/dut_alu/result0_carry__4_n_0
    SLICE_X36Y34         CARRY4 (Prop_carry4_CI_O[3])
                                                      0.313    18.165 r  u_cpu/dut_alu/result0_carry__5/O[3]
                         net (fo=1, routed)           1.047    19.212    u_cpu/dut_alu/data0[27]
    SLICE_X42Y36         LUT4 (Prop_lut4_I0_O)        0.306    19.518 r  u_cpu/dut_alu/mem_addr_q[27]_i_8/O
                         net (fo=1, routed)           0.305    19.823    u_cpu/dut_pc/pc[31]_i_27_0
    SLICE_X42Y38         LUT6 (Prop_lut6_I5_O)        0.124    19.947 r  u_cpu/dut_pc/mem_addr_q[27]_i_4/O
                         net (fo=2, routed)           0.589    20.536    u_cpu/dut_pc/mem_addr_q[27]_i_4_n_0
    SLICE_X45Y38         LUT5 (Prop_lut5_I1_O)        0.124    20.660 r  u_cpu/dut_pc/mem_addr_q[27]_i_2/O
                         net (fo=3, routed)           0.819    21.479    u_cpu/dut_pc/cpu_mem_addr[27]
    SLICE_X46Y38         LUT5 (Prop_lut5_I3_O)        0.124    21.603 f  u_cpu/dut_pc/refill_word_q[1]_i_8/O
                         net (fo=1, routed)           0.612    22.215    u_cpu/dut_pc/refill_word_q[1]_i_8_n_0
    SLICE_X47Y33         LUT5 (Prop_lut5_I4_O)        0.124    22.339 f  u_cpu/dut_pc/refill_word_q[1]_i_4/O
                         net (fo=165, routed)         1.498    23.837    u_l1_icache/icache_invalidate
    SLICE_X46Y14         LUT6 (Prop_lut6_I3_O)        0.124    23.961 r  u_l1_icache/data_array[29][0][31]_i_1/O
                         net (fo=32, routed)          1.064    25.025    u_l1_icache/data_array[29][0][31]_i_1_n_0
    SLICE_X32Y10         FDRE                                         r  u_l1_icache/data_array_reg[29][0][15]/CE
  -------------------------------------------------------------------    -------------------

                         (clock CLK rise edge)       20.000    20.000 r  
    M18                                               0.000    20.000 r  clk (IN)
                         net (fo=0)                   0.000    20.000    clk
    M18                  IBUF (Prop_ibuf_I_O)         0.805    20.805 r  clk_IBUF_inst/O
                         net (fo=1, routed)           1.868    22.673    clk_IBUF
    BUFGCTRL_X0Y0        BUFG (Prop_bufg_I_O)         0.091    22.764 r  clk_IBUF_BUFG_inst/O
                         net (fo=11156, routed)       1.443    24.207    u_l1_icache/clk_IBUF_BUFG
    SLICE_X32Y10         FDRE                                         r  u_l1_icache/data_array_reg[29][0][15]/C
                         clock pessimism              0.250    24.457    
                         clock uncertainty           -0.335    24.122    
    SLICE_X32Y10         FDRE (Setup_fdre_C_CE)      -0.205    23.917    u_l1_icache/data_array_reg[29][0][15]
  -------------------------------------------------------------------
                         required time                         23.917    
                         arrival time                         -25.025    
  -------------------------------------------------------------------
                         slack                                 -1.108    

Slack (VIOLATED) :        -1.108ns  (required time - arrival time)
  Source:                 u_cpu/dut_pc/pc_reg[4]_rep__8/C
                            (rising edge-triggered cell FDRE clocked by CLK  {rise@0.000ns fall@10.000ns period=20.000ns})
  Destination:            u_l1_icache/data_array_reg[29][0][26]/CE
                            (rising edge-triggered cell FDRE clocked by CLK  {rise@0.000ns fall@10.000ns period=20.000ns})
  Path Group:             CLK
  Path Type:              Setup (Max at Slow Process Corner)
  Requirement:            20.000ns  (CLK rise@20.000ns - CLK rise@0.000ns)
  Data Path Delay:        20.472ns  (logic 4.481ns (21.889%)  route 15.991ns (78.111%))
  Logic Levels:           21  (CARRY4=4 LUT2=1 LUT3=1 LUT4=3 LUT5=5 LUT6=6 RAMD32=1)
  Clock Path Skew:        -0.096ns (DCD - SCD + CPR)
    Destination Clock Delay (DCD):    4.207ns = ( 24.207 - 20.000 ) 
    Source Clock Delay      (SCD):    4.553ns
    Clock Pessimism Removal (CPR):    0.250ns
  Clock Uncertainty:      0.335ns  ((TSJ^2 + TIJ^2)^1/2 + DJ) / 2 + PE + UU
    Total System Jitter     (TSJ):    0.071ns
    Total Input Jitter      (TIJ):    0.000ns
    Discrete Jitter          (DJ):    0.000ns
    Phase Error              (PE):    0.000ns
    User Uncertainty         (UU):    0.300ns

    Location             Delay type                Incr(ns)  Path(ns)    Netlist Resource(s)
  -------------------------------------------------------------------    -------------------
                         (clock CLK rise edge)        0.000     0.000 r  
    M18                                               0.000     0.000 r  clk (IN)
                         net (fo=0)                   0.000     0.000    clk
    M18                  IBUF (Prop_ibuf_I_O)         0.938     0.938 r  clk_IBUF_inst/O
                         net (fo=1, routed)           1.972     2.910    clk_IBUF
    BUFGCTRL_X0Y0        BUFG (Prop_bufg_I_O)         0.096     3.006 r  clk_IBUF_BUFG_inst/O
                         net (fo=11156, routed)       1.547     4.553    u_cpu/dut_pc/clk_IBUF_BUFG
    SLICE_X47Y25         FDRE                                         r  u_cpu/dut_pc/pc_reg[4]_rep__8/C
  -------------------------------------------------------------------    -------------------
    SLICE_X47Y25         FDRE (Prop_fdre_C_Q)         0.419     4.972 r  u_cpu/dut_pc/pc_reg[4]_rep__8/Q
                         net (fo=130, routed)         1.643     6.615    u_l1_icache/tag_array_reg_0_31_0_5/ADDRC0
    SLICE_X46Y22         RAMD32 (Prop_ramd32_RADR0_O)
                                                      0.328     6.943 r  u_l1_icache/tag_array_reg_0_31_0_5/RAMC/O
                         net (fo=1, routed)           0.676     7.619    u_cpu/dut_pc/lookup_hit1[4]
    SLICE_X42Y22         LUT6 (Prop_lut6_I1_O)        0.331     7.950 r  u_cpu/dut_pc/cpu_stall_debug_OBUF_inst_i_38/O
                         net (fo=1, routed)           0.000     7.950    u_cpu/dut_pc/cpu_stall_debug_OBUF_inst_i_38_n_0
    SLICE_X42Y22         CARRY4 (Prop_carry4_S[1]_CO[3])
                                                      0.533     8.483 r  u_cpu/dut_pc/cpu_stall_debug_OBUF_inst_i_23/CO[3]
                         net (fo=1, routed)           0.000     8.483    u_cpu/dut_pc/cpu_stall_debug_OBUF_inst_i_23_n_0
    SLICE_X42Y23         CARRY4 (Prop_carry4_CI_CO[3])
                                                      0.117     8.600 r  u_cpu/dut_pc/cpu_stall_debug_OBUF_inst_i_7/CO[3]
                         net (fo=4, routed)           0.948     9.548    u_cpu/dut_pc/u_l1_icache/lookup_hit0
    SLICE_X40Y22         LUT6 (Prop_lut6_I1_O)        0.124     9.672 r  u_cpu/dut_pc/registers_reg_r1_0_31_0_5_i_29/O
                         net (fo=33, routed)          1.119    10.791    u_cpu/dut_pc/registers_reg_r1_0_31_0_5_i_29_n_0
    SLICE_X34Y20         LUT6 (Prop_lut6_I4_O)        0.124    10.915 r  u_cpu/dut_pc/instr_debug[14]_i_1/O
                         net (fo=13, routed)          0.846    11.761    u_cpu/dut_pc/cpu_mem_funct3[2]
    SLICE_X33Y20         LUT4 (Prop_lut4_I0_O)        0.124    11.885 r  u_cpu/dut_pc/pc_target1_carry_i_19/O
                         net (fo=1, routed)           0.620    12.505    u_cpu/dut_pc/pc_target1_carry_i_19_n_0
    SLICE_X33Y21         LUT5 (Prop_lut5_I0_O)        0.124    12.629 r  u_cpu/dut_pc/pc_target1_carry_i_12/O
                         net (fo=39, routed)          0.910    13.540    u_cpu/dut_pc/imm_sel[2]
    SLICE_X34Y21         LUT6 (Prop_lut6_I0_O)        0.124    13.664 r  u_cpu/dut_pc/pc_target1_carry__2_i_9/O
                         net (fo=18, routed)          1.339    15.003    u_cpu/dut_pc/pc_target1_carry__2_i_9_n_0
    SLICE_X38Y33         LUT5 (Prop_lut5_I3_O)        0.124    15.127 r  u_cpu/dut_pc/pc_target1_carry__4_i_10/O
                         net (fo=7, routed)           0.652    15.779    u_cpu/dut_pc/pc_target1_carry__4_i_10_n_0
    SLICE_X38Y36         LUT3 (Prop_lut3_I2_O)        0.124    15.903 r  u_cpu/dut_pc/pc_target1_carry__4_i_2/O
                         net (fo=7, routed)           0.696    16.599    u_cpu/dut_pc/instruction_hold_valid_q_reg[16]
    SLICE_X38Y36         LUT4 (Prop_lut4_I3_O)        0.124    16.723 r  u_cpu/dut_pc/result0_carry__4_i_10/O
                         net (fo=6, routed)           0.607    17.330    u_cpu/dut_pc/src_b[22]
    SLICE_X36Y33         LUT2 (Prop_lut2_I1_O)        0.124    17.454 r  u_cpu/dut_pc/result0_carry__4_i_6/O
                         net (fo=1, routed)           0.000    17.454    u_cpu/dut_alu/mem_addr_q[20]_i_12_0[2]
    SLICE_X36Y33         CARRY4 (Prop_carry4_S[2]_CO[3])
                                                      0.398    17.852 r  u_cpu/dut_alu/result0_carry__4/CO[3]
                         net (fo=1, routed)           0.000    17.852    u_cpu/dut_alu/result0_carry__4_n_0
    SLICE_X36Y34         CARRY4 (Prop_carry4_CI_O[3])
                                                      0.313    18.165 r  u_cpu/dut_alu/result0_carry__5/O[3]
                         net (fo=1, routed)           1.047    19.212    u_cpu/dut_alu/data0[27]
    SLICE_X42Y36         LUT4 (Prop_lut4_I0_O)        0.306    19.518 r  u_cpu/dut_alu/mem_addr_q[27]_i_8/O
                         net (fo=1, routed)           0.305    19.823    u_cpu/dut_pc/pc[31]_i_27_0
    SLICE_X42Y38         LUT6 (Prop_lut6_I5_O)        0.124    19.947 r  u_cpu/dut_pc/mem_addr_q[27]_i_4/O
                         net (fo=2, routed)           0.589    20.536    u_cpu/dut_pc/mem_addr_q[27]_i_4_n_0
    SLICE_X45Y38         LUT5 (Prop_lut5_I1_O)        0.124    20.660 r  u_cpu/dut_pc/mem_addr_q[27]_i_2/O
                         net (fo=3, routed)           0.819    21.479    u_cpu/dut_pc/cpu_mem_addr[27]
    SLICE_X46Y38         LUT5 (Prop_lut5_I3_O)        0.124    21.603 f  u_cpu/dut_pc/refill_word_q[1]_i_8/O
                         net (fo=1, routed)           0.612    22.215    u_cpu/dut_pc/refill_word_q[1]_i_8_n_0
    SLICE_X47Y33         LUT5 (Prop_lut5_I4_O)        0.124    22.339 f  u_cpu/dut_pc/refill_word_q[1]_i_4/O
                         net (fo=165, routed)         1.498    23.837    u_l1_icache/icache_invalidate
    SLICE_X46Y14         LUT6 (Prop_lut6_I3_O)        0.124    23.961 r  u_l1_icache/data_array[29][0][31]_i_1/O
                         net (fo=32, routed)          1.064    25.025    u_l1_icache/data_array[29][0][31]_i_1_n_0
    SLICE_X32Y10         FDRE                                         r  u_l1_icache/data_array_reg[29][0][26]/CE
  -------------------------------------------------------------------    -------------------

                         (clock CLK rise edge)       20.000    20.000 r  
    M18                                               0.000    20.000 r  clk (IN)
                         net (fo=0)                   0.000    20.000    clk
    M18                  IBUF (Prop_ibuf_I_O)         0.805    20.805 r  clk_IBUF_inst/O
                         net (fo=1, routed)           1.868    22.673    clk_IBUF
    BUFGCTRL_X0Y0        BUFG (Prop_bufg_I_O)         0.091    22.764 r  clk_IBUF_BUFG_inst/O
                         net (fo=11156, routed)       1.443    24.207    u_l1_icache/clk_IBUF_BUFG
    SLICE_X32Y10         FDRE                                         r  u_l1_icache/data_array_reg[29][0][26]/C
                         clock pessimism              0.250    24.457    
                         clock uncertainty           -0.335    24.122    
    SLICE_X32Y10         FDRE (Setup_fdre_C_CE)      -0.205    23.917    u_l1_icache/data_array_reg[29][0][26]
  -------------------------------------------------------------------
                         required time                         23.917    
                         arrival time                         -25.025    
  -------------------------------------------------------------------
                         slack                                 -1.108    

Slack (VIOLATED) :        -1.105ns  (required time - arrival time)
  Source:                 u_cpu/dut_pc/pc_reg[4]_rep__8/C
                            (rising edge-triggered cell FDRE clocked by CLK  {rise@0.000ns fall@10.000ns period=20.000ns})
  Destination:            u_cpu/dut_pc/pc_reg[5]_rep__7/D
                            (rising edge-triggered cell FDRE clocked by CLK  {rise@0.000ns fall@10.000ns period=20.000ns})
  Path Group:             CLK
  Path Type:              Setup (Max at Slow Process Corner)
  Requirement:            20.000ns  (CLK rise@20.000ns - CLK rise@0.000ns)
  Data Path Delay:        20.733ns  (logic 4.527ns (21.835%)  route 16.206ns (78.165%))
  Logic Levels:           22  (CARRY4=4 LUT2=1 LUT3=1 LUT4=3 LUT5=3 LUT6=9 RAMD32=1)
  Clock Path Skew:        -0.021ns (DCD - SCD + CPR)
    Destination Clock Delay (DCD):    4.210ns = ( 24.210 - 20.000 ) 
    Source Clock Delay      (SCD):    4.553ns
    Clock Pessimism Removal (CPR):    0.322ns
  Clock Uncertainty:      0.335ns  ((TSJ^2 + TIJ^2)^1/2 + DJ) / 2 + PE + UU
    Total System Jitter     (TSJ):    0.071ns
    Total Input Jitter      (TIJ):    0.000ns
    Discrete Jitter          (DJ):    0.000ns
    Phase Error              (PE):    0.000ns
    User Uncertainty         (UU):    0.300ns

    Location             Delay type                Incr(ns)  Path(ns)    Netlist Resource(s)
  -------------------------------------------------------------------    -------------------
                         (clock CLK rise edge)        0.000     0.000 r  
    M18                                               0.000     0.000 r  clk (IN)
                         net (fo=0)                   0.000     0.000    clk
    M18                  IBUF (Prop_ibuf_I_O)         0.938     0.938 r  clk_IBUF_inst/O
                         net (fo=1, routed)           1.972     2.910    clk_IBUF
    BUFGCTRL_X0Y0        BUFG (Prop_bufg_I_O)         0.096     3.006 r  clk_IBUF_BUFG_inst/O
                         net (fo=11156, routed)       1.547     4.553    u_cpu/dut_pc/clk_IBUF_BUFG
    SLICE_X47Y25         FDRE                                         r  u_cpu/dut_pc/pc_reg[4]_rep__8/C
  -------------------------------------------------------------------    -------------------
    SLICE_X47Y25         FDRE (Prop_fdre_C_Q)         0.419     4.972 r  u_cpu/dut_pc/pc_reg[4]_rep__8/Q
                         net (fo=130, routed)         1.643     6.615    u_l1_icache/tag_array_reg_0_31_0_5/ADDRC0
    SLICE_X46Y22         RAMD32 (Prop_ramd32_RADR0_O)
                                                      0.328     6.943 r  u_l1_icache/tag_array_reg_0_31_0_5/RAMC/O
                         net (fo=1, routed)           0.676     7.619    u_cpu/dut_pc/lookup_hit1[4]
    SLICE_X42Y22         LUT6 (Prop_lut6_I1_O)        0.331     7.950 r  u_cpu/dut_pc/cpu_stall_debug_OBUF_inst_i_38/O
                         net (fo=1, routed)           0.000     7.950    u_cpu/dut_pc/cpu_stall_debug_OBUF_inst_i_38_n_0
    SLICE_X42Y22         CARRY4 (Prop_carry4_S[1]_CO[3])
                                                      0.533     8.483 r  u_cpu/dut_pc/cpu_stall_debug_OBUF_inst_i_23/CO[3]
                         net (fo=1, routed)           0.000     8.483    u_cpu/dut_pc/cpu_stall_debug_OBUF_inst_i_23_n_0
    SLICE_X42Y23         CARRY4 (Prop_carry4_CI_CO[3])
                                                      0.117     8.600 r  u_cpu/dut_pc/cpu_stall_debug_OBUF_inst_i_7/CO[3]
                         net (fo=4, routed)           0.948     9.548    u_cpu/dut_pc/u_l1_icache/lookup_hit0
    SLICE_X40Y22         LUT6 (Prop_lut6_I1_O)        0.124     9.672 r  u_cpu/dut_pc/registers_reg_r1_0_31_0_5_i_29/O
                         net (fo=33, routed)          1.119    10.791    u_cpu/dut_pc/registers_reg_r1_0_31_0_5_i_29_n_0
    SLICE_X34Y20         LUT6 (Prop_lut6_I4_O)        0.124    10.915 r  u_cpu/dut_pc/instr_debug[14]_i_1/O
                         net (fo=13, routed)          0.846    11.761    u_cpu/dut_pc/cpu_mem_funct3[2]
    SLICE_X33Y20         LUT4 (Prop_lut4_I0_O)        0.124    11.885 r  u_cpu/dut_pc/pc_target1_carry_i_19/O
                         net (fo=1, routed)           0.620    12.505    u_cpu/dut_pc/pc_target1_carry_i_19_n_0
    SLICE_X33Y21         LUT5 (Prop_lut5_I0_O)        0.124    12.629 r  u_cpu/dut_pc/pc_target1_carry_i_12/O
                         net (fo=39, routed)          0.910    13.540    u_cpu/dut_pc/imm_sel[2]
    SLICE_X34Y21         LUT6 (Prop_lut6_I0_O)        0.124    13.664 r  u_cpu/dut_pc/pc_target1_carry__2_i_9/O
                         net (fo=18, routed)          1.339    15.003    u_cpu/dut_pc/pc_target1_carry__2_i_9_n_0
    SLICE_X38Y33         LUT5 (Prop_lut5_I3_O)        0.124    15.127 r  u_cpu/dut_pc/pc_target1_carry__4_i_10/O
                         net (fo=7, routed)           0.652    15.779    u_cpu/dut_pc/pc_target1_carry__4_i_10_n_0
    SLICE_X38Y36         LUT3 (Prop_lut3_I2_O)        0.124    15.903 r  u_cpu/dut_pc/pc_target1_carry__4_i_2/O
                         net (fo=7, routed)           0.696    16.599    u_cpu/dut_pc/instruction_hold_valid_q_reg[16]
    SLICE_X38Y36         LUT4 (Prop_lut4_I3_O)        0.124    16.723 r  u_cpu/dut_pc/result0_carry__4_i_10/O
                         net (fo=6, routed)           0.600    17.324    u_cpu/dut_pc/src_b[22]
    SLICE_X37Y32         LUT2 (Prop_lut2_I1_O)        0.124    17.448 r  u_cpu/dut_pc/i__carry__4_i_2/O
                         net (fo=1, routed)           0.000    17.448    u_cpu/dut_alu/mem_addr_q[20]_i_12_1[2]
    SLICE_X37Y32         CARRY4 (Prop_carry4_S[2]_CO[3])
                                                      0.398    17.846 r  u_cpu/dut_alu/result0_inferred__0/i__carry__4/CO[3]
                         net (fo=1, routed)           0.000    17.846    u_cpu/dut_alu/result0_inferred__0/i__carry__4_n_0
    SLICE_X37Y33         CARRY4 (Prop_carry4_CI_O[2])
                                                      0.239    18.085 f  u_cpu/dut_alu/result0_inferred__0/i__carry__5/O[2]
                         net (fo=1, routed)           0.938    19.023    u_cpu/dut_alu/data1[26]
    SLICE_X39Y38         LUT4 (Prop_lut4_I2_O)        0.302    19.325 f  u_cpu/dut_alu/mem_addr_q[26]_i_8/O
                         net (fo=1, routed)           0.409    19.734    u_cpu/dut_pc/mem_addr_q[26]_i_2_0
    SLICE_X41Y38         LUT6 (Prop_lut6_I5_O)        0.124    19.858 f  u_cpu/dut_pc/mem_addr_q[26]_i_4/O
                         net (fo=1, routed)           0.430    20.288    u_cpu/dut_pc/mem_addr_q[26]_i_4_n_0
    SLICE_X42Y38         LUT5 (Prop_lut5_I1_O)        0.124    20.412 f  u_cpu/dut_pc/mem_addr_q[26]_i_2/O
                         net (fo=5, routed)           1.122    21.534    u_cpu/dut_pc/cpu_mem_addr[26]
    SLICE_X48Y36         LUT6 (Prop_lut6_I5_O)        0.124    21.658 r  u_cpu/dut_pc/pc[31]_i_19/O
                         net (fo=1, routed)           0.642    22.300    u_cpu/dut_pc/pc[31]_i_19_n_0
    SLICE_X48Y34         LUT6 (Prop_lut6_I5_O)        0.124    22.424 r  u_cpu/dut_pc/pc[31]_i_10/O
                         net (fo=2, routed)           0.630    23.054    u_cpu/dut_pc/pc[31]_i_10_n_0
    SLICE_X50Y30         LUT6 (Prop_lut6_I0_O)        0.124    23.178 r  u_cpu/dut_pc/pc[31]_i_5/O
                         net (fo=59, routed)          1.306    24.483    u_cpu/dut_pc/pc[31]_i_5_n_0
    SLICE_X54Y19         LUT6 (Prop_lut6_I1_O)        0.124    24.607 r  u_cpu/dut_pc/pc[5]_rep__7_i_1/O
                         net (fo=1, routed)           0.678    25.286    u_cpu/dut_pc/pc[5]_rep__7_i_1_n_0
    SLICE_X56Y16         FDRE                                         r  u_cpu/dut_pc/pc_reg[5]_rep__7/D
  -------------------------------------------------------------------    -------------------

                         (clock CLK rise edge)       20.000    20.000 r  
    M18                                               0.000    20.000 r  clk (IN)
                         net (fo=0)                   0.000    20.000    clk
    M18                  IBUF (Prop_ibuf_I_O)         0.805    20.805 r  clk_IBUF_inst/O
                         net (fo=1, routed)           1.868    22.673    clk_IBUF
    BUFGCTRL_X0Y0        BUFG (Prop_bufg_I_O)         0.091    22.764 r  clk_IBUF_BUFG_inst/O
                         net (fo=11156, routed)       1.446    24.210    u_cpu/dut_pc/clk_IBUF_BUFG
    SLICE_X56Y16         FDRE                                         r  u_cpu/dut_pc/pc_reg[5]_rep__7/C
                         clock pessimism              0.322    24.532    
                         clock uncertainty           -0.335    24.197    
    SLICE_X56Y16         FDRE (Setup_fdre_C_D)       -0.016    24.181    u_cpu/dut_pc/pc_reg[5]_rep__7
  -------------------------------------------------------------------
                         required time                         24.181    
                         arrival time                         -25.286    
  -------------------------------------------------------------------
                         slack                                 -1.105    




