Copyright 1986-2022 Xilinx, Inc. All Rights Reserved. Copyright 2022-2025 Advanced Micro Devices, Inc. All Rights Reserved.
-----------------------------------------------------------------------------------------------------------------------------------------------------------------------------------------
| Tool Version : Vivado v.2025.2 (lin64) Build 6299465 Fri Nov 14 12:34:56 MST 2025
| Date         : Thu Sep 10 17:02:25 2026
| Host         : trungp1412 running 64-bit Red Hat Enterprise Linux 10.2 (Coughlan)"
RELEASE_TYPE=stable
| Command      : report_timing_summary -delay_type min_max -max_paths 20 -report_unconstrained -file /home/trungpham/PROJECT/KLTN/vivado_fmax_xc7a35t_20ns/post_route_timing_summary.rpt
| Design       : soc_top
| Device       : 7a35t-cpg236
| Speed File   : -1  PRODUCTION 1.23 2018-06-13
| Design State : Routed
-----------------------------------------------------------------------------------------------------------------------------------------------------------------------------------------

Timing Summary Report

------------------------------------------------------------------------------------------------
| Timer Settings
| --------------
------------------------------------------------------------------------------------------------

  Enable Multi Corner Analysis               :  Yes
  Enable Pessimism Removal                   :  Yes
  Pessimism Removal Resolution               :  Nearest Common Node
  Enable Input Delay Default Clock           :  No
  Enable Preset / Clear Arcs                 :  No
  Disable Flight Delays                      :  No
  Ignore I/O Paths                           :  No
  Timing Early Launch at Borrowing Latches   :  No
  Borrow Time for Max Delay Exceptions       :  Yes
  Merge Timing Exceptions                    :  Yes
  Inter-SLR Compensation                     :  Conservative

  Corner  Analyze    Analyze    
  Name    Max Paths  Min Paths  
  ------  ---------  ---------  
  Slow    Yes        Yes        
  Fast    Yes        Yes        


------------------------------------------------------------------------------------------------
| Report Methodology
| ------------------
------------------------------------------------------------------------------------------------

No report available as report_methodology has not been run prior. Run report_methodology on the current design for the summary of methodology violations.



check_timing report

Table of Contents
-----------------
1. checking no_clock (0)
2. checking constant_clock (0)
3. checking pulse_width_clock (0)
4. checking unconstrained_internal_endpoints (0)
5. checking no_input_delay (2)
6. checking no_output_delay (3)
7. checking multiple_clock (0)
8. checking generated_clocks (0)
9. checking loops (0)
10. checking partial_input_delay (0)
11. checking partial_output_delay (0)
12. checking latch_loops (0)

1. checking no_clock (0)
------------------------
 There are 0 register/latch pins with no clock.


2. checking constant_clock (0)
------------------------------
 There are 0 register/latch pins with constant_clock.


3. checking pulse_width_clock (0)
---------------------------------
 There are 0 register/latch pins which need pulse_width check


4. checking unconstrained_internal_endpoints (0)
------------------------------------------------
 There are 0 pins that are not constrained for maximum delay.

 There are 0 pins that are not constrained for maximum delay due to constant clock.


5. checking no_input_delay (2)
------------------------------
 There are 0 input ports with no input delay specified.

 There are 2 input ports with no input delay but user has a false path constraint. (MEDIUM)


6. checking no_output_delay (3)
-------------------------------
 There are 3 ports with no output delay specified. (HIGH)

 There are 0 ports with no output delay but user has a false path constraint

 There are 0 ports with no output delay but with a timing clock defined on it or propagating through it


7. checking multiple_clock (0)
------------------------------
 There are 0 register/latch pins with multiple clocks.


8. checking generated_clocks (0)
--------------------------------
 There are 0 generated clocks that are not connected to a clock source.


9. checking loops (0)
---------------------
 There are 0 combinational loops in the design.


10. checking partial_input_delay (0)
------------------------------------
 There are 0 input ports with partial input delay specified.


11. checking partial_output_delay (0)
-------------------------------------
 There are 0 ports with partial output delay specified.


12. checking latch_loops (0)
----------------------------
 There are 0 combinational latch loops in the design through latch input



------------------------------------------------------------------------------------------------
| Design Timing Summary
| ---------------------
------------------------------------------------------------------------------------------------

    WNS(ns)      TNS(ns)  TNS Failing Endpoints  TNS Total Endpoints      WHS(ns)      THS(ns)  THS Failing Endpoints  THS Total Endpoints     WPWS(ns)     TPWS(ns)  TPWS Failing Endpoints  TPWS Total Endpoints  
    -------      -------  ---------------------  -------------------      -------      -------  ---------------------  -------------------     --------     --------  ----------------------  --------------------  
     -1.211    -1705.899                   3597                19340        0.032        0.000                      0                19340        8.750        0.000                       0                 11157  


Timing constraints are not met.


------------------------------------------------------------------------------------------------
| Clock Summary
| -------------
------------------------------------------------------------------------------------------------

Clock  Waveform(ns)       Period(ns)      Frequency(MHz)
-----  ------------       ----------      --------------
CLK    {0.000 10.000}     20.000          50.000          


------------------------------------------------------------------------------------------------
| Intra Clock Table
| -----------------
------------------------------------------------------------------------------------------------

Clock             WNS(ns)      TNS(ns)  TNS Failing Endpoints  TNS Total Endpoints      WHS(ns)      THS(ns)  THS Failing Endpoints  THS Total Endpoints     WPWS(ns)     TPWS(ns)  TPWS Failing Endpoints  TPWS Total Endpoints  
-----             -------      -------  ---------------------  -------------------      -------      -------  ---------------------  -------------------     --------     --------  ----------------------  --------------------  
CLK                -1.211    -1705.899                   3597                19340        0.032        0.000                      0                19340        8.750        0.000                       0                 11157  


------------------------------------------------------------------------------------------------
| Inter Clock Table
| -----------------
------------------------------------------------------------------------------------------------

From Clock    To Clock          WNS(ns)      TNS(ns)  TNS Failing Endpoints  TNS Total Endpoints      WHS(ns)      THS(ns)  THS Failing Endpoints  THS Total Endpoints  
----------    --------          -------      -------  ---------------------  -------------------      -------      -------  ---------------------  -------------------  


------------------------------------------------------------------------------------------------
| Other Path Groups Table
| -----------------------
------------------------------------------------------------------------------------------------

Path Group    From Clock    To Clock          WNS(ns)      TNS(ns)  TNS Failing Endpoints  TNS Total Endpoints      WHS(ns)      THS(ns)  THS Failing Endpoints  THS Total Endpoints  
----------    ----------    --------          -------      -------  ---------------------  -------------------      -------      -------  ---------------------  -------------------  


------------------------------------------------------------------------------------------------
| User Ignored Path Table
| -----------------------
------------------------------------------------------------------------------------------------

Path Group    From Clock    To Clock    
----------    ----------    --------    
(none)                                    
(none)                      CLK           


------------------------------------------------------------------------------------------------
| Unconstrained Path Table
| ------------------------
------------------------------------------------------------------------------------------------

Path Group    From Clock    To Clock    
----------    ----------    --------    
(none)        CLK                         


------------------------------------------------------------------------------------------------
| Timing Details
| --------------
------------------------------------------------------------------------------------------------


---------------------------------------------------------------------------------------------------
From Clock:  CLK
  To Clock:  CLK

Setup :         3597  Failing Endpoints,  Worst Slack       -1.211ns,  Total Violation    -1705.899ns
Hold  :            0  Failing Endpoints,  Worst Slack        0.032ns,  Total Violation        0.000ns
PW    :            0  Failing Endpoints,  Worst Slack        8.750ns,  Total Violation        0.000ns
---------------------------------------------------------------------------------------------------


Max Delay Paths
--------------------------------------------------------------------------------------
Slack (VIOLATED) :        -1.211ns  (required time - arrival time)
  Source:                 u_cpu/dut_pc/pc_reg[4]_rep__8/C
                            (rising edge-triggered cell FDRE clocked by CLK  {rise@0.000ns fall@10.000ns period=20.000ns})
  Destination:            u_l1_icache/data_array_reg[5][0][10]/CE
                            (rising edge-triggered cell FDRE clocked by CLK  {rise@0.000ns fall@10.000ns period=20.000ns})
  Path Group:             CLK
  Path Type:              Setup (Max at Slow Process Corner)
  Requirement:            20.000ns  (CLK rise@20.000ns - CLK rise@0.000ns)
  Data Path Delay:        20.575ns  (logic 4.481ns (21.779%)  route 16.094ns (78.221%))
  Logic Levels:           21  (CARRY4=4 LUT2=1 LUT3=1 LUT4=3 LUT5=5 LUT6=6 RAMD32=1)
  Clock Path Skew:        -0.095ns (DCD - SCD + CPR)
    Destination Clock Delay (DCD):    4.208ns = ( 24.208 - 20.000 ) 
    Source Clock Delay      (SCD):    4.553ns
    Clock Pessimism Removal (CPR):    0.250ns
  Clock Uncertainty:      0.335ns  ((TSJ^2 + TIJ^2)^1/2 + DJ) / 2 + PE + UU
    Total System Jitter     (TSJ):    0.071ns
    Total Input Jitter      (TIJ):    0.000ns
    Discrete Jitter          (DJ):    0.000ns
    Phase Error              (PE):    0.000ns
    User Uncertainty         (UU):    0.300ns

    Location             Delay type                Incr(ns)  Path(ns)    Netlist Resource(s)
  -------------------------------------------------------------------    -------------------
                         (clock CLK rise edge)        0.000     0.000 r  
    M18                                               0.000     0.000 r  clk (IN)
                         net (fo=0)                   0.000     0.000    clk
    M18                  IBUF (Prop_ibuf_I_O)         0.938     0.938 r  clk_IBUF_inst/O
                         net (fo=1, routed)           1.972     2.910    clk_IBUF
    BUFGCTRL_X0Y0        BUFG (Prop_bufg_I_O)         0.096     3.006 r  clk_IBUF_BUFG_inst/O
                         net (fo=11156, routed)       1.547     4.553    u_cpu/dut_pc/clk_IBUF_BUFG
    SLICE_X47Y25         FDRE                                         r  u_cpu/dut_pc/pc_reg[4]_rep__8/C
  -------------------------------------------------------------------    -------------------
    SLICE_X47Y25         FDRE (Prop_fdre_C_Q)         0.419     4.972 r  u_cpu/dut_pc/pc_reg[4]_rep__8/Q
                         net (fo=130, routed)         1.643     6.615    u_l1_icache/tag_array_reg_0_31_0_5/ADDRC0
    SLICE_X46Y22         RAMD32 (Prop_ramd32_RADR0_O)
                                                      0.328     6.943 r  u_l1_icache/tag_array_reg_0_31_0_5/RAMC/O
                         net (fo=1, routed)           0.676     7.619    u_cpu/dut_pc/lookup_hit1[4]
    SLICE_X42Y22         LUT6 (Prop_lut6_I1_O)        0.331     7.950 r  u_cpu/dut_pc/cpu_stall_debug_OBUF_inst_i_38/O
                         net (fo=1, routed)           0.000     7.950    u_cpu/dut_pc/cpu_stall_debug_OBUF_inst_i_38_n_0
    SLICE_X42Y22         CARRY4 (Prop_carry4_S[1]_CO[3])
                                                      0.533     8.483 r  u_cpu/dut_pc/cpu_stall_debug_OBUF_inst_i_23/CO[3]
                         net (fo=1, routed)           0.000     8.483    u_cpu/dut_pc/cpu_stall_debug_OBUF_inst_i_23_n_0
    SLICE_X42Y23         CARRY4 (Prop_carry4_CI_CO[3])
                                                      0.117     8.600 r  u_cpu/dut_pc/cpu_stall_debug_OBUF_inst_i_7/CO[3]
                         net (fo=4, routed)           0.948     9.548    u_cpu/dut_pc/u_l1_icache/lookup_hit0
    SLICE_X40Y22         LUT6 (Prop_lut6_I1_O)        0.124     9.672 r  u_cpu/dut_pc/registers_reg_r1_0_31_0_5_i_29/O
                         net (fo=33, routed)          1.119    10.791    u_cpu/dut_pc/registers_reg_r1_0_31_0_5_i_29_n_0
    SLICE_X34Y20         LUT6 (Prop_lut6_I4_O)        0.124    10.915 r  u_cpu/dut_pc/instr_debug[14]_i_1/O
                         net (fo=13, routed)          0.846    11.761    u_cpu/dut_pc/cpu_mem_funct3[2]
    SLICE_X33Y20         LUT4 (Prop_lut4_I0_O)        0.124    11.885 r  u_cpu/dut_pc/pc_target1_carry_i_19/O
                         net (fo=1, routed)           0.620    12.505    u_cpu/dut_pc/pc_target1_carry_i_19_n_0
    SLICE_X33Y21         LUT5 (Prop_lut5_I0_O)        0.124    12.629 r  u_cpu/dut_pc/pc_target1_carry_i_12/O
                         net (fo=39, routed)          0.910    13.540    u_cpu/dut_pc/imm_sel[2]
    SLICE_X34Y21         LUT6 (Prop_lut6_I0_O)        0.124    13.664 r  u_cpu/dut_pc/pc_target1_carry__2_i_9/O
                         net (fo=18, routed)          1.339    15.003    u_cpu/dut_pc/pc_target1_carry__2_i_9_n_0
    SLICE_X38Y33         LUT5 (Prop_lut5_I3_O)        0.124    15.127 r  u_cpu/dut_pc/pc_target1_carry__4_i_10/O
                         net (fo=7, routed)           0.652    15.779    u_cpu/dut_pc/pc_target1_carry__4_i_10_n_0
    SLICE_X38Y36         LUT3 (Prop_lut3_I2_O)        0.124    15.903 r  u_cpu/dut_pc/pc_target1_carry__4_i_2/O
                         net (fo=7, routed)           0.696    16.599    u_cpu/dut_pc/instruction_hold_valid_q_reg[16]
    SLICE_X38Y36         LUT4 (Prop_lut4_I3_O)        0.124    16.723 r  u_cpu/dut_pc/result0_carry__4_i_10/O
                         net (fo=6, routed)           0.607    17.330    u_cpu/dut_pc/src_b[22]
    SLICE_X36Y33         LUT2 (Prop_lut2_I1_O)        0.124    17.454 r  u_cpu/dut_pc/result0_carry__4_i_6/O
                         net (fo=1, routed)           0.000    17.454    u_cpu/dut_alu/mem_addr_q[20]_i_12_0[2]
    SLICE_X36Y33         CARRY4 (Prop_carry4_S[2]_CO[3])
                                                      0.398    17.852 r  u_cpu/dut_alu/result0_carry__4/CO[3]
                         net (fo=1, routed)           0.000    17.852    u_cpu/dut_alu/result0_carry__4_n_0
    SLICE_X36Y34         CARRY4 (Prop_carry4_CI_O[3])
                                                      0.313    18.165 r  u_cpu/dut_alu/result0_carry__5/O[3]
                         net (fo=1, routed)           1.047    19.212    u_cpu/dut_alu/data0[27]
    SLICE_X42Y36         LUT4 (Prop_lut4_I0_O)        0.306    19.518 r  u_cpu/dut_alu/mem_addr_q[27]_i_8/O
                         net (fo=1, routed)           0.305    19.823    u_cpu/dut_pc/pc[31]_i_27_0
    SLICE_X42Y38         LUT6 (Prop_lut6_I5_O)        0.124    19.947 r  u_cpu/dut_pc/mem_addr_q[27]_i_4/O
                         net (fo=2, routed)           0.589    20.536    u_cpu/dut_pc/mem_addr_q[27]_i_4_n_0
    SLICE_X45Y38         LUT5 (Prop_lut5_I1_O)        0.124    20.660 r  u_cpu/dut_pc/mem_addr_q[27]_i_2/O
                         net (fo=3, routed)           0.819    21.479    u_cpu/dut_pc/cpu_mem_addr[27]
    SLICE_X46Y38         LUT5 (Prop_lut5_I3_O)        0.124    21.603 f  u_cpu/dut_pc/refill_word_q[1]_i_8/O
                         net (fo=1, routed)           0.612    22.215    u_cpu/dut_pc/refill_word_q[1]_i_8_n_0
    SLICE_X47Y33         LUT5 (Prop_lut5_I4_O)        0.124    22.339 f  u_cpu/dut_pc/refill_word_q[1]_i_4/O
                         net (fo=165, routed)         1.497    23.836    u_l1_icache/icache_invalidate
    SLICE_X46Y14         LUT6 (Prop_lut6_I4_O)        0.124    23.960 r  u_l1_icache/data_array[5][0][31]_i_1/O
                         net (fo=32, routed)          1.168    25.128    u_l1_icache/data_array[5][0][31]_i_1_n_0
    SLICE_X35Y5          FDRE                                         r  u_l1_icache/data_array_reg[5][0][10]/CE
  -------------------------------------------------------------------    -------------------

                         (clock CLK rise edge)       20.000    20.000 r  
    M18                                               0.000    20.000 r  clk (IN)
                         net (fo=0)                   0.000    20.000    clk
    M18                  IBUF (Prop_ibuf_I_O)         0.805    20.805 r  clk_IBUF_inst/O
                         net (fo=1, routed)           1.868    22.673    clk_IBUF
    BUFGCTRL_X0Y0        BUFG (Prop_bufg_I_O)         0.091    22.764 r  clk_IBUF_BUFG_inst/O
                         net (fo=11156, routed)       1.444    24.208    u_l1_icache/clk_IBUF_BUFG
    SLICE_X35Y5          FDRE                                         r  u_l1_icache/data_array_reg[5][0][10]/C
                         clock pessimism              0.250    24.458    
                         clock uncertainty           -0.335    24.123    
    SLICE_X35Y5          FDRE (Setup_fdre_C_CE)      -0.205    23.918    u_l1_icache/data_array_reg[5][0][10]
  -------------------------------------------------------------------
                         required time                         23.918    
                         arrival time                         -25.128    
  -------------------------------------------------------------------
                         slack                                 -1.211    

Slack (VIOLATED) :        -1.190ns  (required time - arrival time)
  Source:                 u_cpu/dut_pc/pc_reg[4]_rep__8/C
                            (rising edge-triggered cell FDRE clocked by CLK  {rise@0.000ns fall@10.000ns period=20.000ns})
  Destination:            u_l1_icache/data_array_reg[8][1][10]/CE
                            (rising edge-triggered cell FDRE clocked by CLK  {rise@0.000ns fall@10.000ns period=20.000ns})
  Path Group:             CLK
  Path Type:              Setup (Max at Slow Process Corner)
  Requirement:            20.000ns  (CLK rise@20.000ns - CLK rise@0.000ns)
  Data Path Delay:        20.629ns  (logic 4.481ns (21.722%)  route 16.148ns (78.278%))
  Logic Levels:           21  (CARRY4=4 LUT2=1 LUT3=1 LUT4=3 LUT5=5 LUT6=6 RAMD32=1)
  Clock Path Skew:        -0.020ns (DCD - SCD + CPR)
    Destination Clock Delay (DCD):    4.211ns = ( 24.211 - 20.000 ) 
    Source Clock Delay      (SCD):    4.553ns
    Clock Pessimism Removal (CPR):    0.322ns
  Clock Uncertainty:      0.335ns  ((TSJ^2 + TIJ^2)^1/2 + DJ) / 2 + PE + UU
    Total System Jitter     (TSJ):    0.071ns
    Total Input Jitter      (TIJ):    0.000ns
    Discrete Jitter          (DJ):    0.000ns
    Phase Error              (PE):    0.000ns
    User Uncertainty         (UU):    0.300ns

    Location             Delay type                Incr(ns)  Path(ns)    Netlist Resource(s)
  -------------------------------------------------------------------    -------------------
                         (clock CLK rise edge)        0.000     0.000 r  
    M18                                               0.000     0.000 r  clk (IN)
                         net (fo=0)                   0.000     0.000    clk
    M18                  IBUF (Prop_ibuf_I_O)         0.938     0.938 r  clk_IBUF_inst/O
                         net (fo=1, routed)           1.972     2.910    clk_IBUF
    BUFGCTRL_X0Y0        BUFG (Prop_bufg_I_O)         0.096     3.006 r  clk_IBUF_BUFG_inst/O
                         net (fo=11156, routed)       1.547     4.553    u_cpu/dut_pc/clk_IBUF_BUFG
    SLICE_X47Y25         FDRE                                         r  u_cpu/dut_pc/pc_reg[4]_rep__8/C
  -------------------------------------------------------------------    -------------------
    SLICE_X47Y25         FDRE (Prop_fdre_C_Q)         0.419     4.972 r  u_cpu/dut_pc/pc_reg[4]_rep__8/Q
                         net (fo=130, routed)         1.643     6.615    u_l1_icache/tag_array_reg_0_31_0_5/ADDRC0
    SLICE_X46Y22         RAMD32 (Prop_ramd32_RADR0_O)
                                                      0.328     6.943 r  u_l1_icache/tag_array_reg_0_31_0_5/RAMC/O
                         net (fo=1, routed)           0.676     7.619    u_cpu/dut_pc/lookup_hit1[4]
    SLICE_X42Y22         LUT6 (Prop_lut6_I1_O)        0.331     7.950 r  u_cpu/dut_pc/cpu_stall_debug_OBUF_inst_i_38/O
                         net (fo=1, routed)           0.000     7.950    u_cpu/dut_pc/cpu_stall_debug_OBUF_inst_i_38_n_0
    SLICE_X42Y22         CARRY4 (Prop_carry4_S[1]_CO[3])
                                                      0.533     8.483 r  u_cpu/dut_pc/cpu_stall_debug_OBUF_inst_i_23/CO[3]
                         net (fo=1, routed)           0.000     8.483    u_cpu/dut_pc/cpu_stall_debug_OBUF_inst_i_23_n_0
    SLICE_X42Y23         CARRY4 (Prop_carry4_CI_CO[3])
                                                      0.117     8.600 r  u_cpu/dut_pc/cpu_stall_debug_OBUF_inst_i_7/CO[3]
                         net (fo=4, routed)           0.948     9.548    u_cpu/dut_pc/u_l1_icache/lookup_hit0
    SLICE_X40Y22         LUT6 (Prop_lut6_I1_O)        0.124     9.672 r  u_cpu/dut_pc/registers_reg_r1_0_31_0_5_i_29/O
                         net (fo=33, routed)          1.119    10.791    u_cpu/dut_pc/registers_reg_r1_0_31_0_5_i_29_n_0
    SLICE_X34Y20         LUT6 (Prop_lut6_I4_O)        0.124    10.915 r  u_cpu/dut_pc/instr_debug[14]_i_1/O
                         net (fo=13, routed)          0.846    11.761    u_cpu/dut_pc/cpu_mem_funct3[2]
    SLICE_X33Y20         LUT4 (Prop_lut4_I0_O)        0.124    11.885 r  u_cpu/dut_pc/pc_target1_carry_i_19/O
                         net (fo=1, routed)           0.620    12.505    u_cpu/dut_pc/pc_target1_carry_i_19_n_0
    SLICE_X33Y21         LUT5 (Prop_lut5_I0_O)        0.124    12.629 r  u_cpu/dut_pc/pc_target1_carry_i_12/O
                         net (fo=39, routed)          0.910    13.540    u_cpu/dut_pc/imm_sel[2]
    SLICE_X34Y21         LUT6 (Prop_lut6_I0_O)        0.124    13.664 r  u_cpu/dut_pc/pc_target1_carry__2_i_9/O
                         net (fo=18, routed)          1.339    15.003    u_cpu/dut_pc/pc_target1_carry__2_i_9_n_0
    SLICE_X38Y33         LUT5 (Prop_lut5_I3_O)        0.124    15.127 r  u_cpu/dut_pc/pc_target1_carry__4_i_10/O
                         net (fo=7, routed)           0.652    15.779    u_cpu/dut_pc/pc_target1_carry__4_i_10_n_0
    SLICE_X38Y36         LUT3 (Prop_lut3_I2_O)        0.124    15.903 r  u_cpu/dut_pc/pc_target1_carry__4_i_2/O
                         net (fo=7, routed)           0.696    16.599    u_cpu/dut_pc/instruction_hold_valid_q_reg[16]
    SLICE_X38Y36         LUT4 (Prop_lut4_I3_O)        0.124    16.723 r  u_cpu/dut_pc/result0_carry__4_i_10/O
                         net (fo=6, routed)           0.607    17.330    u_cpu/dut_pc/src_b[22]
    SLICE_X36Y33         LUT2 (Prop_lut2_I1_O)        0.124    17.454 r  u_cpu/dut_pc/result0_carry__4_i_6/O
                         net (fo=1, routed)           0.000    17.454    u_cpu/dut_alu/mem_addr_q[20]_i_12_0[2]
    SLICE_X36Y33         CARRY4 (Prop_carry4_S[2]_CO[3])
                                                      0.398    17.852 r  u_cpu/dut_alu/result0_carry__4/CO[3]
                         net (fo=1, routed)           0.000    17.852    u_cpu/dut_alu/result0_carry__4_n_0
    SLICE_X36Y34         CARRY4 (Prop_carry4_CI_O[3])
                                                      0.313    18.165 r  u_cpu/dut_alu/result0_carry__5/O[3]
                         net (fo=1, routed)           1.047    19.212    u_cpu/dut_alu/data0[27]
    SLICE_X42Y36         LUT4 (Prop_lut4_I0_O)        0.306    19.518 r  u_cpu/dut_alu/mem_addr_q[27]_i_8/O
                         net (fo=1, routed)           0.305    19.823    u_cpu/dut_pc/pc[31]_i_27_0
    SLICE_X42Y38         LUT6 (Prop_lut6_I5_O)        0.124    19.947 r  u_cpu/dut_pc/mem_addr_q[27]_i_4/O
                         net (fo=2, routed)           0.589    20.536    u_cpu/dut_pc/mem_addr_q[27]_i_4_n_0
    SLICE_X45Y38         LUT5 (Prop_lut5_I1_O)        0.124    20.660 r  u_cpu/dut_pc/mem_addr_q[27]_i_2/O
                         net (fo=3, routed)           0.819    21.479    u_cpu/dut_pc/cpu_mem_addr[27]
    SLICE_X46Y38         LUT5 (Prop_lut5_I3_O)        0.124    21.603 f  u_cpu/dut_pc/refill_word_q[1]_i_8/O
                         net (fo=1, routed)           0.612    22.215    u_cpu/dut_pc/refill_word_q[1]_i_8_n_0
    SLICE_X47Y33         LUT5 (Prop_lut5_I4_O)        0.124    22.339 f  u_cpu/dut_pc/refill_word_q[1]_i_4/O
                         net (fo=165, routed)         1.549    23.888    u_l1_icache/icache_invalidate
    SLICE_X45Y11         LUT6 (Prop_lut6_I0_O)        0.124    24.012 r  u_l1_icache/data_array[8][1][31]_i_1/O
                         net (fo=32, routed)          1.170    25.182    u_l1_icache/data_array[8][1][31]_i_1_n_0
    SLICE_X51Y14         FDRE                                         r  u_l1_icache/data_array_reg[8][1][10]/CE
  -------------------------------------------------------------------    -------------------

                         (clock CLK rise edge)       20.000    20.000 r  
    M18                                               0.000    20.000 r  clk (IN)
                         net (fo=0)                   0.000    20.000    clk
    M18                  IBUF (Prop_ibuf_I_O)         0.805    20.805 r  clk_IBUF_inst/O
                         net (fo=1, routed)           1.868    22.673    clk_IBUF
    BUFGCTRL_X0Y0        BUFG (Prop_bufg_I_O)         0.091    22.764 r  clk_IBUF_BUFG_inst/O
                         net (fo=11156, routed)       1.447    24.211    u_l1_icache/clk_IBUF_BUFG
    SLICE_X51Y14         FDRE                                         r  u_l1_icache/data_array_reg[8][1][10]/C
                         clock pessimism              0.322    24.533    
                         clock uncertainty           -0.335    24.198    
    SLICE_X51Y14         FDRE (Setup_fdre_C_CE)      -0.205    23.993    u_l1_icache/data_array_reg[8][1][10]
  -------------------------------------------------------------------
                         required time                         23.993    
                         arrival time                         -25.182    
  -------------------------------------------------------------------
                         slack                                 -1.190    

Slack (VIOLATED) :        -1.190ns  (required time - arrival time)
  Source:                 u_cpu/dut_pc/pc_reg[4]_rep__8/C
                            (rising edge-triggered cell FDRE clocked by CLK  {rise@0.000ns fall@10.000ns period=20.000ns})
  Destination:            u_l1_icache/data_array_reg[8][1][11]/CE
                            (rising edge-triggered cell FDRE clocked by CLK  {rise@0.000ns fall@10.000ns period=20.000ns})
  Path Group:             CLK
  Path Type:              Setup (Max at Slow Process Corner)
  Requirement:            20.000ns  (CLK rise@20.000ns - CLK rise@0.000ns)
  Data Path Delay:        20.629ns  (logic 4.481ns (21.722%)  route 16.148ns (78.278%))
  Logic Levels:           21  (CARRY4=4 LUT2=1 LUT3=1 LUT4=3 LUT5=5 LUT6=6 RAMD32=1)
  Clock Path Skew:        -0.020ns (DCD - SCD + CPR)
    Destination Clock Delay (DCD):    4.211ns = ( 24.211 - 20.000 ) 
    Source Clock Delay      (SCD):    4.553ns
    Clock Pessimism Removal (CPR):    0.322ns
  Clock Uncertainty:      0.335ns  ((TSJ^2 + TIJ^2)^1/2 + DJ) / 2 + PE + UU
    Total System Jitter     (TSJ):    0.071ns
    Total Input Jitter      (TIJ):    0.000ns
    Discrete Jitter          (DJ):    0.000ns
    Phase Error              (PE):    0.000ns
    User Uncertainty         (UU):    0.300ns

    Location             Delay type                Incr(ns)  Path(ns)    Netlist Resource(s)
  -------------------------------------------------------------------    -------------------
                         (clock CLK rise edge)        0.000     0.000 r  
    M18                                               0.000     0.000 r  clk (IN)
                         net (fo=0)                   0.000     0.000    clk
    M18                  IBUF (Prop_ibuf_I_O)         0.938     0.938 r  clk_IBUF_inst/O
                         net (fo=1, routed)           1.972     2.910    clk_IBUF
    BUFGCTRL_X0Y0        BUFG (Prop_bufg_I_O)         0.096     3.006 r  clk_IBUF_BUFG_inst/O
                         net (fo=11156, routed)       1.547     4.553    u_cpu/dut_pc/clk_IBUF_BUFG
    SLICE_X47Y25         FDRE                                         r  u_cpu/dut_pc/pc_reg[4]_rep__8/C
  -------------------------------------------------------------------    -------------------
    SLICE_X47Y25         FDRE (Prop_fdre_C_Q)         0.419     4.972 r  u_cpu/dut_pc/pc_reg[4]_rep__8/Q
                         net (fo=130, routed)         1.643     6.615    u_l1_icache/tag_array_reg_0_31_0_5/ADDRC0
    SLICE_X46Y22         RAMD32 (Prop_ramd32_RADR0_O)
                                                      0.328     6.943 r  u_l1_icache/tag_array_reg_0_31_0_5/RAMC/O
                         net (fo=1, routed)           0.676     7.619    u_cpu/dut_pc/lookup_hit1[4]
    SLICE_X42Y22         LUT6 (Prop_lut6_I1_O)        0.331     7.950 r  u_cpu/dut_pc/cpu_stall_debug_OBUF_inst_i_38/O
                         net (fo=1, routed)           0.000     7.950    u_cpu/dut_pc/cpu_stall_debug_OBUF_inst_i_38_n_0
    SLICE_X42Y22         CARRY4 (Prop_carry4_S[1]_CO[3])
                                                      0.533     8.483 r  u_cpu/dut_pc/cpu_stall_debug_OBUF_inst_i_23/CO[3]
                         net (fo=1, routed)           0.000     8.483    u_cpu/dut_pc/cpu_stall_debug_OBUF_inst_i_23_n_0
    SLICE_X42Y23         CARRY4 (Prop_carry4_CI_CO[3])
                                                      0.117     8.600 r  u_cpu/dut_pc/cpu_stall_debug_OBUF_inst_i_7/CO[3]
                         net (fo=4, routed)           0.948     9.548    u_cpu/dut_pc/u_l1_icache/lookup_hit0
    SLICE_X40Y22         LUT6 (Prop_lut6_I1_O)        0.124     9.672 r  u_cpu/dut_pc/registers_reg_r1_0_31_0_5_i_29/O
                         net (fo=33, routed)          1.119    10.791    u_cpu/dut_pc/registers_reg_r1_0_31_0_5_i_29_n_0
    SLICE_X34Y20         LUT6 (Prop_lut6_I4_O)        0.124    10.915 r  u_cpu/dut_pc/instr_debug[14]_i_1/O
                         net (fo=13, routed)          0.846    11.761    u_cpu/dut_pc/cpu_mem_funct3[2]
    SLICE_X33Y20         LUT4 (Prop_lut4_I0_O)        0.124    11.885 r  u_cpu/dut_pc/pc_target1_carry_i_19/O
                         net (fo=1, routed)           0.620    12.505    u_cpu/dut_pc/pc_target1_carry_i_19_n_0
    SLICE_X33Y21         LUT5 (Prop_lut5_I0_O)        0.124    12.629 r  u_cpu/dut_pc/pc_target1_carry_i_12/O
                         net (fo=39, routed)          0.910    13.540    u_cpu/dut_pc/imm_sel[2]
    SLICE_X34Y21         LUT6 (Prop_lut6_I0_O)        0.124    13.664 r  u_cpu/dut_pc/pc_target1_carry__2_i_9/O
                         net (fo=18, routed)          1.339    15.003    u_cpu/dut_pc/pc_target1_carry__2_i_9_n_0
    SLICE_X38Y33         LUT5 (Prop_lut5_I3_O)        0.124    15.127 r  u_cpu/dut_pc/pc_target1_carry__4_i_10/O
                         net (fo=7, routed)           0.652    15.779    u_cpu/dut_pc/pc_target1_carry__4_i_10_n_0
    SLICE_X38Y36         LUT3 (Prop_lut3_I2_O)        0.124    15.903 r  u_cpu/dut_pc/pc_target1_carry__4_i_2/O
                         net (fo=7, routed)           0.696    16.599    u_cpu/dut_pc/instruction_hold_valid_q_reg[16]
    SLICE_X38Y36         LUT4 (Prop_lut4_I3_O)        0.124    16.723 r  u_cpu/dut_pc/result0_carry__4_i_10/O
                         net (fo=6, routed)           0.607    17.330    u_cpu/dut_pc/src_b[22]
    SLICE_X36Y33         LUT2 (Prop_lut2_I1_O)        0.124    17.454 r  u_cpu/dut_pc/result0_carry__4_i_6/O
                         net (fo=1, routed)           0.000    17.454    u_cpu/dut_alu/mem_addr_q[20]_i_12_0[2]
    SLICE_X36Y33         CARRY4 (Prop_carry4_S[2]_CO[3])
                                                      0.398    17.852 r  u_cpu/dut_alu/result0_carry__4/CO[3]
                         net (fo=1, routed)           0.000    17.852    u_cpu/dut_alu/result0_carry__4_n_0
    SLICE_X36Y34         CARRY4 (Prop_carry4_CI_O[3])
                                                      0.313    18.165 r  u_cpu/dut_alu/result0_carry__5/O[3]
                         net (fo=1, routed)           1.047    19.212    u_cpu/dut_alu/data0[27]
    SLICE_X42Y36         LUT4 (Prop_lut4_I0_O)        0.306    19.518 r  u_cpu/dut_alu/mem_addr_q[27]_i_8/O
                         net (fo=1, routed)           0.305    19.823    u_cpu/dut_pc/pc[31]_i_27_0
    SLICE_X42Y38         LUT6 (Prop_lut6_I5_O)        0.124    19.947 r  u_cpu/dut_pc/mem_addr_q[27]_i_4/O
                         net (fo=2, routed)           0.589    20.536    u_cpu/dut_pc/mem_addr_q[27]_i_4_n_0
    SLICE_X45Y38         LUT5 (Prop_lut5_I1_O)        0.124    20.660 r  u_cpu/dut_pc/mem_addr_q[27]_i_2/O
                         net (fo=3, routed)           0.819    21.479    u_cpu/dut_pc/cpu_mem_addr[27]
    SLICE_X46Y38         LUT5 (Prop_lut5_I3_O)        0.124    21.603 f  u_cpu/dut_pc/refill_word_q[1]_i_8/O
                         net (fo=1, routed)           0.612    22.215    u_cpu/dut_pc/refill_word_q[1]_i_8_n_0
    SLICE_X47Y33         LUT5 (Prop_lut5_I4_O)        0.124    22.339 f  u_cpu/dut_pc/refill_word_q[1]_i_4/O
                         net (fo=165, routed)         1.549    23.888    u_l1_icache/icache_invalidate
    SLICE_X45Y11         LUT6 (Prop_lut6_I0_O)        0.124    24.012 r  u_l1_icache/data_array[8][1][31]_i_1/O
                         net (fo=32, routed)          1.170    25.182    u_l1_icache/data_array[8][1][31]_i_1_n_0
    SLICE_X51Y14         FDRE                                         r  u_l1_icache/data_array_reg[8][1][11]/CE
  -------------------------------------------------------------------    -------------------

                         (clock CLK rise edge)       20.000    20.000 r  
    M18                                               0.000    20.000 r  clk (IN)
                         net (fo=0)                   0.000    20.000    clk
    M18                  IBUF (Prop_ibuf_I_O)         0.805    20.805 r  clk_IBUF_inst/O
                         net (fo=1, routed)           1.868    22.673    clk_IBUF
    BUFGCTRL_X0Y0        BUFG (Prop_bufg_I_O)         0.091    22.764 r  clk_IBUF_BUFG_inst/O
                         net (fo=11156, routed)       1.447    24.211    u_l1_icache/clk_IBUF_BUFG
    SLICE_X51Y14         FDRE                                         r  u_l1_icache/data_array_reg[8][1][11]/C
                         clock pessimism              0.322    24.533    
                         clock uncertainty           -0.335    24.198    
    SLICE_X51Y14         FDRE (Setup_fdre_C_CE)      -0.205    23.993    u_l1_icache/data_array_reg[8][1][11]
  -------------------------------------------------------------------
                         required time                         23.993    
                         arrival time                         -25.182    
  -------------------------------------------------------------------
                         slack                                 -1.190    

Slack (VIOLATED) :        -1.190ns  (required time - arrival time)
  Source:                 u_cpu/dut_pc/pc_reg[4]_rep__8/C
                            (rising edge-triggered cell FDRE clocked by CLK  {rise@0.000ns fall@10.000ns period=20.000ns})
  Destination:            u_l1_icache/data_array_reg[8][1][1]/CE
                            (rising edge-triggered cell FDRE clocked by CLK  {rise@0.000ns fall@10.000ns period=20.000ns})
  Path Group:             CLK
  Path Type:              Setup (Max at Slow Process Corner)
  Requirement:            20.000ns  (CLK rise@20.000ns - CLK rise@0.000ns)
  Data Path Delay:        20.629ns  (logic 4.481ns (21.722%)  route 16.148ns (78.278%))
  Logic Levels:           21  (CARRY4=4 LUT2=1 LUT3=1 LUT4=3 LUT5=5 LUT6=6 RAMD32=1)
  Clock Path Skew:        -0.020ns (DCD - SCD + CPR)
    Destination Clock Delay (DCD):    4.211ns = ( 24.211 - 20.000 ) 
    Source Clock Delay      (SCD):    4.553ns
    Clock Pessimism Removal (CPR):    0.322ns
  Clock Uncertainty:      0.335ns  ((TSJ^2 + TIJ^2)^1/2 + DJ) / 2 + PE + UU
    Total System Jitter     (TSJ):    0.071ns
    Total Input Jitter      (TIJ):    0.000ns
    Discrete Jitter          (DJ):    0.000ns
    Phase Error              (PE):    0.000ns
    User Uncertainty         (UU):    0.300ns

    Location             Delay type                Incr(ns)  Path(ns)    Netlist Resource(s)
  -------------------------------------------------------------------    -------------------
                         (clock CLK rise edge)        0.000     0.000 r  
    M18                                               0.000     0.000 r  clk (IN)
                         net (fo=0)                   0.000     0.000    clk
    M18                  IBUF (Prop_ibuf_I_O)         0.938     0.938 r  clk_IBUF_inst/O
                         net (fo=1, routed)           1.972     2.910    clk_IBUF
    BUFGCTRL_X0Y0        BUFG (Prop_bufg_I_O)         0.096     3.006 r  clk_IBUF_BUFG_inst/O
                         net (fo=11156, routed)       1.547     4.553    u_cpu/dut_pc/clk_IBUF_BUFG
    SLICE_X47Y25         FDRE                                         r  u_cpu/dut_pc/pc_reg[4]_rep__8/C
  -------------------------------------------------------------------    -------------------
    SLICE_X47Y25         FDRE (Prop_fdre_C_Q)         0.419     4.972 r  u_cpu/dut_pc/pc_reg[4]_rep__8/Q
                         net (fo=130, routed)         1.643     6.615    u_l1_icache/tag_array_reg_0_31_0_5/ADDRC0
    SLICE_X46Y22         RAMD32 (Prop_ramd32_RADR0_O)
                                                      0.328     6.943 r  u_l1_icache/tag_array_reg_0_31_0_5/RAMC/O
                         net (fo=1, routed)           0.676     7.619    u_cpu/dut_pc/lookup_hit1[4]
    SLICE_X42Y22         LUT6 (Prop_lut6_I1_O)        0.331     7.950 r  u_cpu/dut_pc/cpu_stall_debug_OBUF_inst_i_38/O
                         net (fo=1, routed)           0.000     7.950    u_cpu/dut_pc/cpu_stall_debug_OBUF_inst_i_38_n_0
    SLICE_X42Y22         CARRY4 (Prop_carry4_S[1]_CO[3])
                                                      0.533     8.483 r  u_cpu/dut_pc/cpu_stall_debug_OBUF_inst_i_23/CO[3]
                         net (fo=1, routed)           0.000     8.483    u_cpu/dut_pc/cpu_stall_debug_OBUF_inst_i_23_n_0
    SLICE_X42Y23         CARRY4 (Prop_carry4_CI_CO[3])
                                                      0.117     8.600 r  u_cpu/dut_pc/cpu_stall_debug_OBUF_inst_i_7/CO[3]
                         net (fo=4, routed)           0.948     9.548    u_cpu/dut_pc/u_l1_icache/lookup_hit0
    SLICE_X40Y22         LUT6 (Prop_lut6_I1_O)        0.124     9.672 r  u_cpu/dut_pc/registers_reg_r1_0_31_0_5_i_29/O
                         net (fo=33, routed)          1.119    10.791    u_cpu/dut_pc/registers_reg_r1_0_31_0_5_i_29_n_0
    SLICE_X34Y20         LUT6 (Prop_lut6_I4_O)        0.124    10.915 r  u_cpu/dut_pc/instr_debug[14]_i_1/O
                         net (fo=13, routed)          0.846    11.761    u_cpu/dut_pc/cpu_mem_funct3[2]
    SLICE_X33Y20         LUT4 (Prop_lut4_I0_O)        0.124    11.885 r  u_cpu/dut_pc/pc_target1_carry_i_19/O
                         net (fo=1, routed)           0.620    12.505    u_cpu/dut_pc/pc_target1_carry_i_19_n_0
    SLICE_X33Y21         LUT5 (Prop_lut5_I0_O)        0.124    12.629 r  u_cpu/dut_pc/pc_target1_carry_i_12/O
                         net (fo=39, routed)          0.910    13.540    u_cpu/dut_pc/imm_sel[2]
    SLICE_X34Y21         LUT6 (Prop_lut6_I0_O)        0.124    13.664 r  u_cpu/dut_pc/pc_target1_carry__2_i_9/O
                         net (fo=18, routed)          1.339    15.003    u_cpu/dut_pc/pc_target1_carry__2_i_9_n_0
    SLICE_X38Y33         LUT5 (Prop_lut5_I3_O)        0.124    15.127 r  u_cpu/dut_pc/pc_target1_carry__4_i_10/O
                         net (fo=7, routed)           0.652    15.779    u_cpu/dut_pc/pc_target1_carry__4_i_10_n_0
    SLICE_X38Y36         LUT3 (Prop_lut3_I2_O)        0.124    15.903 r  u_cpu/dut_pc/pc_target1_carry__4_i_2/O
                         net (fo=7, routed)           0.696    16.599    u_cpu/dut_pc/instruction_hold_valid_q_reg[16]
    SLICE_X38Y36         LUT4 (Prop_lut4_I3_O)        0.124    16.723 r  u_cpu/dut_pc/result0_carry__4_i_10/O
                         net (fo=6, routed)           0.607    17.330    u_cpu/dut_pc/src_b[22]
    SLICE_X36Y33         LUT2 (Prop_lut2_I1_O)        0.124    17.454 r  u_cpu/dut_pc/result0_carry__4_i_6/O
                         net (fo=1, routed)           0.000    17.454    u_cpu/dut_alu/mem_addr_q[20]_i_12_0[2]
    SLICE_X36Y33         CARRY4 (Prop_carry4_S[2]_CO[3])
                                                      0.398    17.852 r  u_cpu/dut_alu/result0_carry__4/CO[3]
                         net (fo=1, routed)           0.000    17.852    u_cpu/dut_alu/result0_carry__4_n_0
    SLICE_X36Y34         CARRY4 (Prop_carry4_CI_O[3])
                                                      0.313    18.165 r  u_cpu/dut_alu/result0_carry__5/O[3]
                         net (fo=1, routed)           1.047    19.212    u_cpu/dut_alu/data0[27]
    SLICE_X42Y36         LUT4 (Prop_lut4_I0_O)        0.306    19.518 r  u_cpu/dut_alu/mem_addr_q[27]_i_8/O
                         net (fo=1, routed)           0.305    19.823    u_cpu/dut_pc/pc[31]_i_27_0
    SLICE_X42Y38         LUT6 (Prop_lut6_I5_O)        0.124    19.947 r  u_cpu/dut_pc/mem_addr_q[27]_i_4/O
                         net (fo=2, routed)           0.589    20.536    u_cpu/dut_pc/mem_addr_q[27]_i_4_n_0
    SLICE_X45Y38         LUT5 (Prop_lut5_I1_O)        0.124    20.660 r  u_cpu/dut_pc/mem_addr_q[27]_i_2/O
                         net (fo=3, routed)           0.819    21.479    u_cpu/dut_pc/cpu_mem_addr[27]
    SLICE_X46Y38         LUT5 (Prop_lut5_I3_O)        0.124    21.603 f  u_cpu/dut_pc/refill_word_q[1]_i_8/O
                         net (fo=1, routed)           0.612    22.215    u_cpu/dut_pc/refill_word_q[1]_i_8_n_0
    SLICE_X47Y33         LUT5 (Prop_lut5_I4_O)        0.124    22.339 f  u_cpu/dut_pc/refill_word_q[1]_i_4/O
                         net (fo=165, routed)         1.549    23.888    u_l1_icache/icache_invalidate
    SLICE_X45Y11         LUT6 (Prop_lut6_I0_O)        0.124    24.012 r  u_l1_icache/data_array[8][1][31]_i_1/O
                         net (fo=32, routed)          1.170    25.182    u_l1_icache/data_array[8][1][31]_i_1_n_0
    SLICE_X51Y14         FDRE                                         r  u_l1_icache/data_array_reg[8][1][1]/CE
  -------------------------------------------------------------------    -------------------

                         (clock CLK rise edge)       20.000    20.000 r  
    M18                                               0.000    20.000 r  clk (IN)
                         net (fo=0)                   0.000    20.000    clk
    M18                  IBUF (Prop_ibuf_I_O)         0.805    20.805 r  clk_IBUF_inst/O
                         net (fo=1, routed)           1.868    22.673    clk_IBUF
    BUFGCTRL_X0Y0        BUFG (Prop_bufg_I_O)         0.091    22.764 r  clk_IBUF_BUFG_inst/O
                         net (fo=11156, routed)       1.447    24.211    u_l1_icache/clk_IBUF_BUFG
    SLICE_X51Y14         FDRE                                         r  u_l1_icache/data_array_reg[8][1][1]/C
                         clock pessimism              0.322    24.533    
                         clock uncertainty           -0.335    24.198    
    SLICE_X51Y14         FDRE (Setup_fdre_C_CE)      -0.205    23.993    u_l1_icache/data_array_reg[8][1][1]
  -------------------------------------------------------------------
                         required time                         23.993    
                         arrival time                         -25.182    
  -------------------------------------------------------------------
                         slack                                 -1.190    

Slack (VIOLATED) :        -1.190ns  (required time - arrival time)
  Source:                 u_cpu/dut_pc/pc_reg[4]_rep__8/C
                            (rising edge-triggered cell FDRE clocked by CLK  {rise@0.000ns fall@10.000ns period=20.000ns})
  Destination:            u_l1_icache/data_array_reg[8][1][20]/CE
                            (rising edge-triggered cell FDRE clocked by CLK  {rise@0.000ns fall@10.000ns period=20.000ns})
  Path Group:             CLK
  Path Type:              Setup (Max at Slow Process Corner)
  Requirement:            20.000ns  (CLK rise@20.000ns - CLK rise@0.000ns)
  Data Path Delay:        20.629ns  (logic 4.481ns (21.722%)  route 16.148ns (78.278%))
  Logic Levels:           21  (CARRY4=4 LUT2=1 LUT3=1 LUT4=3 LUT5=5 LUT6=6 RAMD32=1)
  Clock Path Skew:        -0.020ns (DCD - SCD + CPR)
    Destination Clock Delay (DCD):    4.211ns = ( 24.211 - 20.000 ) 
    Source Clock Delay      (SCD):    4.553ns
    Clock Pessimism Removal (CPR):    0.322ns
  Clock Uncertainty:      0.335ns  ((TSJ^2 + TIJ^2)^1/2 + DJ) / 2 + PE + UU
    Total System Jitter     (TSJ):    0.071ns
    Total Input Jitter      (TIJ):    0.000ns
    Discrete Jitter          (DJ):    0.000ns
    Phase Error              (PE):    0.000ns
    User Uncertainty         (UU):    0.300ns

    Location             Delay type                Incr(ns)  Path(ns)    Netlist Resource(s)
  -------------------------------------------------------------------    -------------------
                         (clock CLK rise edge)        0.000     0.000 r  
    M18                                               0.000     0.000 r  clk (IN)
                         net (fo=0)                   0.000     0.000    clk
    M18                  IBUF (Prop_ibuf_I_O)         0.938     0.938 r  clk_IBUF_inst/O
                         net (fo=1, routed)           1.972     2.910    clk_IBUF
    BUFGCTRL_X0Y0        BUFG (Prop_bufg_I_O)         0.096     3.006 r  clk_IBUF_BUFG_inst/O
                         net (fo=11156, routed)       1.547     4.553    u_cpu/dut_pc/clk_IBUF_BUFG
    SLICE_X47Y25         FDRE                                         r  u_cpu/dut_pc/pc_reg[4]_rep__8/C
  -------------------------------------------------------------------    -------------------
    SLICE_X47Y25         FDRE (Prop_fdre_C_Q)         0.419     4.972 r  u_cpu/dut_pc/pc_reg[4]_rep__8/Q
                         net (fo=130, routed)         1.643     6.615    u_l1_icache/tag_array_reg_0_31_0_5/ADDRC0
    SLICE_X46Y22         RAMD32 (Prop_ramd32_RADR0_O)
                                                      0.328     6.943 r  u_l1_icache/tag_array_reg_0_31_0_5/RAMC/O
                         net (fo=1, routed)           0.676     7.619    u_cpu/dut_pc/lookup_hit1[4]
    SLICE_X42Y22         LUT6 (Prop_lut6_I1_O)        0.331     7.950 r  u_cpu/dut_pc/cpu_stall_debug_OBUF_inst_i_38/O
                         net (fo=1, routed)           0.000     7.950    u_cpu/dut_pc/cpu_stall_debug_OBUF_inst_i_38_n_0
    SLICE_X42Y22         CARRY4 (Prop_carry4_S[1]_CO[3])
                                                      0.533     8.483 r  u_cpu/dut_pc/cpu_stall_debug_OBUF_inst_i_23/CO[3]
                         net (fo=1, routed)           0.000     8.483    u_cpu/dut_pc/cpu_stall_debug_OBUF_inst_i_23_n_0
    SLICE_X42Y23         CARRY4 (Prop_carry4_CI_CO[3])
                                                      0.117     8.600 r  u_cpu/dut_pc/cpu_stall_debug_OBUF_inst_i_7/CO[3]
                         net (fo=4, routed)           0.948     9.548    u_cpu/dut_pc/u_l1_icache/lookup_hit0
    SLICE_X40Y22         LUT6 (Prop_lut6_I1_O)        0.124     9.672 r  u_cpu/dut_pc/registers_reg_r1_0_31_0_5_i_29/O
                         net (fo=33, routed)          1.119    10.791    u_cpu/dut_pc/registers_reg_r1_0_31_0_5_i_29_n_0
    SLICE_X34Y20         LUT6 (Prop_lut6_I4_O)        0.124    10.915 r  u_cpu/dut_pc/instr_debug[14]_i_1/O
                         net (fo=13, routed)          0.846    11.761    u_cpu/dut_pc/cpu_mem_funct3[2]
    SLICE_X33Y20         LUT4 (Prop_lut4_I0_O)        0.124    11.885 r  u_cpu/dut_pc/pc_target1_carry_i_19/O
                         net (fo=1, routed)           0.620    12.505    u_cpu/dut_pc/pc_target1_carry_i_19_n_0
    SLICE_X33Y21         LUT5 (Prop_lut5_I0_O)        0.124    12.629 r  u_cpu/dut_pc/pc_target1_carry_i_12/O
                         net (fo=39, routed)          0.910    13.540    u_cpu/dut_pc/imm_sel[2]
    SLICE_X34Y21         LUT6 (Prop_lut6_I0_O)        0.124    13.664 r  u_cpu/dut_pc/pc_target1_carry__2_i_9/O
                         net (fo=18, routed)          1.339    15.003    u_cpu/dut_pc/pc_target1_carry__2_i_9_n_0
    SLICE_X38Y33         LUT5 (Prop_lut5_I3_O)        0.124    15.127 r  u_cpu/dut_pc/pc_target1_carry__4_i_10/O
                         net (fo=7, routed)           0.652    15.779    u_cpu/dut_pc/pc_target1_carry__4_i_10_n_0
    SLICE_X38Y36         LUT3 (Prop_lut3_I2_O)        0.124    15.903 r  u_cpu/dut_pc/pc_target1_carry__4_i_2/O
                         net (fo=7, routed)           0.696    16.599    u_cpu/dut_pc/instruction_hold_valid_q_reg[16]
    SLICE_X38Y36         LUT4 (Prop_lut4_I3_O)        0.124    16.723 r  u_cpu/dut_pc/result0_carry__4_i_10/O
                         net (fo=6, routed)           0.607    17.330    u_cpu/dut_pc/src_b[22]
    SLICE_X36Y33         LUT2 (Prop_lut2_I1_O)        0.124    17.454 r  u_cpu/dut_pc/result0_carry__4_i_6/O
                         net (fo=1, routed)           0.000    17.454    u_cpu/dut_alu/mem_addr_q[20]_i_12_0[2]
    SLICE_X36Y33         CARRY4 (Prop_carry4_S[2]_CO[3])
                                                      0.398    17.852 r  u_cpu/dut_alu/result0_carry__4/CO[3]
                         net (fo=1, routed)           0.000    17.852    u_cpu/dut_alu/result0_carry__4_n_0
    SLICE_X36Y34         CARRY4 (Prop_carry4_CI_O[3])
                                                      0.313    18.165 r  u_cpu/dut_alu/result0_carry__5/O[3]
                         net (fo=1, routed)           1.047    19.212    u_cpu/dut_alu/data0[27]
    SLICE_X42Y36         LUT4 (Prop_lut4_I0_O)        0.306    19.518 r  u_cpu/dut_alu/mem_addr_q[27]_i_8/O
                         net (fo=1, routed)           0.305    19.823    u_cpu/dut_pc/pc[31]_i_27_0
    SLICE_X42Y38         LUT6 (Prop_lut6_I5_O)        0.124    19.947 r  u_cpu/dut_pc/mem_addr_q[27]_i_4/O
                         net (fo=2, routed)           0.589    20.536    u_cpu/dut_pc/mem_addr_q[27]_i_4_n_0
    SLICE_X45Y38         LUT5 (Prop_lut5_I1_O)        0.124    20.660 r  u_cpu/dut_pc/mem_addr_q[27]_i_2/O
                         net (fo=3, routed)           0.819    21.479    u_cpu/dut_pc/cpu_mem_addr[27]
    SLICE_X46Y38         LUT5 (Prop_lut5_I3_O)        0.124    21.603 f  u_cpu/dut_pc/refill_word_q[1]_i_8/O
                         net (fo=1, routed)           0.612    22.215    u_cpu/dut_pc/refill_word_q[1]_i_8_n_0
    SLICE_X47Y33         LUT5 (Prop_lut5_I4_O)        0.124    22.339 f  u_cpu/dut_pc/refill_word_q[1]_i_4/O
                         net (fo=165, routed)         1.549    23.888    u_l1_icache/icache_invalidate
    SLICE_X45Y11         LUT6 (Prop_lut6_I0_O)        0.124    24.012 r  u_l1_icache/data_array[8][1][31]_i_1/O
                         net (fo=32, routed)          1.170    25.182    u_l1_icache/data_array[8][1][31]_i_1_n_0
    SLICE_X51Y14         FDRE                                         r  u_l1_icache/data_array_reg[8][1][20]/CE
  -------------------------------------------------------------------    -------------------

                         (clock CLK rise edge)       20.000    20.000 r  
    M18                                               0.000    20.000 r  clk (IN)
                         net (fo=0)                   0.000    20.000    clk
    M18                  IBUF (Prop_ibuf_I_O)         0.805    20.805 r  clk_IBUF_inst/O
                         net (fo=1, routed)           1.868    22.673    clk_IBUF
    BUFGCTRL_X0Y0        BUFG (Prop_bufg_I_O)         0.091    22.764 r  clk_IBUF_BUFG_inst/O
                         net (fo=11156, routed)       1.447    24.211    u_l1_icache/clk_IBUF_BUFG
    SLICE_X51Y14         FDRE                                         r  u_l1_icache/data_array_reg[8][1][20]/C
                         clock pessimism              0.322    24.533    
                         clock uncertainty           -0.335    24.198    
    SLICE_X51Y14         FDRE (Setup_fdre_C_CE)      -0.205    23.993    u_l1_icache/data_array_reg[8][1][20]
  -------------------------------------------------------------------
                         required time                         23.993    
                         arrival time                         -25.182    
  -------------------------------------------------------------------
                         slack                                 -1.190    

Slack (VIOLATED) :        -1.190ns  (required time - arrival time)
  Source:                 u_cpu/dut_pc/pc_reg[4]_rep__8/C
                            (rising edge-triggered cell FDRE clocked by CLK  {rise@0.000ns fall@10.000ns period=20.000ns})
  Destination:            u_l1_icache/data_array_reg[8][1][23]/CE
                            (rising edge-triggered cell FDRE clocked by CLK  {rise@0.000ns fall@10.000ns period=20.000ns})
  Path Group:             CLK
  Path Type:              Setup (Max at Slow Process Corner)
  Requirement:            20.000ns  (CLK rise@20.000ns - CLK rise@0.000ns)
  Data Path Delay:        20.629ns  (logic 4.481ns (21.722%)  route 16.148ns (78.278%))
  Logic Levels:           21  (CARRY4=4 LUT2=1 LUT3=1 LUT4=3 LUT5=5 LUT6=6 RAMD32=1)
  Clock Path Skew:        -0.020ns (DCD - SCD + CPR)
    Destination Clock Delay (DCD):    4.211ns = ( 24.211 - 20.000 ) 
    Source Clock Delay      (SCD):    4.553ns
    Clock Pessimism Removal (CPR):    0.322ns
  Clock Uncertainty:      0.335ns  ((TSJ^2 + TIJ^2)^1/2 + DJ) / 2 + PE + UU
    Total System Jitter     (TSJ):    0.071ns
    Total Input Jitter      (TIJ):    0.000ns
    Discrete Jitter          (DJ):    0.000ns
    Phase Error              (PE):    0.000ns
    User Uncertainty         (UU):    0.300ns

    Location             Delay type                Incr(ns)  Path(ns)    Netlist Resource(s)
  -------------------------------------------------------------------    -------------------
                         (clock CLK rise edge)        0.000     0.000 r  
    M18                                               0.000     0.000 r  clk (IN)
                         net (fo=0)                   0.000     0.000    clk
    M18                  IBUF (Prop_ibuf_I_O)         0.938     0.938 r  clk_IBUF_inst/O
                         net (fo=1, routed)           1.972     2.910    clk_IBUF
    BUFGCTRL_X0Y0        BUFG (Prop_bufg_I_O)         0.096     3.006 r  clk_IBUF_BUFG_inst/O
                         net (fo=11156, routed)       1.547     4.553    u_cpu/dut_pc/clk_IBUF_BUFG
    SLICE_X47Y25         FDRE                                         r  u_cpu/dut_pc/pc_reg[4]_rep__8/C
  -------------------------------------------------------------------    -------------------
    SLICE_X47Y25         FDRE (Prop_fdre_C_Q)         0.419     4.972 r  u_cpu/dut_pc/pc_reg[4]_rep__8/Q
                         net (fo=130, routed)         1.643     6.615    u_l1_icache/tag_array_reg_0_31_0_5/ADDRC0
    SLICE_X46Y22         RAMD32 (Prop_ramd32_RADR0_O)
                                                      0.328     6.943 r  u_l1_icache/tag_array_reg_0_31_0_5/RAMC/O
                         net (fo=1, routed)           0.676     7.619    u_cpu/dut_pc/lookup_hit1[4]
    SLICE_X42Y22         LUT6 (Prop_lut6_I1_O)        0.331     7.950 r  u_cpu/dut_pc/cpu_stall_debug_OBUF_inst_i_38/O
                         net (fo=1, routed)           0.000     7.950    u_cpu/dut_pc/cpu_stall_debug_OBUF_inst_i_38_n_0
    SLICE_X42Y22         CARRY4 (Prop_carry4_S[1]_CO[3])
                                                      0.533     8.483 r  u_cpu/dut_pc/cpu_stall_debug_OBUF_inst_i_23/CO[3]
                         net (fo=1, routed)           0.000     8.483    u_cpu/dut_pc/cpu_stall_debug_OBUF_inst_i_23_n_0
    SLICE_X42Y23         CARRY4 (Prop_carry4_CI_CO[3])
                                                      0.117     8.600 r  u_cpu/dut_pc/cpu_stall_debug_OBUF_inst_i_7/CO[3]
                         net (fo=4, routed)           0.948     9.548    u_cpu/dut_pc/u_l1_icache/lookup_hit0
    SLICE_X40Y22         LUT6 (Prop_lut6_I1_O)        0.124     9.672 r  u_cpu/dut_pc/registers_reg_r1_0_31_0_5_i_29/O
                         net (fo=33, routed)          1.119    10.791    u_cpu/dut_pc/registers_reg_r1_0_31_0_5_i_29_n_0
    SLICE_X34Y20         LUT6 (Prop_lut6_I4_O)        0.124    10.915 r  u_cpu/dut_pc/instr_debug[14]_i_1/O
                         net (fo=13, routed)          0.846    11.761    u_cpu/dut_pc/cpu_mem_funct3[2]
    SLICE_X33Y20         LUT4 (Prop_lut4_I0_O)        0.124    11.885 r  u_cpu/dut_pc/pc_target1_carry_i_19/O
                         net (fo=1, routed)           0.620    12.505    u_cpu/dut_pc/pc_target1_carry_i_19_n_0
    SLICE_X33Y21         LUT5 (Prop_lut5_I0_O)        0.124    12.629 r  u_cpu/dut_pc/pc_target1_carry_i_12/O
                         net (fo=39, routed)          0.910    13.540    u_cpu/dut_pc/imm_sel[2]
    SLICE_X34Y21         LUT6 (Prop_lut6_I0_O)        0.124    13.664 r  u_cpu/dut_pc/pc_target1_carry__2_i_9/O
                         net (fo=18, routed)          1.339    15.003    u_cpu/dut_pc/pc_target1_carry__2_i_9_n_0
    SLICE_X38Y33         LUT5 (Prop_lut5_I3_O)        0.124    15.127 r  u_cpu/dut_pc/pc_target1_carry__4_i_10/O
                         net (fo=7, routed)           0.652    15.779    u_cpu/dut_pc/pc_target1_carry__4_i_10_n_0
    SLICE_X38Y36         LUT3 (Prop_lut3_I2_O)        0.124    15.903 r  u_cpu/dut_pc/pc_target1_carry__4_i_2/O
                         net (fo=7, routed)           0.696    16.599    u_cpu/dut_pc/instruction_hold_valid_q_reg[16]
    SLICE_X38Y36         LUT4 (Prop_lut4_I3_O)        0.124    16.723 r  u_cpu/dut_pc/result0_carry__4_i_10/O
                         net (fo=6, routed)           0.607    17.330    u_cpu/dut_pc/src_b[22]
    SLICE_X36Y33         LUT2 (Prop_lut2_I1_O)        0.124    17.454 r  u_cpu/dut_pc/result0_carry__4_i_6/O
                         net (fo=1, routed)           0.000    17.454    u_cpu/dut_alu/mem_addr_q[20]_i_12_0[2]
    SLICE_X36Y33         CARRY4 (Prop_carry4_S[2]_CO[3])
                                                      0.398    17.852 r  u_cpu/dut_alu/result0_carry__4/CO[3]
                         net (fo=1, routed)           0.000    17.852    u_cpu/dut_alu/result0_carry__4_n_0
    SLICE_X36Y34         CARRY4 (Prop_carry4_CI_O[3])
                                                      0.313    18.165 r  u_cpu/dut_alu/result0_carry__5/O[3]
                         net (fo=1, routed)           1.047    19.212    u_cpu/dut_alu/data0[27]
    SLICE_X42Y36         LUT4 (Prop_lut4_I0_O)        0.306    19.518 r  u_cpu/dut_alu/mem_addr_q[27]_i_8/O
                         net (fo=1, routed)           0.305    19.823    u_cpu/dut_pc/pc[31]_i_27_0
    SLICE_X42Y38         LUT6 (Prop_lut6_I5_O)        0.124    19.947 r  u_cpu/dut_pc/mem_addr_q[27]_i_4/O
                         net (fo=2, routed)           0.589    20.536    u_cpu/dut_pc/mem_addr_q[27]_i_4_n_0
    SLICE_X45Y38         LUT5 (Prop_lut5_I1_O)        0.124    20.660 r  u_cpu/dut_pc/mem_addr_q[27]_i_2/O
                         net (fo=3, routed)           0.819    21.479    u_cpu/dut_pc/cpu_mem_addr[27]
    SLICE_X46Y38         LUT5 (Prop_lut5_I3_O)        0.124    21.603 f  u_cpu/dut_pc/refill_word_q[1]_i_8/O
                         net (fo=1, routed)           0.612    22.215    u_cpu/dut_pc/refill_word_q[1]_i_8_n_0
    SLICE_X47Y33         LUT5 (Prop_lut5_I4_O)        0.124    22.339 f  u_cpu/dut_pc/refill_word_q[1]_i_4/O
                         net (fo=165, routed)         1.549    23.888    u_l1_icache/icache_invalidate
    SLICE_X45Y11         LUT6 (Prop_lut6_I0_O)        0.124    24.012 r  u_l1_icache/data_array[8][1][31]_i_1/O
                         net (fo=32, routed)          1.170    25.182    u_l1_icache/data_array[8][1][31]_i_1_n_0
    SLICE_X51Y14         FDRE                                         r  u_l1_icache/data_array_reg[8][1][23]/CE
  -------------------------------------------------------------------    -------------------

                         (clock CLK rise edge)       20.000    20.000 r  
    M18                                               0.000    20.000 r  clk (IN)
                         net (fo=0)                   0.000    20.000    clk
    M18                  IBUF (Prop_ibuf_I_O)         0.805    20.805 r  clk_IBUF_inst/O
                         net (fo=1, routed)           1.868    22.673    clk_IBUF
    BUFGCTRL_X0Y0        BUFG (Prop_bufg_I_O)         0.091    22.764 r  clk_IBUF_BUFG_inst/O
                         net (fo=11156, routed)       1.447    24.211    u_l1_icache/clk_IBUF_BUFG
    SLICE_X51Y14         FDRE                                         r  u_l1_icache/data_array_reg[8][1][23]/C
                         clock pessimism              0.322    24.533    
                         clock uncertainty           -0.335    24.198    
    SLICE_X51Y14         FDRE (Setup_fdre_C_CE)      -0.205    23.993    u_l1_icache/data_array_reg[8][1][23]
  -------------------------------------------------------------------
                         required time                         23.993    
                         arrival time                         -25.182    
  -------------------------------------------------------------------
                         slack                                 -1.190    

Slack (VIOLATED) :        -1.190ns  (required time - arrival time)
  Source:                 u_cpu/dut_pc/pc_reg[4]_rep__8/C
                            (rising edge-triggered cell FDRE clocked by CLK  {rise@0.000ns fall@10.000ns period=20.000ns})
  Destination:            u_l1_icache/data_array_reg[8][1][24]/CE
                            (rising edge-triggered cell FDRE clocked by CLK  {rise@0.000ns fall@10.000ns period=20.000ns})
  Path Group:             CLK
  Path Type:              Setup (Max at Slow Process Corner)
  Requirement:            20.000ns  (CLK rise@20.000ns - CLK rise@0.000ns)
  Data Path Delay:        20.629ns  (logic 4.481ns (21.722%)  route 16.148ns (78.278%))
  Logic Levels:           21  (CARRY4=4 LUT2=1 LUT3=1 LUT4=3 LUT5=5 LUT6=6 RAMD32=1)
  Clock Path Skew:        -0.020ns (DCD - SCD + CPR)
    Destination Clock Delay (DCD):    4.211ns = ( 24.211 - 20.000 ) 
    Source Clock Delay      (SCD):    4.553ns
    Clock Pessimism Removal (CPR):    0.322ns
  Clock Uncertainty:      0.335ns  ((TSJ^2 + TIJ^2)^1/2 + DJ) / 2 + PE + UU
    Total System Jitter     (TSJ):    0.071ns
    Total Input Jitter      (TIJ):    0.000ns
    Discrete Jitter          (DJ):    0.000ns
    Phase Error              (PE):    0.000ns
    User Uncertainty         (UU):    0.300ns

    Location             Delay type                Incr(ns)  Path(ns)    Netlist Resource(s)
  -------------------------------------------------------------------    -------------------
                         (clock CLK rise edge)        0.000     0.000 r  
    M18                                               0.000     0.000 r  clk (IN)
                         net (fo=0)                   0.000     0.000    clk
    M18                  IBUF (Prop_ibuf_I_O)         0.938     0.938 r  clk_IBUF_inst/O
                         net (fo=1, routed)           1.972     2.910    clk_IBUF
    BUFGCTRL_X0Y0        BUFG (Prop_bufg_I_O)         0.096     3.006 r  clk_IBUF_BUFG_inst/O
                         net (fo=11156, routed)       1.547     4.553    u_cpu/dut_pc/clk_IBUF_BUFG
    SLICE_X47Y25         FDRE                                         r  u_cpu/dut_pc/pc_reg[4]_rep__8/C
  -------------------------------------------------------------------    -------------------
    SLICE_X47Y25         FDRE (Prop_fdre_C_Q)         0.419     4.972 r  u_cpu/dut_pc/pc_reg[4]_rep__8/Q
                         net (fo=130, routed)         1.643     6.615    u_l1_icache/tag_array_reg_0_31_0_5/ADDRC0
    SLICE_X46Y22         RAMD32 (Prop_ramd32_RADR0_O)
                                                      0.328     6.943 r  u_l1_icache/tag_array_reg_0_31_0_5/RAMC/O
                         net (fo=1, routed)           0.676     7.619    u_cpu/dut_pc/lookup_hit1[4]
    SLICE_X42Y22         LUT6 (Prop_lut6_I1_O)        0.331     7.950 r  u_cpu/dut_pc/cpu_stall_debug_OBUF_inst_i_38/O
                         net (fo=1, routed)           0.000     7.950    u_cpu/dut_pc/cpu_stall_debug_OBUF_inst_i_38_n_0
    SLICE_X42Y22         CARRY4 (Prop_carry4_S[1]_CO[3])
                                                      0.533     8.483 r  u_cpu/dut_pc/cpu_stall_debug_OBUF_inst_i_23/CO[3]
                         net (fo=1, routed)           0.000     8.483    u_cpu/dut_pc/cpu_stall_debug_OBUF_inst_i_23_n_0
    SLICE_X42Y23         CARRY4 (Prop_carry4_CI_CO[3])
                                                      0.117     8.600 r  u_cpu/dut_pc/cpu_stall_debug_OBUF_inst_i_7/CO[3]
                         net (fo=4, routed)           0.948     9.548    u_cpu/dut_pc/u_l1_icache/lookup_hit0
    SLICE_X40Y22         LUT6 (Prop_lut6_I1_O)        0.124     9.672 r  u_cpu/dut_pc/registers_reg_r1_0_31_0_5_i_29/O
                         net (fo=33, routed)          1.119    10.791    u_cpu/dut_pc/registers_reg_r1_0_31_0_5_i_29_n_0
    SLICE_X34Y20         LUT6 (Prop_lut6_I4_O)        0.124    10.915 r  u_cpu/dut_pc/instr_debug[14]_i_1/O
                         net (fo=13, routed)          0.846    11.761    u_cpu/dut_pc/cpu_mem_funct3[2]
    SLICE_X33Y20         LUT4 (Prop_lut4_I0_O)        0.124    11.885 r  u_cpu/dut_pc/pc_target1_carry_i_19/O
                         net (fo=1, routed)           0.620    12.505    u_cpu/dut_pc/pc_target1_carry_i_19_n_0
    SLICE_X33Y21         LUT5 (Prop_lut5_I0_O)        0.124    12.629 r  u_cpu/dut_pc/pc_target1_carry_i_12/O
                         net (fo=39, routed)          0.910    13.540    u_cpu/dut_pc/imm_sel[2]
    SLICE_X34Y21         LUT6 (Prop_lut6_I0_O)        0.124    13.664 r  u_cpu/dut_pc/pc_target1_carry__2_i_9/O
                         net (fo=18, routed)          1.339    15.003    u_cpu/dut_pc/pc_target1_carry__2_i_9_n_0
    SLICE_X38Y33         LUT5 (Prop_lut5_I3_O)        0.124    15.127 r  u_cpu/dut_pc/pc_target1_carry__4_i_10/O
                         net (fo=7, routed)           0.652    15.779    u_cpu/dut_pc/pc_target1_carry__4_i_10_n_0
    SLICE_X38Y36         LUT3 (Prop_lut3_I2_O)        0.124    15.903 r  u_cpu/dut_pc/pc_target1_carry__4_i_2/O
                         net (fo=7, routed)           0.696    16.599    u_cpu/dut_pc/instruction_hold_valid_q_reg[16]
    SLICE_X38Y36         LUT4 (Prop_lut4_I3_O)        0.124    16.723 r  u_cpu/dut_pc/result0_carry__4_i_10/O
                         net (fo=6, routed)           0.607    17.330    u_cpu/dut_pc/src_b[22]
    SLICE_X36Y33         LUT2 (Prop_lut2_I1_O)        0.124    17.454 r  u_cpu/dut_pc/result0_carry__4_i_6/O
                         net (fo=1, routed)           0.000    17.454    u_cpu/dut_alu/mem_addr_q[20]_i_12_0[2]
    SLICE_X36Y33         CARRY4 (Prop_carry4_S[2]_CO[3])
                                                      0.398    17.852 r  u_cpu/dut_alu/result0_carry__4/CO[3]
                         net (fo=1, routed)           0.000    17.852    u_cpu/dut_alu/result0_carry__4_n_0
    SLICE_X36Y34         CARRY4 (Prop_carry4_CI_O[3])
                                                      0.313    18.165 r  u_cpu/dut_alu/result0_carry__5/O[3]
                         net (fo=1, routed)           1.047    19.212    u_cpu/dut_alu/data0[27]
    SLICE_X42Y36         LUT4 (Prop_lut4_I0_O)        0.306    19.518 r  u_cpu/dut_alu/mem_addr_q[27]_i_8/O
                         net (fo=1, routed)           0.305    19.823    u_cpu/dut_pc/pc[31]_i_27_0
    SLICE_X42Y38         LUT6 (Prop_lut6_I5_O)        0.124    19.947 r  u_cpu/dut_pc/mem_addr_q[27]_i_4/O
                         net (fo=2, routed)           0.589    20.536    u_cpu/dut_pc/mem_addr_q[27]_i_4_n_0
    SLICE_X45Y38         LUT5 (Prop_lut5_I1_O)        0.124    20.660 r  u_cpu/dut_pc/mem_addr_q[27]_i_2/O
                         net (fo=3, routed)           0.819    21.479    u_cpu/dut_pc/cpu_mem_addr[27]
    SLICE_X46Y38         LUT5 (Prop_lut5_I3_O)        0.124    21.603 f  u_cpu/dut_pc/refill_word_q[1]_i_8/O
                         net (fo=1, routed)           0.612    22.215    u_cpu/dut_pc/refill_word_q[1]_i_8_n_0
    SLICE_X47Y33         LUT5 (Prop_lut5_I4_O)        0.124    22.339 f  u_cpu/dut_pc/refill_word_q[1]_i_4/O
                         net (fo=165, routed)         1.549    23.888    u_l1_icache/icache_invalidate
    SLICE_X45Y11         LUT6 (Prop_lut6_I0_O)        0.124    24.012 r  u_l1_icache/data_array[8][1][31]_i_1/O
                         net (fo=32, routed)          1.170    25.182    u_l1_icache/data_array[8][1][31]_i_1_n_0
    SLICE_X51Y14         FDRE                                         r  u_l1_icache/data_array_reg[8][1][24]/CE
  -------------------------------------------------------------------    -------------------

                         (clock CLK rise edge)       20.000    20.000 r  
    M18                                               0.000    20.000 r  clk (IN)
                         net (fo=0)                   0.000    20.000    clk
    M18                  IBUF (Prop_ibuf_I_O)         0.805    20.805 r  clk_IBUF_inst/O
                         net (fo=1, routed)           1.868    22.673    clk_IBUF
    BUFGCTRL_X0Y0        BUFG (Prop_bufg_I_O)         0.091    22.764 r  clk_IBUF_BUFG_inst/O
                         net (fo=11156, routed)       1.447    24.211    u_l1_icache/clk_IBUF_BUFG
    SLICE_X51Y14         FDRE                                         r  u_l1_icache/data_array_reg[8][1][24]/C
                         clock pessimism              0.322    24.533    
                         clock uncertainty           -0.335    24.198    
    SLICE_X51Y14         FDRE (Setup_fdre_C_CE)      -0.205    23.993    u_l1_icache/data_array_reg[8][1][24]
  -------------------------------------------------------------------
                         required time                         23.993    
                         arrival time                         -25.182    
  -------------------------------------------------------------------
                         slack                                 -1.190    

Slack (VIOLATED) :        -1.190ns  (required time - arrival time)
  Source:                 u_cpu/dut_pc/pc_reg[4]_rep__8/C
                            (rising edge-triggered cell FDRE clocked by CLK  {rise@0.000ns fall@10.000ns period=20.000ns})
  Destination:            u_l1_icache/data_array_reg[8][1][27]/CE
                            (rising edge-triggered cell FDRE clocked by CLK  {rise@0.000ns fall@10.000ns period=20.000ns})
  Path Group:             CLK
  Path Type:              Setup (Max at Slow Process Corner)
  Requirement:            20.000ns  (CLK rise@20.000ns - CLK rise@0.000ns)
  Data Path Delay:        20.629ns  (logic 4.481ns (21.722%)  route 16.148ns (78.278%))
  Logic Levels:           21  (CARRY4=4 LUT2=1 LUT3=1 LUT4=3 LUT5=5 LUT6=6 RAMD32=1)
  Clock Path Skew:        -0.020ns (DCD - SCD + CPR)
    Destination Clock Delay (DCD):    4.211ns = ( 24.211 - 20.000 ) 
    Source Clock Delay      (SCD):    4.553ns
    Clock Pessimism Removal (CPR):    0.322ns
  Clock Uncertainty:      0.335ns  ((TSJ^2 + TIJ^2)^1/2 + DJ) / 2 + PE + UU
    Total System Jitter     (TSJ):    0.071ns
    Total Input Jitter      (TIJ):    0.000ns
    Discrete Jitter          (DJ):    0.000ns
    Phase Error              (PE):    0.000ns
    User Uncertainty         (UU):    0.300ns

    Location             Delay type                Incr(ns)  Path(ns)    Netlist Resource(s)
  -------------------------------------------------------------------    -------------------
                         (clock CLK rise edge)        0.000     0.000 r  
    M18                                               0.000     0.000 r  clk (IN)
                         net (fo=0)                   0.000     0.000    clk
    M18                  IBUF (Prop_ibuf_I_O)         0.938     0.938 r  clk_IBUF_inst/O
                         net (fo=1, routed)           1.972     2.910    clk_IBUF
    BUFGCTRL_X0Y0        BUFG (Prop_bufg_I_O)         0.096     3.006 r  clk_IBUF_BUFG_inst/O
                         net (fo=11156, routed)       1.547     4.553    u_cpu/dut_pc/clk_IBUF_BUFG
    SLICE_X47Y25         FDRE                                         r  u_cpu/dut_pc/pc_reg[4]_rep__8/C
  -------------------------------------------------------------------    -------------------
    SLICE_X47Y25         FDRE (Prop_fdre_C_Q)         0.419     4.972 r  u_cpu/dut_pc/pc_reg[4]_rep__8/Q
                         net (fo=130, routed)         1.643     6.615    u_l1_icache/tag_array_reg_0_31_0_5/ADDRC0
    SLICE_X46Y22         RAMD32 (Prop_ramd32_RADR0_O)
                                                      0.328     6.943 r  u_l1_icache/tag_array_reg_0_31_0_5/RAMC/O
                         net (fo=1, routed)           0.676     7.619    u_cpu/dut_pc/lookup_hit1[4]
    SLICE_X42Y22         LUT6 (Prop_lut6_I1_O)        0.331     7.950 r  u_cpu/dut_pc/cpu_stall_debug_OBUF_inst_i_38/O
                         net (fo=1, routed)           0.000     7.950    u_cpu/dut_pc/cpu_stall_debug_OBUF_inst_i_38_n_0
    SLICE_X42Y22         CARRY4 (Prop_carry4_S[1]_CO[3])
                                                      0.533     8.483 r  u_cpu/dut_pc/cpu_stall_debug_OBUF_inst_i_23/CO[3]
                         net (fo=1, routed)           0.000     8.483    u_cpu/dut_pc/cpu_stall_debug_OBUF_inst_i_23_n_0
    SLICE_X42Y23         CARRY4 (Prop_carry4_CI_CO[3])
                                                      0.117     8.600 r  u_cpu/dut_pc/cpu_stall_debug_OBUF_inst_i_7/CO[3]
                         net (fo=4, routed)           0.948     9.548    u_cpu/dut_pc/u_l1_icache/lookup_hit0
    SLICE_X40Y22         LUT6 (Prop_lut6_I1_O)        0.124     9.672 r  u_cpu/dut_pc/registers_reg_r1_0_31_0_5_i_29/O
                         net (fo=33, routed)          1.119    10.791    u_cpu/dut_pc/registers_reg_r1_0_31_0_5_i_29_n_0
    SLICE_X34Y20         LUT6 (Prop_lut6_I4_O)        0.124    10.915 r  u_cpu/dut_pc/instr_debug[14]_i_1/O
                         net (fo=13, routed)          0.846    11.761    u_cpu/dut_pc/cpu_mem_funct3[2]
    SLICE_X33Y20         LUT4 (Prop_lut4_I0_O)        0.124    11.885 r  u_cpu/dut_pc/pc_target1_carry_i_19/O
                         net (fo=1, routed)           0.620    12.505    u_cpu/dut_pc/pc_target1_carry_i_19_n_0
    SLICE_X33Y21         LUT5 (Prop_lut5_I0_O)        0.124    12.629 r  u_cpu/dut_pc/pc_target1_carry_i_12/O
                         net (fo=39, routed)          0.910    13.540    u_cpu/dut_pc/imm_sel[2]
    SLICE_X34Y21         LUT6 (Prop_lut6_I0_O)        0.124    13.664 r  u_cpu/dut_pc/pc_target1_carry__2_i_9/O
                         net (fo=18, routed)          1.339    15.003    u_cpu/dut_pc/pc_target1_carry__2_i_9_n_0
    SLICE_X38Y33         LUT5 (Prop_lut5_I3_O)        0.124    15.127 r  u_cpu/dut_pc/pc_target1_carry__4_i_10/O
                         net (fo=7, routed)           0.652    15.779    u_cpu/dut_pc/pc_target1_carry__4_i_10_n_0
    SLICE_X38Y36         LUT3 (Prop_lut3_I2_O)        0.124    15.903 r  u_cpu/dut_pc/pc_target1_carry__4_i_2/O
                         net (fo=7, routed)           0.696    16.599    u_cpu/dut_pc/instruction_hold_valid_q_reg[16]
    SLICE_X38Y36         LUT4 (Prop_lut4_I3_O)        0.124    16.723 r  u_cpu/dut_pc/result0_carry__4_i_10/O
                         net (fo=6, routed)           0.607    17.330    u_cpu/dut_pc/src_b[22]
    SLICE_X36Y33         LUT2 (Prop_lut2_I1_O)        0.124    17.454 r  u_cpu/dut_pc/result0_carry__4_i_6/O
                         net (fo=1, routed)           0.000    17.454    u_cpu/dut_alu/mem_addr_q[20]_i_12_0[2]
    SLICE_X36Y33         CARRY4 (Prop_carry4_S[2]_CO[3])
                                                      0.398    17.852 r  u_cpu/dut_alu/result0_carry__4/CO[3]
                         net (fo=1, routed)           0.000    17.852    u_cpu/dut_alu/result0_carry__4_n_0
    SLICE_X36Y34         CARRY4 (Prop_carry4_CI_O[3])
                                                      0.313    18.165 r  u_cpu/dut_alu/result0_carry__5/O[3]
                         net (fo=1, routed)           1.047    19.212    u_cpu/dut_alu/data0[27]
    SLICE_X42Y36         LUT4 (Prop_lut4_I0_O)        0.306    19.518 r  u_cpu/dut_alu/mem_addr_q[27]_i_8/O
                         net (fo=1, routed)           0.305    19.823    u_cpu/dut_pc/pc[31]_i_27_0
    SLICE_X42Y38         LUT6 (Prop_lut6_I5_O)        0.124    19.947 r  u_cpu/dut_pc/mem_addr_q[27]_i_4/O
                         net (fo=2, routed)           0.589    20.536    u_cpu/dut_pc/mem_addr_q[27]_i_4_n_0
    SLICE_X45Y38         LUT5 (Prop_lut5_I1_O)        0.124    20.660 r  u_cpu/dut_pc/mem_addr_q[27]_i_2/O
                         net (fo=3, routed)           0.819    21.479    u_cpu/dut_pc/cpu_mem_addr[27]
    SLICE_X46Y38         LUT5 (Prop_lut5_I3_O)        0.124    21.603 f  u_cpu/dut_pc/refill_word_q[1]_i_8/O
                         net (fo=1, routed)           0.612    22.215    u_cpu/dut_pc/refill_word_q[1]_i_8_n_0
    SLICE_X47Y33         LUT5 (Prop_lut5_I4_O)        0.124    22.339 f  u_cpu/dut_pc/refill_word_q[1]_i_4/O
                         net (fo=165, routed)         1.549    23.888    u_l1_icache/icache_invalidate
    SLICE_X45Y11         LUT6 (Prop_lut6_I0_O)        0.124    24.012 r  u_l1_icache/data_array[8][1][31]_i_1/O
                         net (fo=32, routed)          1.170    25.182    u_l1_icache/data_array[8][1][31]_i_1_n_0
    SLICE_X51Y14         FDRE                                         r  u_l1_icache/data_array_reg[8][1][27]/CE
  -------------------------------------------------------------------    -------------------

                         (clock CLK rise edge)       20.000    20.000 r  
    M18                                               0.000    20.000 r  clk (IN)
                         net (fo=0)                   0.000    20.000    clk
    M18                  IBUF (Prop_ibuf_I_O)         0.805    20.805 r  clk_IBUF_inst/O
                         net (fo=1, routed)           1.868    22.673    clk_IBUF
    BUFGCTRL_X0Y0        BUFG (Prop_bufg_I_O)         0.091    22.764 r  clk_IBUF_BUFG_inst/O
                         net (fo=11156, routed)       1.447    24.211    u_l1_icache/clk_IBUF_BUFG
    SLICE_X51Y14         FDRE                                         r  u_l1_icache/data_array_reg[8][1][27]/C
                         clock pessimism              0.322    24.533    
                         clock uncertainty           -0.335    24.198    
    SLICE_X51Y14         FDRE (Setup_fdre_C_CE)      -0.205    23.993    u_l1_icache/data_array_reg[8][1][27]
  -------------------------------------------------------------------
                         required time                         23.993    
                         arrival time                         -25.182    
  -------------------------------------------------------------------
                         slack                                 -1.190    

Slack (VIOLATED) :        -1.190ns  (required time - arrival time)
  Source:                 u_cpu/dut_pc/pc_reg[4]_rep__8/C
                            (rising edge-triggered cell FDRE clocked by CLK  {rise@0.000ns fall@10.000ns period=20.000ns})
  Destination:            u_l1_icache/data_array_reg[8][1][8]/CE
                            (rising edge-triggered cell FDRE clocked by CLK  {rise@0.000ns fall@10.000ns period=20.000ns})
  Path Group:             CLK
  Path Type:              Setup (Max at Slow Process Corner)
  Requirement:            20.000ns  (CLK rise@20.000ns - CLK rise@0.000ns)
  Data Path Delay:        20.629ns  (logic 4.481ns (21.722%)  route 16.148ns (78.278%))
  Logic Levels:           21  (CARRY4=4 LUT2=1 LUT3=1 LUT4=3 LUT5=5 LUT6=6 RAMD32=1)
  Clock Path Skew:        -0.020ns (DCD - SCD + CPR)
    Destination Clock Delay (DCD):    4.211ns = ( 24.211 - 20.000 ) 
    Source Clock Delay      (SCD):    4.553ns
    Clock Pessimism Removal (CPR):    0.322ns
  Clock Uncertainty:      0.335ns  ((TSJ^2 + TIJ^2)^1/2 + DJ) / 2 + PE + UU
    Total System Jitter     (TSJ):    0.071ns
    Total Input Jitter      (TIJ):    0.000ns
    Discrete Jitter          (DJ):    0.000ns
    Phase Error              (PE):    0.000ns
    User Uncertainty         (UU):    0.300ns

    Location             Delay type                Incr(ns)  Path(ns)    Netlist Resource(s)
  -------------------------------------------------------------------    -------------------
                         (clock CLK rise edge)        0.000     0.000 r  
    M18                                               0.000     0.000 r  clk (IN)
                         net (fo=0)                   0.000     0.000    clk
    M18                  IBUF (Prop_ibuf_I_O)         0.938     0.938 r  clk_IBUF_inst/O
                         net (fo=1, routed)           1.972     2.910    clk_IBUF
    BUFGCTRL_X0Y0        BUFG (Prop_bufg_I_O)         0.096     3.006 r  clk_IBUF_BUFG_inst/O
                         net (fo=11156, routed)       1.547     4.553    u_cpu/dut_pc/clk_IBUF_BUFG
    SLICE_X47Y25         FDRE                                         r  u_cpu/dut_pc/pc_reg[4]_rep__8/C
  -------------------------------------------------------------------    -------------------
    SLICE_X47Y25         FDRE (Prop_fdre_C_Q)         0.419     4.972 r  u_cpu/dut_pc/pc_reg[4]_rep__8/Q
                         net (fo=130, routed)         1.643     6.615    u_l1_icache/tag_array_reg_0_31_0_5/ADDRC0
    SLICE_X46Y22         RAMD32 (Prop_ramd32_RADR0_O)
                                                      0.328     6.943 r  u_l1_icache/tag_array_reg_0_31_0_5/RAMC/O
                         net (fo=1, routed)           0.676     7.619    u_cpu/dut_pc/lookup_hit1[4]
    SLICE_X42Y22         LUT6 (Prop_lut6_I1_O)        0.331     7.950 r  u_cpu/dut_pc/cpu_stall_debug_OBUF_inst_i_38/O
                         net (fo=1, routed)           0.000     7.950    u_cpu/dut_pc/cpu_stall_debug_OBUF_inst_i_38_n_0
    SLICE_X42Y22         CARRY4 (Prop_carry4_S[1]_CO[3])
                                                      0.533     8.483 r  u_cpu/dut_pc/cpu_stall_debug_OBUF_inst_i_23/CO[3]
                         net (fo=1, routed)           0.000     8.483    u_cpu/dut_pc/cpu_stall_debug_OBUF_inst_i_23_n_0
    SLICE_X42Y23         CARRY4 (Prop_carry4_CI_CO[3])
                                                      0.117     8.600 r  u_cpu/dut_pc/cpu_stall_debug_OBUF_inst_i_7/CO[3]
                         net (fo=4, routed)           0.948     9.548    u_cpu/dut_pc/u_l1_icache/lookup_hit0
    SLICE_X40Y22         LUT6 (Prop_lut6_I1_O)        0.124     9.672 r  u_cpu/dut_pc/registers_reg_r1_0_31_0_5_i_29/O
                         net (fo=33, routed)          1.119    10.791    u_cpu/dut_pc/registers_reg_r1_0_31_0_5_i_29_n_0
    SLICE_X34Y20         LUT6 (Prop_lut6_I4_O)        0.124    10.915 r  u_cpu/dut_pc/instr_debug[14]_i_1/O
                         net (fo=13, routed)          0.846    11.761    u_cpu/dut_pc/cpu_mem_funct3[2]
    SLICE_X33Y20         LUT4 (Prop_lut4_I0_O)        0.124    11.885 r  u_cpu/dut_pc/pc_target1_carry_i_19/O
                         net (fo=1, routed)           0.620    12.505    u_cpu/dut_pc/pc_target1_carry_i_19_n_0
    SLICE_X33Y21         LUT5 (Prop_lut5_I0_O)        0.124    12.629 r  u_cpu/dut_pc/pc_target1_carry_i_12/O
                         net (fo=39, routed)          0.910    13.540    u_cpu/dut_pc/imm_sel[2]
    SLICE_X34Y21         LUT6 (Prop_lut6_I0_O)        0.124    13.664 r  u_cpu/dut_pc/pc_target1_carry__2_i_9/O
                         net (fo=18, routed)          1.339    15.003    u_cpu/dut_pc/pc_target1_carry__2_i_9_n_0
    SLICE_X38Y33         LUT5 (Prop_lut5_I3_O)        0.124    15.127 r  u_cpu/dut_pc/pc_target1_carry__4_i_10/O
                         net (fo=7, routed)           0.652    15.779    u_cpu/dut_pc/pc_target1_carry__4_i_10_n_0
    SLICE_X38Y36         LUT3 (Prop_lut3_I2_O)        0.124    15.903 r  u_cpu/dut_pc/pc_target1_carry__4_i_2/O
                         net (fo=7, routed)           0.696    16.599    u_cpu/dut_pc/instruction_hold_valid_q_reg[16]
    SLICE_X38Y36         LUT4 (Prop_lut4_I3_O)        0.124    16.723 r  u_cpu/dut_pc/result0_carry__4_i_10/O
                         net (fo=6, routed)           0.607    17.330    u_cpu/dut_pc/src_b[22]
    SLICE_X36Y33         LUT2 (Prop_lut2_I1_O)        0.124    17.454 r  u_cpu/dut_pc/result0_carry__4_i_6/O
                         net (fo=1, routed)           0.000    17.454    u_cpu/dut_alu/mem_addr_q[20]_i_12_0[2]
    SLICE_X36Y33         CARRY4 (Prop_carry4_S[2]_CO[3])
                                                      0.398    17.852 r  u_cpu/dut_alu/result0_carry__4/CO[3]
                         net (fo=1, routed)           0.000    17.852    u_cpu/dut_alu/result0_carry__4_n_0
    SLICE_X36Y34         CARRY4 (Prop_carry4_CI_O[3])
                                                      0.313    18.165 r  u_cpu/dut_alu/result0_carry__5/O[3]
                         net (fo=1, routed)           1.047    19.212    u_cpu/dut_alu/data0[27]
    SLICE_X42Y36         LUT4 (Prop_lut4_I0_O)        0.306    19.518 r  u_cpu/dut_alu/mem_addr_q[27]_i_8/O
                         net (fo=1, routed)           0.305    19.823    u_cpu/dut_pc/pc[31]_i_27_0
    SLICE_X42Y38         LUT6 (Prop_lut6_I5_O)        0.124    19.947 r  u_cpu/dut_pc/mem_addr_q[27]_i_4/O
                         net (fo=2, routed)           0.589    20.536    u_cpu/dut_pc/mem_addr_q[27]_i_4_n_0
    SLICE_X45Y38         LUT5 (Prop_lut5_I1_O)        0.124    20.660 r  u_cpu/dut_pc/mem_addr_q[27]_i_2/O
                         net (fo=3, routed)           0.819    21.479    u_cpu/dut_pc/cpu_mem_addr[27]
    SLICE_X46Y38         LUT5 (Prop_lut5_I3_O)        0.124    21.603 f  u_cpu/dut_pc/refill_word_q[1]_i_8/O
                         net (fo=1, routed)           0.612    22.215    u_cpu/dut_pc/refill_word_q[1]_i_8_n_0
    SLICE_X47Y33         LUT5 (Prop_lut5_I4_O)        0.124    22.339 f  u_cpu/dut_pc/refill_word_q[1]_i_4/O
                         net (fo=165, routed)         1.549    23.888    u_l1_icache/icache_invalidate
    SLICE_X45Y11         LUT6 (Prop_lut6_I0_O)        0.124    24.012 r  u_l1_icache/data_array[8][1][31]_i_1/O
                         net (fo=32, routed)          1.170    25.182    u_l1_icache/data_array[8][1][31]_i_1_n_0
    SLICE_X51Y14         FDRE                                         r  u_l1_icache/data_array_reg[8][1][8]/CE
  -------------------------------------------------------------------    -------------------

                         (clock CLK rise edge)       20.000    20.000 r  
    M18                                               0.000    20.000 r  clk (IN)
                         net (fo=0)                   0.000    20.000    clk
    M18                  IBUF (Prop_ibuf_I_O)         0.805    20.805 r  clk_IBUF_inst/O
                         net (fo=1, routed)           1.868    22.673    clk_IBUF
    BUFGCTRL_X0Y0        BUFG (Prop_bufg_I_O)         0.091    22.764 r  clk_IBUF_BUFG_inst/O
                         net (fo=11156, routed)       1.447    24.211    u_l1_icache/clk_IBUF_BUFG
    SLICE_X51Y14         FDRE                                         r  u_l1_icache/data_array_reg[8][1][8]/C
                         clock pessimism              0.322    24.533    
                         clock uncertainty           -0.335    24.198    
    SLICE_X51Y14         FDRE (Setup_fdre_C_CE)      -0.205    23.993    u_l1_icache/data_array_reg[8][1][8]
  -------------------------------------------------------------------
                         required time                         23.993    
                         arrival time                         -25.182    
  -------------------------------------------------------------------
                         slack                                 -1.190    

Slack (VIOLATED) :        -1.184ns  (required time - arrival time)
  Source:                 u_cpu/dut_pc/pc_reg[4]_rep__8/C
                            (rising edge-triggered cell FDRE clocked by CLK  {rise@0.000ns fall@10.000ns period=20.000ns})
  Destination:            u_cpu/dut_pc/pc_reg[8]/D
                            (rising edge-triggered cell FDRE clocked by CLK  {rise@0.000ns fall@10.000ns period=20.000ns})
  Path Group:             CLK
  Path Type:              Setup (Max at Slow Process Corner)
  Requirement:            20.000ns  (CLK rise@20.000ns - CLK rise@0.000ns)
  Data Path Delay:        20.737ns  (logic 4.527ns (21.831%)  route 16.210ns (78.169%))
  Logic Levels:           22  (CARRY4=4 LUT2=1 LUT3=1 LUT4=3 LUT5=3 LUT6=9 RAMD32=1)
  Clock Path Skew:        -0.031ns (DCD - SCD + CPR)
    Destination Clock Delay (DCD):    4.200ns = ( 24.200 - 20.000 ) 
    Source Clock Delay      (SCD):    4.553ns
    Clock Pessimism Removal (CPR):    0.322ns
  Clock Uncertainty:      0.335ns  ((TSJ^2 + TIJ^2)^1/2 + DJ) / 2 + PE + UU
    Total System Jitter     (TSJ):    0.071ns
    Total Input Jitter      (TIJ):    0.000ns
    Discrete Jitter          (DJ):    0.000ns
    Phase Error              (PE):    0.000ns
    User Uncertainty         (UU):    0.300ns

    Location             Delay type                Incr(ns)  Path(ns)    Netlist Resource(s)
  -------------------------------------------------------------------    -------------------
                         (clock CLK rise edge)        0.000     0.000 r  
    M18                                               0.000     0.000 r  clk (IN)
                         net (fo=0)                   0.000     0.000    clk
    M18                  IBUF (Prop_ibuf_I_O)         0.938     0.938 r  clk_IBUF_inst/O
                         net (fo=1, routed)           1.972     2.910    clk_IBUF
    BUFGCTRL_X0Y0        BUFG (Prop_bufg_I_O)         0.096     3.006 r  clk_IBUF_BUFG_inst/O
                         net (fo=11156, routed)       1.547     4.553    u_cpu/dut_pc/clk_IBUF_BUFG
    SLICE_X47Y25         FDRE                                         r  u_cpu/dut_pc/pc_reg[4]_rep__8/C
  -------------------------------------------------------------------    -------------------
    SLICE_X47Y25         FDRE (Prop_fdre_C_Q)         0.419     4.972 r  u_cpu/dut_pc/pc_reg[4]_rep__8/Q
                         net (fo=130, routed)         1.643     6.615    u_l1_icache/tag_array_reg_0_31_0_5/ADDRC0
    SLICE_X46Y22         RAMD32 (Prop_ramd32_RADR0_O)
                                                      0.328     6.943 r  u_l1_icache/tag_array_reg_0_31_0_5/RAMC/O
                         net (fo=1, routed)           0.676     7.619    u_cpu/dut_pc/lookup_hit1[4]
    SLICE_X42Y22         LUT6 (Prop_lut6_I1_O)        0.331     7.950 r  u_cpu/dut_pc/cpu_stall_debug_OBUF_inst_i_38/O
                         net (fo=1, routed)           0.000     7.950    u_cpu/dut_pc/cpu_stall_debug_OBUF_inst_i_38_n_0
    SLICE_X42Y22         CARRY4 (Prop_carry4_S[1]_CO[3])
                                                      0.533     8.483 r  u_cpu/dut_pc/cpu_stall_debug_OBUF_inst_i_23/CO[3]
                         net (fo=1, routed)           0.000     8.483    u_cpu/dut_pc/cpu_stall_debug_OBUF_inst_i_23_n_0
    SLICE_X42Y23         CARRY4 (Prop_carry4_CI_CO[3])
                                                      0.117     8.600 r  u_cpu/dut_pc/cpu_stall_debug_OBUF_inst_i_7/CO[3]
                         net (fo=4, routed)           0.948     9.548    u_cpu/dut_pc/u_l1_icache/lookup_hit0
    SLICE_X40Y22         LUT6 (Prop_lut6_I1_O)        0.124     9.672 r  u_cpu/dut_pc/registers_reg_r1_0_31_0_5_i_29/O
                         net (fo=33, routed)          1.119    10.791    u_cpu/dut_pc/registers_reg_r1_0_31_0_5_i_29_n_0
    SLICE_X34Y20         LUT6 (Prop_lut6_I4_O)        0.124    10.915 r  u_cpu/dut_pc/instr_debug[14]_i_1/O
                         net (fo=13, routed)          0.846    11.761    u_cpu/dut_pc/cpu_mem_funct3[2]
    SLICE_X33Y20         LUT4 (Prop_lut4_I0_O)        0.124    11.885 r  u_cpu/dut_pc/pc_target1_carry_i_19/O
                         net (fo=1, routed)           0.620    12.505    u_cpu/dut_pc/pc_target1_carry_i_19_n_0
    SLICE_X33Y21         LUT5 (Prop_lut5_I0_O)        0.124    12.629 r  u_cpu/dut_pc/pc_target1_carry_i_12/O
                         net (fo=39, routed)          0.910    13.540    u_cpu/dut_pc/imm_sel[2]
    SLICE_X34Y21         LUT6 (Prop_lut6_I0_O)        0.124    13.664 r  u_cpu/dut_pc/pc_target1_carry__2_i_9/O
                         net (fo=18, routed)          1.339    15.003    u_cpu/dut_pc/pc_target1_carry__2_i_9_n_0
    SLICE_X38Y33         LUT5 (Prop_lut5_I3_O)        0.124    15.127 r  u_cpu/dut_pc/pc_target1_carry__4_i_10/O
                         net (fo=7, routed)           0.652    15.779    u_cpu/dut_pc/pc_target1_carry__4_i_10_n_0
    SLICE_X38Y36         LUT3 (Prop_lut3_I2_O)        0.124    15.903 r  u_cpu/dut_pc/pc_target1_carry__4_i_2/O
                         net (fo=7, routed)           0.696    16.599    u_cpu/dut_pc/instruction_hold_valid_q_reg[16]
    SLICE_X38Y36         LUT4 (Prop_lut4_I3_O)        0.124    16.723 r  u_cpu/dut_pc/result0_carry__4_i_10/O
                         net (fo=6, routed)           0.600    17.324    u_cpu/dut_pc/src_b[22]
    SLICE_X37Y32         LUT2 (Prop_lut2_I1_O)        0.124    17.448 r  u_cpu/dut_pc/i__carry__4_i_2/O
                         net (fo=1, routed)           0.000    17.448    u_cpu/dut_alu/mem_addr_q[20]_i_12_1[2]
    SLICE_X37Y32         CARRY4 (Prop_carry4_S[2]_CO[3])
                                                      0.398    17.846 r  u_cpu/dut_alu/result0_inferred__0/i__carry__4/CO[3]
                         net (fo=1, routed)           0.000    17.846    u_cpu/dut_alu/result0_inferred__0/i__carry__4_n_0
    SLICE_X37Y33         CARRY4 (Prop_carry4_CI_O[2])
                                                      0.239    18.085 f  u_cpu/dut_alu/result0_inferred__0/i__carry__5/O[2]
                         net (fo=1, routed)           0.938    19.023    u_cpu/dut_alu/data1[26]
    SLICE_X39Y38         LUT4 (Prop_lut4_I2_O)        0.302    19.325 f  u_cpu/dut_alu/mem_addr_q[26]_i_8/O
                         net (fo=1, routed)           0.409    19.734    u_cpu/dut_pc/mem_addr_q[26]_i_2_0
    SLICE_X41Y38         LUT6 (Prop_lut6_I5_O)        0.124    19.858 f  u_cpu/dut_pc/mem_addr_q[26]_i_4/O
                         net (fo=1, routed)           0.430    20.288    u_cpu/dut_pc/mem_addr_q[26]_i_4_n_0
    SLICE_X42Y38         LUT5 (Prop_lut5_I1_O)        0.124    20.412 f  u_cpu/dut_pc/mem_addr_q[26]_i_2/O
                         net (fo=5, routed)           1.122    21.534    u_cpu/dut_pc/cpu_mem_addr[26]
    SLICE_X48Y36         LUT6 (Prop_lut6_I5_O)        0.124    21.658 r  u_cpu/dut_pc/pc[31]_i_19/O
                         net (fo=1, routed)           0.642    22.300    u_cpu/dut_pc/pc[31]_i_19_n_0
    SLICE_X48Y34         LUT6 (Prop_lut6_I5_O)        0.124    22.424 r  u_cpu/dut_pc/pc[31]_i_10/O
                         net (fo=2, routed)           0.630    23.054    u_cpu/dut_pc/pc[31]_i_10_n_0
    SLICE_X50Y30         LUT6 (Prop_lut6_I0_O)        0.124    23.178 r  u_cpu/dut_pc/pc[31]_i_5/O
                         net (fo=59, routed)          1.130    24.308    u_cpu/dut_pc/pc[31]_i_5_n_0
    SLICE_X45Y27         LUT6 (Prop_lut6_I1_O)        0.124    24.432 r  u_cpu/dut_pc/pc[8]_i_1/O
                         net (fo=1, routed)           0.857    25.290    u_cpu/dut_pc/pc_next[8]
    SLICE_X45Y21         FDRE                                         r  u_cpu/dut_pc/pc_reg[8]/D
  -------------------------------------------------------------------    -------------------

                         (clock CLK rise edge)       20.000    20.000 r  
    M18                                               0.000    20.000 r  clk (IN)
                         net (fo=0)                   0.000    20.000    clk
    M18                  IBUF (Prop_ibuf_I_O)         0.805    20.805 r  clk_IBUF_inst/O
                         net (fo=1, routed)           1.868    22.673    clk_IBUF
    BUFGCTRL_X0Y0        BUFG (Prop_bufg_I_O)         0.091    22.764 r  clk_IBUF_BUFG_inst/O
                         net (fo=11156, routed)       1.436    24.200    u_cpu/dut_pc/clk_IBUF_BUFG
    SLICE_X45Y21         FDRE                                         r  u_cpu/dut_pc/pc_reg[8]/C
                         clock pessimism              0.322    24.522    
                         clock uncertainty           -0.335    24.187    
    SLICE_X45Y21         FDRE (Setup_fdre_C_D)       -0.081    24.106    u_cpu/dut_pc/pc_reg[8]
  -------------------------------------------------------------------
                         required time                         24.106    
                         arrival time                         -25.290    
  -------------------------------------------------------------------
                         slack                                 -1.184    

Slack (VIOLATED) :        -1.166ns  (required time - arrival time)
  Source:                 u_cpu/dut_pc/pc_reg[4]_rep__8/C
                            (rising edge-triggered cell FDRE clocked by CLK  {rise@0.000ns fall@10.000ns period=20.000ns})
  Destination:            u_cpu/dut_pc/pc_reg[6]_rep__0/D
                            (rising edge-triggered cell FDRE clocked by CLK  {rise@0.000ns fall@10.000ns period=20.000ns})
  Path Group:             CLK
  Path Type:              Setup (Max at Slow Process Corner)
  Requirement:            20.000ns  (CLK rise@20.000ns - CLK rise@0.000ns)
  Data Path Delay:        20.720ns  (logic 4.527ns (21.848%)  route 16.193ns (78.152%))
  Logic Levels:           22  (CARRY4=4 LUT2=1 LUT3=1 LUT4=3 LUT5=3 LUT6=9 RAMD32=1)
  Clock Path Skew:        -0.030ns (DCD - SCD + CPR)
    Destination Clock Delay (DCD):    4.201ns = ( 24.201 - 20.000 ) 
    Source Clock Delay      (SCD):    4.553ns
    Clock Pessimism Removal (CPR):    0.322ns
  Clock Uncertainty:      0.335ns  ((TSJ^2 + TIJ^2)^1/2 + DJ) / 2 + PE + UU
    Total System Jitter     (TSJ):    0.071ns
    Total Input Jitter      (TIJ):    0.000ns
    Discrete Jitter          (DJ):    0.000ns
    Phase Error              (PE):    0.000ns
    User Uncertainty         (UU):    0.300ns

    Location             Delay type                Incr(ns)  Path(ns)    Netlist Resource(s)
  -------------------------------------------------------------------    -------------------
                         (clock CLK rise edge)        0.000     0.000 r  
    M18                                               0.000     0.000 r  clk (IN)
                         net (fo=0)                   0.000     0.000    clk
    M18                  IBUF (Prop_ibuf_I_O)         0.938     0.938 r  clk_IBUF_inst/O
                         net (fo=1, routed)           1.972     2.910    clk_IBUF
    BUFGCTRL_X0Y0        BUFG (Prop_bufg_I_O)         0.096     3.006 r  clk_IBUF_BUFG_inst/O
                         net (fo=11156, routed)       1.547     4.553    u_cpu/dut_pc/clk_IBUF_BUFG
    SLICE_X47Y25         FDRE                                         r  u_cpu/dut_pc/pc_reg[4]_rep__8/C
  -------------------------------------------------------------------    -------------------
    SLICE_X47Y25         FDRE (Prop_fdre_C_Q)         0.419     4.972 r  u_cpu/dut_pc/pc_reg[4]_rep__8/Q
                         net (fo=130, routed)         1.643     6.615    u_l1_icache/tag_array_reg_0_31_0_5/ADDRC0
    SLICE_X46Y22         RAMD32 (Prop_ramd32_RADR0_O)
                                                      0.328     6.943 r  u_l1_icache/tag_array_reg_0_31_0_5/RAMC/O
                         net (fo=1, routed)           0.676     7.619    u_cpu/dut_pc/lookup_hit1[4]
    SLICE_X42Y22         LUT6 (Prop_lut6_I1_O)        0.331     7.950 r  u_cpu/dut_pc/cpu_stall_debug_OBUF_inst_i_38/O
                         net (fo=1, routed)           0.000     7.950    u_cpu/dut_pc/cpu_stall_debug_OBUF_inst_i_38_n_0
    SLICE_X42Y22         CARRY4 (Prop_carry4_S[1]_CO[3])
                                                      0.533     8.483 r  u_cpu/dut_pc/cpu_stall_debug_OBUF_inst_i_23/CO[3]
                         net (fo=1, routed)           0.000     8.483    u_cpu/dut_pc/cpu_stall_debug_OBUF_inst_i_23_n_0
    SLICE_X42Y23         CARRY4 (Prop_carry4_CI_CO[3])
                                                      0.117     8.600 r  u_cpu/dut_pc/cpu_stall_debug_OBUF_inst_i_7/CO[3]
                         net (fo=4, routed)           0.948     9.548    u_cpu/dut_pc/u_l1_icache/lookup_hit0
    SLICE_X40Y22         LUT6 (Prop_lut6_I1_O)        0.124     9.672 r  u_cpu/dut_pc/registers_reg_r1_0_31_0_5_i_29/O
                         net (fo=33, routed)          1.119    10.791    u_cpu/dut_pc/registers_reg_r1_0_31_0_5_i_29_n_0
    SLICE_X34Y20         LUT6 (Prop_lut6_I4_O)        0.124    10.915 r  u_cpu/dut_pc/instr_debug[14]_i_1/O
                         net (fo=13, routed)          0.846    11.761    u_cpu/dut_pc/cpu_mem_funct3[2]
    SLICE_X33Y20         LUT4 (Prop_lut4_I0_O)        0.124    11.885 r  u_cpu/dut_pc/pc_target1_carry_i_19/O
                         net (fo=1, routed)           0.620    12.505    u_cpu/dut_pc/pc_target1_carry_i_19_n_0
    SLICE_X33Y21         LUT5 (Prop_lut5_I0_O)        0.124    12.629 r  u_cpu/dut_pc/pc_target1_carry_i_12/O
                         net (fo=39, routed)          0.910    13.540    u_cpu/dut_pc/imm_sel[2]
    SLICE_X34Y21         LUT6 (Prop_lut6_I0_O)        0.124    13.664 r  u_cpu/dut_pc/pc_target1_carry__2_i_9/O
                         net (fo=18, routed)          1.339    15.003    u_cpu/dut_pc/pc_target1_carry__2_i_9_n_0
    SLICE_X38Y33         LUT5 (Prop_lut5_I3_O)        0.124    15.127 r  u_cpu/dut_pc/pc_target1_carry__4_i_10/O
                         net (fo=7, routed)           0.652    15.779    u_cpu/dut_pc/pc_target1_carry__4_i_10_n_0
    SLICE_X38Y36         LUT3 (Prop_lut3_I2_O)        0.124    15.903 r  u_cpu/dut_pc/pc_target1_carry__4_i_2/O
                         net (fo=7, routed)           0.696    16.599    u_cpu/dut_pc/instruction_hold_valid_q_reg[16]
    SLICE_X38Y36         LUT4 (Prop_lut4_I3_O)        0.124    16.723 r  u_cpu/dut_pc/result0_carry__4_i_10/O
                         net (fo=6, routed)           0.600    17.324    u_cpu/dut_pc/src_b[22]
    SLICE_X37Y32         LUT2 (Prop_lut2_I1_O)        0.124    17.448 r  u_cpu/dut_pc/i__carry__4_i_2/O
                         net (fo=1, routed)           0.000    17.448    u_cpu/dut_alu/mem_addr_q[20]_i_12_1[2]
    SLICE_X37Y32         CARRY4 (Prop_carry4_S[2]_CO[3])
                                                      0.398    17.846 r  u_cpu/dut_alu/result0_inferred__0/i__carry__4/CO[3]
                         net (fo=1, routed)           0.000    17.846    u_cpu/dut_alu/result0_inferred__0/i__carry__4_n_0
    SLICE_X37Y33         CARRY4 (Prop_carry4_CI_O[2])
                                                      0.239    18.085 f  u_cpu/dut_alu/result0_inferred__0/i__carry__5/O[2]
                         net (fo=1, routed)           0.938    19.023    u_cpu/dut_alu/data1[26]
    SLICE_X39Y38         LUT4 (Prop_lut4_I2_O)        0.302    19.325 f  u_cpu/dut_alu/mem_addr_q[26]_i_8/O
                         net (fo=1, routed)           0.409    19.734    u_cpu/dut_pc/mem_addr_q[26]_i_2_0
    SLICE_X41Y38         LUT6 (Prop_lut6_I5_O)        0.124    19.858 f  u_cpu/dut_pc/mem_addr_q[26]_i_4/O
                         net (fo=1, routed)           0.430    20.288    u_cpu/dut_pc/mem_addr_q[26]_i_4_n_0
    SLICE_X42Y38         LUT5 (Prop_lut5_I1_O)        0.124    20.412 f  u_cpu/dut_pc/mem_addr_q[26]_i_2/O
                         net (fo=5, routed)           1.122    21.534    u_cpu/dut_pc/cpu_mem_addr[26]
    SLICE_X48Y36         LUT6 (Prop_lut6_I5_O)        0.124    21.658 r  u_cpu/dut_pc/pc[31]_i_19/O
                         net (fo=1, routed)           0.642    22.300    u_cpu/dut_pc/pc[31]_i_19_n_0
    SLICE_X48Y34         LUT6 (Prop_lut6_I5_O)        0.124    22.424 r  u_cpu/dut_pc/pc[31]_i_10/O
                         net (fo=2, routed)           0.630    23.054    u_cpu/dut_pc/pc[31]_i_10_n_0
    SLICE_X50Y30         LUT6 (Prop_lut6_I0_O)        0.124    23.178 r  u_cpu/dut_pc/pc[31]_i_5/O
                         net (fo=59, routed)          0.999    24.177    u_cpu/dut_pc/pc[31]_i_5_n_0
    SLICE_X49Y25         LUT6 (Prop_lut6_I1_O)        0.124    24.301 r  u_cpu/dut_pc/pc[6]_rep__0_i_1/O
                         net (fo=1, routed)           0.973    25.273    u_cpu/dut_pc/pc[6]_rep__0_i_1_n_0
    SLICE_X45Y19         FDRE                                         r  u_cpu/dut_pc/pc_reg[6]_rep__0/D
  -------------------------------------------------------------------    -------------------

                         (clock CLK rise edge)       20.000    20.000 r  
    M18                                               0.000    20.000 r  clk (IN)
                         net (fo=0)                   0.000    20.000    clk
    M18                  IBUF (Prop_ibuf_I_O)         0.805    20.805 r  clk_IBUF_inst/O
                         net (fo=1, routed)           1.868    22.673    clk_IBUF
    BUFGCTRL_X0Y0        BUFG (Prop_bufg_I_O)         0.091    22.764 r  clk_IBUF_BUFG_inst/O
                         net (fo=11156, routed)       1.437    24.201    u_cpu/dut_pc/clk_IBUF_BUFG
    SLICE_X45Y19         FDRE                                         r  u_cpu/dut_pc/pc_reg[6]_rep__0/C
                         clock pessimism              0.322    24.523    
                         clock uncertainty           -0.335    24.188    
    SLICE_X45Y19         FDRE (Setup_fdre_C_D)       -0.081    24.107    u_cpu/dut_pc/pc_reg[6]_rep__0
  -------------------------------------------------------------------
                         required time                         24.107    
                         arrival time                         -25.273    
  -------------------------------------------------------------------
                         slack                                 -1.166    

Slack (VIOLATED) :        -1.136ns  (required time - arrival time)
  Source:                 u_cpu/dut_pc/pc_reg[4]_rep__8/C
                            (rising edge-triggered cell FDRE clocked by CLK  {rise@0.000ns fall@10.000ns period=20.000ns})
  Destination:            u_l1_icache/data_array_reg[2][1][16]/CE
                            (rising edge-triggered cell FDRE clocked by CLK  {rise@0.000ns fall@10.000ns period=20.000ns})
  Path Group:             CLK
  Path Type:              Setup (Max at Slow Process Corner)
  Requirement:            20.000ns  (CLK rise@20.000ns - CLK rise@0.000ns)
  Data Path Delay:        20.582ns  (logic 4.481ns (21.771%)  route 16.101ns (78.229%))
  Logic Levels:           21  (CARRY4=4 LUT2=1 LUT3=1 LUT4=3 LUT5=5 LUT6=6 RAMD32=1)
  Clock Path Skew:        -0.014ns (DCD - SCD + CPR)
    Destination Clock Delay (DCD):    4.217ns = ( 24.217 - 20.000 ) 
    Source Clock Delay      (SCD):    4.553ns
    Clock Pessimism Removal (CPR):    0.322ns
  Clock Uncertainty:      0.335ns  ((TSJ^2 + TIJ^2)^1/2 + DJ) / 2 + PE + UU
    Total System Jitter     (TSJ):    0.071ns
    Total Input Jitter      (TIJ):    0.000ns
    Discrete Jitter          (DJ):    0.000ns
    Phase Error              (PE):    0.000ns
    User Uncertainty         (UU):    0.300ns

    Location             Delay type                Incr(ns)  Path(ns)    Netlist Resource(s)
  -------------------------------------------------------------------    -------------------
                         (clock CLK rise edge)        0.000     0.000 r  
    M18                                               0.000     0.000 r  clk (IN)
                         net (fo=0)                   0.000     0.000    clk
    M18                  IBUF (Prop_ibuf_I_O)         0.938     0.938 r  clk_IBUF_inst/O
                         net (fo=1, routed)           1.972     2.910    clk_IBUF
    BUFGCTRL_X0Y0        BUFG (Prop_bufg_I_O)         0.096     3.006 r  clk_IBUF_BUFG_inst/O
                         net (fo=11156, routed)       1.547     4.553    u_cpu/dut_pc/clk_IBUF_BUFG
    SLICE_X47Y25         FDRE                                         r  u_cpu/dut_pc/pc_reg[4]_rep__8/C
  -------------------------------------------------------------------    -------------------
    SLICE_X47Y25         FDRE (Prop_fdre_C_Q)         0.419     4.972 r  u_cpu/dut_pc/pc_reg[4]_rep__8/Q
                         net (fo=130, routed)         1.643     6.615    u_l1_icache/tag_array_reg_0_31_0_5/ADDRC0
    SLICE_X46Y22         RAMD32 (Prop_ramd32_RADR0_O)
                                                      0.328     6.943 r  u_l1_icache/tag_array_reg_0_31_0_5/RAMC/O
                         net (fo=1, routed)           0.676     7.619    u_cpu/dut_pc/lookup_hit1[4]
    SLICE_X42Y22         LUT6 (Prop_lut6_I1_O)        0.331     7.950 r  u_cpu/dut_pc/cpu_stall_debug_OBUF_inst_i_38/O
                         net (fo=1, routed)           0.000     7.950    u_cpu/dut_pc/cpu_stall_debug_OBUF_inst_i_38_n_0
    SLICE_X42Y22         CARRY4 (Prop_carry4_S[1]_CO[3])
                                                      0.533     8.483 r  u_cpu/dut_pc/cpu_stall_debug_OBUF_inst_i_23/CO[3]
                         net (fo=1, routed)           0.000     8.483    u_cpu/dut_pc/cpu_stall_debug_OBUF_inst_i_23_n_0
    SLICE_X42Y23         CARRY4 (Prop_carry4_CI_CO[3])
                                                      0.117     8.600 r  u_cpu/dut_pc/cpu_stall_debug_OBUF_inst_i_7/CO[3]
                         net (fo=4, routed)           0.948     9.548    u_cpu/dut_pc/u_l1_icache/lookup_hit0
    SLICE_X40Y22         LUT6 (Prop_lut6_I1_O)        0.124     9.672 r  u_cpu/dut_pc/registers_reg_r1_0_31_0_5_i_29/O
                         net (fo=33, routed)          1.119    10.791    u_cpu/dut_pc/registers_reg_r1_0_31_0_5_i_29_n_0
    SLICE_X34Y20         LUT6 (Prop_lut6_I4_O)        0.124    10.915 r  u_cpu/dut_pc/instr_debug[14]_i_1/O
                         net (fo=13, routed)          0.846    11.761    u_cpu/dut_pc/cpu_mem_funct3[2]
    SLICE_X33Y20         LUT4 (Prop_lut4_I0_O)        0.124    11.885 r  u_cpu/dut_pc/pc_target1_carry_i_19/O
                         net (fo=1, routed)           0.620    12.505    u_cpu/dut_pc/pc_target1_carry_i_19_n_0
    SLICE_X33Y21         LUT5 (Prop_lut5_I0_O)        0.124    12.629 r  u_cpu/dut_pc/pc_target1_carry_i_12/O
                         net (fo=39, routed)          0.910    13.540    u_cpu/dut_pc/imm_sel[2]
    SLICE_X34Y21         LUT6 (Prop_lut6_I0_O)        0.124    13.664 r  u_cpu/dut_pc/pc_target1_carry__2_i_9/O
                         net (fo=18, routed)          1.339    15.003    u_cpu/dut_pc/pc_target1_carry__2_i_9_n_0
    SLICE_X38Y33         LUT5 (Prop_lut5_I3_O)        0.124    15.127 r  u_cpu/dut_pc/pc_target1_carry__4_i_10/O
                         net (fo=7, routed)           0.652    15.779    u_cpu/dut_pc/pc_target1_carry__4_i_10_n_0
    SLICE_X38Y36         LUT3 (Prop_lut3_I2_O)        0.124    15.903 r  u_cpu/dut_pc/pc_target1_carry__4_i_2/O
                         net (fo=7, routed)           0.696    16.599    u_cpu/dut_pc/instruction_hold_valid_q_reg[16]
    SLICE_X38Y36         LUT4 (Prop_lut4_I3_O)        0.124    16.723 r  u_cpu/dut_pc/result0_carry__4_i_10/O
                         net (fo=6, routed)           0.607    17.330    u_cpu/dut_pc/src_b[22]
    SLICE_X36Y33         LUT2 (Prop_lut2_I1_O)        0.124    17.454 r  u_cpu/dut_pc/result0_carry__4_i_6/O
                         net (fo=1, routed)           0.000    17.454    u_cpu/dut_alu/mem_addr_q[20]_i_12_0[2]
    SLICE_X36Y33         CARRY4 (Prop_carry4_S[2]_CO[3])
                                                      0.398    17.852 r  u_cpu/dut_alu/result0_carry__4/CO[3]
                         net (fo=1, routed)           0.000    17.852    u_cpu/dut_alu/result0_carry__4_n_0
    SLICE_X36Y34         CARRY4 (Prop_carry4_CI_O[3])
                                                      0.313    18.165 r  u_cpu/dut_alu/result0_carry__5/O[3]
                         net (fo=1, routed)           1.047    19.212    u_cpu/dut_alu/data0[27]
    SLICE_X42Y36         LUT4 (Prop_lut4_I0_O)        0.306    19.518 r  u_cpu/dut_alu/mem_addr_q[27]_i_8/O
                         net (fo=1, routed)           0.305    19.823    u_cpu/dut_pc/pc[31]_i_27_0
    SLICE_X42Y38         LUT6 (Prop_lut6_I5_O)        0.124    19.947 r  u_cpu/dut_pc/mem_addr_q[27]_i_4/O
                         net (fo=2, routed)           0.589    20.536    u_cpu/dut_pc/mem_addr_q[27]_i_4_n_0
    SLICE_X45Y38         LUT5 (Prop_lut5_I1_O)        0.124    20.660 r  u_cpu/dut_pc/mem_addr_q[27]_i_2/O
                         net (fo=3, routed)           0.819    21.479    u_cpu/dut_pc/cpu_mem_addr[27]
    SLICE_X46Y38         LUT5 (Prop_lut5_I3_O)        0.124    21.603 f  u_cpu/dut_pc/refill_word_q[1]_i_8/O
                         net (fo=1, routed)           0.612    22.215    u_cpu/dut_pc/refill_word_q[1]_i_8_n_0
    SLICE_X47Y33         LUT5 (Prop_lut5_I4_O)        0.124    22.339 f  u_cpu/dut_pc/refill_word_q[1]_i_4/O
                         net (fo=165, routed)         1.167    23.506    u_l1_icache/icache_invalidate
    SLICE_X47Y21         LUT6 (Prop_lut6_I3_O)        0.124    23.630 r  u_l1_icache/data_array[2][1][31]_i_1/O
                         net (fo=32, routed)          1.505    25.135    u_l1_icache/data_array[2][1][31]_i_1_n_0
    SLICE_X57Y6          FDRE                                         r  u_l1_icache/data_array_reg[2][1][16]/CE
  -------------------------------------------------------------------    -------------------

                         (clock CLK rise edge)       20.000    20.000 r  
    M18                                               0.000    20.000 r  clk (IN)
                         net (fo=0)                   0.000    20.000    clk
    M18                  IBUF (Prop_ibuf_I_O)         0.805    20.805 r  clk_IBUF_inst/O
                         net (fo=1, routed)           1.868    22.673    clk_IBUF
    BUFGCTRL_X0Y0        BUFG (Prop_bufg_I_O)         0.091    22.764 r  clk_IBUF_BUFG_inst/O
                         net (fo=11156, routed)       1.453    24.217    u_l1_icache/clk_IBUF_BUFG
    SLICE_X57Y6          FDRE                                         r  u_l1_icache/data_array_reg[2][1][16]/C
                         clock pessimism              0.322    24.539    
                         clock uncertainty           -0.335    24.204    
    SLICE_X57Y6          FDRE (Setup_fdre_C_CE)      -0.205    23.999    u_l1_icache/data_array_reg[2][1][16]
  -------------------------------------------------------------------
                         required time                         23.999    
                         arrival time                         -25.135    
  -------------------------------------------------------------------
                         slack                                 -1.136    

Slack (VIOLATED) :        -1.136ns  (required time - arrival time)
  Source:                 u_cpu/dut_pc/pc_reg[4]_rep__8/C
                            (rising edge-triggered cell FDRE clocked by CLK  {rise@0.000ns fall@10.000ns period=20.000ns})
  Destination:            u_l1_icache/data_array_reg[2][1][31]/CE
                            (rising edge-triggered cell FDRE clocked by CLK  {rise@0.000ns fall@10.000ns period=20.000ns})
  Path Group:             CLK
  Path Type:              Setup (Max at Slow Process Corner)
  Requirement:            20.000ns  (CLK rise@20.000ns - CLK rise@0.000ns)
  Data Path Delay:        20.582ns  (logic 4.481ns (21.771%)  route 16.101ns (78.229%))
  Logic Levels:           21  (CARRY4=4 LUT2=1 LUT3=1 LUT4=3 LUT5=5 LUT6=6 RAMD32=1)
  Clock Path Skew:        -0.014ns (DCD - SCD + CPR)
    Destination Clock Delay (DCD):    4.217ns = ( 24.217 - 20.000 ) 
    Source Clock Delay      (SCD):    4.553ns
    Clock Pessimism Removal (CPR):    0.322ns
  Clock Uncertainty:      0.335ns  ((TSJ^2 + TIJ^2)^1/2 + DJ) / 2 + PE + UU
    Total System Jitter     (TSJ):    0.071ns
    Total Input Jitter      (TIJ):    0.000ns
    Discrete Jitter          (DJ):    0.000ns
    Phase Error              (PE):    0.000ns
    User Uncertainty         (UU):    0.300ns

    Location             Delay type                Incr(ns)  Path(ns)    Netlist Resource(s)
  -------------------------------------------------------------------    -------------------
                         (clock CLK rise edge)        0.000     0.000 r  
    M18                                               0.000     0.000 r  clk (IN)
                         net (fo=0)                   0.000     0.000    clk
    M18                  IBUF (Prop_ibuf_I_O)         0.938     0.938 r  clk_IBUF_inst/O
                         net (fo=1, routed)           1.972     2.910    clk_IBUF
    BUFGCTRL_X0Y0        BUFG (Prop_bufg_I_O)         0.096     3.006 r  clk_IBUF_BUFG_inst/O
                         net (fo=11156, routed)       1.547     4.553    u_cpu/dut_pc/clk_IBUF_BUFG
    SLICE_X47Y25         FDRE                                         r  u_cpu/dut_pc/pc_reg[4]_rep__8/C
  -------------------------------------------------------------------    -------------------
    SLICE_X47Y25         FDRE (Prop_fdre_C_Q)         0.419     4.972 r  u_cpu/dut_pc/pc_reg[4]_rep__8/Q
                         net (fo=130, routed)         1.643     6.615    u_l1_icache/tag_array_reg_0_31_0_5/ADDRC0
    SLICE_X46Y22         RAMD32 (Prop_ramd32_RADR0_O)
                                                      0.328     6.943 r  u_l1_icache/tag_array_reg_0_31_0_5/RAMC/O
                         net (fo=1, routed)           0.676     7.619    u_cpu/dut_pc/lookup_hit1[4]
    SLICE_X42Y22         LUT6 (Prop_lut6_I1_O)        0.331     7.950 r  u_cpu/dut_pc/cpu_stall_debug_OBUF_inst_i_38/O
                         net (fo=1, routed)           0.000     7.950    u_cpu/dut_pc/cpu_stall_debug_OBUF_inst_i_38_n_0
    SLICE_X42Y22         CARRY4 (Prop_carry4_S[1]_CO[3])
                                                      0.533     8.483 r  u_cpu/dut_pc/cpu_stall_debug_OBUF_inst_i_23/CO[3]
                         net (fo=1, routed)           0.000     8.483    u_cpu/dut_pc/cpu_stall_debug_OBUF_inst_i_23_n_0
    SLICE_X42Y23         CARRY4 (Prop_carry4_CI_CO[3])
                                                      0.117     8.600 r  u_cpu/dut_pc/cpu_stall_debug_OBUF_inst_i_7/CO[3]
                         net (fo=4, routed)           0.948     9.548    u_cpu/dut_pc/u_l1_icache/lookup_hit0
    SLICE_X40Y22         LUT6 (Prop_lut6_I1_O)        0.124     9.672 r  u_cpu/dut_pc/registers_reg_r1_0_31_0_5_i_29/O
                         net (fo=33, routed)          1.119    10.791    u_cpu/dut_pc/registers_reg_r1_0_31_0_5_i_29_n_0
    SLICE_X34Y20         LUT6 (Prop_lut6_I4_O)        0.124    10.915 r  u_cpu/dut_pc/instr_debug[14]_i_1/O
                         net (fo=13, routed)          0.846    11.761    u_cpu/dut_pc/cpu_mem_funct3[2]
    SLICE_X33Y20         LUT4 (Prop_lut4_I0_O)        0.124    11.885 r  u_cpu/dut_pc/pc_target1_carry_i_19/O
                         net (fo=1, routed)           0.620    12.505    u_cpu/dut_pc/pc_target1_carry_i_19_n_0
    SLICE_X33Y21         LUT5 (Prop_lut5_I0_O)        0.124    12.629 r  u_cpu/dut_pc/pc_target1_carry_i_12/O
                         net (fo=39, routed)          0.910    13.540    u_cpu/dut_pc/imm_sel[2]
    SLICE_X34Y21         LUT6 (Prop_lut6_I0_O)        0.124    13.664 r  u_cpu/dut_pc/pc_target1_carry__2_i_9/O
                         net (fo=18, routed)          1.339    15.003    u_cpu/dut_pc/pc_target1_carry__2_i_9_n_0
    SLICE_X38Y33         LUT5 (Prop_lut5_I3_O)        0.124    15.127 r  u_cpu/dut_pc/pc_target1_carry__4_i_10/O
                         net (fo=7, routed)           0.652    15.779    u_cpu/dut_pc/pc_target1_carry__4_i_10_n_0
    SLICE_X38Y36         LUT3 (Prop_lut3_I2_O)        0.124    15.903 r  u_cpu/dut_pc/pc_target1_carry__4_i_2/O
                         net (fo=7, routed)           0.696    16.599    u_cpu/dut_pc/instruction_hold_valid_q_reg[16]
    SLICE_X38Y36         LUT4 (Prop_lut4_I3_O)        0.124    16.723 r  u_cpu/dut_pc/result0_carry__4_i_10/O
                         net (fo=6, routed)           0.607    17.330    u_cpu/dut_pc/src_b[22]
    SLICE_X36Y33         LUT2 (Prop_lut2_I1_O)        0.124    17.454 r  u_cpu/dut_pc/result0_carry__4_i_6/O
                         net (fo=1, routed)           0.000    17.454    u_cpu/dut_alu/mem_addr_q[20]_i_12_0[2]
    SLICE_X36Y33         CARRY4 (Prop_carry4_S[2]_CO[3])
                                                      0.398    17.852 r  u_cpu/dut_alu/result0_carry__4/CO[3]
                         net (fo=1, routed)           0.000    17.852    u_cpu/dut_alu/result0_carry__4_n_0
    SLICE_X36Y34         CARRY4 (Prop_carry4_CI_O[3])
                                                      0.313    18.165 r  u_cpu/dut_alu/result0_carry__5/O[3]
                         net (fo=1, routed)           1.047    19.212    u_cpu/dut_alu/data0[27]
    SLICE_X42Y36         LUT4 (Prop_lut4_I0_O)        0.306    19.518 r  u_cpu/dut_alu/mem_addr_q[27]_i_8/O
                         net (fo=1, routed)           0.305    19.823    u_cpu/dut_pc/pc[31]_i_27_0
    SLICE_X42Y38         LUT6 (Prop_lut6_I5_O)        0.124    19.947 r  u_cpu/dut_pc/mem_addr_q[27]_i_4/O
                         net (fo=2, routed)           0.589    20.536    u_cpu/dut_pc/mem_addr_q[27]_i_4_n_0
    SLICE_X45Y38         LUT5 (Prop_lut5_I1_O)        0.124    20.660 r  u_cpu/dut_pc/mem_addr_q[27]_i_2/O
                         net (fo=3, routed)           0.819    21.479    u_cpu/dut_pc/cpu_mem_addr[27]
    SLICE_X46Y38         LUT5 (Prop_lut5_I3_O)        0.124    21.603 f  u_cpu/dut_pc/refill_word_q[1]_i_8/O
                         net (fo=1, routed)           0.612    22.215    u_cpu/dut_pc/refill_word_q[1]_i_8_n_0
    SLICE_X47Y33         LUT5 (Prop_lut5_I4_O)        0.124    22.339 f  u_cpu/dut_pc/refill_word_q[1]_i_4/O
                         net (fo=165, routed)         1.167    23.506    u_l1_icache/icache_invalidate
    SLICE_X47Y21         LUT6 (Prop_lut6_I3_O)        0.124    23.630 r  u_l1_icache/data_array[2][1][31]_i_1/O
                         net (fo=32, routed)          1.505    25.135    u_l1_icache/data_array[2][1][31]_i_1_n_0
    SLICE_X57Y6          FDRE                                         r  u_l1_icache/data_array_reg[2][1][31]/CE
  -------------------------------------------------------------------    -------------------

                         (clock CLK rise edge)       20.000    20.000 r  
    M18                                               0.000    20.000 r  clk (IN)
                         net (fo=0)                   0.000    20.000    clk
    M18                  IBUF (Prop_ibuf_I_O)         0.805    20.805 r  clk_IBUF_inst/O
                         net (fo=1, routed)           1.868    22.673    clk_IBUF
    BUFGCTRL_X0Y0        BUFG (Prop_bufg_I_O)         0.091    22.764 r  clk_IBUF_BUFG_inst/O
                         net (fo=11156, routed)       1.453    24.217    u_l1_icache/clk_IBUF_BUFG
    SLICE_X57Y6          FDRE                                         r  u_l1_icache/data_array_reg[2][1][31]/C
                         clock pessimism              0.322    24.539    
                         clock uncertainty           -0.335    24.204    
    SLICE_X57Y6          FDRE (Setup_fdre_C_CE)      -0.205    23.999    u_l1_icache/data_array_reg[2][1][31]
  -------------------------------------------------------------------
                         required time                         23.999    
                         arrival time                         -25.135    
  -------------------------------------------------------------------
                         slack                                 -1.136    

Slack (VIOLATED) :        -1.129ns  (required time - arrival time)
  Source:                 u_cpu/dut_pc/pc_reg[4]_rep__8/C
                            (rising edge-triggered cell FDRE clocked by CLK  {rise@0.000ns fall@10.000ns period=20.000ns})
  Destination:            u_cpu/dut_pc/pc_reg[5]_rep__3/D
                            (rising edge-triggered cell FDRE clocked by CLK  {rise@0.000ns fall@10.000ns period=20.000ns})
  Path Group:             CLK
  Path Type:              Setup (Max at Slow Process Corner)
  Requirement:            20.000ns  (CLK rise@20.000ns - CLK rise@0.000ns)
  Data Path Delay:        20.713ns  (logic 4.527ns (21.856%)  route 16.186ns (78.144%))
  Logic Levels:           22  (CARRY4=4 LUT2=1 LUT3=1 LUT4=3 LUT5=3 LUT6=9 RAMD32=1)
  Clock Path Skew:        -0.034ns (DCD - SCD + CPR)
    Destination Clock Delay (DCD):    4.197ns = ( 24.197 - 20.000 ) 
    Source Clock Delay      (SCD):    4.553ns
    Clock Pessimism Removal (CPR):    0.322ns
  Clock Uncertainty:      0.335ns  ((TSJ^2 + TIJ^2)^1/2 + DJ) / 2 + PE + UU
    Total System Jitter     (TSJ):    0.071ns
    Total Input Jitter      (TIJ):    0.000ns
    Discrete Jitter          (DJ):    0.000ns
    Phase Error              (PE):    0.000ns
    User Uncertainty         (UU):    0.300ns

    Location             Delay type                Incr(ns)  Path(ns)    Netlist Resource(s)
  -------------------------------------------------------------------    -------------------
                         (clock CLK rise edge)        0.000     0.000 r  
    M18                                               0.000     0.000 r  clk (IN)
                         net (fo=0)                   0.000     0.000    clk
    M18                  IBUF (Prop_ibuf_I_O)         0.938     0.938 r  clk_IBUF_inst/O
                         net (fo=1, routed)           1.972     2.910    clk_IBUF
    BUFGCTRL_X0Y0        BUFG (Prop_bufg_I_O)         0.096     3.006 r  clk_IBUF_BUFG_inst/O
                         net (fo=11156, routed)       1.547     4.553    u_cpu/dut_pc/clk_IBUF_BUFG
    SLICE_X47Y25         FDRE                                         r  u_cpu/dut_pc/pc_reg[4]_rep__8/C
  -------------------------------------------------------------------    -------------------
    SLICE_X47Y25         FDRE (Prop_fdre_C_Q)         0.419     4.972 r  u_cpu/dut_pc/pc_reg[4]_rep__8/Q
                         net (fo=130, routed)         1.643     6.615    u_l1_icache/tag_array_reg_0_31_0_5/ADDRC0
    SLICE_X46Y22         RAMD32 (Prop_ramd32_RADR0_O)
                                                      0.328     6.943 r  u_l1_icache/tag_array_reg_0_31_0_5/RAMC/O
                         net (fo=1, routed)           0.676     7.619    u_cpu/dut_pc/lookup_hit1[4]
    SLICE_X42Y22         LUT6 (Prop_lut6_I1_O)        0.331     7.950 r  u_cpu/dut_pc/cpu_stall_debug_OBUF_inst_i_38/O
                         net (fo=1, routed)           0.000     7.950    u_cpu/dut_pc/cpu_stall_debug_OBUF_inst_i_38_n_0
    SLICE_X42Y22         CARRY4 (Prop_carry4_S[1]_CO[3])
                                                      0.533     8.483 r  u_cpu/dut_pc/cpu_stall_debug_OBUF_inst_i_23/CO[3]
                         net (fo=1, routed)           0.000     8.483    u_cpu/dut_pc/cpu_stall_debug_OBUF_inst_i_23_n_0
    SLICE_X42Y23         CARRY4 (Prop_carry4_CI_CO[3])
                                                      0.117     8.600 r  u_cpu/dut_pc/cpu_stall_debug_OBUF_inst_i_7/CO[3]
                         net (fo=4, routed)           0.948     9.548    u_cpu/dut_pc/u_l1_icache/lookup_hit0
    SLICE_X40Y22         LUT6 (Prop_lut6_I1_O)        0.124     9.672 r  u_cpu/dut_pc/registers_reg_r1_0_31_0_5_i_29/O
                         net (fo=33, routed)          1.119    10.791    u_cpu/dut_pc/registers_reg_r1_0_31_0_5_i_29_n_0
    SLICE_X34Y20         LUT6 (Prop_lut6_I4_O)        0.124    10.915 r  u_cpu/dut_pc/instr_debug[14]_i_1/O
                         net (fo=13, routed)          0.846    11.761    u_cpu/dut_pc/cpu_mem_funct3[2]
    SLICE_X33Y20         LUT4 (Prop_lut4_I0_O)        0.124    11.885 r  u_cpu/dut_pc/pc_target1_carry_i_19/O
                         net (fo=1, routed)           0.620    12.505    u_cpu/dut_pc/pc_target1_carry_i_19_n_0
    SLICE_X33Y21         LUT5 (Prop_lut5_I0_O)        0.124    12.629 r  u_cpu/dut_pc/pc_target1_carry_i_12/O
                         net (fo=39, routed)          0.910    13.540    u_cpu/dut_pc/imm_sel[2]
    SLICE_X34Y21         LUT6 (Prop_lut6_I0_O)        0.124    13.664 r  u_cpu/dut_pc/pc_target1_carry__2_i_9/O
                         net (fo=18, routed)          1.339    15.003    u_cpu/dut_pc/pc_target1_carry__2_i_9_n_0
    SLICE_X38Y33         LUT5 (Prop_lut5_I3_O)        0.124    15.127 r  u_cpu/dut_pc/pc_target1_carry__4_i_10/O
                         net (fo=7, routed)           0.652    15.779    u_cpu/dut_pc/pc_target1_carry__4_i_10_n_0
    SLICE_X38Y36         LUT3 (Prop_lut3_I2_O)        0.124    15.903 r  u_cpu/dut_pc/pc_target1_carry__4_i_2/O
                         net (fo=7, routed)           0.696    16.599    u_cpu/dut_pc/instruction_hold_valid_q_reg[16]
    SLICE_X38Y36         LUT4 (Prop_lut4_I3_O)        0.124    16.723 r  u_cpu/dut_pc/result0_carry__4_i_10/O
                         net (fo=6, routed)           0.600    17.324    u_cpu/dut_pc/src_b[22]
    SLICE_X37Y32         LUT2 (Prop_lut2_I1_O)        0.124    17.448 r  u_cpu/dut_pc/i__carry__4_i_2/O
                         net (fo=1, routed)           0.000    17.448    u_cpu/dut_alu/mem_addr_q[20]_i_12_1[2]
    SLICE_X37Y32         CARRY4 (Prop_carry4_S[2]_CO[3])
                                                      0.398    17.846 r  u_cpu/dut_alu/result0_inferred__0/i__carry__4/CO[3]
                         net (fo=1, routed)           0.000    17.846    u_cpu/dut_alu/result0_inferred__0/i__carry__4_n_0
    SLICE_X37Y33         CARRY4 (Prop_carry4_CI_O[2])
                                                      0.239    18.085 f  u_cpu/dut_alu/result0_inferred__0/i__carry__5/O[2]
                         net (fo=1, routed)           0.938    19.023    u_cpu/dut_alu/data1[26]
    SLICE_X39Y38         LUT4 (Prop_lut4_I2_O)        0.302    19.325 f  u_cpu/dut_alu/mem_addr_q[26]_i_8/O
                         net (fo=1, routed)           0.409    19.734    u_cpu/dut_pc/mem_addr_q[26]_i_2_0
    SLICE_X41Y38         LUT6 (Prop_lut6_I5_O)        0.124    19.858 f  u_cpu/dut_pc/mem_addr_q[26]_i_4/O
                         net (fo=1, routed)           0.430    20.288    u_cpu/dut_pc/mem_addr_q[26]_i_4_n_0
    SLICE_X42Y38         LUT5 (Prop_lut5_I1_O)        0.124    20.412 f  u_cpu/dut_pc/mem_addr_q[26]_i_2/O
                         net (fo=5, routed)           1.122    21.534    u_cpu/dut_pc/cpu_mem_addr[26]
    SLICE_X48Y36         LUT6 (Prop_lut6_I5_O)        0.124    21.658 r  u_cpu/dut_pc/pc[31]_i_19/O
                         net (fo=1, routed)           0.642    22.300    u_cpu/dut_pc/pc[31]_i_19_n_0
    SLICE_X48Y34         LUT6 (Prop_lut6_I5_O)        0.124    22.424 r  u_cpu/dut_pc/pc[31]_i_10/O
                         net (fo=2, routed)           0.630    23.054    u_cpu/dut_pc/pc[31]_i_10_n_0
    SLICE_X50Y30         LUT6 (Prop_lut6_I0_O)        0.124    23.178 r  u_cpu/dut_pc/pc[31]_i_5/O
                         net (fo=59, routed)          1.464    24.641    u_cpu/dut_pc/pc[31]_i_5_n_0
    SLICE_X44Y22         LUT6 (Prop_lut6_I1_O)        0.124    24.765 r  u_cpu/dut_pc/pc[5]_rep__3_i_1/O
                         net (fo=1, routed)           0.500    25.265    u_cpu/dut_pc/pc[5]_rep__3_i_1_n_0
    SLICE_X41Y22         FDRE                                         r  u_cpu/dut_pc/pc_reg[5]_rep__3/D
  -------------------------------------------------------------------    -------------------

                         (clock CLK rise edge)       20.000    20.000 r  
    M18                                               0.000    20.000 r  clk (IN)
                         net (fo=0)                   0.000    20.000    clk
    M18                  IBUF (Prop_ibuf_I_O)         0.805    20.805 r  clk_IBUF_inst/O
                         net (fo=1, routed)           1.868    22.673    clk_IBUF
    BUFGCTRL_X0Y0        BUFG (Prop_bufg_I_O)         0.091    22.764 r  clk_IBUF_BUFG_inst/O
                         net (fo=11156, routed)       1.433    24.197    u_cpu/dut_pc/clk_IBUF_BUFG
    SLICE_X41Y22         FDRE                                         r  u_cpu/dut_pc/pc_reg[5]_rep__3/C
                         clock pessimism              0.322    24.519    
                         clock uncertainty           -0.335    24.184    
    SLICE_X41Y22         FDRE (Setup_fdre_C_D)       -0.047    24.137    u_cpu/dut_pc/pc_reg[5]_rep__3
  -------------------------------------------------------------------
                         required time                         24.137    
                         arrival time                         -25.265    
  -------------------------------------------------------------------
                         slack                                 -1.129    

Slack (VIOLATED) :        -1.123ns  (required time - arrival time)
  Source:                 u_cpu/dut_pc/pc_reg[4]_rep__8/C
                            (rising edge-triggered cell FDRE clocked by CLK  {rise@0.000ns fall@10.000ns period=20.000ns})
  Destination:            u_l1_icache/data_array_reg[12][0][18]/CE
                            (rising edge-triggered cell FDRE clocked by CLK  {rise@0.000ns fall@10.000ns period=20.000ns})
  Path Group:             CLK
  Path Type:              Setup (Max at Slow Process Corner)
  Requirement:            20.000ns  (CLK rise@20.000ns - CLK rise@0.000ns)
  Data Path Delay:        20.562ns  (logic 4.481ns (21.792%)  route 16.081ns (78.208%))
  Logic Levels:           21  (CARRY4=4 LUT2=1 LUT3=1 LUT4=3 LUT5=5 LUT6=6 RAMD32=1)
  Clock Path Skew:        -0.020ns (DCD - SCD + CPR)
    Destination Clock Delay (DCD):    4.211ns = ( 24.211 - 20.000 ) 
    Source Clock Delay      (SCD):    4.553ns
    Clock Pessimism Removal (CPR):    0.322ns
  Clock Uncertainty:      0.335ns  ((TSJ^2 + TIJ^2)^1/2 + DJ) / 2 + PE + UU
    Total System Jitter     (TSJ):    0.071ns
    Total Input Jitter      (TIJ):    0.000ns
    Discrete Jitter          (DJ):    0.000ns
    Phase Error              (PE):    0.000ns
    User Uncertainty         (UU):    0.300ns

    Location             Delay type                Incr(ns)  Path(ns)    Netlist Resource(s)
  -------------------------------------------------------------------    -------------------
                         (clock CLK rise edge)        0.000     0.000 r  
    M18                                               0.000     0.000 r  clk (IN)
                         net (fo=0)                   0.000     0.000    clk
    M18                  IBUF (Prop_ibuf_I_O)         0.938     0.938 r  clk_IBUF_inst/O
                         net (fo=1, routed)           1.972     2.910    clk_IBUF
    BUFGCTRL_X0Y0        BUFG (Prop_bufg_I_O)         0.096     3.006 r  clk_IBUF_BUFG_inst/O
                         net (fo=11156, routed)       1.547     4.553    u_cpu/dut_pc/clk_IBUF_BUFG
    SLICE_X47Y25         FDRE                                         r  u_cpu/dut_pc/pc_reg[4]_rep__8/C
  -------------------------------------------------------------------    -------------------
    SLICE_X47Y25         FDRE (Prop_fdre_C_Q)         0.419     4.972 r  u_cpu/dut_pc/pc_reg[4]_rep__8/Q
                         net (fo=130, routed)         1.643     6.615    u_l1_icache/tag_array_reg_0_31_0_5/ADDRC0
    SLICE_X46Y22         RAMD32 (Prop_ramd32_RADR0_O)
                                                      0.328     6.943 r  u_l1_icache/tag_array_reg_0_31_0_5/RAMC/O
                         net (fo=1, routed)           0.676     7.619    u_cpu/dut_pc/lookup_hit1[4]
    SLICE_X42Y22         LUT6 (Prop_lut6_I1_O)        0.331     7.950 r  u_cpu/dut_pc/cpu_stall_debug_OBUF_inst_i_38/O
                         net (fo=1, routed)           0.000     7.950    u_cpu/dut_pc/cpu_stall_debug_OBUF_inst_i_38_n_0
    SLICE_X42Y22         CARRY4 (Prop_carry4_S[1]_CO[3])
                                                      0.533     8.483 r  u_cpu/dut_pc/cpu_stall_debug_OBUF_inst_i_23/CO[3]
                         net (fo=1, routed)           0.000     8.483    u_cpu/dut_pc/cpu_stall_debug_OBUF_inst_i_23_n_0
    SLICE_X42Y23         CARRY4 (Prop_carry4_CI_CO[3])
                                                      0.117     8.600 r  u_cpu/dut_pc/cpu_stall_debug_OBUF_inst_i_7/CO[3]
                         net (fo=4, routed)           0.948     9.548    u_cpu/dut_pc/u_l1_icache/lookup_hit0
    SLICE_X40Y22         LUT6 (Prop_lut6_I1_O)        0.124     9.672 r  u_cpu/dut_pc/registers_reg_r1_0_31_0_5_i_29/O
                         net (fo=33, routed)          1.119    10.791    u_cpu/dut_pc/registers_reg_r1_0_31_0_5_i_29_n_0
    SLICE_X34Y20         LUT6 (Prop_lut6_I4_O)        0.124    10.915 r  u_cpu/dut_pc/instr_debug[14]_i_1/O
                         net (fo=13, routed)          0.846    11.761    u_cpu/dut_pc/cpu_mem_funct3[2]
    SLICE_X33Y20         LUT4 (Prop_lut4_I0_O)        0.124    11.885 r  u_cpu/dut_pc/pc_target1_carry_i_19/O
                         net (fo=1, routed)           0.620    12.505    u_cpu/dut_pc/pc_target1_carry_i_19_n_0
    SLICE_X33Y21         LUT5 (Prop_lut5_I0_O)        0.124    12.629 r  u_cpu/dut_pc/pc_target1_carry_i_12/O
                         net (fo=39, routed)          0.910    13.540    u_cpu/dut_pc/imm_sel[2]
    SLICE_X34Y21         LUT6 (Prop_lut6_I0_O)        0.124    13.664 r  u_cpu/dut_pc/pc_target1_carry__2_i_9/O
                         net (fo=18, routed)          1.339    15.003    u_cpu/dut_pc/pc_target1_carry__2_i_9_n_0
    SLICE_X38Y33         LUT5 (Prop_lut5_I3_O)        0.124    15.127 r  u_cpu/dut_pc/pc_target1_carry__4_i_10/O
                         net (fo=7, routed)           0.652    15.779    u_cpu/dut_pc/pc_target1_carry__4_i_10_n_0
    SLICE_X38Y36         LUT3 (Prop_lut3_I2_O)        0.124    15.903 r  u_cpu/dut_pc/pc_target1_carry__4_i_2/O
                         net (fo=7, routed)           0.696    16.599    u_cpu/dut_pc/instruction_hold_valid_q_reg[16]
    SLICE_X38Y36         LUT4 (Prop_lut4_I3_O)        0.124    16.723 r  u_cpu/dut_pc/result0_carry__4_i_10/O
                         net (fo=6, routed)           0.607    17.330    u_cpu/dut_pc/src_b[22]
    SLICE_X36Y33         LUT2 (Prop_lut2_I1_O)        0.124    17.454 r  u_cpu/dut_pc/result0_carry__4_i_6/O
                         net (fo=1, routed)           0.000    17.454    u_cpu/dut_alu/mem_addr_q[20]_i_12_0[2]
    SLICE_X36Y33         CARRY4 (Prop_carry4_S[2]_CO[3])
                                                      0.398    17.852 r  u_cpu/dut_alu/result0_carry__4/CO[3]
                         net (fo=1, routed)           0.000    17.852    u_cpu/dut_alu/result0_carry__4_n_0
    SLICE_X36Y34         CARRY4 (Prop_carry4_CI_O[3])
                                                      0.313    18.165 r  u_cpu/dut_alu/result0_carry__5/O[3]
                         net (fo=1, routed)           1.047    19.212    u_cpu/dut_alu/data0[27]
    SLICE_X42Y36         LUT4 (Prop_lut4_I0_O)        0.306    19.518 r  u_cpu/dut_alu/mem_addr_q[27]_i_8/O
                         net (fo=1, routed)           0.305    19.823    u_cpu/dut_pc/pc[31]_i_27_0
    SLICE_X42Y38         LUT6 (Prop_lut6_I5_O)        0.124    19.947 r  u_cpu/dut_pc/mem_addr_q[27]_i_4/O
                         net (fo=2, routed)           0.589    20.536    u_cpu/dut_pc/mem_addr_q[27]_i_4_n_0
    SLICE_X45Y38         LUT5 (Prop_lut5_I1_O)        0.124    20.660 r  u_cpu/dut_pc/mem_addr_q[27]_i_2/O
                         net (fo=3, routed)           0.819    21.479    u_cpu/dut_pc/cpu_mem_addr[27]
    SLICE_X46Y38         LUT5 (Prop_lut5_I3_O)        0.124    21.603 f  u_cpu/dut_pc/refill_word_q[1]_i_8/O
                         net (fo=1, routed)           0.612    22.215    u_cpu/dut_pc/refill_word_q[1]_i_8_n_0
    SLICE_X47Y33         LUT5 (Prop_lut5_I4_O)        0.124    22.339 f  u_cpu/dut_pc/refill_word_q[1]_i_4/O
                         net (fo=165, routed)         1.442    23.781    u_l1_icache/icache_invalidate
    SLICE_X38Y14         LUT6 (Prop_lut6_I3_O)        0.124    23.905 r  u_l1_icache/data_array[12][0][31]_i_1/O
                         net (fo=32, routed)          1.210    25.115    u_l1_icache/data_array[12][0][31]_i_1_n_0
    SLICE_X51Y13         FDRE                                         r  u_l1_icache/data_array_reg[12][0][18]/CE
  -------------------------------------------------------------------    -------------------

                         (clock CLK rise edge)       20.000    20.000 r  
    M18                                               0.000    20.000 r  clk (IN)
                         net (fo=0)                   0.000    20.000    clk
    M18                  IBUF (Prop_ibuf_I_O)         0.805    20.805 r  clk_IBUF_inst/O
                         net (fo=1, routed)           1.868    22.673    clk_IBUF
    BUFGCTRL_X0Y0        BUFG (Prop_bufg_I_O)         0.091    22.764 r  clk_IBUF_BUFG_inst/O
                         net (fo=11156, routed)       1.447    24.211    u_l1_icache/clk_IBUF_BUFG
    SLICE_X51Y13         FDRE                                         r  u_l1_icache/data_array_reg[12][0][18]/C
                         clock pessimism              0.322    24.533    
                         clock uncertainty           -0.335    24.198    
    SLICE_X51Y13         FDRE (Setup_fdre_C_CE)      -0.205    23.993    u_l1_icache/data_array_reg[12][0][18]
  -------------------------------------------------------------------
                         required time                         23.993    
                         arrival time                         -25.115    
  -------------------------------------------------------------------
                         slack                                 -1.123    

Slack (VIOLATED) :        -1.113ns  (required time - arrival time)
  Source:                 u_cpu/dut_pc/pc_reg[4]_rep__8/C
                            (rising edge-triggered cell FDRE clocked by CLK  {rise@0.000ns fall@10.000ns period=20.000ns})
  Destination:            u_l1_icache/data_array_reg[17][0][12]/CE
                            (rising edge-triggered cell FDRE clocked by CLK  {rise@0.000ns fall@10.000ns period=20.000ns})
  Path Group:             CLK
  Path Type:              Setup (Max at Slow Process Corner)
  Requirement:            20.000ns  (CLK rise@20.000ns - CLK rise@0.000ns)
  Data Path Delay:        20.479ns  (logic 4.481ns (21.881%)  route 15.998ns (78.118%))
  Logic Levels:           21  (CARRY4=4 LUT2=1 LUT3=1 LUT4=3 LUT5=5 LUT6=6 RAMD32=1)
  Clock Path Skew:        -0.094ns (DCD - SCD + CPR)
    Destination Clock Delay (DCD):    4.209ns = ( 24.209 - 20.000 ) 
    Source Clock Delay      (SCD):    4.553ns
    Clock Pessimism Removal (CPR):    0.250ns
  Clock Uncertainty:      0.335ns  ((TSJ^2 + TIJ^2)^1/2 + DJ) / 2 + PE + UU
    Total System Jitter     (TSJ):    0.071ns
    Total Input Jitter      (TIJ):    0.000ns
    Discrete Jitter          (DJ):    0.000ns
    Phase Error              (PE):    0.000ns
    User Uncertainty         (UU):    0.300ns

    Location             Delay type                Incr(ns)  Path(ns)    Netlist Resource(s)
  -------------------------------------------------------------------    -------------------
                         (clock CLK rise edge)        0.000     0.000 r  
    M18                                               0.000     0.000 r  clk (IN)
                         net (fo=0)                   0.000     0.000    clk
    M18                  IBUF (Prop_ibuf_I_O)         0.938     0.938 r  clk_IBUF_inst/O
                         net (fo=1, routed)           1.972     2.910    clk_IBUF
    BUFGCTRL_X0Y0        BUFG (Prop_bufg_I_O)         0.096     3.006 r  clk_IBUF_BUFG_inst/O
                         net (fo=11156, routed)       1.547     4.553    u_cpu/dut_pc/clk_IBUF_BUFG
    SLICE_X47Y25         FDRE                                         r  u_cpu/dut_pc/pc_reg[4]_rep__8/C
  -------------------------------------------------------------------    -------------------
    SLICE_X47Y25         FDRE (Prop_fdre_C_Q)         0.419     4.972 r  u_cpu/dut_pc/pc_reg[4]_rep__8/Q
                         net (fo=130, routed)         1.643     6.615    u_l1_icache/tag_array_reg_0_31_0_5/ADDRC0
    SLICE_X46Y22         RAMD32 (Prop_ramd32_RADR0_O)
                                                      0.328     6.943 r  u_l1_icache/tag_array_reg_0_31_0_5/RAMC/O
                         net (fo=1, routed)           0.676     7.619    u_cpu/dut_pc/lookup_hit1[4]
    SLICE_X42Y22         LUT6 (Prop_lut6_I1_O)        0.331     7.950 r  u_cpu/dut_pc/cpu_stall_debug_OBUF_inst_i_38/O
                         net (fo=1, routed)           0.000     7.950    u_cpu/dut_pc/cpu_stall_debug_OBUF_inst_i_38_n_0
    SLICE_X42Y22         CARRY4 (Prop_carry4_S[1]_CO[3])
                                                      0.533     8.483 r  u_cpu/dut_pc/cpu_stall_debug_OBUF_inst_i_23/CO[3]
                         net (fo=1, routed)           0.000     8.483    u_cpu/dut_pc/cpu_stall_debug_OBUF_inst_i_23_n_0
    SLICE_X42Y23         CARRY4 (Prop_carry4_CI_CO[3])
                                                      0.117     8.600 r  u_cpu/dut_pc/cpu_stall_debug_OBUF_inst_i_7/CO[3]
                         net (fo=4, routed)           0.948     9.548    u_cpu/dut_pc/u_l1_icache/lookup_hit0
    SLICE_X40Y22         LUT6 (Prop_lut6_I1_O)        0.124     9.672 r  u_cpu/dut_pc/registers_reg_r1_0_31_0_5_i_29/O
                         net (fo=33, routed)          1.119    10.791    u_cpu/dut_pc/registers_reg_r1_0_31_0_5_i_29_n_0
    SLICE_X34Y20         LUT6 (Prop_lut6_I4_O)        0.124    10.915 r  u_cpu/dut_pc/instr_debug[14]_i_1/O
                         net (fo=13, routed)          0.846    11.761    u_cpu/dut_pc/cpu_mem_funct3[2]
    SLICE_X33Y20         LUT4 (Prop_lut4_I0_O)        0.124    11.885 r  u_cpu/dut_pc/pc_target1_carry_i_19/O
                         net (fo=1, routed)           0.620    12.505    u_cpu/dut_pc/pc_target1_carry_i_19_n_0
    SLICE_X33Y21         LUT5 (Prop_lut5_I0_O)        0.124    12.629 r  u_cpu/dut_pc/pc_target1_carry_i_12/O
                         net (fo=39, routed)          0.910    13.540    u_cpu/dut_pc/imm_sel[2]
    SLICE_X34Y21         LUT6 (Prop_lut6_I0_O)        0.124    13.664 r  u_cpu/dut_pc/pc_target1_carry__2_i_9/O
                         net (fo=18, routed)          1.339    15.003    u_cpu/dut_pc/pc_target1_carry__2_i_9_n_0
    SLICE_X38Y33         LUT5 (Prop_lut5_I3_O)        0.124    15.127 r  u_cpu/dut_pc/pc_target1_carry__4_i_10/O
                         net (fo=7, routed)           0.652    15.779    u_cpu/dut_pc/pc_target1_carry__4_i_10_n_0
    SLICE_X38Y36         LUT3 (Prop_lut3_I2_O)        0.124    15.903 r  u_cpu/dut_pc/pc_target1_carry__4_i_2/O
                         net (fo=7, routed)           0.696    16.599    u_cpu/dut_pc/instruction_hold_valid_q_reg[16]
    SLICE_X38Y36         LUT4 (Prop_lut4_I3_O)        0.124    16.723 r  u_cpu/dut_pc/result0_carry__4_i_10/O
                         net (fo=6, routed)           0.607    17.330    u_cpu/dut_pc/src_b[22]
    SLICE_X36Y33         LUT2 (Prop_lut2_I1_O)        0.124    17.454 r  u_cpu/dut_pc/result0_carry__4_i_6/O
                         net (fo=1, routed)           0.000    17.454    u_cpu/dut_alu/mem_addr_q[20]_i_12_0[2]
    SLICE_X36Y33         CARRY4 (Prop_carry4_S[2]_CO[3])
                                                      0.398    17.852 r  u_cpu/dut_alu/result0_carry__4/CO[3]
                         net (fo=1, routed)           0.000    17.852    u_cpu/dut_alu/result0_carry__4_n_0
    SLICE_X36Y34         CARRY4 (Prop_carry4_CI_O[3])
                                                      0.313    18.165 r  u_cpu/dut_alu/result0_carry__5/O[3]
                         net (fo=1, routed)           1.047    19.212    u_cpu/dut_alu/data0[27]
    SLICE_X42Y36         LUT4 (Prop_lut4_I0_O)        0.306    19.518 r  u_cpu/dut_alu/mem_addr_q[27]_i_8/O
                         net (fo=1, routed)           0.305    19.823    u_cpu/dut_pc/pc[31]_i_27_0
    SLICE_X42Y38         LUT6 (Prop_lut6_I5_O)        0.124    19.947 r  u_cpu/dut_pc/mem_addr_q[27]_i_4/O
                         net (fo=2, routed)           0.589    20.536    u_cpu/dut_pc/mem_addr_q[27]_i_4_n_0
    SLICE_X45Y38         LUT5 (Prop_lut5_I1_O)        0.124    20.660 r  u_cpu/dut_pc/mem_addr_q[27]_i_2/O
                         net (fo=3, routed)           0.819    21.479    u_cpu/dut_pc/cpu_mem_addr[27]
    SLICE_X46Y38         LUT5 (Prop_lut5_I3_O)        0.124    21.603 f  u_cpu/dut_pc/refill_word_q[1]_i_8/O
                         net (fo=1, routed)           0.612    22.215    u_cpu/dut_pc/refill_word_q[1]_i_8_n_0
    SLICE_X47Y33         LUT5 (Prop_lut5_I4_O)        0.124    22.339 f  u_cpu/dut_pc/refill_word_q[1]_i_4/O
                         net (fo=165, routed)         1.688    24.027    u_l1_icache/icache_invalidate
    SLICE_X31Y18         LUT6 (Prop_lut6_I3_O)        0.124    24.151 r  u_l1_icache/data_array[17][0][31]_i_1/O
                         net (fo=32, routed)          0.880    25.031    u_l1_icache/data_array[17][0][31]_i_1_n_0
    SLICE_X29Y9          FDRE                                         r  u_l1_icache/data_array_reg[17][0][12]/CE
  -------------------------------------------------------------------    -------------------

                         (clock CLK rise edge)       20.000    20.000 r  
    M18                                               0.000    20.000 r  clk (IN)
                         net (fo=0)                   0.000    20.000    clk
    M18                  IBUF (Prop_ibuf_I_O)         0.805    20.805 r  clk_IBUF_inst/O
                         net (fo=1, routed)           1.868    22.673    clk_IBUF
    BUFGCTRL_X0Y0        BUFG (Prop_bufg_I_O)         0.091    22.764 r  clk_IBUF_BUFG_inst/O
                         net (fo=11156, routed)       1.445    24.209    u_l1_icache/clk_IBUF_BUFG
    SLICE_X29Y9          FDRE                                         r  u_l1_icache/data_array_reg[17][0][12]/C
                         clock pessimism              0.250    24.459    
                         clock uncertainty           -0.335    24.124    
    SLICE_X29Y9          FDRE (Setup_fdre_C_CE)      -0.205    23.919    u_l1_icache/data_array_reg[17][0][12]
  -------------------------------------------------------------------
                         required time                         23.919    
                         arrival time                         -25.031    
  -------------------------------------------------------------------
                         slack                                 -1.113    

Slack (VIOLATED) :        -1.108ns  (required time - arrival time)
  Source:                 u_cpu/dut_pc/pc_reg[4]_rep__8/C
                            (rising edge-triggered cell FDRE clocked by CLK  {rise@0.000ns fall@10.000ns period=20.000ns})
  Destination:            u_cpu/dut_pc/pc_reg[5]_rep__2/D
                            (rising edge-triggered cell FDRE clocked by CLK  {rise@0.000ns fall@10.000ns period=20.000ns})
  Path Group:             CLK
  Path Type:              Setup (Max at Slow Process Corner)
  Requirement:            20.000ns  (CLK rise@20.000ns - CLK rise@0.000ns)
  Data Path Delay:        20.676ns  (logic 4.527ns (21.895%)  route 16.149ns (78.105%))
  Logic Levels:           22  (CARRY4=4 LUT2=1 LUT3=1 LUT4=3 LUT5=3 LUT6=9 RAMD32=1)
  Clock Path Skew:        -0.030ns (DCD - SCD + CPR)
    Destination Clock Delay (DCD):    4.201ns = ( 24.201 - 20.000 ) 
    Source Clock Delay      (SCD):    4.553ns
    Clock Pessimism Removal (CPR):    0.322ns
  Clock Uncertainty:      0.335ns  ((TSJ^2 + TIJ^2)^1/2 + DJ) / 2 + PE + UU
    Total System Jitter     (TSJ):    0.071ns
    Total Input Jitter      (TIJ):    0.000ns
    Discrete Jitter          (DJ):    0.000ns
    Phase Error              (PE):    0.000ns
    User Uncertainty         (UU):    0.300ns

    Location             Delay type                Incr(ns)  Path(ns)    Netlist Resource(s)
  -------------------------------------------------------------------    -------------------
                         (clock CLK rise edge)        0.000     0.000 r  
    M18                                               0.000     0.000 r  clk (IN)
                         net (fo=0)                   0.000     0.000    clk
    M18                  IBUF (Prop_ibuf_I_O)         0.938     0.938 r  clk_IBUF_inst/O
                         net (fo=1, routed)           1.972     2.910    clk_IBUF
    BUFGCTRL_X0Y0        BUFG (Prop_bufg_I_O)         0.096     3.006 r  clk_IBUF_BUFG_inst/O
                         net (fo=11156, routed)       1.547     4.553    u_cpu/dut_pc/clk_IBUF_BUFG
    SLICE_X47Y25         FDRE                                         r  u_cpu/dut_pc/pc_reg[4]_rep__8/C
  -------------------------------------------------------------------    -------------------
    SLICE_X47Y25         FDRE (Prop_fdre_C_Q)         0.419     4.972 r  u_cpu/dut_pc/pc_reg[4]_rep__8/Q
                         net (fo=130, routed)         1.643     6.615    u_l1_icache/tag_array_reg_0_31_0_5/ADDRC0
    SLICE_X46Y22         RAMD32 (Prop_ramd32_RADR0_O)
                                                      0.328     6.943 r  u_l1_icache/tag_array_reg_0_31_0_5/RAMC/O
                         net (fo=1, routed)           0.676     7.619    u_cpu/dut_pc/lookup_hit1[4]
    SLICE_X42Y22         LUT6 (Prop_lut6_I1_O)        0.331     7.950 r  u_cpu/dut_pc/cpu_stall_debug_OBUF_inst_i_38/O
                         net (fo=1, routed)           0.000     7.950    u_cpu/dut_pc/cpu_stall_debug_OBUF_inst_i_38_n_0
    SLICE_X42Y22         CARRY4 (Prop_carry4_S[1]_CO[3])
                                                      0.533     8.483 r  u_cpu/dut_pc/cpu_stall_debug_OBUF_inst_i_23/CO[3]
                         net (fo=1, routed)           0.000     8.483    u_cpu/dut_pc/cpu_stall_debug_OBUF_inst_i_23_n_0
    SLICE_X42Y23         CARRY4 (Prop_carry4_CI_CO[3])
                                                      0.117     8.600 r  u_cpu/dut_pc/cpu_stall_debug_OBUF_inst_i_7/CO[3]
                         net (fo=4, routed)           0.948     9.548    u_cpu/dut_pc/u_l1_icache/lookup_hit0
    SLICE_X40Y22         LUT6 (Prop_lut6_I1_O)        0.124     9.672 r  u_cpu/dut_pc/registers_reg_r1_0_31_0_5_i_29/O
                         net (fo=33, routed)          1.119    10.791    u_cpu/dut_pc/registers_reg_r1_0_31_0_5_i_29_n_0
    SLICE_X34Y20         LUT6 (Prop_lut6_I4_O)        0.124    10.915 r  u_cpu/dut_pc/instr_debug[14]_i_1/O
                         net (fo=13, routed)          0.846    11.761    u_cpu/dut_pc/cpu_mem_funct3[2]
    SLICE_X33Y20         LUT4 (Prop_lut4_I0_O)        0.124    11.885 r  u_cpu/dut_pc/pc_target1_carry_i_19/O
                         net (fo=1, routed)           0.620    12.505    u_cpu/dut_pc/pc_target1_carry_i_19_n_0
    SLICE_X33Y21         LUT5 (Prop_lut5_I0_O)        0.124    12.629 r  u_cpu/dut_pc/pc_target1_carry_i_12/O
                         net (fo=39, routed)          0.910    13.540    u_cpu/dut_pc/imm_sel[2]
    SLICE_X34Y21         LUT6 (Prop_lut6_I0_O)        0.124    13.664 r  u_cpu/dut_pc/pc_target1_carry__2_i_9/O
                         net (fo=18, routed)          1.339    15.003    u_cpu/dut_pc/pc_target1_carry__2_i_9_n_0
    SLICE_X38Y33         LUT5 (Prop_lut5_I3_O)        0.124    15.127 r  u_cpu/dut_pc/pc_target1_carry__4_i_10/O
                         net (fo=7, routed)           0.652    15.779    u_cpu/dut_pc/pc_target1_carry__4_i_10_n_0
    SLICE_X38Y36         LUT3 (Prop_lut3_I2_O)        0.124    15.903 r  u_cpu/dut_pc/pc_target1_carry__4_i_2/O
                         net (fo=7, routed)           0.696    16.599    u_cpu/dut_pc/instruction_hold_valid_q_reg[16]
    SLICE_X38Y36         LUT4 (Prop_lut4_I3_O)        0.124    16.723 r  u_cpu/dut_pc/result0_carry__4_i_10/O
                         net (fo=6, routed)           0.600    17.324    u_cpu/dut_pc/src_b[22]
    SLICE_X37Y32         LUT2 (Prop_lut2_I1_O)        0.124    17.448 r  u_cpu/dut_pc/i__carry__4_i_2/O
                         net (fo=1, routed)           0.000    17.448    u_cpu/dut_alu/mem_addr_q[20]_i_12_1[2]
    SLICE_X37Y32         CARRY4 (Prop_carry4_S[2]_CO[3])
                                                      0.398    17.846 r  u_cpu/dut_alu/result0_inferred__0/i__carry__4/CO[3]
                         net (fo=1, routed)           0.000    17.846    u_cpu/dut_alu/result0_inferred__0/i__carry__4_n_0
    SLICE_X37Y33         CARRY4 (Prop_carry4_CI_O[2])
                                                      0.239    18.085 f  u_cpu/dut_alu/result0_inferred__0/i__carry__5/O[2]
                         net (fo=1, routed)           0.938    19.023    u_cpu/dut_alu/data1[26]
    SLICE_X39Y38         LUT4 (Prop_lut4_I2_O)        0.302    19.325 f  u_cpu/dut_alu/mem_addr_q[26]_i_8/O
                         net (fo=1, routed)           0.409    19.734    u_cpu/dut_pc/mem_addr_q[26]_i_2_0
    SLICE_X41Y38         LUT6 (Prop_lut6_I5_O)        0.124    19.858 f  u_cpu/dut_pc/mem_addr_q[26]_i_4/O
                         net (fo=1, routed)           0.430    20.288    u_cpu/dut_pc/mem_addr_q[26]_i_4_n_0
    SLICE_X42Y38         LUT5 (Prop_lut5_I1_O)        0.124    20.412 f  u_cpu/dut_pc/mem_addr_q[26]_i_2/O
                         net (fo=5, routed)           1.122    21.534    u_cpu/dut_pc/cpu_mem_addr[26]
    SLICE_X48Y36         LUT6 (Prop_lut6_I5_O)        0.124    21.658 r  u_cpu/dut_pc/pc[31]_i_19/O
                         net (fo=1, routed)           0.642    22.300    u_cpu/dut_pc/pc[31]_i_19_n_0
    SLICE_X48Y34         LUT6 (Prop_lut6_I5_O)        0.124    22.424 r  u_cpu/dut_pc/pc[31]_i_10/O
                         net (fo=2, routed)           0.630    23.054    u_cpu/dut_pc/pc[31]_i_10_n_0
    SLICE_X50Y30         LUT6 (Prop_lut6_I0_O)        0.124    23.178 r  u_cpu/dut_pc/pc[31]_i_5/O
                         net (fo=59, routed)          1.453    24.631    u_cpu/dut_pc/pc[31]_i_5_n_0
    SLICE_X45Y22         LUT6 (Prop_lut6_I1_O)        0.124    24.755 r  u_cpu/dut_pc/pc[5]_rep__2_i_1/O
                         net (fo=1, routed)           0.474    25.229    u_cpu/dut_pc/pc[5]_rep__2_i_1_n_0
    SLICE_X45Y19         FDRE                                         r  u_cpu/dut_pc/pc_reg[5]_rep__2/D
  -------------------------------------------------------------------    -------------------

                         (clock CLK rise edge)       20.000    20.000 r  
    M18                                               0.000    20.000 r  clk (IN)
                         net (fo=0)                   0.000    20.000    clk
    M18                  IBUF (Prop_ibuf_I_O)         0.805    20.805 r  clk_IBUF_inst/O
                         net (fo=1, routed)           1.868    22.673    clk_IBUF
    BUFGCTRL_X0Y0        BUFG (Prop_bufg_I_O)         0.091    22.764 r  clk_IBUF_BUFG_inst/O
                         net (fo=11156, routed)       1.437    24.201    u_cpu/dut_pc/clk_IBUF_BUFG
    SLICE_X45Y19         FDRE                                         r  u_cpu/dut_pc/pc_reg[5]_rep__2/C
                         clock pessimism              0.322    24.523    
                         clock uncertainty           -0.335    24.188    
    SLICE_X45Y19         FDRE (Setup_fdre_C_D)       -0.067    24.121    u_cpu/dut_pc/pc_reg[5]_rep__2
  -------------------------------------------------------------------
                         required time                         24.121    
                         arrival time                         -25.229    
  -------------------------------------------------------------------
                         slack                                 -1.108    

Slack (VIOLATED) :        -1.108ns  (required time - arrival time)
  Source:                 u_cpu/dut_pc/pc_reg[4]_rep__8/C
                            (rising edge-triggered cell FDRE clocked by CLK  {rise@0.000ns fall@10.000ns period=20.000ns})
  Destination:            u_l1_icache/data_array_reg[29][0][15]/CE
                            (rising edge-triggered cell FDRE clocked by CLK  {rise@0.000ns fall@10.000ns period=20.000ns})
  Path Group:             CLK
  Path Type:              Setup (Max at Slow Process Corner)
  Requirement:            20.000ns  (CLK rise@20.000ns - CLK rise@0.000ns)
  Data Path Delay:        20.472ns  (logic 4.481ns (21.889%)  route 15.991ns (78.111%))
  Logic Levels:           21  (CARRY4=4 LUT2=1 LUT3=1 LUT4=3 LUT5=5 LUT6=6 RAMD32=1)
  Clock Path Skew:        -0.096ns (DCD - SCD + CPR)
    Destination Clock Delay (DCD):    4.207ns = ( 24.207 - 20.000 ) 
    Source Clock Delay      (SCD):    4.553ns
    Clock Pessimism Removal (CPR):    0.250ns
  Clock Uncertainty:      0.335ns  ((TSJ^2 + TIJ^2)^1/2 + DJ) / 2 + PE + UU
    Total System Jitter     (TSJ):    0.071ns
    Total Input Jitter      (TIJ):    0.000ns
    Discrete Jitter          (DJ):    0.000ns
    Phase Error              (PE):    0.000ns
    User Uncertainty         (UU):    0.300ns

    Location             Delay type                Incr(ns)  Path(ns)    Netlist Resource(s)
  -------------------------------------------------------------------    -------------------
                         (clock CLK rise edge)        0.000     0.000 r  
    M18                                               0.000     0.000 r  clk (IN)
                         net (fo=0)                   0.000     0.000    clk
    M18                  IBUF (Prop_ibuf_I_O)         0.938     0.938 r  clk_IBUF_inst/O
                         net (fo=1, routed)           1.972     2.910    clk_IBUF
    BUFGCTRL_X0Y0        BUFG (Prop_bufg_I_O)         0.096     3.006 r  clk_IBUF_BUFG_inst/O
                         net (fo=11156, routed)       1.547     4.553    u_cpu/dut_pc/clk_IBUF_BUFG
    SLICE_X47Y25         FDRE                                         r  u_cpu/dut_pc/pc_reg[4]_rep__8/C
  -------------------------------------------------------------------    -------------------
    SLICE_X47Y25         FDRE (Prop_fdre_C_Q)         0.419     4.972 r  u_cpu/dut_pc/pc_reg[4]_rep__8/Q
                         net (fo=130, routed)         1.643     6.615    u_l1_icache/tag_array_reg_0_31_0_5/ADDRC0
    SLICE_X46Y22         RAMD32 (Prop_ramd32_RADR0_O)
                                                      0.328     6.943 r  u_l1_icache/tag_array_reg_0_31_0_5/RAMC/O
                         net (fo=1, routed)           0.676     7.619    u_cpu/dut_pc/lookup_hit1[4]
    SLICE_X42Y22         LUT6 (Prop_lut6_I1_O)        0.331     7.950 r  u_cpu/dut_pc/cpu_stall_debug_OBUF_inst_i_38/O
                         net (fo=1, routed)           0.000     7.950    u_cpu/dut_pc/cpu_stall_debug_OBUF_inst_i_38_n_0
    SLICE_X42Y22         CARRY4 (Prop_carry4_S[1]_CO[3])
                                                      0.533     8.483 r  u_cpu/dut_pc/cpu_stall_debug_OBUF_inst_i_23/CO[3]
                         net (fo=1, routed)           0.000     8.483    u_cpu/dut_pc/cpu_stall_debug_OBUF_inst_i_23_n_0
    SLICE_X42Y23         CARRY4 (Prop_carry4_CI_CO[3])
                                                      0.117     8.600 r  u_cpu/dut_pc/cpu_stall_debug_OBUF_inst_i_7/CO[3]
                         net (fo=4, routed)           0.948     9.548    u_cpu/dut_pc/u_l1_icache/lookup_hit0
    SLICE_X40Y22         LUT6 (Prop_lut6_I1_O)        0.124     9.672 r  u_cpu/dut_pc/registers_reg_r1_0_31_0_5_i_29/O
                         net (fo=33, routed)          1.119    10.791    u_cpu/dut_pc/registers_reg_r1_0_31_0_5_i_29_n_0
    SLICE_X34Y20         LUT6 (Prop_lut6_I4_O)        0.124    10.915 r  u_cpu/dut_pc/instr_debug[14]_i_1/O
                         net (fo=13, routed)          0.846    11.761    u_cpu/dut_pc/cpu_mem_funct3[2]
    SLICE_X33Y20         LUT4 (Prop_lut4_I0_O)        0.124    11.885 r  u_cpu/dut_pc/pc_target1_carry_i_19/O
                         net (fo=1, routed)           0.620    12.505    u_cpu/dut_pc/pc_target1_carry_i_19_n_0
    SLICE_X33Y21         LUT5 (Prop_lut5_I0_O)        0.124    12.629 r  u_cpu/dut_pc/pc_target1_carry_i_12/O
                         net (fo=39, routed)          0.910    13.540    u_cpu/dut_pc/imm_sel[2]
    SLICE_X34Y21         LUT6 (Prop_lut6_I0_O)        0.124    13.664 r  u_cpu/dut_pc/pc_target1_carry__2_i_9/O
                         net (fo=18, routed)          1.339    15.003    u_cpu/dut_pc/pc_target1_carry__2_i_9_n_0
    SLICE_X38Y33         LUT5 (Prop_lut5_I3_O)        0.124    15.127 r  u_cpu/dut_pc/pc_target1_carry__4_i_10/O
                         net (fo=7, routed)           0.652    15.779    u_cpu/dut_pc/pc_target1_carry__4_i_10_n_0
    SLICE_X38Y36         LUT3 (Prop_lut3_I2_O)        0.124    15.903 r  u_cpu/dut_pc/pc_target1_carry__4_i_2/O
                         net (fo=7, routed)           0.696    16.599    u_cpu/dut_pc/instruction_hold_valid_q_reg[16]
    SLICE_X38Y36         LUT4 (Prop_lut4_I3_O)        0.124    16.723 r  u_cpu/dut_pc/result0_carry__4_i_10/O
                         net (fo=6, routed)           0.607    17.330    u_cpu/dut_pc/src_b[22]
    SLICE_X36Y33         LUT2 (Prop_lut2_I1_O)        0.124    17.454 r  u_cpu/dut_pc/result0_carry__4_i_6/O
                         net (fo=1, routed)           0.000    17.454    u_cpu/dut_alu/mem_addr_q[20]_i_12_0[2]
    SLICE_X36Y33         CARRY4 (Prop_carry4_S[2]_CO[3])
                                                      0.398    17.852 r  u_cpu/dut_alu/result0_carry__4/CO[3]
                         net (fo=1, routed)           0.000    17.852    u_cpu/dut_alu/result0_carry__4_n_0
    SLICE_X36Y34         CARRY4 (Prop_carry4_CI_O[3])
                                                      0.313    18.165 r  u_cpu/dut_alu/result0_carry__5/O[3]
                         net (fo=1, routed)           1.047    19.212    u_cpu/dut_alu/data0[27]
    SLICE_X42Y36         LUT4 (Prop_lut4_I0_O)        0.306    19.518 r  u_cpu/dut_alu/mem_addr_q[27]_i_8/O
                         net (fo=1, routed)           0.305    19.823    u_cpu/dut_pc/pc[31]_i_27_0
    SLICE_X42Y38         LUT6 (Prop_lut6_I5_O)        0.124    19.947 r  u_cpu/dut_pc/mem_addr_q[27]_i_4/O
                         net (fo=2, routed)           0.589    20.536    u_cpu/dut_pc/mem_addr_q[27]_i_4_n_0
    SLICE_X45Y38         LUT5 (Prop_lut5_I1_O)        0.124    20.660 r  u_cpu/dut_pc/mem_addr_q[27]_i_2/O
                         net (fo=3, routed)           0.819    21.479    u_cpu/dut_pc/cpu_mem_addr[27]
    SLICE_X46Y38         LUT5 (Prop_lut5_I3_O)        0.124    21.603 f  u_cpu/dut_pc/refill_word_q[1]_i_8/O
                         net (fo=1, routed)           0.612    22.215    u_cpu/dut_pc/refill_word_q[1]_i_8_n_0
    SLICE_X47Y33         LUT5 (Prop_lut5_I4_O)        0.124    22.339 f  u_cpu/dut_pc/refill_word_q[1]_i_4/O
                         net (fo=165, routed)         1.498    23.837    u_l1_icache/icache_invalidate
    SLICE_X46Y14         LUT6 (Prop_lut6_I3_O)        0.124    23.961 r  u_l1_icache/data_array[29][0][31]_i_1/O
                         net (fo=32, routed)          1.064    25.025    u_l1_icache/data_array[29][0][31]_i_1_n_0
    SLICE_X32Y10         FDRE                                         r  u_l1_icache/data_array_reg[29][0][15]/CE
  -------------------------------------------------------------------    -------------------

                         (clock CLK rise edge)       20.000    20.000 r  
    M18                                               0.000    20.000 r  clk (IN)
                         net (fo=0)                   0.000    20.000    clk
    M18                  IBUF (Prop_ibuf_I_O)         0.805    20.805 r  clk_IBUF_inst/O
                         net (fo=1, routed)           1.868    22.673    clk_IBUF
    BUFGCTRL_X0Y0        BUFG (Prop_bufg_I_O)         0.091    22.764 r  clk_IBUF_BUFG_inst/O
                         net (fo=11156, routed)       1.443    24.207    u_l1_icache/clk_IBUF_BUFG
    SLICE_X32Y10         FDRE                                         r  u_l1_icache/data_array_reg[29][0][15]/C
                         clock pessimism              0.250    24.457    
                         clock uncertainty           -0.335    24.122    
    SLICE_X32Y10         FDRE (Setup_fdre_C_CE)      -0.205    23.917    u_l1_icache/data_array_reg[29][0][15]
  -------------------------------------------------------------------
                         required time                         23.917    
                         arrival time                         -25.025    
  -------------------------------------------------------------------
                         slack                                 -1.108    

Slack (VIOLATED) :        -1.108ns  (required time - arrival time)
  Source:                 u_cpu/dut_pc/pc_reg[4]_rep__8/C
                            (rising edge-triggered cell FDRE clocked by CLK  {rise@0.000ns fall@10.000ns period=20.000ns})
  Destination:            u_l1_icache/data_array_reg[29][0][26]/CE
                            (rising edge-triggered cell FDRE clocked by CLK  {rise@0.000ns fall@10.000ns period=20.000ns})
  Path Group:             CLK
  Path Type:              Setup (Max at Slow Process Corner)
  Requirement:            20.000ns  (CLK rise@20.000ns - CLK rise@0.000ns)
  Data Path Delay:        20.472ns  (logic 4.481ns (21.889%)  route 15.991ns (78.111%))
  Logic Levels:           21  (CARRY4=4 LUT2=1 LUT3=1 LUT4=3 LUT5=5 LUT6=6 RAMD32=1)
  Clock Path Skew:        -0.096ns (DCD - SCD + CPR)
    Destination Clock Delay (DCD):    4.207ns = ( 24.207 - 20.000 ) 
    Source Clock Delay      (SCD):    4.553ns
    Clock Pessimism Removal (CPR):    0.250ns
  Clock Uncertainty:      0.335ns  ((TSJ^2 + TIJ^2)^1/2 + DJ) / 2 + PE + UU
    Total System Jitter     (TSJ):    0.071ns
    Total Input Jitter      (TIJ):    0.000ns
    Discrete Jitter          (DJ):    0.000ns
    Phase Error              (PE):    0.000ns
    User Uncertainty         (UU):    0.300ns

    Location             Delay type                Incr(ns)  Path(ns)    Netlist Resource(s)
  -------------------------------------------------------------------    -------------------
                         (clock CLK rise edge)        0.000     0.000 r  
    M18                                               0.000     0.000 r  clk (IN)
                         net (fo=0)                   0.000     0.000    clk
    M18                  IBUF (Prop_ibuf_I_O)         0.938     0.938 r  clk_IBUF_inst/O
                         net (fo=1, routed)           1.972     2.910    clk_IBUF
    BUFGCTRL_X0Y0        BUFG (Prop_bufg_I_O)         0.096     3.006 r  clk_IBUF_BUFG_inst/O
                         net (fo=11156, routed)       1.547     4.553    u_cpu/dut_pc/clk_IBUF_BUFG
    SLICE_X47Y25         FDRE                                         r  u_cpu/dut_pc/pc_reg[4]_rep__8/C
  -------------------------------------------------------------------    -------------------
    SLICE_X47Y25         FDRE (Prop_fdre_C_Q)         0.419     4.972 r  u_cpu/dut_pc/pc_reg[4]_rep__8/Q
                         net (fo=130, routed)         1.643     6.615    u_l1_icache/tag_array_reg_0_31_0_5/ADDRC0
    SLICE_X46Y22         RAMD32 (Prop_ramd32_RADR0_O)
                                                      0.328     6.943 r  u_l1_icache/tag_array_reg_0_31_0_5/RAMC/O
                         net (fo=1, routed)           0.676     7.619    u_cpu/dut_pc/lookup_hit1[4]
    SLICE_X42Y22         LUT6 (Prop_lut6_I1_O)        0.331     7.950 r  u_cpu/dut_pc/cpu_stall_debug_OBUF_inst_i_38/O
                         net (fo=1, routed)           0.000     7.950    u_cpu/dut_pc/cpu_stall_debug_OBUF_inst_i_38_n_0
    SLICE_X42Y22         CARRY4 (Prop_carry4_S[1]_CO[3])
                                                      0.533     8.483 r  u_cpu/dut_pc/cpu_stall_debug_OBUF_inst_i_23/CO[3]
                         net (fo=1, routed)           0.000     8.483    u_cpu/dut_pc/cpu_stall_debug_OBUF_inst_i_23_n_0
    SLICE_X42Y23         CARRY4 (Prop_carry4_CI_CO[3])
                                                      0.117     8.600 r  u_cpu/dut_pc/cpu_stall_debug_OBUF_inst_i_7/CO[3]
                         net (fo=4, routed)           0.948     9.548    u_cpu/dut_pc/u_l1_icache/lookup_hit0
    SLICE_X40Y22         LUT6 (Prop_lut6_I1_O)        0.124     9.672 r  u_cpu/dut_pc/registers_reg_r1_0_31_0_5_i_29/O
                         net (fo=33, routed)          1.119    10.791    u_cpu/dut_pc/registers_reg_r1_0_31_0_5_i_29_n_0
    SLICE_X34Y20         LUT6 (Prop_lut6_I4_O)        0.124    10.915 r  u_cpu/dut_pc/instr_debug[14]_i_1/O
                         net (fo=13, routed)          0.846    11.761    u_cpu/dut_pc/cpu_mem_funct3[2]
    SLICE_X33Y20         LUT4 (Prop_lut4_I0_O)        0.124    11.885 r  u_cpu/dut_pc/pc_target1_carry_i_19/O
                         net (fo=1, routed)           0.620    12.505    u_cpu/dut_pc/pc_target1_carry_i_19_n_0
    SLICE_X33Y21         LUT5 (Prop_lut5_I0_O)        0.124    12.629 r  u_cpu/dut_pc/pc_target1_carry_i_12/O
                         net (fo=39, routed)          0.910    13.540    u_cpu/dut_pc/imm_sel[2]
    SLICE_X34Y21         LUT6 (Prop_lut6_I0_O)        0.124    13.664 r  u_cpu/dut_pc/pc_target1_carry__2_i_9/O
                         net (fo=18, routed)          1.339    15.003    u_cpu/dut_pc/pc_target1_carry__2_i_9_n_0
    SLICE_X38Y33         LUT5 (Prop_lut5_I3_O)        0.124    15.127 r  u_cpu/dut_pc/pc_target1_carry__4_i_10/O
                         net (fo=7, routed)           0.652    15.779    u_cpu/dut_pc/pc_target1_carry__4_i_10_n_0
    SLICE_X38Y36         LUT3 (Prop_lut3_I2_O)        0.124    15.903 r  u_cpu/dut_pc/pc_target1_carry__4_i_2/O
                         net (fo=7, routed)           0.696    16.599    u_cpu/dut_pc/instruction_hold_valid_q_reg[16]
    SLICE_X38Y36         LUT4 (Prop_lut4_I3_O)        0.124    16.723 r  u_cpu/dut_pc/result0_carry__4_i_10/O
                         net (fo=6, routed)           0.607    17.330    u_cpu/dut_pc/src_b[22]
    SLICE_X36Y33         LUT2 (Prop_lut2_I1_O)        0.124    17.454 r  u_cpu/dut_pc/result0_carry__4_i_6/O
                         net (fo=1, routed)           0.000    17.454    u_cpu/dut_alu/mem_addr_q[20]_i_12_0[2]
    SLICE_X36Y33         CARRY4 (Prop_carry4_S[2]_CO[3])
                                                      0.398    17.852 r  u_cpu/dut_alu/result0_carry__4/CO[3]
                         net (fo=1, routed)           0.000    17.852    u_cpu/dut_alu/result0_carry__4_n_0
    SLICE_X36Y34         CARRY4 (Prop_carry4_CI_O[3])
                                                      0.313    18.165 r  u_cpu/dut_alu/result0_carry__5/O[3]
                         net (fo=1, routed)           1.047    19.212    u_cpu/dut_alu/data0[27]
    SLICE_X42Y36         LUT4 (Prop_lut4_I0_O)        0.306    19.518 r  u_cpu/dut_alu/mem_addr_q[27]_i_8/O
                         net (fo=1, routed)           0.305    19.823    u_cpu/dut_pc/pc[31]_i_27_0
    SLICE_X42Y38         LUT6 (Prop_lut6_I5_O)        0.124    19.947 r  u_cpu/dut_pc/mem_addr_q[27]_i_4/O
                         net (fo=2, routed)           0.589    20.536    u_cpu/dut_pc/mem_addr_q[27]_i_4_n_0
    SLICE_X45Y38         LUT5 (Prop_lut5_I1_O)        0.124    20.660 r  u_cpu/dut_pc/mem_addr_q[27]_i_2/O
                         net (fo=3, routed)           0.819    21.479    u_cpu/dut_pc/cpu_mem_addr[27]
    SLICE_X46Y38         LUT5 (Prop_lut5_I3_O)        0.124    21.603 f  u_cpu/dut_pc/refill_word_q[1]_i_8/O
                         net (fo=1, routed)           0.612    22.215    u_cpu/dut_pc/refill_word_q[1]_i_8_n_0
    SLICE_X47Y33         LUT5 (Prop_lut5_I4_O)        0.124    22.339 f  u_cpu/dut_pc/refill_word_q[1]_i_4/O
                         net (fo=165, routed)         1.498    23.837    u_l1_icache/icache_invalidate
    SLICE_X46Y14         LUT6 (Prop_lut6_I3_O)        0.124    23.961 r  u_l1_icache/data_array[29][0][31]_i_1/O
                         net (fo=32, routed)          1.064    25.025    u_l1_icache/data_array[29][0][31]_i_1_n_0
    SLICE_X32Y10         FDRE                                         r  u_l1_icache/data_array_reg[29][0][26]/CE
  -------------------------------------------------------------------    -------------------

                         (clock CLK rise edge)       20.000    20.000 r  
    M18                                               0.000    20.000 r  clk (IN)
                         net (fo=0)                   0.000    20.000    clk
    M18                  IBUF (Prop_ibuf_I_O)         0.805    20.805 r  clk_IBUF_inst/O
                         net (fo=1, routed)           1.868    22.673    clk_IBUF
    BUFGCTRL_X0Y0        BUFG (Prop_bufg_I_O)         0.091    22.764 r  clk_IBUF_BUFG_inst/O
                         net (fo=11156, routed)       1.443    24.207    u_l1_icache/clk_IBUF_BUFG
    SLICE_X32Y10         FDRE                                         r  u_l1_icache/data_array_reg[29][0][26]/C
                         clock pessimism              0.250    24.457    
                         clock uncertainty           -0.335    24.122    
    SLICE_X32Y10         FDRE (Setup_fdre_C_CE)      -0.205    23.917    u_l1_icache/data_array_reg[29][0][26]
  -------------------------------------------------------------------
                         required time                         23.917    
                         arrival time                         -25.025    
  -------------------------------------------------------------------
                         slack                                 -1.108    

Slack (VIOLATED) :        -1.105ns  (required time - arrival time)
  Source:                 u_cpu/dut_pc/pc_reg[4]_rep__8/C
                            (rising edge-triggered cell FDRE clocked by CLK  {rise@0.000ns fall@10.000ns period=20.000ns})
  Destination:            u_cpu/dut_pc/pc_reg[5]_rep__7/D
                            (rising edge-triggered cell FDRE clocked by CLK  {rise@0.000ns fall@10.000ns period=20.000ns})
  Path Group:             CLK
  Path Type:              Setup (Max at Slow Process Corner)
  Requirement:            20.000ns  (CLK rise@20.000ns - CLK rise@0.000ns)
  Data Path Delay:        20.733ns  (logic 4.527ns (21.835%)  route 16.206ns (78.165%))
  Logic Levels:           22  (CARRY4=4 LUT2=1 LUT3=1 LUT4=3 LUT5=3 LUT6=9 RAMD32=1)
  Clock Path Skew:        -0.021ns (DCD - SCD + CPR)
    Destination Clock Delay (DCD):    4.210ns = ( 24.210 - 20.000 ) 
    Source Clock Delay      (SCD):    4.553ns
    Clock Pessimism Removal (CPR):    0.322ns
  Clock Uncertainty:      0.335ns  ((TSJ^2 + TIJ^2)^1/2 + DJ) / 2 + PE + UU
    Total System Jitter     (TSJ):    0.071ns
    Total Input Jitter      (TIJ):    0.000ns
    Discrete Jitter          (DJ):    0.000ns
    Phase Error              (PE):    0.000ns
    User Uncertainty         (UU):    0.300ns

    Location             Delay type                Incr(ns)  Path(ns)    Netlist Resource(s)
  -------------------------------------------------------------------    -------------------
                         (clock CLK rise edge)        0.000     0.000 r  
    M18                                               0.000     0.000 r  clk (IN)
                         net (fo=0)                   0.000     0.000    clk
    M18                  IBUF (Prop_ibuf_I_O)         0.938     0.938 r  clk_IBUF_inst/O
                         net (fo=1, routed)           1.972     2.910    clk_IBUF
    BUFGCTRL_X0Y0        BUFG (Prop_bufg_I_O)         0.096     3.006 r  clk_IBUF_BUFG_inst/O
                         net (fo=11156, routed)       1.547     4.553    u_cpu/dut_pc/clk_IBUF_BUFG
    SLICE_X47Y25         FDRE                                         r  u_cpu/dut_pc/pc_reg[4]_rep__8/C
  -------------------------------------------------------------------    -------------------
    SLICE_X47Y25         FDRE (Prop_fdre_C_Q)         0.419     4.972 r  u_cpu/dut_pc/pc_reg[4]_rep__8/Q
                         net (fo=130, routed)         1.643     6.615    u_l1_icache/tag_array_reg_0_31_0_5/ADDRC0
    SLICE_X46Y22         RAMD32 (Prop_ramd32_RADR0_O)
                                                      0.328     6.943 r  u_l1_icache/tag_array_reg_0_31_0_5/RAMC/O
                         net (fo=1, routed)           0.676     7.619    u_cpu/dut_pc/lookup_hit1[4]
    SLICE_X42Y22         LUT6 (Prop_lut6_I1_O)        0.331     7.950 r  u_cpu/dut_pc/cpu_stall_debug_OBUF_inst_i_38/O
                         net (fo=1, routed)           0.000     7.950    u_cpu/dut_pc/cpu_stall_debug_OBUF_inst_i_38_n_0
    SLICE_X42Y22         CARRY4 (Prop_carry4_S[1]_CO[3])
                                                      0.533     8.483 r  u_cpu/dut_pc/cpu_stall_debug_OBUF_inst_i_23/CO[3]
                         net (fo=1, routed)           0.000     8.483    u_cpu/dut_pc/cpu_stall_debug_OBUF_inst_i_23_n_0
    SLICE_X42Y23         CARRY4 (Prop_carry4_CI_CO[3])
                                                      0.117     8.600 r  u_cpu/dut_pc/cpu_stall_debug_OBUF_inst_i_7/CO[3]
                         net (fo=4, routed)           0.948     9.548    u_cpu/dut_pc/u_l1_icache/lookup_hit0
    SLICE_X40Y22         LUT6 (Prop_lut6_I1_O)        0.124     9.672 r  u_cpu/dut_pc/registers_reg_r1_0_31_0_5_i_29/O
                         net (fo=33, routed)          1.119    10.791    u_cpu/dut_pc/registers_reg_r1_0_31_0_5_i_29_n_0
    SLICE_X34Y20         LUT6 (Prop_lut6_I4_O)        0.124    10.915 r  u_cpu/dut_pc/instr_debug[14]_i_1/O
                         net (fo=13, routed)          0.846    11.761    u_cpu/dut_pc/cpu_mem_funct3[2]
    SLICE_X33Y20         LUT4 (Prop_lut4_I0_O)        0.124    11.885 r  u_cpu/dut_pc/pc_target1_carry_i_19/O
                         net (fo=1, routed)           0.620    12.505    u_cpu/dut_pc/pc_target1_carry_i_19_n_0
    SLICE_X33Y21         LUT5 (Prop_lut5_I0_O)        0.124    12.629 r  u_cpu/dut_pc/pc_target1_carry_i_12/O
                         net (fo=39, routed)          0.910    13.540    u_cpu/dut_pc/imm_sel[2]
    SLICE_X34Y21         LUT6 (Prop_lut6_I0_O)        0.124    13.664 r  u_cpu/dut_pc/pc_target1_carry__2_i_9/O
                         net (fo=18, routed)          1.339    15.003    u_cpu/dut_pc/pc_target1_carry__2_i_9_n_0
    SLICE_X38Y33         LUT5 (Prop_lut5_I3_O)        0.124    15.127 r  u_cpu/dut_pc/pc_target1_carry__4_i_10/O
                         net (fo=7, routed)           0.652    15.779    u_cpu/dut_pc/pc_target1_carry__4_i_10_n_0
    SLICE_X38Y36         LUT3 (Prop_lut3_I2_O)        0.124    15.903 r  u_cpu/dut_pc/pc_target1_carry__4_i_2/O
                         net (fo=7, routed)           0.696    16.599    u_cpu/dut_pc/instruction_hold_valid_q_reg[16]
    SLICE_X38Y36         LUT4 (Prop_lut4_I3_O)        0.124    16.723 r  u_cpu/dut_pc/result0_carry__4_i_10/O
                         net (fo=6, routed)           0.600    17.324    u_cpu/dut_pc/src_b[22]
    SLICE_X37Y32         LUT2 (Prop_lut2_I1_O)        0.124    17.448 r  u_cpu/dut_pc/i__carry__4_i_2/O
                         net (fo=1, routed)           0.000    17.448    u_cpu/dut_alu/mem_addr_q[20]_i_12_1[2]
    SLICE_X37Y32         CARRY4 (Prop_carry4_S[2]_CO[3])
                                                      0.398    17.846 r  u_cpu/dut_alu/result0_inferred__0/i__carry__4/CO[3]
                         net (fo=1, routed)           0.000    17.846    u_cpu/dut_alu/result0_inferred__0/i__carry__4_n_0
    SLICE_X37Y33         CARRY4 (Prop_carry4_CI_O[2])
                                                      0.239    18.085 f  u_cpu/dut_alu/result0_inferred__0/i__carry__5/O[2]
                         net (fo=1, routed)           0.938    19.023    u_cpu/dut_alu/data1[26]
    SLICE_X39Y38         LUT4 (Prop_lut4_I2_O)        0.302    19.325 f  u_cpu/dut_alu/mem_addr_q[26]_i_8/O
                         net (fo=1, routed)           0.409    19.734    u_cpu/dut_pc/mem_addr_q[26]_i_2_0
    SLICE_X41Y38         LUT6 (Prop_lut6_I5_O)        0.124    19.858 f  u_cpu/dut_pc/mem_addr_q[26]_i_4/O
                         net (fo=1, routed)           0.430    20.288    u_cpu/dut_pc/mem_addr_q[26]_i_4_n_0
    SLICE_X42Y38         LUT5 (Prop_lut5_I1_O)        0.124    20.412 f  u_cpu/dut_pc/mem_addr_q[26]_i_2/O
                         net (fo=5, routed)           1.122    21.534    u_cpu/dut_pc/cpu_mem_addr[26]
    SLICE_X48Y36         LUT6 (Prop_lut6_I5_O)        0.124    21.658 r  u_cpu/dut_pc/pc[31]_i_19/O
                         net (fo=1, routed)           0.642    22.300    u_cpu/dut_pc/pc[31]_i_19_n_0
    SLICE_X48Y34         LUT6 (Prop_lut6_I5_O)        0.124    22.424 r  u_cpu/dut_pc/pc[31]_i_10/O
                         net (fo=2, routed)           0.630    23.054    u_cpu/dut_pc/pc[31]_i_10_n_0
    SLICE_X50Y30         LUT6 (Prop_lut6_I0_O)        0.124    23.178 r  u_cpu/dut_pc/pc[31]_i_5/O
                         net (fo=59, routed)          1.306    24.483    u_cpu/dut_pc/pc[31]_i_5_n_0
    SLICE_X54Y19         LUT6 (Prop_lut6_I1_O)        0.124    24.607 r  u_cpu/dut_pc/pc[5]_rep__7_i_1/O
                         net (fo=1, routed)           0.678    25.286    u_cpu/dut_pc/pc[5]_rep__7_i_1_n_0
    SLICE_X56Y16         FDRE                                         r  u_cpu/dut_pc/pc_reg[5]_rep__7/D
  -------------------------------------------------------------------    -------------------

                         (clock CLK rise edge)       20.000    20.000 r  
    M18                                               0.000    20.000 r  clk (IN)
                         net (fo=0)                   0.000    20.000    clk
    M18                  IBUF (Prop_ibuf_I_O)         0.805    20.805 r  clk_IBUF_inst/O
                         net (fo=1, routed)           1.868    22.673    clk_IBUF
    BUFGCTRL_X0Y0        BUFG (Prop_bufg_I_O)         0.091    22.764 r  clk_IBUF_BUFG_inst/O
                         net (fo=11156, routed)       1.446    24.210    u_cpu/dut_pc/clk_IBUF_BUFG
    SLICE_X56Y16         FDRE                                         r  u_cpu/dut_pc/pc_reg[5]_rep__7/C
                         clock pessimism              0.322    24.532    
                         clock uncertainty           -0.335    24.197    
    SLICE_X56Y16         FDRE (Setup_fdre_C_D)       -0.016    24.181    u_cpu/dut_pc/pc_reg[5]_rep__7
  -------------------------------------------------------------------
                         required time                         24.181    
                         arrival time                         -25.286    
  -------------------------------------------------------------------
                         slack                                 -1.105    





Min Delay Paths
--------------------------------------------------------------------------------------
Slack (MET) :             0.032ns  (arrival time - required time)
  Source:                 u_aes_slave/u_aes_core/key_schedule_inst/key_state_reg_reg[1][175]/C
                            (rising edge-triggered cell FDRE clocked by CLK  {rise@0.000ns fall@10.000ns period=20.000ns})
  Destination:            u_aes_slave/u_aes_core/key_schedule_inst/key_state_reg_reg[2][175]/D
                            (rising edge-triggered cell FDRE clocked by CLK  {rise@0.000ns fall@10.000ns period=20.000ns})
  Path Group:             CLK
  Path Type:              Hold (Min at Fast Process Corner)
  Requirement:            0.000ns  (CLK rise@0.000ns - CLK rise@0.000ns)
  Data Path Delay:        0.192ns  (logic 0.141ns (73.465%)  route 0.051ns (26.535%))
  Logic Levels:           0  
  Clock Path Skew:        0.013ns (DCD - SCD - CPR)
    Destination Clock Delay (DCD):    1.930ns
    Source Clock Delay      (SCD):    1.415ns
    Clock Pessimism Removal (CPR):    0.502ns
  Clock Uncertainty:      0.100ns  ((TSJ^2 + TIJ^2)^1/2 + DJ) / 2 + PE + UU
    Total System Jitter     (TSJ):    0.000ns
    Total Input Jitter      (TIJ):    0.000ns
    Discrete Jitter          (DJ):    0.000ns
    Phase Error              (PE):    0.000ns
    User Uncertainty         (UU):    0.100ns

    Location             Delay type                Incr(ns)  Path(ns)    Netlist Resource(s)
  -------------------------------------------------------------------    -------------------
                         (clock CLK rise edge)        0.000     0.000 r  
    M18                                               0.000     0.000 r  clk (IN)
                         net (fo=0)                   0.000     0.000    clk
    M18                  IBUF (Prop_ibuf_I_O)         0.167     0.167 r  clk_IBUF_inst/O
                         net (fo=1, routed)           0.634     0.801    clk_IBUF
    BUFGCTRL_X0Y0        BUFG (Prop_bufg_I_O)         0.026     0.827 r  clk_IBUF_BUFG_inst/O
                         net (fo=11156, routed)       0.588     1.415    u_aes_slave/u_aes_core/key_schedule_inst/clk_IBUF_BUFG
    SLICE_X58Y85         FDRE                                         r  u_aes_slave/u_aes_core/key_schedule_inst/key_state_reg_reg[1][175]/C
  -------------------------------------------------------------------    -------------------
    SLICE_X58Y85         FDRE (Prop_fdre_C_Q)         0.141     1.556 r  u_aes_slave/u_aes_core/key_schedule_inst/key_state_reg_reg[1][175]/Q
                         net (fo=1, routed)           0.051     1.607    u_aes_slave/u_aes_core/key_schedule_inst/key_state_reg_reg[1]_25[175]
    SLICE_X59Y85         FDRE                                         r  u_aes_slave/u_aes_core/key_schedule_inst/key_state_reg_reg[2][175]/D
  -------------------------------------------------------------------    -------------------

                         (clock CLK rise edge)        0.000     0.000 r  
    M18                                               0.000     0.000 r  clk (IN)
                         net (fo=0)                   0.000     0.000    clk
    M18                  IBUF (Prop_ibuf_I_O)         0.356     0.356 r  clk_IBUF_inst/O
                         net (fo=1, routed)           0.689     1.044    clk_IBUF
    BUFGCTRL_X0Y0        BUFG (Prop_bufg_I_O)         0.029     1.073 r  clk_IBUF_BUFG_inst/O
                         net (fo=11156, routed)       0.856     1.930    u_aes_slave/u_aes_core/key_schedule_inst/clk_IBUF_BUFG
    SLICE_X59Y85         FDRE                                         r  u_aes_slave/u_aes_core/key_schedule_inst/key_state_reg_reg[2][175]/C
                         clock pessimism             -0.502     1.428    
                         clock uncertainty            0.100     1.528    
    SLICE_X59Y85         FDRE (Hold_fdre_C_D)         0.047     1.575    u_aes_slave/u_aes_core/key_schedule_inst/key_state_reg_reg[2][175]
  -------------------------------------------------------------------
                         required time                         -1.575    
                         arrival time                           1.607    
  -------------------------------------------------------------------
                         slack                                  0.032    

Slack (MET) :             0.032ns  (arrival time - required time)
  Source:                 u_aes_slave/u_aes_core/key_schedule_inst/key_state_reg_reg[12][195]/C
                            (rising edge-triggered cell FDRE clocked by CLK  {rise@0.000ns fall@10.000ns period=20.000ns})
  Destination:            u_aes_slave/u_aes_core/state_reg_reg[13][67]/D
                            (rising edge-triggered cell FDRE clocked by CLK  {rise@0.000ns fall@10.000ns period=20.000ns})
  Path Group:             CLK
  Path Type:              Hold (Min at Fast Process Corner)
  Requirement:            0.000ns  (CLK rise@0.000ns - CLK rise@0.000ns)
  Data Path Delay:        0.237ns  (logic 0.186ns (78.504%)  route 0.051ns (21.496%))
  Logic Levels:           1  (LUT2=1)
  Clock Path Skew:        0.013ns (DCD - SCD - CPR)
    Destination Clock Delay (DCD):    1.982ns
    Source Clock Delay      (SCD):    1.464ns
    Clock Pessimism Removal (CPR):    0.504ns
  Clock Uncertainty:      0.100ns  ((TSJ^2 + TIJ^2)^1/2 + DJ) / 2 + PE + UU
    Total System Jitter     (TSJ):    0.000ns
    Total Input Jitter      (TIJ):    0.000ns
    Discrete Jitter          (DJ):    0.000ns
    Phase Error              (PE):    0.000ns
    User Uncertainty         (UU):    0.100ns

    Location             Delay type                Incr(ns)  Path(ns)    Netlist Resource(s)
  -------------------------------------------------------------------    -------------------
                         (clock CLK rise edge)        0.000     0.000 r  
    M18                                               0.000     0.000 r  clk (IN)
                         net (fo=0)                   0.000     0.000    clk
    M18                  IBUF (Prop_ibuf_I_O)         0.167     0.167 r  clk_IBUF_inst/O
                         net (fo=1, routed)           0.634     0.801    clk_IBUF
    BUFGCTRL_X0Y0        BUFG (Prop_bufg_I_O)         0.026     0.827 r  clk_IBUF_BUFG_inst/O
                         net (fo=11156, routed)       0.637     1.464    u_aes_slave/u_aes_core/key_schedule_inst/clk_IBUF_BUFG
    SLICE_X40Y132        FDRE                                         r  u_aes_slave/u_aes_core/key_schedule_inst/key_state_reg_reg[12][195]/C
  -------------------------------------------------------------------    -------------------
    SLICE_X40Y132        FDRE (Prop_fdre_C_Q)         0.141     1.605 r  u_aes_slave/u_aes_core/key_schedule_inst/key_state_reg_reg[12][195]/Q
                         net (fo=1, routed)           0.051     1.656    u_aes_slave/u_aes_core/key_schedule_inst/round_key[13]_42[67]
    SLICE_X41Y132        LUT2 (Prop_lut2_I0_O)        0.045     1.701 r  u_aes_slave/u_aes_core/key_schedule_inst/state_reg[13][67]_i_1/O
                         net (fo=1, routed)           0.000     1.701    u_aes_slave/u_aes_core/state_out[13]_12[67]
    SLICE_X41Y132        FDRE                                         r  u_aes_slave/u_aes_core/state_reg_reg[13][67]/D
  -------------------------------------------------------------------    -------------------

                         (clock CLK rise edge)        0.000     0.000 r  
    M18                                               0.000     0.000 r  clk (IN)
                         net (fo=0)                   0.000     0.000    clk
    M18                  IBUF (Prop_ibuf_I_O)         0.356     0.356 r  clk_IBUF_inst/O
                         net (fo=1, routed)           0.689     1.044    clk_IBUF
    BUFGCTRL_X0Y0        BUFG (Prop_bufg_I_O)         0.029     1.073 r  clk_IBUF_BUFG_inst/O
                         net (fo=11156, routed)       0.908     1.982    u_aes_slave/u_aes_core/clk_IBUF_BUFG
    SLICE_X41Y132        FDRE                                         r  u_aes_slave/u_aes_core/state_reg_reg[13][67]/C
                         clock pessimism             -0.504     1.477    
                         clock uncertainty            0.100     1.577    
    SLICE_X41Y132        FDRE (Hold_fdre_C_D)         0.092     1.669    u_aes_slave/u_aes_core/state_reg_reg[13][67]
  -------------------------------------------------------------------
                         required time                         -1.669    
                         arrival time                           1.701    
  -------------------------------------------------------------------
                         slack                                  0.032    

Slack (MET) :             0.040ns  (arrival time - required time)
  Source:                 u_aes_slave/u_aes_core/key_schedule_inst/key_state_reg_reg[13][96]/C
                            (rising edge-triggered cell FDRE clocked by CLK  {rise@0.000ns fall@10.000ns period=20.000ns})
  Destination:            u_aes_slave/u_aes_core/state_reg_reg[14][96]/D
                            (rising edge-triggered cell FDRE clocked by CLK  {rise@0.000ns fall@10.000ns period=20.000ns})
  Path Group:             CLK
  Path Type:              Hold (Min at Fast Process Corner)
  Requirement:            0.000ns  (CLK rise@0.000ns - CLK rise@0.000ns)
  Data Path Delay:        0.295ns  (logic 0.186ns (63.023%)  route 0.109ns (36.977%))
  Logic Levels:           1  (LUT2=1)
  Clock Path Skew:        0.034ns (DCD - SCD - CPR)
    Destination Clock Delay (DCD):    1.988ns
    Source Clock Delay      (SCD):    1.469ns
    Clock Pessimism Removal (CPR):    0.484ns
  Clock Uncertainty:      0.100ns  ((TSJ^2 + TIJ^2)^1/2 + DJ) / 2 + PE + UU
    Total System Jitter     (TSJ):    0.000ns
    Total Input Jitter      (TIJ):    0.000ns
    Discrete Jitter          (DJ):    0.000ns
    Phase Error              (PE):    0.000ns
    User Uncertainty         (UU):    0.100ns

    Location             Delay type                Incr(ns)  Path(ns)    Netlist Resource(s)
  -------------------------------------------------------------------    -------------------
                         (clock CLK rise edge)        0.000     0.000 r  
    M18                                               0.000     0.000 r  clk (IN)
                         net (fo=0)                   0.000     0.000    clk
    M18                  IBUF (Prop_ibuf_I_O)         0.167     0.167 r  clk_IBUF_inst/O
                         net (fo=1, routed)           0.634     0.801    clk_IBUF
    BUFGCTRL_X0Y0        BUFG (Prop_bufg_I_O)         0.026     0.827 r  clk_IBUF_BUFG_inst/O
                         net (fo=11156, routed)       0.642     1.469    u_aes_slave/u_aes_core/key_schedule_inst/clk_IBUF_BUFG
    SLICE_X55Y135        FDRE                                         r  u_aes_slave/u_aes_core/key_schedule_inst/key_state_reg_reg[13][96]/C
  -------------------------------------------------------------------    -------------------
    SLICE_X55Y135        FDRE (Prop_fdre_C_Q)         0.141     1.610 r  u_aes_slave/u_aes_core/key_schedule_inst/key_state_reg_reg[13][96]/Q
                         net (fo=1, routed)           0.109     1.719    u_aes_slave/u_aes_core/key_schedule_inst/round_key[14]_43[96]
    SLICE_X56Y135        LUT2 (Prop_lut2_I0_O)        0.045     1.764 r  u_aes_slave/u_aes_core/key_schedule_inst/state_reg[14][96]_i_1/O
                         net (fo=1, routed)           0.000     1.764    u_aes_slave/u_aes_core/state_out[14]_44[96]
    SLICE_X56Y135        FDRE                                         r  u_aes_slave/u_aes_core/state_reg_reg[14][96]/D
  -------------------------------------------------------------------    -------------------

                         (clock CLK rise edge)        0.000     0.000 r  
    M18                                               0.000     0.000 r  clk (IN)
                         net (fo=0)                   0.000     0.000    clk
    M18                  IBUF (Prop_ibuf_I_O)         0.356     0.356 r  clk_IBUF_inst/O
                         net (fo=1, routed)           0.689     1.044    clk_IBUF
    BUFGCTRL_X0Y0        BUFG (Prop_bufg_I_O)         0.029     1.073 r  clk_IBUF_BUFG_inst/O
                         net (fo=11156, routed)       0.914     1.988    u_aes_slave/u_aes_core/clk_IBUF_BUFG
    SLICE_X56Y135        FDRE                                         r  u_aes_slave/u_aes_core/state_reg_reg[14][96]/C
                         clock pessimism             -0.484     1.503    
                         clock uncertainty            0.100     1.603    
    SLICE_X56Y135        FDRE (Hold_fdre_C_D)         0.121     1.724    u_aes_slave/u_aes_core/state_reg_reg[14][96]
  -------------------------------------------------------------------
                         required time                         -1.724    
                         arrival time                           1.764    
  -------------------------------------------------------------------
                         slack                                  0.040    

Slack (MET) :             0.046ns  (arrival time - required time)
  Source:                 u_aes_slave/u_aes_core/key_schedule_inst/key_state_reg_reg[11][197]/C
                            (rising edge-triggered cell FDRE clocked by CLK  {rise@0.000ns fall@10.000ns period=20.000ns})
  Destination:            u_aes_slave/u_aes_core/key_schedule_inst/key_state_reg_reg[12][197]/D
                            (rising edge-triggered cell FDRE clocked by CLK  {rise@0.000ns fall@10.000ns period=20.000ns})
  Path Group:             CLK
  Path Type:              Hold (Min at Fast Process Corner)
  Requirement:            0.000ns  (CLK rise@0.000ns - CLK rise@0.000ns)
  Data Path Delay:        0.256ns  (logic 0.141ns (55.080%)  route 0.115ns (44.920%))
  Logic Levels:           0  
  Clock Path Skew:        0.034ns (DCD - SCD - CPR)
    Destination Clock Delay (DCD):    1.982ns
    Source Clock Delay      (SCD):    1.463ns
    Clock Pessimism Removal (CPR):    0.484ns
  Clock Uncertainty:      0.100ns  ((TSJ^2 + TIJ^2)^1/2 + DJ) / 2 + PE + UU
    Total System Jitter     (TSJ):    0.000ns
    Total Input Jitter      (TIJ):    0.000ns
    Discrete Jitter          (DJ):    0.000ns
    Phase Error              (PE):    0.000ns
    User Uncertainty         (UU):    0.100ns

    Location             Delay type                Incr(ns)  Path(ns)    Netlist Resource(s)
  -------------------------------------------------------------------    -------------------
                         (clock CLK rise edge)        0.000     0.000 r  
    M18                                               0.000     0.000 r  clk (IN)
                         net (fo=0)                   0.000     0.000    clk
    M18                  IBUF (Prop_ibuf_I_O)         0.167     0.167 r  clk_IBUF_inst/O
                         net (fo=1, routed)           0.634     0.801    clk_IBUF
    BUFGCTRL_X0Y0        BUFG (Prop_bufg_I_O)         0.026     0.827 r  clk_IBUF_BUFG_inst/O
                         net (fo=11156, routed)       0.636     1.463    u_aes_slave/u_aes_core/key_schedule_inst/clk_IBUF_BUFG
    SLICE_X39Y132        FDRE                                         r  u_aes_slave/u_aes_core/key_schedule_inst/key_state_reg_reg[11][197]/C
  -------------------------------------------------------------------    -------------------
    SLICE_X39Y132        FDRE (Prop_fdre_C_Q)         0.141     1.604 r  u_aes_slave/u_aes_core/key_schedule_inst/key_state_reg_reg[11][197]/Q
                         net (fo=1, routed)           0.115     1.719    u_aes_slave/u_aes_core/key_schedule_inst/key_state_reg_reg[11]_40[197]
    SLICE_X41Y132        FDRE                                         r  u_aes_slave/u_aes_core/key_schedule_inst/key_state_reg_reg[12][197]/D
  -------------------------------------------------------------------    -------------------

                         (clock CLK rise edge)        0.000     0.000 r  
    M18                                               0.000     0.000 r  clk (IN)
                         net (fo=0)                   0.000     0.000    clk
    M18                  IBUF (Prop_ibuf_I_O)         0.356     0.356 r  clk_IBUF_inst/O
                         net (fo=1, routed)           0.689     1.044    clk_IBUF
    BUFGCTRL_X0Y0        BUFG (Prop_bufg_I_O)         0.029     1.073 r  clk_IBUF_BUFG_inst/O
                         net (fo=11156, routed)       0.908     1.982    u_aes_slave/u_aes_core/key_schedule_inst/clk_IBUF_BUFG
    SLICE_X41Y132        FDRE                                         r  u_aes_slave/u_aes_core/key_schedule_inst/key_state_reg_reg[12][197]/C
                         clock pessimism             -0.484     1.497    
                         clock uncertainty            0.100     1.597    
    SLICE_X41Y132        FDRE (Hold_fdre_C_D)         0.076     1.673    u_aes_slave/u_aes_core/key_schedule_inst/key_state_reg_reg[12][197]
  -------------------------------------------------------------------
                         required time                         -1.673    
                         arrival time                           1.719    
  -------------------------------------------------------------------
                         slack                                  0.046    

Slack (MET) :             0.047ns  (arrival time - required time)
  Source:                 u_aes_slave/u_aes_core/key_schedule_inst/key_state_reg_reg[11][76]/C
                            (rising edge-triggered cell FDRE clocked by CLK  {rise@0.000ns fall@10.000ns period=20.000ns})
  Destination:            u_aes_slave/u_aes_core/state_reg_reg[12][76]/D
                            (rising edge-triggered cell FDRE clocked by CLK  {rise@0.000ns fall@10.000ns period=20.000ns})
  Path Group:             CLK
  Path Type:              Hold (Min at Fast Process Corner)
  Requirement:            0.000ns  (CLK rise@0.000ns - CLK rise@0.000ns)
  Data Path Delay:        0.252ns  (logic 0.186ns (73.665%)  route 0.066ns (26.335%))
  Logic Levels:           1  (LUT2=1)
  Clock Path Skew:        0.013ns (DCD - SCD - CPR)
    Destination Clock Delay (DCD):    1.987ns
    Source Clock Delay      (SCD):    1.467ns
    Clock Pessimism Removal (CPR):    0.506ns
  Clock Uncertainty:      0.100ns  ((TSJ^2 + TIJ^2)^1/2 + DJ) / 2 + PE + UU
    Total System Jitter     (TSJ):    0.000ns
    Total Input Jitter      (TIJ):    0.000ns
    Discrete Jitter          (DJ):    0.000ns
    Phase Error              (PE):    0.000ns
    User Uncertainty         (UU):    0.100ns

    Location             Delay type                Incr(ns)  Path(ns)    Netlist Resource(s)
  -------------------------------------------------------------------    -------------------
                         (clock CLK rise edge)        0.000     0.000 r  
    M18                                               0.000     0.000 r  clk (IN)
                         net (fo=0)                   0.000     0.000    clk
    M18                  IBUF (Prop_ibuf_I_O)         0.167     0.167 r  clk_IBUF_inst/O
                         net (fo=1, routed)           0.634     0.801    clk_IBUF
    BUFGCTRL_X0Y0        BUFG (Prop_bufg_I_O)         0.026     0.827 r  clk_IBUF_BUFG_inst/O
                         net (fo=11156, routed)       0.640     1.467    u_aes_slave/u_aes_core/key_schedule_inst/clk_IBUF_BUFG
    SLICE_X24Y136        FDRE                                         r  u_aes_slave/u_aes_core/key_schedule_inst/key_state_reg_reg[11][76]/C
  -------------------------------------------------------------------    -------------------
    SLICE_X24Y136        FDRE (Prop_fdre_C_Q)         0.141     1.608 r  u_aes_slave/u_aes_core/key_schedule_inst/key_state_reg_reg[11][76]/Q
                         net (fo=2, routed)           0.066     1.675    u_aes_slave/u_aes_core/key_schedule_inst/round_key[12]_41[76]
    SLICE_X25Y136        LUT2 (Prop_lut2_I0_O)        0.045     1.720 r  u_aes_slave/u_aes_core/key_schedule_inst/state_reg[12][76]_i_1/O
                         net (fo=1, routed)           0.000     1.720    u_aes_slave/u_aes_core/state_out[12]_11[76]
    SLICE_X25Y136        FDRE                                         r  u_aes_slave/u_aes_core/state_reg_reg[12][76]/D
  -------------------------------------------------------------------    -------------------

                         (clock CLK rise edge)        0.000     0.000 r  
    M18                                               0.000     0.000 r  clk (IN)
                         net (fo=0)                   0.000     0.000    clk
    M18                  IBUF (Prop_ibuf_I_O)         0.356     0.356 r  clk_IBUF_inst/O
                         net (fo=1, routed)           0.689     1.044    clk_IBUF
    BUFGCTRL_X0Y0        BUFG (Prop_bufg_I_O)         0.029     1.073 r  clk_IBUF_BUFG_inst/O
                         net (fo=11156, routed)       0.913     1.987    u_aes_slave/u_aes_core/clk_IBUF_BUFG
    SLICE_X25Y136        FDRE                                         r  u_aes_slave/u_aes_core/state_reg_reg[12][76]/C
                         clock pessimism             -0.506     1.480    
                         clock uncertainty            0.100     1.580    
    SLICE_X25Y136        FDRE (Hold_fdre_C_D)         0.092     1.672    u_aes_slave/u_aes_core/state_reg_reg[12][76]
  -------------------------------------------------------------------
                         required time                         -1.672    
                         arrival time                           1.720    
  -------------------------------------------------------------------
                         slack                                  0.047    

Slack (MET) :             0.048ns  (arrival time - required time)
  Source:                 u_aes_slave/key_q_reg[0][22]/C
                            (rising edge-triggered cell FDRE clocked by CLK  {rise@0.000ns fall@10.000ns period=20.000ns})
  Destination:            u_aes_slave/u_aes_core/state_reg_reg[0][14]/D
                            (rising edge-triggered cell FDRE clocked by CLK  {rise@0.000ns fall@10.000ns period=20.000ns})
  Path Group:             CLK
  Path Type:              Hold (Min at Fast Process Corner)
  Requirement:            0.000ns  (CLK rise@0.000ns - CLK rise@0.000ns)
  Data Path Delay:        0.253ns  (logic 0.186ns (73.425%)  route 0.067ns (26.575%))
  Logic Levels:           1  (LUT2=1)
  Clock Path Skew:        0.013ns (DCD - SCD - CPR)
    Destination Clock Delay (DCD):    1.935ns
    Source Clock Delay      (SCD):    1.419ns
    Clock Pessimism Removal (CPR):    0.503ns
  Clock Uncertainty:      0.100ns  ((TSJ^2 + TIJ^2)^1/2 + DJ) / 2 + PE + UU
    Total System Jitter     (TSJ):    0.000ns
    Total Input Jitter      (TIJ):    0.000ns
    Discrete Jitter          (DJ):    0.000ns
    Phase Error              (PE):    0.000ns
    User Uncertainty         (UU):    0.100ns

    Location             Delay type                Incr(ns)  Path(ns)    Netlist Resource(s)
  -------------------------------------------------------------------    -------------------
                         (clock CLK rise edge)        0.000     0.000 r  
    M18                                               0.000     0.000 r  clk (IN)
                         net (fo=0)                   0.000     0.000    clk
    M18                  IBUF (Prop_ibuf_I_O)         0.167     0.167 r  clk_IBUF_inst/O
                         net (fo=1, routed)           0.634     0.801    clk_IBUF
    BUFGCTRL_X0Y0        BUFG (Prop_bufg_I_O)         0.026     0.827 r  clk_IBUF_BUFG_inst/O
                         net (fo=11156, routed)       0.592     1.419    u_aes_slave/clk_IBUF_BUFG
    SLICE_X58Y53         FDRE                                         r  u_aes_slave/key_q_reg[0][22]/C
  -------------------------------------------------------------------    -------------------
    SLICE_X58Y53         FDRE (Prop_fdre_C_Q)         0.141     1.560 r  u_aes_slave/key_q_reg[0][22]/Q
                         net (fo=3, routed)           0.067     1.627    u_aes_slave/u_aes_core/D[14]
    SLICE_X59Y53         LUT2 (Prop_lut2_I0_O)        0.045     1.672 r  u_aes_slave/u_aes_core/state_reg[0][14]_i_1/O
                         net (fo=1, routed)           0.000     1.672    u_aes_slave/u_aes_core/state_init[14]
    SLICE_X59Y53         FDRE                                         r  u_aes_slave/u_aes_core/state_reg_reg[0][14]/D
  -------------------------------------------------------------------    -------------------

                         (clock CLK rise edge)        0.000     0.000 r  
    M18                                               0.000     0.000 r  clk (IN)
                         net (fo=0)                   0.000     0.000    clk
    M18                  IBUF (Prop_ibuf_I_O)         0.356     0.356 r  clk_IBUF_inst/O
                         net (fo=1, routed)           0.689     1.044    clk_IBUF
    BUFGCTRL_X0Y0        BUFG (Prop_bufg_I_O)         0.029     1.073 r  clk_IBUF_BUFG_inst/O
                         net (fo=11156, routed)       0.861     1.935    u_aes_slave/u_aes_core/clk_IBUF_BUFG
    SLICE_X59Y53         FDRE                                         r  u_aes_slave/u_aes_core/state_reg_reg[0][14]/C
                         clock pessimism             -0.503     1.432    
                         clock uncertainty            0.100     1.532    
    SLICE_X59Y53         FDRE (Hold_fdre_C_D)         0.092     1.624    u_aes_slave/u_aes_core/state_reg_reg[0][14]
  -------------------------------------------------------------------
                         required time                         -1.624    
                         arrival time                           1.672    
  -------------------------------------------------------------------
                         slack                                  0.048    

Slack (MET) :             0.048ns  (arrival time - required time)
  Source:                 u_aes_slave/u_aes_core/key_schedule_inst/key_state_reg_reg[13][113]/C
                            (rising edge-triggered cell FDRE clocked by CLK  {rise@0.000ns fall@10.000ns period=20.000ns})
  Destination:            u_aes_slave/u_aes_core/state_reg_reg[14][113]/D
                            (rising edge-triggered cell FDRE clocked by CLK  {rise@0.000ns fall@10.000ns period=20.000ns})
  Path Group:             CLK
  Path Type:              Hold (Min at Fast Process Corner)
  Requirement:            0.000ns  (CLK rise@0.000ns - CLK rise@0.000ns)
  Data Path Delay:        0.304ns  (logic 0.186ns (61.090%)  route 0.118ns (38.910%))
  Logic Levels:           1  (LUT2=1)
  Clock Path Skew:        0.035ns (DCD - SCD - CPR)
    Destination Clock Delay (DCD):    1.990ns
    Source Clock Delay      (SCD):    1.470ns
    Clock Pessimism Removal (CPR):    0.484ns
  Clock Uncertainty:      0.100ns  ((TSJ^2 + TIJ^2)^1/2 + DJ) / 2 + PE + UU
    Total System Jitter     (TSJ):    0.000ns
    Total Input Jitter      (TIJ):    0.000ns
    Discrete Jitter          (DJ):    0.000ns
    Phase Error              (PE):    0.000ns
    User Uncertainty         (UU):    0.100ns

    Location             Delay type                Incr(ns)  Path(ns)    Netlist Resource(s)
  -------------------------------------------------------------------    -------------------
                         (clock CLK rise edge)        0.000     0.000 r  
    M18                                               0.000     0.000 r  clk (IN)
                         net (fo=0)                   0.000     0.000    clk
    M18                  IBUF (Prop_ibuf_I_O)         0.167     0.167 r  clk_IBUF_inst/O
                         net (fo=1, routed)           0.634     0.801    clk_IBUF
    BUFGCTRL_X0Y0        BUFG (Prop_bufg_I_O)         0.026     0.827 r  clk_IBUF_BUFG_inst/O
                         net (fo=11156, routed)       0.643     1.470    u_aes_slave/u_aes_core/key_schedule_inst/clk_IBUF_BUFG
    SLICE_X32Y146        FDRE                                         r  u_aes_slave/u_aes_core/key_schedule_inst/key_state_reg_reg[13][113]/C
  -------------------------------------------------------------------    -------------------
    SLICE_X32Y146        FDRE (Prop_fdre_C_Q)         0.141     1.611 r  u_aes_slave/u_aes_core/key_schedule_inst/key_state_reg_reg[13][113]/Q
                         net (fo=1, routed)           0.118     1.730    u_aes_slave/u_aes_core/key_schedule_inst/round_key[14]_43[113]
    SLICE_X34Y146        LUT2 (Prop_lut2_I0_O)        0.045     1.775 r  u_aes_slave/u_aes_core/key_schedule_inst/state_reg[14][113]_i_1/O
                         net (fo=1, routed)           0.000     1.775    u_aes_slave/u_aes_core/state_out[14]_44[113]
    SLICE_X34Y146        FDRE                                         r  u_aes_slave/u_aes_core/state_reg_reg[14][113]/D
  -------------------------------------------------------------------    -------------------

                         (clock CLK rise edge)        0.000     0.000 r  
    M18                                               0.000     0.000 r  clk (IN)
                         net (fo=0)                   0.000     0.000    clk
    M18                  IBUF (Prop_ibuf_I_O)         0.356     0.356 r  clk_IBUF_inst/O
                         net (fo=1, routed)           0.689     1.044    clk_IBUF
    BUFGCTRL_X0Y0        BUFG (Prop_bufg_I_O)         0.029     1.073 r  clk_IBUF_BUFG_inst/O
                         net (fo=11156, routed)       0.916     1.990    u_aes_slave/u_aes_core/clk_IBUF_BUFG
    SLICE_X34Y146        FDRE                                         r  u_aes_slave/u_aes_core/state_reg_reg[14][113]/C
                         clock pessimism             -0.484     1.505    
                         clock uncertainty            0.100     1.605    
    SLICE_X34Y146        FDRE (Hold_fdre_C_D)         0.121     1.726    u_aes_slave/u_aes_core/state_reg_reg[14][113]
  -------------------------------------------------------------------
                         required time                         -1.726    
                         arrival time                           1.775    
  -------------------------------------------------------------------
                         slack                                  0.048    

Slack (MET) :             0.049ns  (arrival time - required time)
  Source:                 u_aes_slave/u_aes_core/key_schedule_inst/key_state_reg_reg[7][245]/C
                            (rising edge-triggered cell FDRE clocked by CLK  {rise@0.000ns fall@10.000ns period=20.000ns})
  Destination:            u_aes_slave/u_aes_core/key_schedule_inst/key_state_reg_reg[8][245]/D
                            (rising edge-triggered cell FDRE clocked by CLK  {rise@0.000ns fall@10.000ns period=20.000ns})
  Path Group:             CLK
  Path Type:              Hold (Min at Fast Process Corner)
  Requirement:            0.000ns  (CLK rise@0.000ns - CLK rise@0.000ns)
  Data Path Delay:        0.258ns  (logic 0.141ns (54.686%)  route 0.117ns (45.314%))
  Logic Levels:           0  
  Clock Path Skew:        0.037ns (DCD - SCD - CPR)
    Destination Clock Delay (DCD):    1.994ns
    Source Clock Delay      (SCD):    1.472ns
    Clock Pessimism Removal (CPR):    0.484ns
  Clock Uncertainty:      0.100ns  ((TSJ^2 + TIJ^2)^1/2 + DJ) / 2 + PE + UU
    Total System Jitter     (TSJ):    0.000ns
    Total Input Jitter      (TIJ):    0.000ns
    Discrete Jitter          (DJ):    0.000ns
    Phase Error              (PE):    0.000ns
    User Uncertainty         (UU):    0.100ns

    Location             Delay type                Incr(ns)  Path(ns)    Netlist Resource(s)
  -------------------------------------------------------------------    -------------------
                         (clock CLK rise edge)        0.000     0.000 r  
    M18                                               0.000     0.000 r  clk (IN)
                         net (fo=0)                   0.000     0.000    clk
    M18                  IBUF (Prop_ibuf_I_O)         0.167     0.167 r  clk_IBUF_inst/O
                         net (fo=1, routed)           0.634     0.801    clk_IBUF
    BUFGCTRL_X0Y0        BUFG (Prop_bufg_I_O)         0.026     0.827 r  clk_IBUF_BUFG_inst/O
                         net (fo=11156, routed)       0.645     1.472    u_aes_slave/u_aes_core/key_schedule_inst/clk_IBUF_BUFG
    SLICE_X9Y108         FDRE                                         r  u_aes_slave/u_aes_core/key_schedule_inst/key_state_reg_reg[7][245]/C
  -------------------------------------------------------------------    -------------------
    SLICE_X9Y108         FDRE (Prop_fdre_C_Q)         0.141     1.613 r  u_aes_slave/u_aes_core/key_schedule_inst/key_state_reg_reg[7][245]/Q
                         net (fo=1, routed)           0.117     1.730    u_aes_slave/u_aes_core/key_schedule_inst/key_state_reg_reg[7]_34[245]
    SLICE_X11Y108        FDRE                                         r  u_aes_slave/u_aes_core/key_schedule_inst/key_state_reg_reg[8][245]/D
  -------------------------------------------------------------------    -------------------

                         (clock CLK rise edge)        0.000     0.000 r  
    M18                                               0.000     0.000 r  clk (IN)
                         net (fo=0)                   0.000     0.000    clk
    M18                  IBUF (Prop_ibuf_I_O)         0.356     0.356 r  clk_IBUF_inst/O
                         net (fo=1, routed)           0.689     1.044    clk_IBUF
    BUFGCTRL_X0Y0        BUFG (Prop_bufg_I_O)         0.029     1.073 r  clk_IBUF_BUFG_inst/O
                         net (fo=11156, routed)       0.920     1.994    u_aes_slave/u_aes_core/key_schedule_inst/clk_IBUF_BUFG
    SLICE_X11Y108        FDRE                                         r  u_aes_slave/u_aes_core/key_schedule_inst/key_state_reg_reg[8][245]/C
                         clock pessimism             -0.484     1.509    
                         clock uncertainty            0.100     1.609    
    SLICE_X11Y108        FDRE (Hold_fdre_C_D)         0.072     1.681    u_aes_slave/u_aes_core/key_schedule_inst/key_state_reg_reg[8][245]
  -------------------------------------------------------------------
                         required time                         -1.681    
                         arrival time                           1.730    
  -------------------------------------------------------------------
                         slack                                  0.049    

Slack (MET) :             0.050ns  (arrival time - required time)
  Source:                 u_aes_slave/u_aes_core/key_schedule_inst/key_state_reg_reg[1][198]/C
                            (rising edge-triggered cell FDRE clocked by CLK  {rise@0.000ns fall@10.000ns period=20.000ns})
  Destination:            u_aes_slave/u_aes_core/key_schedule_inst/key_state_reg_reg[2][198]/D
                            (rising edge-triggered cell FDRE clocked by CLK  {rise@0.000ns fall@10.000ns period=20.000ns})
  Path Group:             CLK
  Path Type:              Hold (Min at Fast Process Corner)
  Requirement:            0.000ns  (CLK rise@0.000ns - CLK rise@0.000ns)
  Data Path Delay:        0.259ns  (logic 0.141ns (54.384%)  route 0.118ns (45.616%))
  Logic Levels:           0  
  Clock Path Skew:        0.033ns (DCD - SCD - CPR)
    Destination Clock Delay (DCD):    1.927ns
    Source Clock Delay      (SCD):    1.414ns
    Clock Pessimism Removal (CPR):    0.480ns
  Clock Uncertainty:      0.100ns  ((TSJ^2 + TIJ^2)^1/2 + DJ) / 2 + PE + UU
    Total System Jitter     (TSJ):    0.000ns
    Total Input Jitter      (TIJ):    0.000ns
    Discrete Jitter          (DJ):    0.000ns
    Phase Error              (PE):    0.000ns
    User Uncertainty         (UU):    0.100ns

    Location             Delay type                Incr(ns)  Path(ns)    Netlist Resource(s)
  -------------------------------------------------------------------    -------------------
                         (clock CLK rise edge)        0.000     0.000 r  
    M18                                               0.000     0.000 r  clk (IN)
                         net (fo=0)                   0.000     0.000    clk
    M18                  IBUF (Prop_ibuf_I_O)         0.167     0.167 r  clk_IBUF_inst/O
                         net (fo=1, routed)           0.634     0.801    clk_IBUF
    BUFGCTRL_X0Y0        BUFG (Prop_bufg_I_O)         0.026     0.827 r  clk_IBUF_BUFG_inst/O
                         net (fo=11156, routed)       0.587     1.414    u_aes_slave/u_aes_core/key_schedule_inst/clk_IBUF_BUFG
    SLICE_X62Y82         FDRE                                         r  u_aes_slave/u_aes_core/key_schedule_inst/key_state_reg_reg[1][198]/C
  -------------------------------------------------------------------    -------------------
    SLICE_X62Y82         FDRE (Prop_fdre_C_Q)         0.141     1.555 r  u_aes_slave/u_aes_core/key_schedule_inst/key_state_reg_reg[1][198]/Q
                         net (fo=1, routed)           0.118     1.673    u_aes_slave/u_aes_core/key_schedule_inst/key_state_reg_reg[1]_25[198]
    SLICE_X61Y82         FDRE                                         r  u_aes_slave/u_aes_core/key_schedule_inst/key_state_reg_reg[2][198]/D
  -------------------------------------------------------------------    -------------------

                         (clock CLK rise edge)        0.000     0.000 r  
    M18                                               0.000     0.000 r  clk (IN)
                         net (fo=0)                   0.000     0.000    clk
    M18                  IBUF (Prop_ibuf_I_O)         0.356     0.356 r  clk_IBUF_inst/O
                         net (fo=1, routed)           0.689     1.044    clk_IBUF
    BUFGCTRL_X0Y0        BUFG (Prop_bufg_I_O)         0.029     1.073 r  clk_IBUF_BUFG_inst/O
                         net (fo=11156, routed)       0.854     1.927    u_aes_slave/u_aes_core/key_schedule_inst/clk_IBUF_BUFG
    SLICE_X61Y82         FDRE                                         r  u_aes_slave/u_aes_core/key_schedule_inst/key_state_reg_reg[2][198]/C
                         clock pessimism             -0.480     1.447    
                         clock uncertainty            0.100     1.547    
    SLICE_X61Y82         FDRE (Hold_fdre_C_D)         0.076     1.623    u_aes_slave/u_aes_core/key_schedule_inst/key_state_reg_reg[2][198]
  -------------------------------------------------------------------
                         required time                         -1.623    
                         arrival time                           1.673    
  -------------------------------------------------------------------
                         slack                                  0.050    

Slack (MET) :             0.051ns  (arrival time - required time)
  Source:                 u_aes_slave/u_aes_core/key_schedule_inst/key_state_reg_reg[11][204]/C
                            (rising edge-triggered cell FDRE clocked by CLK  {rise@0.000ns fall@10.000ns period=20.000ns})
  Destination:            u_aes_slave/u_aes_core/key_schedule_inst/key_state_reg_reg[12][204]/D
                            (rising edge-triggered cell FDRE clocked by CLK  {rise@0.000ns fall@10.000ns period=20.000ns})
  Path Group:             CLK
  Path Type:              Hold (Min at Fast Process Corner)
  Requirement:            0.000ns  (CLK rise@0.000ns - CLK rise@0.000ns)
  Data Path Delay:        0.464ns  (logic 0.141ns (30.357%)  route 0.323ns (69.643%))
  Logic Levels:           0  
  Clock Path Skew:        0.261ns (DCD - SCD - CPR)
    Destination Clock Delay (DCD):    1.989ns
    Source Clock Delay      (SCD):    1.472ns
    Clock Pessimism Removal (CPR):    0.255ns
  Clock Uncertainty:      0.100ns  ((TSJ^2 + TIJ^2)^1/2 + DJ) / 2 + PE + UU
    Total System Jitter     (TSJ):    0.000ns
    Total Input Jitter      (TIJ):    0.000ns
    Discrete Jitter          (DJ):    0.000ns
    Phase Error              (PE):    0.000ns
    User Uncertainty         (UU):    0.100ns

    Location             Delay type                Incr(ns)  Path(ns)    Netlist Resource(s)
  -------------------------------------------------------------------    -------------------
                         (clock CLK rise edge)        0.000     0.000 r  
    M18                                               0.000     0.000 r  clk (IN)
                         net (fo=0)                   0.000     0.000    clk
    M18                  IBUF (Prop_ibuf_I_O)         0.167     0.167 r  clk_IBUF_inst/O
                         net (fo=1, routed)           0.634     0.801    clk_IBUF
    BUFGCTRL_X0Y0        BUFG (Prop_bufg_I_O)         0.026     0.827 r  clk_IBUF_BUFG_inst/O
                         net (fo=11156, routed)       0.645     1.472    u_aes_slave/u_aes_core/key_schedule_inst/clk_IBUF_BUFG
    SLICE_X23Y143        FDRE                                         r  u_aes_slave/u_aes_core/key_schedule_inst/key_state_reg_reg[11][204]/C
  -------------------------------------------------------------------    -------------------
    SLICE_X23Y143        FDRE (Prop_fdre_C_Q)         0.141     1.613 r  u_aes_slave/u_aes_core/key_schedule_inst/key_state_reg_reg[11][204]/Q
                         net (fo=1, routed)           0.323     1.937    u_aes_slave/u_aes_core/key_schedule_inst/key_state_reg_reg[11]_40[204]
    SLICE_X38Y141        FDRE                                         r  u_aes_slave/u_aes_core/key_schedule_inst/key_state_reg_reg[12][204]/D
  -------------------------------------------------------------------    -------------------

                         (clock CLK rise edge)        0.000     0.000 r  
    M18                                               0.000     0.000 r  clk (IN)
                         net (fo=0)                   0.000     0.000    clk
    M18                  IBUF (Prop_ibuf_I_O)         0.356     0.356 r  clk_IBUF_inst/O
                         net (fo=1, routed)           0.689     1.044    clk_IBUF
    BUFGCTRL_X0Y0        BUFG (Prop_bufg_I_O)         0.029     1.073 r  clk_IBUF_BUFG_inst/O
                         net (fo=11156, routed)       0.915     1.989    u_aes_slave/u_aes_core/key_schedule_inst/clk_IBUF_BUFG
    SLICE_X38Y141        FDRE                                         r  u_aes_slave/u_aes_core/key_schedule_inst/key_state_reg_reg[12][204]/C
                         clock pessimism             -0.255     1.733    
                         clock uncertainty            0.100     1.833    
    SLICE_X38Y141        FDRE (Hold_fdre_C_D)         0.053     1.886    u_aes_slave/u_aes_core/key_schedule_inst/key_state_reg_reg[12][204]
  -------------------------------------------------------------------
                         required time                         -1.886    
                         arrival time                           1.937    
  -------------------------------------------------------------------
                         slack                                  0.051    

Slack (MET) :             0.051ns  (arrival time - required time)
  Source:                 u_aes_slave/u_aes_core/key_schedule_inst/key_state_reg_reg[13][120]/C
                            (rising edge-triggered cell FDRE clocked by CLK  {rise@0.000ns fall@10.000ns period=20.000ns})
  Destination:            u_aes_slave/u_aes_core/state_reg_reg[14][120]/D
                            (rising edge-triggered cell FDRE clocked by CLK  {rise@0.000ns fall@10.000ns period=20.000ns})
  Path Group:             CLK
  Path Type:              Hold (Min at Fast Process Corner)
  Requirement:            0.000ns  (CLK rise@0.000ns - CLK rise@0.000ns)
  Data Path Delay:        0.286ns  (logic 0.186ns (64.996%)  route 0.100ns (35.004%))
  Logic Levels:           1  (LUT2=1)
  Clock Path Skew:        0.014ns (DCD - SCD - CPR)
    Destination Clock Delay (DCD):    1.984ns
    Source Clock Delay      (SCD):    1.465ns
    Clock Pessimism Removal (CPR):    0.504ns
  Clock Uncertainty:      0.100ns  ((TSJ^2 + TIJ^2)^1/2 + DJ) / 2 + PE + UU
    Total System Jitter     (TSJ):    0.000ns
    Total Input Jitter      (TIJ):    0.000ns
    Discrete Jitter          (DJ):    0.000ns
    Phase Error              (PE):    0.000ns
    User Uncertainty         (UU):    0.100ns

    Location             Delay type                Incr(ns)  Path(ns)    Netlist Resource(s)
  -------------------------------------------------------------------    -------------------
                         (clock CLK rise edge)        0.000     0.000 r  
    M18                                               0.000     0.000 r  clk (IN)
                         net (fo=0)                   0.000     0.000    clk
    M18                  IBUF (Prop_ibuf_I_O)         0.167     0.167 r  clk_IBUF_inst/O
                         net (fo=1, routed)           0.634     0.801    clk_IBUF
    BUFGCTRL_X0Y0        BUFG (Prop_bufg_I_O)         0.026     0.827 r  clk_IBUF_BUFG_inst/O
                         net (fo=11156, routed)       0.638     1.465    u_aes_slave/u_aes_core/key_schedule_inst/clk_IBUF_BUFG
    SLICE_X45Y133        FDRE                                         r  u_aes_slave/u_aes_core/key_schedule_inst/key_state_reg_reg[13][120]/C
  -------------------------------------------------------------------    -------------------
    SLICE_X45Y133        FDRE (Prop_fdre_C_Q)         0.141     1.606 r  u_aes_slave/u_aes_core/key_schedule_inst/key_state_reg_reg[13][120]/Q
                         net (fo=1, routed)           0.100     1.707    u_aes_slave/u_aes_core/key_schedule_inst/round_key[14]_43[120]
    SLICE_X46Y133        LUT2 (Prop_lut2_I0_O)        0.045     1.752 r  u_aes_slave/u_aes_core/key_schedule_inst/state_reg[14][120]_i_1/O
                         net (fo=1, routed)           0.000     1.752    u_aes_slave/u_aes_core/state_out[14]_44[120]
    SLICE_X46Y133        FDRE                                         r  u_aes_slave/u_aes_core/state_reg_reg[14][120]/D
  -------------------------------------------------------------------    -------------------

                         (clock CLK rise edge)        0.000     0.000 r  
    M18                                               0.000     0.000 r  clk (IN)
                         net (fo=0)                   0.000     0.000    clk
    M18                  IBUF (Prop_ibuf_I_O)         0.356     0.356 r  clk_IBUF_inst/O
                         net (fo=1, routed)           0.689     1.044    clk_IBUF
    BUFGCTRL_X0Y0        BUFG (Prop_bufg_I_O)         0.029     1.073 r  clk_IBUF_BUFG_inst/O
                         net (fo=11156, routed)       0.910     1.984    u_aes_slave/u_aes_core/clk_IBUF_BUFG
    SLICE_X46Y133        FDRE                                         r  u_aes_slave/u_aes_core/state_reg_reg[14][120]/C
                         clock pessimism             -0.504     1.479    
                         clock uncertainty            0.100     1.579    
    SLICE_X46Y133        FDRE (Hold_fdre_C_D)         0.121     1.700    u_aes_slave/u_aes_core/state_reg_reg[14][120]
  -------------------------------------------------------------------
                         required time                         -1.700    
                         arrival time                           1.752    
  -------------------------------------------------------------------
                         slack                                  0.051    

Slack (MET) :             0.051ns  (arrival time - required time)
  Source:                 u_aes_slave/u_aes_core/key_schedule_inst/key_state_reg_reg[11][232]/C
                            (rising edge-triggered cell FDRE clocked by CLK  {rise@0.000ns fall@10.000ns period=20.000ns})
  Destination:            u_aes_slave/u_aes_core/key_schedule_inst/key_state_reg_reg[12][232]/D
                            (rising edge-triggered cell FDRE clocked by CLK  {rise@0.000ns fall@10.000ns period=20.000ns})
  Path Group:             CLK
  Path Type:              Hold (Min at Fast Process Corner)
  Requirement:            0.000ns  (CLK rise@0.000ns - CLK rise@0.000ns)
  Data Path Delay:        0.487ns  (logic 0.141ns (28.942%)  route 0.346ns (71.058%))
  Logic Levels:           0  
  Clock Path Skew:        0.264ns (DCD - SCD - CPR)
    Destination Clock Delay (DCD):    1.987ns
    Source Clock Delay      (SCD):    1.467ns
    Clock Pessimism Removal (CPR):    0.255ns
  Clock Uncertainty:      0.100ns  ((TSJ^2 + TIJ^2)^1/2 + DJ) / 2 + PE + UU
    Total System Jitter     (TSJ):    0.000ns
    Total Input Jitter      (TIJ):    0.000ns
    Discrete Jitter          (DJ):    0.000ns
    Phase Error              (PE):    0.000ns
    User Uncertainty         (UU):    0.100ns

    Location             Delay type                Incr(ns)  Path(ns)    Netlist Resource(s)
  -------------------------------------------------------------------    -------------------
                         (clock CLK rise edge)        0.000     0.000 r  
    M18                                               0.000     0.000 r  clk (IN)
                         net (fo=0)                   0.000     0.000    clk
    M18                  IBUF (Prop_ibuf_I_O)         0.167     0.167 r  clk_IBUF_inst/O
                         net (fo=1, routed)           0.634     0.801    clk_IBUF
    BUFGCTRL_X0Y0        BUFG (Prop_bufg_I_O)         0.026     0.827 r  clk_IBUF_BUFG_inst/O
                         net (fo=11156, routed)       0.640     1.467    u_aes_slave/u_aes_core/key_schedule_inst/clk_IBUF_BUFG
    SLICE_X28Y137        FDRE                                         r  u_aes_slave/u_aes_core/key_schedule_inst/key_state_reg_reg[11][232]/C
  -------------------------------------------------------------------    -------------------
    SLICE_X28Y137        FDRE (Prop_fdre_C_Q)         0.141     1.608 r  u_aes_slave/u_aes_core/key_schedule_inst/key_state_reg_reg[11][232]/Q
                         net (fo=1, routed)           0.346     1.955    u_aes_slave/u_aes_core/key_schedule_inst/key_state_reg_reg[11]_40[232]
    SLICE_X44Y137        FDRE                                         r  u_aes_slave/u_aes_core/key_schedule_inst/key_state_reg_reg[12][232]/D
  -------------------------------------------------------------------    -------------------

                         (clock CLK rise edge)        0.000     0.000 r  
    M18                                               0.000     0.000 r  clk (IN)
                         net (fo=0)                   0.000     0.000    clk
    M18                  IBUF (Prop_ibuf_I_O)         0.356     0.356 r  clk_IBUF_inst/O
                         net (fo=1, routed)           0.689     1.044    clk_IBUF
    BUFGCTRL_X0Y0        BUFG (Prop_bufg_I_O)         0.029     1.073 r  clk_IBUF_BUFG_inst/O
                         net (fo=11156, routed)       0.913     1.987    u_aes_slave/u_aes_core/key_schedule_inst/clk_IBUF_BUFG
    SLICE_X44Y137        FDRE                                         r  u_aes_slave/u_aes_core/key_schedule_inst/key_state_reg_reg[12][232]/C
                         clock pessimism             -0.255     1.731    
                         clock uncertainty            0.100     1.831    
    SLICE_X44Y137        FDRE (Hold_fdre_C_D)         0.072     1.903    u_aes_slave/u_aes_core/key_schedule_inst/key_state_reg_reg[12][232]
  -------------------------------------------------------------------
                         required time                         -1.903    
                         arrival time                           1.955    
  -------------------------------------------------------------------
                         slack                                  0.051    

Slack (MET) :             0.051ns  (arrival time - required time)
  Source:                 u_aes_slave/u_aes_core/key_schedule_inst/key_state_reg_reg[6][60]/C
                            (rising edge-triggered cell FDRE clocked by CLK  {rise@0.000ns fall@10.000ns period=20.000ns})
  Destination:            u_aes_slave/u_aes_core/key_schedule_inst/key_state_reg_reg[7][60]/D
                            (rising edge-triggered cell FDRE clocked by CLK  {rise@0.000ns fall@10.000ns period=20.000ns})
  Path Group:             CLK
  Path Type:              Hold (Min at Fast Process Corner)
  Requirement:            0.000ns  (CLK rise@0.000ns - CLK rise@0.000ns)
  Data Path Delay:        0.255ns  (logic 0.186ns (72.832%)  route 0.069ns (27.168%))
  Logic Levels:           1  (LUT5=1)
  Clock Path Skew:        0.013ns (DCD - SCD - CPR)
    Destination Clock Delay (DCD):    1.979ns
    Source Clock Delay      (SCD):    1.460ns
    Clock Pessimism Removal (CPR):    0.505ns
  Clock Uncertainty:      0.100ns  ((TSJ^2 + TIJ^2)^1/2 + DJ) / 2 + PE + UU
    Total System Jitter     (TSJ):    0.000ns
    Total Input Jitter      (TIJ):    0.000ns
    Discrete Jitter          (DJ):    0.000ns
    Phase Error              (PE):    0.000ns
    User Uncertainty         (UU):    0.100ns

    Location             Delay type                Incr(ns)  Path(ns)    Netlist Resource(s)
  -------------------------------------------------------------------    -------------------
                         (clock CLK rise edge)        0.000     0.000 r  
    M18                                               0.000     0.000 r  clk (IN)
                         net (fo=0)                   0.000     0.000    clk
    M18                  IBUF (Prop_ibuf_I_O)         0.167     0.167 r  clk_IBUF_inst/O
                         net (fo=1, routed)           0.634     0.801    clk_IBUF
    BUFGCTRL_X0Y0        BUFG (Prop_bufg_I_O)         0.026     0.827 r  clk_IBUF_BUFG_inst/O
                         net (fo=11156, routed)       0.633     1.460    u_aes_slave/u_aes_core/key_schedule_inst/clk_IBUF_BUFG
    SLICE_X37Y120        FDRE                                         r  u_aes_slave/u_aes_core/key_schedule_inst/key_state_reg_reg[6][60]/C
  -------------------------------------------------------------------    -------------------
    SLICE_X37Y120        FDRE (Prop_fdre_C_Q)         0.141     1.601 r  u_aes_slave/u_aes_core/key_schedule_inst/key_state_reg_reg[6][60]/Q
                         net (fo=3, routed)           0.069     1.671    u_aes_slave/u_aes_core/key_schedule_inst/gen_key_expand[3].key_expand_inst/key_state_reg_reg[6][60]
    SLICE_X36Y120        LUT5 (Prop_lut5_I4_O)        0.045     1.716 r  u_aes_slave/u_aes_core/key_schedule_inst/gen_key_expand[3].key_expand_inst/key_state_reg[7][60]_i_1/O
                         net (fo=1, routed)           0.000     1.716    u_aes_slave/u_aes_core/key_schedule_inst/expanded_round_key[3]_20[60]
    SLICE_X36Y120        FDRE                                         r  u_aes_slave/u_aes_core/key_schedule_inst/key_state_reg_reg[7][60]/D
  -------------------------------------------------------------------    -------------------

                         (clock CLK rise edge)        0.000     0.000 r  
    M18                                               0.000     0.000 r  clk (IN)
                         net (fo=0)                   0.000     0.000    clk
    M18                  IBUF (Prop_ibuf_I_O)         0.356     0.356 r  clk_IBUF_inst/O
                         net (fo=1, routed)           0.689     1.044    clk_IBUF
    BUFGCTRL_X0Y0        BUFG (Prop_bufg_I_O)         0.029     1.073 r  clk_IBUF_BUFG_inst/O
                         net (fo=11156, routed)       0.905     1.979    u_aes_slave/u_aes_core/key_schedule_inst/clk_IBUF_BUFG
    SLICE_X36Y120        FDRE                                         r  u_aes_slave/u_aes_core/key_schedule_inst/key_state_reg_reg[7][60]/C
                         clock pessimism             -0.505     1.473    
                         clock uncertainty            0.100     1.573    
    SLICE_X36Y120        FDRE (Hold_fdre_C_D)         0.091     1.664    u_aes_slave/u_aes_core/key_schedule_inst/key_state_reg_reg[7][60]
  -------------------------------------------------------------------
                         required time                         -1.664    
                         arrival time                           1.716    
  -------------------------------------------------------------------
                         slack                                  0.051    

Slack (MET) :             0.051ns  (arrival time - required time)
  Source:                 u_aes_slave/u_aes_core/key_schedule_inst/key_state_reg_reg[9][78]/C
                            (rising edge-triggered cell FDRE clocked by CLK  {rise@0.000ns fall@10.000ns period=20.000ns})
  Destination:            u_aes_slave/u_aes_core/key_schedule_inst/key_state_reg_reg[10][78]/D
                            (rising edge-triggered cell FDRE clocked by CLK  {rise@0.000ns fall@10.000ns period=20.000ns})
  Path Group:             CLK
  Path Type:              Hold (Min at Fast Process Corner)
  Requirement:            0.000ns  (CLK rise@0.000ns - CLK rise@0.000ns)
  Data Path Delay:        0.494ns  (logic 0.164ns (33.180%)  route 0.330ns (66.820%))
  Logic Levels:           0  
  Clock Path Skew:        0.268ns (DCD - SCD - CPR)
    Destination Clock Delay (DCD):    1.981ns
    Source Clock Delay      (SCD):    1.457ns
    Clock Pessimism Removal (CPR):    0.255ns
  Clock Uncertainty:      0.100ns  ((TSJ^2 + TIJ^2)^1/2 + DJ) / 2 + PE + UU
    Total System Jitter     (TSJ):    0.000ns
    Total Input Jitter      (TIJ):    0.000ns
    Discrete Jitter          (DJ):    0.000ns
    Phase Error              (PE):    0.000ns
    User Uncertainty         (UU):    0.100ns

    Location             Delay type                Incr(ns)  Path(ns)    Netlist Resource(s)
  -------------------------------------------------------------------    -------------------
                         (clock CLK rise edge)        0.000     0.000 r  
    M18                                               0.000     0.000 r  clk (IN)
                         net (fo=0)                   0.000     0.000    clk
    M18                  IBUF (Prop_ibuf_I_O)         0.167     0.167 r  clk_IBUF_inst/O
                         net (fo=1, routed)           0.634     0.801    clk_IBUF
    BUFGCTRL_X0Y0        BUFG (Prop_bufg_I_O)         0.026     0.827 r  clk_IBUF_BUFG_inst/O
                         net (fo=11156, routed)       0.630     1.457    u_aes_slave/u_aes_core/key_schedule_inst/clk_IBUF_BUFG
    SLICE_X38Y126        FDRE                                         r  u_aes_slave/u_aes_core/key_schedule_inst/key_state_reg_reg[9][78]/C
  -------------------------------------------------------------------    -------------------
    SLICE_X38Y126        FDRE (Prop_fdre_C_Q)         0.164     1.621 r  u_aes_slave/u_aes_core/key_schedule_inst/key_state_reg_reg[9][78]/Q
                         net (fo=2, routed)           0.330     1.952    u_aes_slave/u_aes_core/key_schedule_inst/round_key[10]_38[78]
    SLICE_X25Y129        FDRE                                         r  u_aes_slave/u_aes_core/key_schedule_inst/key_state_reg_reg[10][78]/D
  -------------------------------------------------------------------    -------------------

                         (clock CLK rise edge)        0.000     0.000 r  
    M18                                               0.000     0.000 r  clk (IN)
                         net (fo=0)                   0.000     0.000    clk
    M18                  IBUF (Prop_ibuf_I_O)         0.356     0.356 r  clk_IBUF_inst/O
                         net (fo=1, routed)           0.689     1.044    clk_IBUF
    BUFGCTRL_X0Y0        BUFG (Prop_bufg_I_O)         0.029     1.073 r  clk_IBUF_BUFG_inst/O
                         net (fo=11156, routed)       0.907     1.981    u_aes_slave/u_aes_core/key_schedule_inst/clk_IBUF_BUFG
    SLICE_X25Y129        FDRE                                         r  u_aes_slave/u_aes_core/key_schedule_inst/key_state_reg_reg[10][78]/C
                         clock pessimism             -0.255     1.725    
                         clock uncertainty            0.100     1.825    
    SLICE_X25Y129        FDRE (Hold_fdre_C_D)         0.075     1.900    u_aes_slave/u_aes_core/key_schedule_inst/key_state_reg_reg[10][78]
  -------------------------------------------------------------------
                         required time                         -1.900    
                         arrival time                           1.952    
  -------------------------------------------------------------------
                         slack                                  0.051    

Slack (MET) :             0.052ns  (arrival time - required time)
  Source:                 u_aes_slave/u_aes_core/valid_reg_reg[5]/C
                            (rising edge-triggered cell FDRE clocked by CLK  {rise@0.000ns fall@10.000ns period=20.000ns})
  Destination:            u_aes_slave/u_aes_core/valid_reg_reg[6]/D
                            (rising edge-triggered cell FDRE clocked by CLK  {rise@0.000ns fall@10.000ns period=20.000ns})
  Path Group:             CLK
  Path Type:              Hold (Min at Fast Process Corner)
  Requirement:            0.000ns  (CLK rise@0.000ns - CLK rise@0.000ns)
  Data Path Delay:        0.187ns  (logic 0.128ns (68.470%)  route 0.059ns (31.530%))
  Logic Levels:           0  
  Clock Path Skew:        0.013ns (DCD - SCD - CPR)
    Destination Clock Delay (DCD):    1.889ns
    Source Clock Delay      (SCD):    1.376ns
    Clock Pessimism Removal (CPR):    0.500ns
  Clock Uncertainty:      0.100ns  ((TSJ^2 + TIJ^2)^1/2 + DJ) / 2 + PE + UU
    Total System Jitter     (TSJ):    0.000ns
    Total Input Jitter      (TIJ):    0.000ns
    Discrete Jitter          (DJ):    0.000ns
    Phase Error              (PE):    0.000ns
    User Uncertainty         (UU):    0.100ns

    Location             Delay type                Incr(ns)  Path(ns)    Netlist Resource(s)
  -------------------------------------------------------------------    -------------------
                         (clock CLK rise edge)        0.000     0.000 r  
    M18                                               0.000     0.000 r  clk (IN)
                         net (fo=0)                   0.000     0.000    clk
    M18                  IBUF (Prop_ibuf_I_O)         0.167     0.167 r  clk_IBUF_inst/O
                         net (fo=1, routed)           0.634     0.801    clk_IBUF
    BUFGCTRL_X0Y0        BUFG (Prop_bufg_I_O)         0.026     0.827 r  clk_IBUF_BUFG_inst/O
                         net (fo=11156, routed)       0.549     1.376    u_aes_slave/u_aes_core/clk_IBUF_BUFG
    SLICE_X28Y73         FDRE                                         r  u_aes_slave/u_aes_core/valid_reg_reg[5]/C
  -------------------------------------------------------------------    -------------------
    SLICE_X28Y73         FDRE (Prop_fdre_C_Q)         0.128     1.504 r  u_aes_slave/u_aes_core/valid_reg_reg[5]/Q
                         net (fo=1, routed)           0.059     1.563    u_aes_slave/u_aes_core/valid_reg_reg[5]__0
    SLICE_X29Y73         FDRE                                         r  u_aes_slave/u_aes_core/valid_reg_reg[6]/D
  -------------------------------------------------------------------    -------------------

                         (clock CLK rise edge)        0.000     0.000 r  
    M18                                               0.000     0.000 r  clk (IN)
                         net (fo=0)                   0.000     0.000    clk
    M18                  IBUF (Prop_ibuf_I_O)         0.356     0.356 r  clk_IBUF_inst/O
                         net (fo=1, routed)           0.689     1.044    clk_IBUF
    BUFGCTRL_X0Y0        BUFG (Prop_bufg_I_O)         0.029     1.073 r  clk_IBUF_BUFG_inst/O
                         net (fo=11156, routed)       0.816     1.889    u_aes_slave/u_aes_core/clk_IBUF_BUFG
    SLICE_X29Y73         FDRE                                         r  u_aes_slave/u_aes_core/valid_reg_reg[6]/C
                         clock pessimism             -0.500     1.389    
                         clock uncertainty            0.100     1.489    
    SLICE_X29Y73         FDRE (Hold_fdre_C_D)         0.022     1.511    u_aes_slave/u_aes_core/valid_reg_reg[6]
  -------------------------------------------------------------------
                         required time                         -1.511    
                         arrival time                           1.563    
  -------------------------------------------------------------------
                         slack                                  0.052    

Slack (MET) :             0.052ns  (arrival time - required time)
  Source:                 u_aes_slave/u_aes_core/key_schedule_inst/key_state_reg_reg[8][65]/C
                            (rising edge-triggered cell FDRE clocked by CLK  {rise@0.000ns fall@10.000ns period=20.000ns})
  Destination:            u_aes_slave/u_aes_core/key_schedule_inst/key_state_reg_reg[9][65]/D
                            (rising edge-triggered cell FDRE clocked by CLK  {rise@0.000ns fall@10.000ns period=20.000ns})
  Path Group:             CLK
  Path Type:              Hold (Min at Fast Process Corner)
  Requirement:            0.000ns  (CLK rise@0.000ns - CLK rise@0.000ns)
  Data Path Delay:        0.286ns  (logic 0.186ns (64.988%)  route 0.100ns (35.012%))
  Logic Levels:           1  (LUT6=1)
  Clock Path Skew:        0.013ns (DCD - SCD - CPR)
    Destination Clock Delay (DCD):    1.978ns
    Source Clock Delay      (SCD):    1.460ns
    Clock Pessimism Removal (CPR):    0.504ns
  Clock Uncertainty:      0.100ns  ((TSJ^2 + TIJ^2)^1/2 + DJ) / 2 + PE + UU
    Total System Jitter     (TSJ):    0.000ns
    Total Input Jitter      (TIJ):    0.000ns
    Discrete Jitter          (DJ):    0.000ns
    Phase Error              (PE):    0.000ns
    User Uncertainty         (UU):    0.100ns

    Location             Delay type                Incr(ns)  Path(ns)    Netlist Resource(s)
  -------------------------------------------------------------------    -------------------
                         (clock CLK rise edge)        0.000     0.000 r  
    M18                                               0.000     0.000 r  clk (IN)
                         net (fo=0)                   0.000     0.000    clk
    M18                  IBUF (Prop_ibuf_I_O)         0.167     0.167 r  clk_IBUF_inst/O
                         net (fo=1, routed)           0.634     0.801    clk_IBUF
    BUFGCTRL_X0Y0        BUFG (Prop_bufg_I_O)         0.026     0.827 r  clk_IBUF_BUFG_inst/O
                         net (fo=11156, routed)       0.633     1.460    u_aes_slave/u_aes_core/key_schedule_inst/clk_IBUF_BUFG
    SLICE_X53Y126        FDRE                                         r  u_aes_slave/u_aes_core/key_schedule_inst/key_state_reg_reg[8][65]/C
  -------------------------------------------------------------------    -------------------
    SLICE_X53Y126        FDRE (Prop_fdre_C_Q)         0.141     1.601 r  u_aes_slave/u_aes_core/key_schedule_inst/key_state_reg_reg[8][65]/Q
                         net (fo=2, routed)           0.100     1.702    u_aes_slave/u_aes_core/key_schedule_inst/gen_key_expand[4].key_expand_inst/key_state_reg_reg[8][65]
    SLICE_X52Y126        LUT6 (Prop_lut6_I5_O)        0.045     1.747 r  u_aes_slave/u_aes_core/key_schedule_inst/gen_key_expand[4].key_expand_inst/key_state_reg[9][65]_i_1/O
                         net (fo=1, routed)           0.000     1.747    u_aes_slave/u_aes_core/key_schedule_inst/expanded_round_key[4]_21[65]
    SLICE_X52Y126        FDRE                                         r  u_aes_slave/u_aes_core/key_schedule_inst/key_state_reg_reg[9][65]/D
  -------------------------------------------------------------------    -------------------

                         (clock CLK rise edge)        0.000     0.000 r  
    M18                                               0.000     0.000 r  clk (IN)
                         net (fo=0)                   0.000     0.000    clk
    M18                  IBUF (Prop_ibuf_I_O)         0.356     0.356 r  clk_IBUF_inst/O
                         net (fo=1, routed)           0.689     1.044    clk_IBUF
    BUFGCTRL_X0Y0        BUFG (Prop_bufg_I_O)         0.029     1.073 r  clk_IBUF_BUFG_inst/O
                         net (fo=11156, routed)       0.904     1.978    u_aes_slave/u_aes_core/key_schedule_inst/clk_IBUF_BUFG
    SLICE_X52Y126        FDRE                                         r  u_aes_slave/u_aes_core/key_schedule_inst/key_state_reg_reg[9][65]/C
                         clock pessimism             -0.504     1.473    
                         clock uncertainty            0.100     1.573    
    SLICE_X52Y126        FDRE (Hold_fdre_C_D)         0.121     1.694    u_aes_slave/u_aes_core/key_schedule_inst/key_state_reg_reg[9][65]
  -------------------------------------------------------------------
                         required time                         -1.694    
                         arrival time                           1.747    
  -------------------------------------------------------------------
                         slack                                  0.052    

Slack (MET) :             0.052ns  (arrival time - required time)
  Source:                 u_aes_slave/u_aes_core/key_schedule_inst/key_state_reg_reg[8][28]/C
                            (rising edge-triggered cell FDRE clocked by CLK  {rise@0.000ns fall@10.000ns period=20.000ns})
  Destination:            u_aes_slave/u_aes_core/key_schedule_inst/key_state_reg_reg[9][28]/D
                            (rising edge-triggered cell FDRE clocked by CLK  {rise@0.000ns fall@10.000ns period=20.000ns})
  Path Group:             CLK
  Path Type:              Hold (Min at Fast Process Corner)
  Requirement:            0.000ns  (CLK rise@0.000ns - CLK rise@0.000ns)
  Data Path Delay:        0.285ns  (logic 0.186ns (65.209%)  route 0.099ns (34.791%))
  Logic Levels:           1  (LUT6=1)
  Clock Path Skew:        0.013ns (DCD - SCD - CPR)
    Destination Clock Delay (DCD):    1.975ns
    Source Clock Delay      (SCD):    1.458ns
    Clock Pessimism Removal (CPR):    0.503ns
  Clock Uncertainty:      0.100ns  ((TSJ^2 + TIJ^2)^1/2 + DJ) / 2 + PE + UU
    Total System Jitter     (TSJ):    0.000ns
    Total Input Jitter      (TIJ):    0.000ns
    Discrete Jitter          (DJ):    0.000ns
    Phase Error              (PE):    0.000ns
    User Uncertainty         (UU):    0.100ns

    Location             Delay type                Incr(ns)  Path(ns)    Netlist Resource(s)
  -------------------------------------------------------------------    -------------------
                         (clock CLK rise edge)        0.000     0.000 r  
    M18                                               0.000     0.000 r  clk (IN)
                         net (fo=0)                   0.000     0.000    clk
    M18                  IBUF (Prop_ibuf_I_O)         0.167     0.167 r  clk_IBUF_inst/O
                         net (fo=1, routed)           0.634     0.801    clk_IBUF
    BUFGCTRL_X0Y0        BUFG (Prop_bufg_I_O)         0.026     0.827 r  clk_IBUF_BUFG_inst/O
                         net (fo=11156, routed)       0.631     1.458    u_aes_slave/u_aes_core/key_schedule_inst/clk_IBUF_BUFG
    SLICE_X31Y123        FDRE                                         r  u_aes_slave/u_aes_core/key_schedule_inst/key_state_reg_reg[8][28]/C
  -------------------------------------------------------------------    -------------------
    SLICE_X31Y123        FDRE (Prop_fdre_C_Q)         0.141     1.599 r  u_aes_slave/u_aes_core/key_schedule_inst/key_state_reg_reg[8][28]/Q
                         net (fo=4, routed)           0.099     1.699    u_aes_slave/u_aes_core/key_schedule_inst/gen_key_expand[4].key_expand_inst/key_state_reg_reg[8][28]
    SLICE_X30Y123        LUT6 (Prop_lut6_I5_O)        0.045     1.744 r  u_aes_slave/u_aes_core/key_schedule_inst/gen_key_expand[4].key_expand_inst/key_state_reg[9][28]_i_1/O
                         net (fo=1, routed)           0.000     1.744    u_aes_slave/u_aes_core/key_schedule_inst/expanded_round_key[4]_21[28]
    SLICE_X30Y123        FDRE                                         r  u_aes_slave/u_aes_core/key_schedule_inst/key_state_reg_reg[9][28]/D
  -------------------------------------------------------------------    -------------------

                         (clock CLK rise edge)        0.000     0.000 r  
    M18                                               0.000     0.000 r  clk (IN)
                         net (fo=0)                   0.000     0.000    clk
    M18                  IBUF (Prop_ibuf_I_O)         0.356     0.356 r  clk_IBUF_inst/O
                         net (fo=1, routed)           0.689     1.044    clk_IBUF
    BUFGCTRL_X0Y0        BUFG (Prop_bufg_I_O)         0.029     1.073 r  clk_IBUF_BUFG_inst/O
                         net (fo=11156, routed)       0.901     1.975    u_aes_slave/u_aes_core/key_schedule_inst/clk_IBUF_BUFG
    SLICE_X30Y123        FDRE                                         r  u_aes_slave/u_aes_core/key_schedule_inst/key_state_reg_reg[9][28]/C
                         clock pessimism             -0.503     1.471    
                         clock uncertainty            0.100     1.571    
    SLICE_X30Y123        FDRE (Hold_fdre_C_D)         0.120     1.691    u_aes_slave/u_aes_core/key_schedule_inst/key_state_reg_reg[9][28]
  -------------------------------------------------------------------
                         required time                         -1.691    
                         arrival time                           1.744    
  -------------------------------------------------------------------
                         slack                                  0.052    

Slack (MET) :             0.053ns  (arrival time - required time)
  Source:                 u_aes_slave/pt_q_reg[1][18]/C
                            (rising edge-triggered cell FDRE clocked by CLK  {rise@0.000ns fall@10.000ns period=20.000ns})
  Destination:            u_aes_slave/u_aes_core/state_reg_reg[0][42]/D
                            (rising edge-triggered cell FDRE clocked by CLK  {rise@0.000ns fall@10.000ns period=20.000ns})
  Path Group:             CLK
  Path Type:              Hold (Min at Fast Process Corner)
  Requirement:            0.000ns  (CLK rise@0.000ns - CLK rise@0.000ns)
  Data Path Delay:        0.257ns  (logic 0.186ns (72.481%)  route 0.071ns (27.519%))
  Logic Levels:           1  (LUT2=1)
  Clock Path Skew:        0.013ns (DCD - SCD - CPR)
    Destination Clock Delay (DCD):    1.935ns
    Source Clock Delay      (SCD):    1.419ns
    Clock Pessimism Removal (CPR):    0.503ns
  Clock Uncertainty:      0.100ns  ((TSJ^2 + TIJ^2)^1/2 + DJ) / 2 + PE + UU
    Total System Jitter     (TSJ):    0.000ns
    Total Input Jitter      (TIJ):    0.000ns
    Discrete Jitter          (DJ):    0.000ns
    Phase Error              (PE):    0.000ns
    User Uncertainty         (UU):    0.100ns

    Location             Delay type                Incr(ns)  Path(ns)    Netlist Resource(s)
  -------------------------------------------------------------------    -------------------
                         (clock CLK rise edge)        0.000     0.000 r  
    M18                                               0.000     0.000 r  clk (IN)
                         net (fo=0)                   0.000     0.000    clk
    M18                  IBUF (Prop_ibuf_I_O)         0.167     0.167 r  clk_IBUF_inst/O
                         net (fo=1, routed)           0.634     0.801    clk_IBUF
    BUFGCTRL_X0Y0        BUFG (Prop_bufg_I_O)         0.026     0.827 r  clk_IBUF_BUFG_inst/O
                         net (fo=11156, routed)       0.592     1.419    u_aes_slave/clk_IBUF_BUFG
    SLICE_X59Y55         FDRE                                         r  u_aes_slave/pt_q_reg[1][18]/C
  -------------------------------------------------------------------    -------------------
    SLICE_X59Y55         FDRE (Prop_fdre_C_Q)         0.141     1.560 r  u_aes_slave/pt_q_reg[1][18]/Q
                         net (fo=2, routed)           0.071     1.631    u_aes_slave/u_aes_core/aes_plain_text[82]
    SLICE_X58Y55         LUT2 (Prop_lut2_I1_O)        0.045     1.676 r  u_aes_slave/u_aes_core/state_reg[0][42]_i_1/O
                         net (fo=1, routed)           0.000     1.676    u_aes_slave/u_aes_core/state_init[42]
    SLICE_X58Y55         FDRE                                         r  u_aes_slave/u_aes_core/state_reg_reg[0][42]/D
  -------------------------------------------------------------------    -------------------

                         (clock CLK rise edge)        0.000     0.000 r  
    M18                                               0.000     0.000 r  clk (IN)
                         net (fo=0)                   0.000     0.000    clk
    M18                  IBUF (Prop_ibuf_I_O)         0.356     0.356 r  clk_IBUF_inst/O
                         net (fo=1, routed)           0.689     1.044    clk_IBUF
    BUFGCTRL_X0Y0        BUFG (Prop_bufg_I_O)         0.029     1.073 r  clk_IBUF_BUFG_inst/O
                         net (fo=11156, routed)       0.861     1.935    u_aes_slave/u_aes_core/clk_IBUF_BUFG
    SLICE_X58Y55         FDRE                                         r  u_aes_slave/u_aes_core/state_reg_reg[0][42]/C
                         clock pessimism             -0.503     1.432    
                         clock uncertainty            0.100     1.532    
    SLICE_X58Y55         FDRE (Hold_fdre_C_D)         0.091     1.623    u_aes_slave/u_aes_core/state_reg_reg[0][42]
  -------------------------------------------------------------------
                         required time                         -1.623    
                         arrival time                           1.676    
  -------------------------------------------------------------------
                         slack                                  0.053    

Slack (MET) :             0.053ns  (arrival time - required time)
  Source:                 u_aes_slave/u_aes_core/key_schedule_inst/key_state_reg_reg[11][97]/C
                            (rising edge-triggered cell FDRE clocked by CLK  {rise@0.000ns fall@10.000ns period=20.000ns})
  Destination:            u_aes_slave/u_aes_core/state_reg_reg[12][97]/D
                            (rising edge-triggered cell FDRE clocked by CLK  {rise@0.000ns fall@10.000ns period=20.000ns})
  Path Group:             CLK
  Path Type:              Hold (Min at Fast Process Corner)
  Requirement:            0.000ns  (CLK rise@0.000ns - CLK rise@0.000ns)
  Data Path Delay:        0.541ns  (logic 0.186ns (34.400%)  route 0.355ns (65.600%))
  Logic Levels:           1  (LUT2=1)
  Clock Path Skew:        0.268ns (DCD - SCD - CPR)
    Destination Clock Delay (DCD):    1.990ns
    Source Clock Delay      (SCD):    1.466ns
    Clock Pessimism Removal (CPR):    0.255ns
  Clock Uncertainty:      0.100ns  ((TSJ^2 + TIJ^2)^1/2 + DJ) / 2 + PE + UU
    Total System Jitter     (TSJ):    0.000ns
    Total Input Jitter      (TIJ):    0.000ns
    Discrete Jitter          (DJ):    0.000ns
    Phase Error              (PE):    0.000ns
    User Uncertainty         (UU):    0.100ns

    Location             Delay type                Incr(ns)  Path(ns)    Netlist Resource(s)
  -------------------------------------------------------------------    -------------------
                         (clock CLK rise edge)        0.000     0.000 r  
    M18                                               0.000     0.000 r  clk (IN)
                         net (fo=0)                   0.000     0.000    clk
    M18                  IBUF (Prop_ibuf_I_O)         0.167     0.167 r  clk_IBUF_inst/O
                         net (fo=1, routed)           0.634     0.801    clk_IBUF
    BUFGCTRL_X0Y0        BUFG (Prop_bufg_I_O)         0.026     0.827 r  clk_IBUF_BUFG_inst/O
                         net (fo=11156, routed)       0.639     1.466    u_aes_slave/u_aes_core/key_schedule_inst/clk_IBUF_BUFG
    SLICE_X41Y134        FDRE                                         r  u_aes_slave/u_aes_core/key_schedule_inst/key_state_reg_reg[11][97]/C
  -------------------------------------------------------------------    -------------------
    SLICE_X41Y134        FDRE (Prop_fdre_C_Q)         0.141     1.607 r  u_aes_slave/u_aes_core/key_schedule_inst/key_state_reg_reg[11][97]/Q
                         net (fo=2, routed)           0.355     1.962    u_aes_slave/u_aes_core/key_schedule_inst/round_key[12]_41[97]
    SLICE_X30Y144        LUT2 (Prop_lut2_I0_O)        0.045     2.007 r  u_aes_slave/u_aes_core/key_schedule_inst/state_reg[12][97]_i_1/O
                         net (fo=1, routed)           0.000     2.007    u_aes_slave/u_aes_core/state_out[12]_11[97]
    SLICE_X30Y144        FDRE                                         r  u_aes_slave/u_aes_core/state_reg_reg[12][97]/D
  -------------------------------------------------------------------    -------------------

                         (clock CLK rise edge)        0.000     0.000 r  
    M18                                               0.000     0.000 r  clk (IN)
                         net (fo=0)                   0.000     0.000    clk
    M18                  IBUF (Prop_ibuf_I_O)         0.356     0.356 r  clk_IBUF_inst/O
                         net (fo=1, routed)           0.689     1.044    clk_IBUF
    BUFGCTRL_X0Y0        BUFG (Prop_bufg_I_O)         0.029     1.073 r  clk_IBUF_BUFG_inst/O
                         net (fo=11156, routed)       0.916     1.990    u_aes_slave/u_aes_core/clk_IBUF_BUFG
    SLICE_X30Y144        FDRE                                         r  u_aes_slave/u_aes_core/state_reg_reg[12][97]/C
                         clock pessimism             -0.255     1.734    
                         clock uncertainty            0.100     1.834    
    SLICE_X30Y144        FDRE (Hold_fdre_C_D)         0.120     1.954    u_aes_slave/u_aes_core/state_reg_reg[12][97]
  -------------------------------------------------------------------
                         required time                         -1.954    
                         arrival time                           2.007    
  -------------------------------------------------------------------
                         slack                                  0.053    

Slack (MET) :             0.053ns  (arrival time - required time)
  Source:                 u_aes_slave/u_aes_core/key_schedule_inst/key_state_reg_reg[13][40]/C
                            (rising edge-triggered cell FDRE clocked by CLK  {rise@0.000ns fall@10.000ns period=20.000ns})
  Destination:            u_aes_slave/u_aes_core/state_reg_reg[14][40]/D
                            (rising edge-triggered cell FDRE clocked by CLK  {rise@0.000ns fall@10.000ns period=20.000ns})
  Path Group:             CLK
  Path Type:              Hold (Min at Fast Process Corner)
  Requirement:            0.000ns  (CLK rise@0.000ns - CLK rise@0.000ns)
  Data Path Delay:        0.258ns  (logic 0.209ns (80.975%)  route 0.049ns (19.025%))
  Logic Levels:           1  (LUT2=1)
  Clock Path Skew:        0.013ns (DCD - SCD - CPR)
    Destination Clock Delay (DCD):    1.994ns
    Source Clock Delay      (SCD):    1.473ns
    Clock Pessimism Removal (CPR):    0.507ns
  Clock Uncertainty:      0.100ns  ((TSJ^2 + TIJ^2)^1/2 + DJ) / 2 + PE + UU
    Total System Jitter     (TSJ):    0.000ns
    Total Input Jitter      (TIJ):    0.000ns
    Discrete Jitter          (DJ):    0.000ns
    Phase Error              (PE):    0.000ns
    User Uncertainty         (UU):    0.100ns

    Location             Delay type                Incr(ns)  Path(ns)    Netlist Resource(s)
  -------------------------------------------------------------------    -------------------
                         (clock CLK rise edge)        0.000     0.000 r  
    M18                                               0.000     0.000 r  clk (IN)
                         net (fo=0)                   0.000     0.000    clk
    M18                  IBUF (Prop_ibuf_I_O)         0.167     0.167 r  clk_IBUF_inst/O
                         net (fo=1, routed)           0.634     0.801    clk_IBUF
    BUFGCTRL_X0Y0        BUFG (Prop_bufg_I_O)         0.026     0.827 r  clk_IBUF_BUFG_inst/O
                         net (fo=11156, routed)       0.646     1.473    u_aes_slave/u_aes_core/key_schedule_inst/clk_IBUF_BUFG
    SLICE_X50Y147        FDRE                                         r  u_aes_slave/u_aes_core/key_schedule_inst/key_state_reg_reg[13][40]/C
  -------------------------------------------------------------------    -------------------
    SLICE_X50Y147        FDRE (Prop_fdre_C_Q)         0.164     1.637 r  u_aes_slave/u_aes_core/key_schedule_inst/key_state_reg_reg[13][40]/Q
                         net (fo=1, routed)           0.049     1.686    u_aes_slave/u_aes_core/key_schedule_inst/round_key[14]_43[40]
    SLICE_X51Y147        LUT2 (Prop_lut2_I0_O)        0.045     1.731 r  u_aes_slave/u_aes_core/key_schedule_inst/state_reg[14][40]_i_1/O
                         net (fo=1, routed)           0.000     1.731    u_aes_slave/u_aes_core/state_out[14]_44[40]
    SLICE_X51Y147        FDRE                                         r  u_aes_slave/u_aes_core/state_reg_reg[14][40]/D
  -------------------------------------------------------------------    -------------------

                         (clock CLK rise edge)        0.000     0.000 r  
    M18                                               0.000     0.000 r  clk (IN)
                         net (fo=0)                   0.000     0.000    clk
    M18                  IBUF (Prop_ibuf_I_O)         0.356     0.356 r  clk_IBUF_inst/O
                         net (fo=1, routed)           0.689     1.044    clk_IBUF
    BUFGCTRL_X0Y0        BUFG (Prop_bufg_I_O)         0.029     1.073 r  clk_IBUF_BUFG_inst/O
                         net (fo=11156, routed)       0.920     1.994    u_aes_slave/u_aes_core/clk_IBUF_BUFG
    SLICE_X51Y147        FDRE                                         r  u_aes_slave/u_aes_core/state_reg_reg[14][40]/C
                         clock pessimism             -0.507     1.486    
                         clock uncertainty            0.100     1.586    
    SLICE_X51Y147        FDRE (Hold_fdre_C_D)         0.092     1.678    u_aes_slave/u_aes_core/state_reg_reg[14][40]
  -------------------------------------------------------------------
                         required time                         -1.678    
                         arrival time                           1.731    
  -------------------------------------------------------------------
                         slack                                  0.053    





Pulse Width Checks
--------------------------------------------------------------------------------------
Clock Name:         CLK
Waveform(ns):       { 0.000 10.000 }
Period(ns):         20.000
Sources:            { clk }

Check Type        Corner  Lib Pin     Reference Pin  Required(ns)  Actual(ns)  Slack(ns)  Location       Pin
Min Period        n/a     BUFG/I      n/a            2.155         20.000      17.845     BUFGCTRL_X0Y0  clk_IBUF_BUFG_inst/I
Min Period        n/a     FDRE/C      n/a            1.000         20.000      19.000     SLICE_X15Y53   u_aes_slave/aes_valid_in_q_reg/C
Min Period        n/a     FDRE/C      n/a            1.000         20.000      19.000     SLICE_X49Y46   u_aes_slave/aw_hold_q_reg/C
Min Period        n/a     FDRE/C      n/a            1.000         20.000      19.000     SLICE_X49Y47   u_aes_slave/awaddr_q_reg[10]/C
Min Period        n/a     FDRE/C      n/a            1.000         20.000      19.000     SLICE_X49Y47   u_aes_slave/awaddr_q_reg[11]/C
Min Period        n/a     FDRE/C      n/a            1.000         20.000      19.000     SLICE_X48Y48   u_aes_slave/awaddr_q_reg[2]/C
Min Period        n/a     FDRE/C      n/a            1.000         20.000      19.000     SLICE_X48Y48   u_aes_slave/awaddr_q_reg[3]/C
Min Period        n/a     FDRE/C      n/a            1.000         20.000      19.000     SLICE_X48Y48   u_aes_slave/awaddr_q_reg[4]/C
Min Period        n/a     FDRE/C      n/a            1.000         20.000      19.000     SLICE_X48Y48   u_aes_slave/awaddr_q_reg[5]/C
Min Period        n/a     FDRE/C      n/a            1.000         20.000      19.000     SLICE_X48Y47   u_aes_slave/awaddr_q_reg[6]/C
Min Period        n/a     FDRE/C      n/a            1.000         20.000      19.000     SLICE_X48Y47   u_aes_slave/awaddr_q_reg[7]/C
Min Period        n/a     FDRE/C      n/a            1.000         20.000      19.000     SLICE_X48Y47   u_aes_slave/awaddr_q_reg[8]/C
Min Period        n/a     FDRE/C      n/a            1.000         20.000      19.000     SLICE_X48Y47   u_aes_slave/awaddr_q_reg[9]/C
Min Period        n/a     FDRE/C      n/a            1.000         20.000      19.000     SLICE_X49Y48   u_aes_slave/awsize_q_reg[1]/C
Min Period        n/a     FDRE/C      n/a            1.000         20.000      19.000     SLICE_X44Y53   u_aes_slave/busy_q_reg/C
Min Period        n/a     FDRE/C      n/a            1.000         20.000      19.000     SLICE_X49Y46   u_aes_slave/bvalid_q_reg/C
Min Period        n/a     FDRE/C      n/a            1.000         20.000      19.000     SLICE_X46Y128  u_aes_slave/ct_q_reg[0][0]/C
Min Period        n/a     FDRE/C      n/a            1.000         20.000      19.000     SLICE_X39Y147  u_aes_slave/ct_q_reg[0][10]/C
Min Period        n/a     FDRE/C      n/a            1.000         20.000      19.000     SLICE_X38Y146  u_aes_slave/ct_q_reg[0][11]/C
Min Period        n/a     FDRE/C      n/a            1.000         20.000      19.000     SLICE_X35Y149  u_aes_slave/ct_q_reg[0][12]/C
Low Pulse Width   Slow    RAMD32/CLK  n/a            1.250         10.000      8.750      SLICE_X34Y26   u_cpu/dut_register_file/registers_reg_r1_0_31_0_5/RAMA/CLK
Low Pulse Width   Fast    RAMD32/CLK  n/a            1.250         10.000      8.750      SLICE_X34Y26   u_cpu/dut_register_file/registers_reg_r1_0_31_0_5/RAMA/CLK
Low Pulse Width   Slow    RAMD32/CLK  n/a            1.250         10.000      8.750      SLICE_X34Y26   u_cpu/dut_register_file/registers_reg_r1_0_31_0_5/RAMA_D1/CLK
Low Pulse Width   Fast    RAMD32/CLK  n/a            1.250         10.000      8.750      SLICE_X34Y26   u_cpu/dut_register_file/registers_reg_r1_0_31_0_5/RAMA_D1/CLK
Low Pulse Width   Slow    RAMD32/CLK  n/a            1.250         10.000      8.750      SLICE_X34Y26   u_cpu/dut_register_file/registers_reg_r1_0_31_0_5/RAMB/CLK
Low Pulse Width   Fast    RAMD32/CLK  n/a            1.250         10.000      8.750      SLICE_X34Y26   u_cpu/dut_register_file/registers_reg_r1_0_31_0_5/RAMB/CLK
Low Pulse Width   Slow    RAMD32/CLK  n/a            1.250         10.000      8.750      SLICE_X34Y26   u_cpu/dut_register_file/registers_reg_r1_0_31_0_5/RAMB_D1/CLK
Low Pulse Width   Fast    RAMD32/CLK  n/a            1.250         10.000      8.750      SLICE_X34Y26   u_cpu/dut_register_file/registers_reg_r1_0_31_0_5/RAMB_D1/CLK
Low Pulse Width   Slow    RAMD32/CLK  n/a            1.250         10.000      8.750      SLICE_X34Y26   u_cpu/dut_register_file/registers_reg_r1_0_31_0_5/RAMC/CLK
Low Pulse Width   Fast    RAMD32/CLK  n/a            1.250         10.000      8.750      SLICE_X34Y26   u_cpu/dut_register_file/registers_reg_r1_0_31_0_5/RAMC/CLK
Low Pulse Width   Slow    RAMD32/CLK  n/a            1.250         10.000      8.750      SLICE_X34Y26   u_cpu/dut_register_file/registers_reg_r1_0_31_0_5/RAMC_D1/CLK
Low Pulse Width   Fast    RAMD32/CLK  n/a            1.250         10.000      8.750      SLICE_X34Y26   u_cpu/dut_register_file/registers_reg_r1_0_31_0_5/RAMC_D1/CLK
Low Pulse Width   Slow    RAMS32/CLK  n/a            1.250         10.000      8.750      SLICE_X34Y26   u_cpu/dut_register_file/registers_reg_r1_0_31_0_5/RAMD/CLK
Low Pulse Width   Fast    RAMS32/CLK  n/a            1.250         10.000      8.750      SLICE_X34Y26   u_cpu/dut_register_file/registers_reg_r1_0_31_0_5/RAMD/CLK
Low Pulse Width   Slow    RAMS32/CLK  n/a            1.250         10.000      8.750      SLICE_X34Y26   u_cpu/dut_register_file/registers_reg_r1_0_31_0_5/RAMD_D1/CLK
Low Pulse Width   Fast    RAMS32/CLK  n/a            1.250         10.000      8.750      SLICE_X34Y26   u_cpu/dut_register_file/registers_reg_r1_0_31_0_5/RAMD_D1/CLK
Low Pulse Width   Slow    RAMD32/CLK  n/a            1.250         10.000      8.750      SLICE_X34Y23   u_cpu/dut_register_file/registers_reg_r1_0_31_12_17/RAMA/CLK
Low Pulse Width   Fast    RAMD32/CLK  n/a            1.250         10.000      8.750      SLICE_X34Y23   u_cpu/dut_register_file/registers_reg_r1_0_31_12_17/RAMA/CLK
Low Pulse Width   Slow    RAMD32/CLK  n/a            1.250         10.000      8.750      SLICE_X34Y23   u_cpu/dut_register_file/registers_reg_r1_0_31_12_17/RAMA_D1/CLK
Low Pulse Width   Fast    RAMD32/CLK  n/a            1.250         10.000      8.750      SLICE_X34Y23   u_cpu/dut_register_file/registers_reg_r1_0_31_12_17/RAMA_D1/CLK
High Pulse Width  Slow    RAMD32/CLK  n/a            1.250         10.000      8.750      SLICE_X34Y26   u_cpu/dut_register_file/registers_reg_r1_0_31_0_5/RAMA/CLK
High Pulse Width  Fast    RAMD32/CLK  n/a            1.250         10.000      8.750      SLICE_X34Y26   u_cpu/dut_register_file/registers_reg_r1_0_31_0_5/RAMA/CLK
High Pulse Width  Slow    RAMD32/CLK  n/a            1.250         10.000      8.750      SLICE_X34Y26   u_cpu/dut_register_file/registers_reg_r1_0_31_0_5/RAMA_D1/CLK
High Pulse Width  Fast    RAMD32/CLK  n/a            1.250         10.000      8.750      SLICE_X34Y26   u_cpu/dut_register_file/registers_reg_r1_0_31_0_5/RAMA_D1/CLK
High Pulse Width  Slow    RAMD32/CLK  n/a            1.250         10.000      8.750      SLICE_X34Y26   u_cpu/dut_register_file/registers_reg_r1_0_31_0_5/RAMB/CLK
High Pulse Width  Fast    RAMD32/CLK  n/a            1.250         10.000      8.750      SLICE_X34Y26   u_cpu/dut_register_file/registers_reg_r1_0_31_0_5/RAMB/CLK
High Pulse Width  Slow    RAMD32/CLK  n/a            1.250         10.000      8.750      SLICE_X34Y26   u_cpu/dut_register_file/registers_reg_r1_0_31_0_5/RAMB_D1/CLK
High Pulse Width  Fast    RAMD32/CLK  n/a            1.250         10.000      8.750      SLICE_X34Y26   u_cpu/dut_register_file/registers_reg_r1_0_31_0_5/RAMB_D1/CLK
High Pulse Width  Slow    RAMD32/CLK  n/a            1.250         10.000      8.750      SLICE_X34Y26   u_cpu/dut_register_file/registers_reg_r1_0_31_0_5/RAMC/CLK
High Pulse Width  Fast    RAMD32/CLK  n/a            1.250         10.000      8.750      SLICE_X34Y26   u_cpu/dut_register_file/registers_reg_r1_0_31_0_5/RAMC/CLK
High Pulse Width  Slow    RAMD32/CLK  n/a            1.250         10.000      8.750      SLICE_X34Y26   u_cpu/dut_register_file/registers_reg_r1_0_31_0_5/RAMC_D1/CLK
High Pulse Width  Fast    RAMD32/CLK  n/a            1.250         10.000      8.750      SLICE_X34Y26   u_cpu/dut_register_file/registers_reg_r1_0_31_0_5/RAMC_D1/CLK
High Pulse Width  Slow    RAMS32/CLK  n/a            1.250         10.000      8.750      SLICE_X34Y26   u_cpu/dut_register_file/registers_reg_r1_0_31_0_5/RAMD/CLK
High Pulse Width  Fast    RAMS32/CLK  n/a            1.250         10.000      8.750      SLICE_X34Y26   u_cpu/dut_register_file/registers_reg_r1_0_31_0_5/RAMD/CLK
High Pulse Width  Slow    RAMS32/CLK  n/a            1.250         10.000      8.750      SLICE_X34Y26   u_cpu/dut_register_file/registers_reg_r1_0_31_0_5/RAMD_D1/CLK
High Pulse Width  Fast    RAMS32/CLK  n/a            1.250         10.000      8.750      SLICE_X34Y26   u_cpu/dut_register_file/registers_reg_r1_0_31_0_5/RAMD_D1/CLK
High Pulse Width  Slow    RAMD32/CLK  n/a            1.250         10.000      8.750      SLICE_X34Y23   u_cpu/dut_register_file/registers_reg_r1_0_31_12_17/RAMA/CLK
High Pulse Width  Fast    RAMD32/CLK  n/a            1.250         10.000      8.750      SLICE_X34Y23   u_cpu/dut_register_file/registers_reg_r1_0_31_12_17/RAMA/CLK
High Pulse Width  Slow    RAMD32/CLK  n/a            1.250         10.000      8.750      SLICE_X34Y23   u_cpu/dut_register_file/registers_reg_r1_0_31_12_17/RAMA_D1/CLK
High Pulse Width  Fast    RAMD32/CLK  n/a            1.250         10.000      8.750      SLICE_X34Y23   u_cpu/dut_register_file/registers_reg_r1_0_31_12_17/RAMA_D1/CLK



--------------------------------------------------------------------------------------
Path Group:  (none)
From Clock:  
  To Clock:  

Max Delay             1 Endpoint
Min Delay             1 Endpoint
--------------------------------------------------------------------------------------


Max Delay Paths
--------------------------------------------------------------------------------------
Slack:                    inf
  Source:                 rstn
                            (input port)
  Destination:            cpu_stall_debug
                            (output port)
  Path Group:             (none)
  Path Type:              Max at Slow Process Corner
  Data Path Delay:        22.536ns  (logic 5.121ns (22.722%)  route 17.415ns (77.278%))
  Logic Levels:           13  (IBUF=1 LUT4=3 LUT6=8 OBUF=1)
  Timing Exception:       False Path

    Location             Delay type                Incr(ns)  Path(ns)    Netlist Resource(s)
  -------------------------------------------------------------------    -------------------
    U16                                               0.000     0.000 r  rstn (IN)
                         net (fo=0)                   0.000     0.000    rstn
    U16                  IBUF (Prop_ibuf_I_O)         0.935     0.935 r  rstn_IBUF_inst/O
                         net (fo=198, routed)         4.701     5.636    u_cpu/dut_pc/rstn_IBUF
    SLICE_X41Y22         LUT6 (Prop_lut6_I5_O)        0.124     5.760 r  u_cpu/dut_pc/cpu_stall_debug_OBUF_inst_i_17/O
                         net (fo=2, routed)           0.832     6.593    u_cpu/dut_pc/cpu_stall_debug_OBUF_inst_i_17_n_0
    SLICE_X41Y21         LUT6 (Prop_lut6_I0_O)        0.124     6.717 r  u_cpu/dut_pc/instruction_hold_q[31]_i_4/O
                         net (fo=40, routed)          0.949     7.666    u_cpu/dut_pc/instruction_hold_q[31]_i_4_n_0
    SLICE_X37Y18         LUT6 (Prop_lut6_I3_O)        0.124     7.790 r  u_cpu/dut_pc/instruction_hold_q[2]_i_5/O
                         net (fo=1, routed)           0.811     8.601    u_cpu/dut_pc/instruction_hold_q[2]_i_5_n_0
    SLICE_X35Y18         LUT6 (Prop_lut6_I5_O)        0.124     8.725 r  u_cpu/dut_pc/instruction_hold_q[2]_i_1/O
                         net (fo=3, routed)           0.676     9.401    u_cpu/dut_pc/pc_reg[6]_rep__3_13[2]
    SLICE_X35Y18         LUT4 (Prop_lut4_I0_O)        0.124     9.525 r  u_cpu/dut_pc/instr_debug[2]_i_1/O
                         net (fo=16, routed)          1.374    10.898    u_cpu/dut_pc/instruction_hold_valid_q_reg_1
    SLICE_X39Y27         LUT4 (Prop_lut4_I0_O)        0.150    11.048 f  u_cpu/dut_pc/cpu_stall_debug_OBUF_inst_i_18/O
                         net (fo=5, routed)           1.014    12.062    u_cpu/dut_pc/mem_read
    SLICE_X49Y36         LUT6 (Prop_lut6_I2_O)        0.326    12.388 r  u_cpu/dut_pc/mem_addr_q[31]_i_3/O
                         net (fo=32, routed)          0.666    13.054    u_cpu/dut_pc/u_cpu_axi_arbiter/select_fetch__1
    SLICE_X49Y40         LUT4 (Prop_lut4_I0_O)        0.124    13.178 r  u_cpu/dut_pc/FSM_onehot_current_state[4]_i_5/O
                         net (fo=5, routed)           0.648    13.826    u_cpu/dut_pc/axi_req_read
    SLICE_X49Y41         LUT6 (Prop_lut6_I3_O)        0.124    13.950 r  u_cpu/dut_pc/FSM_sequential_owner_q[1]_i_2/O
                         net (fo=10, routed)          1.071    15.021    u_cpu/dut_pc/FSM_onehot_current_state_reg[0]
    SLICE_X49Y32         LUT6 (Prop_lut6_I3_O)        0.124    15.145 r  u_cpu/dut_pc/cpu_stall_debug_OBUF_inst_i_5/O
                         net (fo=3, routed)           1.601    16.746    u_cpu/dut_pc/cpu_mem_stall
    SLICE_X36Y17         LUT6 (Prop_lut6_I5_O)        0.124    16.870 r  u_cpu/dut_pc/cpu_stall_debug_OBUF_inst_i_1/O
                         net (fo=1, routed)           3.073    19.942    cpu_stall_debug_OBUF
    V14                  OBUF (Prop_obuf_I_O)         2.594    22.536 r  cpu_stall_debug_OBUF_inst/O
                         net (fo=0)                   0.000    22.536    cpu_stall_debug
    V14                                                               r  cpu_stall_debug (OUT)
  -------------------------------------------------------------------    -------------------





Min Delay Paths
--------------------------------------------------------------------------------------
Slack:                    inf
  Source:                 rstn
                            (input port)
  Destination:            cpu_stall_debug
                            (output port)
  Path Group:             (none)
  Path Type:              Min at Fast Process Corner
  Data Path Delay:        4.787ns  (logic 1.410ns (29.454%)  route 3.377ns (70.546%))
  Logic Levels:           5  (IBUF=1 LUT4=1 LUT6=2 OBUF=1)
  Timing Exception:       False Path

    Location             Delay type                Incr(ns)  Path(ns)    Netlist Resource(s)
  -------------------------------------------------------------------    -------------------
    U16                                               0.000     0.000 f  rstn (IN)
                         net (fo=0)                   0.000     0.000    rstn
    U16                  IBUF (Prop_ibuf_I_O)         0.164     0.164 f  rstn_IBUF_inst/O
                         net (fo=198, routed)         1.612     1.776    u_cpu/dut_pc/rstn_IBUF
    SLICE_X40Y22         LUT4 (Prop_lut4_I1_O)        0.045     1.821 f  u_cpu/dut_pc/cpu_stall_debug_OBUF_inst_i_12/O
                         net (fo=1, routed)           0.135     1.956    u_cpu/dut_pc/cpu_stall_debug_OBUF_inst_i_12_n_0
    SLICE_X41Y22         LUT6 (Prop_lut6_I4_O)        0.045     2.001 f  u_cpu/dut_pc/cpu_stall_debug_OBUF_inst_i_3/O
                         net (fo=8, routed)           0.592     2.593    u_cpu/dut_pc/u_fetch_router/fetch_instr_o1__12
    SLICE_X36Y17         LUT6 (Prop_lut6_I1_O)        0.045     2.638 r  u_cpu/dut_pc/cpu_stall_debug_OBUF_inst_i_1/O
                         net (fo=1, routed)           1.038     3.676    cpu_stall_debug_OBUF
    V14                  OBUF (Prop_obuf_I_O)         1.111     4.787 r  cpu_stall_debug_OBUF_inst/O
                         net (fo=0)                   0.000     4.787    cpu_stall_debug
    V14                                                               r  cpu_stall_debug (OUT)
  -------------------------------------------------------------------    -------------------





--------------------------------------------------------------------------------------
Path Group:  (none)
From Clock:  
  To Clock:  CLK

Max Delay         11701 Endpoints
Min Delay         11701 Endpoints
--------------------------------------------------------------------------------------


Max Delay Paths
--------------------------------------------------------------------------------------
Slack:                    inf
  Source:                 rstn
                            (input port)
  Destination:            u_aes_slave/u_aes_core/key_schedule_inst/key_state_reg_reg[0][117]/R
                            (rising edge-triggered cell FDRE clocked by CLK  {rise@0.000ns fall@10.000ns period=20.000ns})
  Path Group:             (none)
  Path Type:              Setup (Max at Slow Process Corner)
  Data Path Delay:        44.604ns  (logic 1.059ns (2.374%)  route 43.545ns (97.626%))
  Logic Levels:           2  (IBUF=1 LUT1=1)
  Clock Path Skew:        4.201ns (DCD - SCD + CPR)
    Destination Clock Delay (DCD):    4.201ns
    Source Clock Delay      (SCD):    0.000ns
    Clock Pessimism Removal (CPR):    0.000ns
  Clock Uncertainty:      0.325ns  ((TSJ^2 + TIJ^2)^1/2 + DJ) / 2 + PE + UU
    Total System Jitter     (TSJ):    0.050ns
    Total Input Jitter      (TIJ):    0.000ns
    Discrete Jitter          (DJ):    0.000ns
    Phase Error              (PE):    0.000ns
    User Uncertainty         (UU):    0.300ns
  Timing Exception:       False Path

    Location             Delay type                Incr(ns)  Path(ns)    Netlist Resource(s)
  -------------------------------------------------------------------    -------------------
    U16                                               0.000     0.000 f  rstn (IN)
                         net (fo=0)                   0.000     0.000    rstn
    U16                  IBUF (Prop_ibuf_I_O)         0.935     0.935 f  rstn_IBUF_inst/O
                         net (fo=198, routed)         1.636     2.571    u_aes_slave/u_aes_core/key_schedule_inst/rstn_IBUF
    SLICE_X2Y16          LUT1 (Prop_lut1_I0_O)        0.124     2.695 r  u_aes_slave/u_aes_core/key_schedule_inst/key_state_reg[0][255]_i_1/O
                         net (fo=6481, routed)       41.909    44.604    u_aes_slave/u_aes_core/key_schedule_inst/SR[0]
    SLICE_X14Y60         FDRE                                         r  u_aes_slave/u_aes_core/key_schedule_inst/key_state_reg_reg[0][117]/R
  -------------------------------------------------------------------    -------------------

                         (clock CLK rise edge)        0.000     0.000 r  
    M18                                               0.000     0.000 r  clk (IN)
                         net (fo=0)                   0.000     0.000    clk
    M18                  IBUF (Prop_ibuf_I_O)         0.805     0.805 r  clk_IBUF_inst/O
                         net (fo=1, routed)           1.868     2.673    clk_IBUF
    BUFGCTRL_X0Y0        BUFG (Prop_bufg_I_O)         0.091     2.764 r  clk_IBUF_BUFG_inst/O
                         net (fo=11156, routed)       1.438     4.201    u_aes_slave/u_aes_core/key_schedule_inst/clk_IBUF_BUFG
    SLICE_X14Y60         FDRE                                         r  u_aes_slave/u_aes_core/key_schedule_inst/key_state_reg_reg[0][117]/C

Slack:                    inf
  Source:                 rstn
                            (input port)
  Destination:            u_aes_slave/u_aes_core/key_schedule_inst/key_state_reg_reg[0][208]/R
                            (rising edge-triggered cell FDRE clocked by CLK  {rise@0.000ns fall@10.000ns period=20.000ns})
  Path Group:             (none)
  Path Type:              Setup (Max at Slow Process Corner)
  Data Path Delay:        44.604ns  (logic 1.059ns (2.374%)  route 43.545ns (97.626%))
  Logic Levels:           2  (IBUF=1 LUT1=1)
  Clock Path Skew:        4.201ns (DCD - SCD + CPR)
    Destination Clock Delay (DCD):    4.201ns
    Source Clock Delay      (SCD):    0.000ns
    Clock Pessimism Removal (CPR):    0.000ns
  Clock Uncertainty:      0.325ns  ((TSJ^2 + TIJ^2)^1/2 + DJ) / 2 + PE + UU
    Total System Jitter     (TSJ):    0.050ns
    Total Input Jitter      (TIJ):    0.000ns
    Discrete Jitter          (DJ):    0.000ns
    Phase Error              (PE):    0.000ns
    User Uncertainty         (UU):    0.300ns
  Timing Exception:       False Path

    Location             Delay type                Incr(ns)  Path(ns)    Netlist Resource(s)
  -------------------------------------------------------------------    -------------------
    U16                                               0.000     0.000 f  rstn (IN)
                         net (fo=0)                   0.000     0.000    rstn
    U16                  IBUF (Prop_ibuf_I_O)         0.935     0.935 f  rstn_IBUF_inst/O
                         net (fo=198, routed)         1.636     2.571    u_aes_slave/u_aes_core/key_schedule_inst/rstn_IBUF
    SLICE_X2Y16          LUT1 (Prop_lut1_I0_O)        0.124     2.695 r  u_aes_slave/u_aes_core/key_schedule_inst/key_state_reg[0][255]_i_1/O
                         net (fo=6481, routed)       41.909    44.604    u_aes_slave/u_aes_core/key_schedule_inst/SR[0]
    SLICE_X15Y60         FDRE                                         r  u_aes_slave/u_aes_core/key_schedule_inst/key_state_reg_reg[0][208]/R
  -------------------------------------------------------------------    -------------------

                         (clock CLK rise edge)        0.000     0.000 r  
    M18                                               0.000     0.000 r  clk (IN)
                         net (fo=0)                   0.000     0.000    clk
    M18                  IBUF (Prop_ibuf_I_O)         0.805     0.805 r  clk_IBUF_inst/O
                         net (fo=1, routed)           1.868     2.673    clk_IBUF
    BUFGCTRL_X0Y0        BUFG (Prop_bufg_I_O)         0.091     2.764 r  clk_IBUF_BUFG_inst/O
                         net (fo=11156, routed)       1.438     4.201    u_aes_slave/u_aes_core/key_schedule_inst/clk_IBUF_BUFG
    SLICE_X15Y60         FDRE                                         r  u_aes_slave/u_aes_core/key_schedule_inst/key_state_reg_reg[0][208]/C

Slack:                    inf
  Source:                 rstn
                            (input port)
  Destination:            u_aes_slave/u_aes_core/key_schedule_inst/key_state_reg_reg[0][21]/R
                            (rising edge-triggered cell FDRE clocked by CLK  {rise@0.000ns fall@10.000ns period=20.000ns})
  Path Group:             (none)
  Path Type:              Setup (Max at Slow Process Corner)
  Data Path Delay:        44.604ns  (logic 1.059ns (2.374%)  route 43.545ns (97.626%))
  Logic Levels:           2  (IBUF=1 LUT1=1)
  Clock Path Skew:        4.201ns (DCD - SCD + CPR)
    Destination Clock Delay (DCD):    4.201ns
    Source Clock Delay      (SCD):    0.000ns
    Clock Pessimism Removal (CPR):    0.000ns
  Clock Uncertainty:      0.325ns  ((TSJ^2 + TIJ^2)^1/2 + DJ) / 2 + PE + UU
    Total System Jitter     (TSJ):    0.050ns
    Total Input Jitter      (TIJ):    0.000ns
    Discrete Jitter          (DJ):    0.000ns
    Phase Error              (PE):    0.000ns
    User Uncertainty         (UU):    0.300ns
  Timing Exception:       False Path

    Location             Delay type                Incr(ns)  Path(ns)    Netlist Resource(s)
  -------------------------------------------------------------------    -------------------
    U16                                               0.000     0.000 f  rstn (IN)
                         net (fo=0)                   0.000     0.000    rstn
    U16                  IBUF (Prop_ibuf_I_O)         0.935     0.935 f  rstn_IBUF_inst/O
                         net (fo=198, routed)         1.636     2.571    u_aes_slave/u_aes_core/key_schedule_inst/rstn_IBUF
    SLICE_X2Y16          LUT1 (Prop_lut1_I0_O)        0.124     2.695 r  u_aes_slave/u_aes_core/key_schedule_inst/key_state_reg[0][255]_i_1/O
                         net (fo=6481, routed)       41.909    44.604    u_aes_slave/u_aes_core/key_schedule_inst/SR[0]
    SLICE_X14Y60         FDRE                                         r  u_aes_slave/u_aes_core/key_schedule_inst/key_state_reg_reg[0][21]/R
  -------------------------------------------------------------------    -------------------

                         (clock CLK rise edge)        0.000     0.000 r  
    M18                                               0.000     0.000 r  clk (IN)
                         net (fo=0)                   0.000     0.000    clk
    M18                  IBUF (Prop_ibuf_I_O)         0.805     0.805 r  clk_IBUF_inst/O
                         net (fo=1, routed)           1.868     2.673    clk_IBUF
    BUFGCTRL_X0Y0        BUFG (Prop_bufg_I_O)         0.091     2.764 r  clk_IBUF_BUFG_inst/O
                         net (fo=11156, routed)       1.438     4.201    u_aes_slave/u_aes_core/key_schedule_inst/clk_IBUF_BUFG
    SLICE_X14Y60         FDRE                                         r  u_aes_slave/u_aes_core/key_schedule_inst/key_state_reg_reg[0][21]/C

Slack:                    inf
  Source:                 rstn
                            (input port)
  Destination:            u_aes_slave/u_aes_core/key_schedule_inst/key_state_reg_reg[0][53]/R
                            (rising edge-triggered cell FDRE clocked by CLK  {rise@0.000ns fall@10.000ns period=20.000ns})
  Path Group:             (none)
  Path Type:              Setup (Max at Slow Process Corner)
  Data Path Delay:        44.604ns  (logic 1.059ns (2.374%)  route 43.545ns (97.626%))
  Logic Levels:           2  (IBUF=1 LUT1=1)
  Clock Path Skew:        4.201ns (DCD - SCD + CPR)
    Destination Clock Delay (DCD):    4.201ns
    Source Clock Delay      (SCD):    0.000ns
    Clock Pessimism Removal (CPR):    0.000ns
  Clock Uncertainty:      0.325ns  ((TSJ^2 + TIJ^2)^1/2 + DJ) / 2 + PE + UU
    Total System Jitter     (TSJ):    0.050ns
    Total Input Jitter      (TIJ):    0.000ns
    Discrete Jitter          (DJ):    0.000ns
    Phase Error              (PE):    0.000ns
    User Uncertainty         (UU):    0.300ns
  Timing Exception:       False Path

    Location             Delay type                Incr(ns)  Path(ns)    Netlist Resource(s)
  -------------------------------------------------------------------    -------------------
    U16                                               0.000     0.000 f  rstn (IN)
                         net (fo=0)                   0.000     0.000    rstn
    U16                  IBUF (Prop_ibuf_I_O)         0.935     0.935 f  rstn_IBUF_inst/O
                         net (fo=198, routed)         1.636     2.571    u_aes_slave/u_aes_core/key_schedule_inst/rstn_IBUF
    SLICE_X2Y16          LUT1 (Prop_lut1_I0_O)        0.124     2.695 r  u_aes_slave/u_aes_core/key_schedule_inst/key_state_reg[0][255]_i_1/O
                         net (fo=6481, routed)       41.909    44.604    u_aes_slave/u_aes_core/key_schedule_inst/SR[0]
    SLICE_X14Y60         FDRE                                         r  u_aes_slave/u_aes_core/key_schedule_inst/key_state_reg_reg[0][53]/R
  -------------------------------------------------------------------    -------------------

                         (clock CLK rise edge)        0.000     0.000 r  
    M18                                               0.000     0.000 r  clk (IN)
                         net (fo=0)                   0.000     0.000    clk
    M18                  IBUF (Prop_ibuf_I_O)         0.805     0.805 r  clk_IBUF_inst/O
                         net (fo=1, routed)           1.868     2.673    clk_IBUF
    BUFGCTRL_X0Y0        BUFG (Prop_bufg_I_O)         0.091     2.764 r  clk_IBUF_BUFG_inst/O
                         net (fo=11156, routed)       1.438     4.201    u_aes_slave/u_aes_core/key_schedule_inst/clk_IBUF_BUFG
    SLICE_X14Y60         FDRE                                         r  u_aes_slave/u_aes_core/key_schedule_inst/key_state_reg_reg[0][53]/C

Slack:                    inf
  Source:                 rstn
                            (input port)
  Destination:            u_aes_slave/u_aes_core/key_schedule_inst/key_state_reg_reg[0][85]/R
                            (rising edge-triggered cell FDRE clocked by CLK  {rise@0.000ns fall@10.000ns period=20.000ns})
  Path Group:             (none)
  Path Type:              Setup (Max at Slow Process Corner)
  Data Path Delay:        44.604ns  (logic 1.059ns (2.374%)  route 43.545ns (97.626%))
  Logic Levels:           2  (IBUF=1 LUT1=1)
  Clock Path Skew:        4.201ns (DCD - SCD + CPR)
    Destination Clock Delay (DCD):    4.201ns
    Source Clock Delay      (SCD):    0.000ns
    Clock Pessimism Removal (CPR):    0.000ns
  Clock Uncertainty:      0.325ns  ((TSJ^2 + TIJ^2)^1/2 + DJ) / 2 + PE + UU
    Total System Jitter     (TSJ):    0.050ns
    Total Input Jitter      (TIJ):    0.000ns
    Discrete Jitter          (DJ):    0.000ns
    Phase Error              (PE):    0.000ns
    User Uncertainty         (UU):    0.300ns
  Timing Exception:       False Path

    Location             Delay type                Incr(ns)  Path(ns)    Netlist Resource(s)
  -------------------------------------------------------------------    -------------------
    U16                                               0.000     0.000 f  rstn (IN)
                         net (fo=0)                   0.000     0.000    rstn
    U16                  IBUF (Prop_ibuf_I_O)         0.935     0.935 f  rstn_IBUF_inst/O
                         net (fo=198, routed)         1.636     2.571    u_aes_slave/u_aes_core/key_schedule_inst/rstn_IBUF
    SLICE_X2Y16          LUT1 (Prop_lut1_I0_O)        0.124     2.695 r  u_aes_slave/u_aes_core/key_schedule_inst/key_state_reg[0][255]_i_1/O
                         net (fo=6481, routed)       41.909    44.604    u_aes_slave/u_aes_core/key_schedule_inst/SR[0]
    SLICE_X14Y60         FDRE                                         r  u_aes_slave/u_aes_core/key_schedule_inst/key_state_reg_reg[0][85]/R
  -------------------------------------------------------------------    -------------------

                         (clock CLK rise edge)        0.000     0.000 r  
    M18                                               0.000     0.000 r  clk (IN)
                         net (fo=0)                   0.000     0.000    clk
    M18                  IBUF (Prop_ibuf_I_O)         0.805     0.805 r  clk_IBUF_inst/O
                         net (fo=1, routed)           1.868     2.673    clk_IBUF
    BUFGCTRL_X0Y0        BUFG (Prop_bufg_I_O)         0.091     2.764 r  clk_IBUF_BUFG_inst/O
                         net (fo=11156, routed)       1.438     4.201    u_aes_slave/u_aes_core/key_schedule_inst/clk_IBUF_BUFG
    SLICE_X14Y60         FDRE                                         r  u_aes_slave/u_aes_core/key_schedule_inst/key_state_reg_reg[0][85]/C

Slack:                    inf
  Source:                 rstn
                            (input port)
  Destination:            u_aes_slave/u_aes_core/key_schedule_inst/key_state_reg_reg[1][21]/R
                            (rising edge-triggered cell FDRE clocked by CLK  {rise@0.000ns fall@10.000ns period=20.000ns})
  Path Group:             (none)
  Path Type:              Setup (Max at Slow Process Corner)
  Data Path Delay:        44.604ns  (logic 1.059ns (2.374%)  route 43.545ns (97.626%))
  Logic Levels:           2  (IBUF=1 LUT1=1)
  Clock Path Skew:        4.201ns (DCD - SCD + CPR)
    Destination Clock Delay (DCD):    4.201ns
    Source Clock Delay      (SCD):    0.000ns
    Clock Pessimism Removal (CPR):    0.000ns
  Clock Uncertainty:      0.325ns  ((TSJ^2 + TIJ^2)^1/2 + DJ) / 2 + PE + UU
    Total System Jitter     (TSJ):    0.050ns
    Total Input Jitter      (TIJ):    0.000ns
    Discrete Jitter          (DJ):    0.000ns
    Phase Error              (PE):    0.000ns
    User Uncertainty         (UU):    0.300ns
  Timing Exception:       False Path

    Location             Delay type                Incr(ns)  Path(ns)    Netlist Resource(s)
  -------------------------------------------------------------------    -------------------
    U16                                               0.000     0.000 f  rstn (IN)
                         net (fo=0)                   0.000     0.000    rstn
    U16                  IBUF (Prop_ibuf_I_O)         0.935     0.935 f  rstn_IBUF_inst/O
                         net (fo=198, routed)         1.636     2.571    u_aes_slave/u_aes_core/key_schedule_inst/rstn_IBUF
    SLICE_X2Y16          LUT1 (Prop_lut1_I0_O)        0.124     2.695 r  u_aes_slave/u_aes_core/key_schedule_inst/key_state_reg[0][255]_i_1/O
                         net (fo=6481, routed)       41.909    44.604    u_aes_slave/u_aes_core/key_schedule_inst/SR[0]
    SLICE_X14Y60         FDRE                                         r  u_aes_slave/u_aes_core/key_schedule_inst/key_state_reg_reg[1][21]/R
  -------------------------------------------------------------------    -------------------

                         (clock CLK rise edge)        0.000     0.000 r  
    M18                                               0.000     0.000 r  clk (IN)
                         net (fo=0)                   0.000     0.000    clk
    M18                  IBUF (Prop_ibuf_I_O)         0.805     0.805 r  clk_IBUF_inst/O
                         net (fo=1, routed)           1.868     2.673    clk_IBUF
    BUFGCTRL_X0Y0        BUFG (Prop_bufg_I_O)         0.091     2.764 r  clk_IBUF_BUFG_inst/O
                         net (fo=11156, routed)       1.438     4.201    u_aes_slave/u_aes_core/key_schedule_inst/clk_IBUF_BUFG
    SLICE_X14Y60         FDRE                                         r  u_aes_slave/u_aes_core/key_schedule_inst/key_state_reg_reg[1][21]/C

Slack:                    inf
  Source:                 rstn
                            (input port)
  Destination:            u_aes_slave/u_aes_core/key_schedule_inst/key_state_reg_reg[1][53]/R
                            (rising edge-triggered cell FDRE clocked by CLK  {rise@0.000ns fall@10.000ns period=20.000ns})
  Path Group:             (none)
  Path Type:              Setup (Max at Slow Process Corner)
  Data Path Delay:        44.604ns  (logic 1.059ns (2.374%)  route 43.545ns (97.626%))
  Logic Levels:           2  (IBUF=1 LUT1=1)
  Clock Path Skew:        4.201ns (DCD - SCD + CPR)
    Destination Clock Delay (DCD):    4.201ns
    Source Clock Delay      (SCD):    0.000ns
    Clock Pessimism Removal (CPR):    0.000ns
  Clock Uncertainty:      0.325ns  ((TSJ^2 + TIJ^2)^1/2 + DJ) / 2 + PE + UU
    Total System Jitter     (TSJ):    0.050ns
    Total Input Jitter      (TIJ):    0.000ns
    Discrete Jitter          (DJ):    0.000ns
    Phase Error              (PE):    0.000ns
    User Uncertainty         (UU):    0.300ns
  Timing Exception:       False Path

    Location             Delay type                Incr(ns)  Path(ns)    Netlist Resource(s)
  -------------------------------------------------------------------    -------------------
    U16                                               0.000     0.000 f  rstn (IN)
                         net (fo=0)                   0.000     0.000    rstn
    U16                  IBUF (Prop_ibuf_I_O)         0.935     0.935 f  rstn_IBUF_inst/O
                         net (fo=198, routed)         1.636     2.571    u_aes_slave/u_aes_core/key_schedule_inst/rstn_IBUF
    SLICE_X2Y16          LUT1 (Prop_lut1_I0_O)        0.124     2.695 r  u_aes_slave/u_aes_core/key_schedule_inst/key_state_reg[0][255]_i_1/O
                         net (fo=6481, routed)       41.909    44.604    u_aes_slave/u_aes_core/key_schedule_inst/SR[0]
    SLICE_X14Y60         FDRE                                         r  u_aes_slave/u_aes_core/key_schedule_inst/key_state_reg_reg[1][53]/R
  -------------------------------------------------------------------    -------------------

                         (clock CLK rise edge)        0.000     0.000 r  
    M18                                               0.000     0.000 r  clk (IN)
                         net (fo=0)                   0.000     0.000    clk
    M18                  IBUF (Prop_ibuf_I_O)         0.805     0.805 r  clk_IBUF_inst/O
                         net (fo=1, routed)           1.868     2.673    clk_IBUF
    BUFGCTRL_X0Y0        BUFG (Prop_bufg_I_O)         0.091     2.764 r  clk_IBUF_BUFG_inst/O
                         net (fo=11156, routed)       1.438     4.201    u_aes_slave/u_aes_core/key_schedule_inst/clk_IBUF_BUFG
    SLICE_X14Y60         FDRE                                         r  u_aes_slave/u_aes_core/key_schedule_inst/key_state_reg_reg[1][53]/C

Slack:                    inf
  Source:                 rstn
                            (input port)
  Destination:            u_aes_slave/u_aes_core/key_schedule_inst/key_state_reg_reg[1][85]/R
                            (rising edge-triggered cell FDRE clocked by CLK  {rise@0.000ns fall@10.000ns period=20.000ns})
  Path Group:             (none)
  Path Type:              Setup (Max at Slow Process Corner)
  Data Path Delay:        44.604ns  (logic 1.059ns (2.374%)  route 43.545ns (97.626%))
  Logic Levels:           2  (IBUF=1 LUT1=1)
  Clock Path Skew:        4.201ns (DCD - SCD + CPR)
    Destination Clock Delay (DCD):    4.201ns
    Source Clock Delay      (SCD):    0.000ns
    Clock Pessimism Removal (CPR):    0.000ns
  Clock Uncertainty:      0.325ns  ((TSJ^2 + TIJ^2)^1/2 + DJ) / 2 + PE + UU
    Total System Jitter     (TSJ):    0.050ns
    Total Input Jitter      (TIJ):    0.000ns
    Discrete Jitter          (DJ):    0.000ns
    Phase Error              (PE):    0.000ns
    User Uncertainty         (UU):    0.300ns
  Timing Exception:       False Path

    Location             Delay type                Incr(ns)  Path(ns)    Netlist Resource(s)
  -------------------------------------------------------------------    -------------------
    U16                                               0.000     0.000 f  rstn (IN)
                         net (fo=0)                   0.000     0.000    rstn
    U16                  IBUF (Prop_ibuf_I_O)         0.935     0.935 f  rstn_IBUF_inst/O
                         net (fo=198, routed)         1.636     2.571    u_aes_slave/u_aes_core/key_schedule_inst/rstn_IBUF
    SLICE_X2Y16          LUT1 (Prop_lut1_I0_O)        0.124     2.695 r  u_aes_slave/u_aes_core/key_schedule_inst/key_state_reg[0][255]_i_1/O
                         net (fo=6481, routed)       41.909    44.604    u_aes_slave/u_aes_core/key_schedule_inst/SR[0]
    SLICE_X14Y60         FDRE                                         r  u_aes_slave/u_aes_core/key_schedule_inst/key_state_reg_reg[1][85]/R
  -------------------------------------------------------------------    -------------------

                         (clock CLK rise edge)        0.000     0.000 r  
    M18                                               0.000     0.000 r  clk (IN)
                         net (fo=0)                   0.000     0.000    clk
    M18                  IBUF (Prop_ibuf_I_O)         0.805     0.805 r  clk_IBUF_inst/O
                         net (fo=1, routed)           1.868     2.673    clk_IBUF
    BUFGCTRL_X0Y0        BUFG (Prop_bufg_I_O)         0.091     2.764 r  clk_IBUF_BUFG_inst/O
                         net (fo=11156, routed)       1.438     4.201    u_aes_slave/u_aes_core/key_schedule_inst/clk_IBUF_BUFG
    SLICE_X14Y60         FDRE                                         r  u_aes_slave/u_aes_core/key_schedule_inst/key_state_reg_reg[1][85]/C

Slack:                    inf
  Source:                 rstn
                            (input port)
  Destination:            u_uart_slave/u_uart_core/rx_sync_inst/rx_capture_reg/S
                            (rising edge-triggered cell FDSE clocked by CLK  {rise@0.000ns fall@10.000ns period=20.000ns})
  Path Group:             (none)
  Path Type:              Setup (Max at Slow Process Corner)
  Data Path Delay:        44.482ns  (logic 1.059ns (2.381%)  route 43.423ns (97.619%))
  Logic Levels:           2  (IBUF=1 LUT1=1)
  Clock Path Skew:        4.214ns (DCD - SCD + CPR)
    Destination Clock Delay (DCD):    4.214ns
    Source Clock Delay      (SCD):    0.000ns
    Clock Pessimism Removal (CPR):    0.000ns
  Clock Uncertainty:      0.325ns  ((TSJ^2 + TIJ^2)^1/2 + DJ) / 2 + PE + UU
    Total System Jitter     (TSJ):    0.050ns
    Total Input Jitter      (TIJ):    0.000ns
    Discrete Jitter          (DJ):    0.000ns
    Phase Error              (PE):    0.000ns
    User Uncertainty         (UU):    0.300ns
  Timing Exception:       False Path

    Location             Delay type                Incr(ns)  Path(ns)    Netlist Resource(s)
  -------------------------------------------------------------------    -------------------
    U16                                               0.000     0.000 f  rstn (IN)
                         net (fo=0)                   0.000     0.000    rstn
    U16                  IBUF (Prop_ibuf_I_O)         0.935     0.935 f  rstn_IBUF_inst/O
                         net (fo=198, routed)         1.636     2.571    u_aes_slave/u_aes_core/key_schedule_inst/rstn_IBUF
    SLICE_X2Y16          LUT1 (Prop_lut1_I0_O)        0.124     2.695 r  u_aes_slave/u_aes_core/key_schedule_inst/key_state_reg[0][255]_i_1/O
                         net (fo=6481, routed)       41.787    44.482    u_uart_slave/u_uart_core/rx_sync_inst/wb_debug__0[0]
    SLICE_X14Y46         FDSE                                         r  u_uart_slave/u_uart_core/rx_sync_inst/rx_capture_reg/S
  -------------------------------------------------------------------    -------------------

                         (clock CLK rise edge)        0.000     0.000 r  
    M18                                               0.000     0.000 r  clk (IN)
                         net (fo=0)                   0.000     0.000    clk
    M18                  IBUF (Prop_ibuf_I_O)         0.805     0.805 r  clk_IBUF_inst/O
                         net (fo=1, routed)           1.868     2.673    clk_IBUF
    BUFGCTRL_X0Y0        BUFG (Prop_bufg_I_O)         0.091     2.764 r  clk_IBUF_BUFG_inst/O
                         net (fo=11156, routed)       1.450     4.214    u_uart_slave/u_uart_core/rx_sync_inst/clk_IBUF_BUFG
    SLICE_X14Y46         FDSE                                         r  u_uart_slave/u_uart_core/rx_sync_inst/rx_capture_reg/C

Slack:                    inf
  Source:                 rstn
                            (input port)
  Destination:            u_uart_slave/u_uart_core/rx_sync_inst/rx_sync_data_reg/S
                            (rising edge-triggered cell FDSE clocked by CLK  {rise@0.000ns fall@10.000ns period=20.000ns})
  Path Group:             (none)
  Path Type:              Setup (Max at Slow Process Corner)
  Data Path Delay:        44.482ns  (logic 1.059ns (2.381%)  route 43.423ns (97.619%))
  Logic Levels:           2  (IBUF=1 LUT1=1)
  Clock Path Skew:        4.214ns (DCD - SCD + CPR)
    Destination Clock Delay (DCD):    4.214ns
    Source Clock Delay      (SCD):    0.000ns
    Clock Pessimism Removal (CPR):    0.000ns
  Clock Uncertainty:      0.325ns  ((TSJ^2 + TIJ^2)^1/2 + DJ) / 2 + PE + UU
    Total System Jitter     (TSJ):    0.050ns
    Total Input Jitter      (TIJ):    0.000ns
    Discrete Jitter          (DJ):    0.000ns
    Phase Error              (PE):    0.000ns
    User Uncertainty         (UU):    0.300ns
  Timing Exception:       False Path

    Location             Delay type                Incr(ns)  Path(ns)    Netlist Resource(s)
  -------------------------------------------------------------------    -------------------
    U16                                               0.000     0.000 f  rstn (IN)
                         net (fo=0)                   0.000     0.000    rstn
    U16                  IBUF (Prop_ibuf_I_O)         0.935     0.935 f  rstn_IBUF_inst/O
                         net (fo=198, routed)         1.636     2.571    u_aes_slave/u_aes_core/key_schedule_inst/rstn_IBUF
    SLICE_X2Y16          LUT1 (Prop_lut1_I0_O)        0.124     2.695 r  u_aes_slave/u_aes_core/key_schedule_inst/key_state_reg[0][255]_i_1/O
                         net (fo=6481, routed)       41.787    44.482    u_uart_slave/u_uart_core/rx_sync_inst/wb_debug__0[0]
    SLICE_X14Y46         FDSE                                         r  u_uart_slave/u_uart_core/rx_sync_inst/rx_sync_data_reg/S
  -------------------------------------------------------------------    -------------------

                         (clock CLK rise edge)        0.000     0.000 r  
    M18                                               0.000     0.000 r  clk (IN)
                         net (fo=0)                   0.000     0.000    clk
    M18                  IBUF (Prop_ibuf_I_O)         0.805     0.805 r  clk_IBUF_inst/O
                         net (fo=1, routed)           1.868     2.673    clk_IBUF
    BUFGCTRL_X0Y0        BUFG (Prop_bufg_I_O)         0.091     2.764 r  clk_IBUF_BUFG_inst/O
                         net (fo=11156, routed)       1.450     4.214    u_uart_slave/u_uart_core/rx_sync_inst/clk_IBUF_BUFG
    SLICE_X14Y46         FDSE                                         r  u_uart_slave/u_uart_core/rx_sync_inst/rx_sync_data_reg/C

Slack:                    inf
  Source:                 rstn
                            (input port)
  Destination:            u_aes_slave/u_aes_core/key_schedule_inst/key_state_reg_reg[0][114]/R
                            (rising edge-triggered cell FDRE clocked by CLK  {rise@0.000ns fall@10.000ns period=20.000ns})
  Path Group:             (none)
  Path Type:              Setup (Max at Slow Process Corner)
  Data Path Delay:        44.458ns  (logic 1.059ns (2.382%)  route 43.399ns (97.618%))
  Logic Levels:           2  (IBUF=1 LUT1=1)
  Clock Path Skew:        4.201ns (DCD - SCD + CPR)
    Destination Clock Delay (DCD):    4.201ns
    Source Clock Delay      (SCD):    0.000ns
    Clock Pessimism Removal (CPR):    0.000ns
  Clock Uncertainty:      0.325ns  ((TSJ^2 + TIJ^2)^1/2 + DJ) / 2 + PE + UU
    Total System Jitter     (TSJ):    0.050ns
    Total Input Jitter      (TIJ):    0.000ns
    Discrete Jitter          (DJ):    0.000ns
    Phase Error              (PE):    0.000ns
    User Uncertainty         (UU):    0.300ns
  Timing Exception:       False Path

    Location             Delay type                Incr(ns)  Path(ns)    Netlist Resource(s)
  -------------------------------------------------------------------    -------------------
    U16                                               0.000     0.000 f  rstn (IN)
                         net (fo=0)                   0.000     0.000    rstn
    U16                  IBUF (Prop_ibuf_I_O)         0.935     0.935 f  rstn_IBUF_inst/O
                         net (fo=198, routed)         1.636     2.571    u_aes_slave/u_aes_core/key_schedule_inst/rstn_IBUF
    SLICE_X2Y16          LUT1 (Prop_lut1_I0_O)        0.124     2.695 r  u_aes_slave/u_aes_core/key_schedule_inst/key_state_reg[0][255]_i_1/O
                         net (fo=6481, routed)       41.763    44.458    u_aes_slave/u_aes_core/key_schedule_inst/SR[0]
    SLICE_X15Y59         FDRE                                         r  u_aes_slave/u_aes_core/key_schedule_inst/key_state_reg_reg[0][114]/R
  -------------------------------------------------------------------    -------------------

                         (clock CLK rise edge)        0.000     0.000 r  
    M18                                               0.000     0.000 r  clk (IN)
                         net (fo=0)                   0.000     0.000    clk
    M18                  IBUF (Prop_ibuf_I_O)         0.805     0.805 r  clk_IBUF_inst/O
                         net (fo=1, routed)           1.868     2.673    clk_IBUF
    BUFGCTRL_X0Y0        BUFG (Prop_bufg_I_O)         0.091     2.764 r  clk_IBUF_BUFG_inst/O
                         net (fo=11156, routed)       1.438     4.201    u_aes_slave/u_aes_core/key_schedule_inst/clk_IBUF_BUFG
    SLICE_X15Y59         FDRE                                         r  u_aes_slave/u_aes_core/key_schedule_inst/key_state_reg_reg[0][114]/C

Slack:                    inf
  Source:                 rstn
                            (input port)
  Destination:            u_aes_slave/u_aes_core/key_schedule_inst/key_state_reg_reg[0][18]/R
                            (rising edge-triggered cell FDRE clocked by CLK  {rise@0.000ns fall@10.000ns period=20.000ns})
  Path Group:             (none)
  Path Type:              Setup (Max at Slow Process Corner)
  Data Path Delay:        44.458ns  (logic 1.059ns (2.382%)  route 43.399ns (97.618%))
  Logic Levels:           2  (IBUF=1 LUT1=1)
  Clock Path Skew:        4.201ns (DCD - SCD + CPR)
    Destination Clock Delay (DCD):    4.201ns
    Source Clock Delay      (SCD):    0.000ns
    Clock Pessimism Removal (CPR):    0.000ns
  Clock Uncertainty:      0.325ns  ((TSJ^2 + TIJ^2)^1/2 + DJ) / 2 + PE + UU
    Total System Jitter     (TSJ):    0.050ns
    Total Input Jitter      (TIJ):    0.000ns
    Discrete Jitter          (DJ):    0.000ns
    Phase Error              (PE):    0.000ns
    User Uncertainty         (UU):    0.300ns
  Timing Exception:       False Path

    Location             Delay type                Incr(ns)  Path(ns)    Netlist Resource(s)
  -------------------------------------------------------------------    -------------------
    U16                                               0.000     0.000 f  rstn (IN)
                         net (fo=0)                   0.000     0.000    rstn
    U16                  IBUF (Prop_ibuf_I_O)         0.935     0.935 f  rstn_IBUF_inst/O
                         net (fo=198, routed)         1.636     2.571    u_aes_slave/u_aes_core/key_schedule_inst/rstn_IBUF
    SLICE_X2Y16          LUT1 (Prop_lut1_I0_O)        0.124     2.695 r  u_aes_slave/u_aes_core/key_schedule_inst/key_state_reg[0][255]_i_1/O
                         net (fo=6481, routed)       41.763    44.458    u_aes_slave/u_aes_core/key_schedule_inst/SR[0]
    SLICE_X15Y59         FDRE                                         r  u_aes_slave/u_aes_core/key_schedule_inst/key_state_reg_reg[0][18]/R
  -------------------------------------------------------------------    -------------------

                         (clock CLK rise edge)        0.000     0.000 r  
    M18                                               0.000     0.000 r  clk (IN)
                         net (fo=0)                   0.000     0.000    clk
    M18                  IBUF (Prop_ibuf_I_O)         0.805     0.805 r  clk_IBUF_inst/O
                         net (fo=1, routed)           1.868     2.673    clk_IBUF
    BUFGCTRL_X0Y0        BUFG (Prop_bufg_I_O)         0.091     2.764 r  clk_IBUF_BUFG_inst/O
                         net (fo=11156, routed)       1.438     4.201    u_aes_slave/u_aes_core/key_schedule_inst/clk_IBUF_BUFG
    SLICE_X15Y59         FDRE                                         r  u_aes_slave/u_aes_core/key_schedule_inst/key_state_reg_reg[0][18]/C

Slack:                    inf
  Source:                 rstn
                            (input port)
  Destination:            u_aes_slave/u_aes_core/key_schedule_inst/key_state_reg_reg[0][50]/R
                            (rising edge-triggered cell FDRE clocked by CLK  {rise@0.000ns fall@10.000ns period=20.000ns})
  Path Group:             (none)
  Path Type:              Setup (Max at Slow Process Corner)
  Data Path Delay:        44.458ns  (logic 1.059ns (2.382%)  route 43.399ns (97.618%))
  Logic Levels:           2  (IBUF=1 LUT1=1)
  Clock Path Skew:        4.201ns (DCD - SCD + CPR)
    Destination Clock Delay (DCD):    4.201ns
    Source Clock Delay      (SCD):    0.000ns
    Clock Pessimism Removal (CPR):    0.000ns
  Clock Uncertainty:      0.325ns  ((TSJ^2 + TIJ^2)^1/2 + DJ) / 2 + PE + UU
    Total System Jitter     (TSJ):    0.050ns
    Total Input Jitter      (TIJ):    0.000ns
    Discrete Jitter          (DJ):    0.000ns
    Phase Error              (PE):    0.000ns
    User Uncertainty         (UU):    0.300ns
  Timing Exception:       False Path

    Location             Delay type                Incr(ns)  Path(ns)    Netlist Resource(s)
  -------------------------------------------------------------------    -------------------
    U16                                               0.000     0.000 f  rstn (IN)
                         net (fo=0)                   0.000     0.000    rstn
    U16                  IBUF (Prop_ibuf_I_O)         0.935     0.935 f  rstn_IBUF_inst/O
                         net (fo=198, routed)         1.636     2.571    u_aes_slave/u_aes_core/key_schedule_inst/rstn_IBUF
    SLICE_X2Y16          LUT1 (Prop_lut1_I0_O)        0.124     2.695 r  u_aes_slave/u_aes_core/key_schedule_inst/key_state_reg[0][255]_i_1/O
                         net (fo=6481, routed)       41.763    44.458    u_aes_slave/u_aes_core/key_schedule_inst/SR[0]
    SLICE_X15Y59         FDRE                                         r  u_aes_slave/u_aes_core/key_schedule_inst/key_state_reg_reg[0][50]/R
  -------------------------------------------------------------------    -------------------

                         (clock CLK rise edge)        0.000     0.000 r  
    M18                                               0.000     0.000 r  clk (IN)
                         net (fo=0)                   0.000     0.000    clk
    M18                  IBUF (Prop_ibuf_I_O)         0.805     0.805 r  clk_IBUF_inst/O
                         net (fo=1, routed)           1.868     2.673    clk_IBUF
    BUFGCTRL_X0Y0        BUFG (Prop_bufg_I_O)         0.091     2.764 r  clk_IBUF_BUFG_inst/O
                         net (fo=11156, routed)       1.438     4.201    u_aes_slave/u_aes_core/key_schedule_inst/clk_IBUF_BUFG
    SLICE_X15Y59         FDRE                                         r  u_aes_slave/u_aes_core/key_schedule_inst/key_state_reg_reg[0][50]/C

Slack:                    inf
  Source:                 rstn
                            (input port)
  Destination:            u_aes_slave/u_aes_core/key_schedule_inst/key_state_reg_reg[0][82]/R
                            (rising edge-triggered cell FDRE clocked by CLK  {rise@0.000ns fall@10.000ns period=20.000ns})
  Path Group:             (none)
  Path Type:              Setup (Max at Slow Process Corner)
  Data Path Delay:        44.458ns  (logic 1.059ns (2.382%)  route 43.399ns (97.618%))
  Logic Levels:           2  (IBUF=1 LUT1=1)
  Clock Path Skew:        4.201ns (DCD - SCD + CPR)
    Destination Clock Delay (DCD):    4.201ns
    Source Clock Delay      (SCD):    0.000ns
    Clock Pessimism Removal (CPR):    0.000ns
  Clock Uncertainty:      0.325ns  ((TSJ^2 + TIJ^2)^1/2 + DJ) / 2 + PE + UU
    Total System Jitter     (TSJ):    0.050ns
    Total Input Jitter      (TIJ):    0.000ns
    Discrete Jitter          (DJ):    0.000ns
    Phase Error              (PE):    0.000ns
    User Uncertainty         (UU):    0.300ns
  Timing Exception:       False Path

    Location             Delay type                Incr(ns)  Path(ns)    Netlist Resource(s)
  -------------------------------------------------------------------    -------------------
    U16                                               0.000     0.000 f  rstn (IN)
                         net (fo=0)                   0.000     0.000    rstn
    U16                  IBUF (Prop_ibuf_I_O)         0.935     0.935 f  rstn_IBUF_inst/O
                         net (fo=198, routed)         1.636     2.571    u_aes_slave/u_aes_core/key_schedule_inst/rstn_IBUF
    SLICE_X2Y16          LUT1 (Prop_lut1_I0_O)        0.124     2.695 r  u_aes_slave/u_aes_core/key_schedule_inst/key_state_reg[0][255]_i_1/O
                         net (fo=6481, routed)       41.763    44.458    u_aes_slave/u_aes_core/key_schedule_inst/SR[0]
    SLICE_X14Y59         FDRE                                         r  u_aes_slave/u_aes_core/key_schedule_inst/key_state_reg_reg[0][82]/R
  -------------------------------------------------------------------    -------------------

                         (clock CLK rise edge)        0.000     0.000 r  
    M18                                               0.000     0.000 r  clk (IN)
                         net (fo=0)                   0.000     0.000    clk
    M18                  IBUF (Prop_ibuf_I_O)         0.805     0.805 r  clk_IBUF_inst/O
                         net (fo=1, routed)           1.868     2.673    clk_IBUF
    BUFGCTRL_X0Y0        BUFG (Prop_bufg_I_O)         0.091     2.764 r  clk_IBUF_BUFG_inst/O
                         net (fo=11156, routed)       1.438     4.201    u_aes_slave/u_aes_core/key_schedule_inst/clk_IBUF_BUFG
    SLICE_X14Y59         FDRE                                         r  u_aes_slave/u_aes_core/key_schedule_inst/key_state_reg_reg[0][82]/C

Slack:                    inf
  Source:                 rstn
                            (input port)
  Destination:            u_aes_slave/u_aes_core/key_schedule_inst/key_state_reg_reg[1][18]/R
                            (rising edge-triggered cell FDRE clocked by CLK  {rise@0.000ns fall@10.000ns period=20.000ns})
  Path Group:             (none)
  Path Type:              Setup (Max at Slow Process Corner)
  Data Path Delay:        44.458ns  (logic 1.059ns (2.382%)  route 43.399ns (97.618%))
  Logic Levels:           2  (IBUF=1 LUT1=1)
  Clock Path Skew:        4.201ns (DCD - SCD + CPR)
    Destination Clock Delay (DCD):    4.201ns
    Source Clock Delay      (SCD):    0.000ns
    Clock Pessimism Removal (CPR):    0.000ns
  Clock Uncertainty:      0.325ns  ((TSJ^2 + TIJ^2)^1/2 + DJ) / 2 + PE + UU
    Total System Jitter     (TSJ):    0.050ns
    Total Input Jitter      (TIJ):    0.000ns
    Discrete Jitter          (DJ):    0.000ns
    Phase Error              (PE):    0.000ns
    User Uncertainty         (UU):    0.300ns
  Timing Exception:       False Path

    Location             Delay type                Incr(ns)  Path(ns)    Netlist Resource(s)
  -------------------------------------------------------------------    -------------------
    U16                                               0.000     0.000 f  rstn (IN)
                         net (fo=0)                   0.000     0.000    rstn
    U16                  IBUF (Prop_ibuf_I_O)         0.935     0.935 f  rstn_IBUF_inst/O
                         net (fo=198, routed)         1.636     2.571    u_aes_slave/u_aes_core/key_schedule_inst/rstn_IBUF
    SLICE_X2Y16          LUT1 (Prop_lut1_I0_O)        0.124     2.695 r  u_aes_slave/u_aes_core/key_schedule_inst/key_state_reg[0][255]_i_1/O
                         net (fo=6481, routed)       41.763    44.458    u_aes_slave/u_aes_core/key_schedule_inst/SR[0]
    SLICE_X14Y59         FDRE                                         r  u_aes_slave/u_aes_core/key_schedule_inst/key_state_reg_reg[1][18]/R
  -------------------------------------------------------------------    -------------------

                         (clock CLK rise edge)        0.000     0.000 r  
    M18                                               0.000     0.000 r  clk (IN)
                         net (fo=0)                   0.000     0.000    clk
    M18                  IBUF (Prop_ibuf_I_O)         0.805     0.805 r  clk_IBUF_inst/O
                         net (fo=1, routed)           1.868     2.673    clk_IBUF
    BUFGCTRL_X0Y0        BUFG (Prop_bufg_I_O)         0.091     2.764 r  clk_IBUF_BUFG_inst/O
                         net (fo=11156, routed)       1.438     4.201    u_aes_slave/u_aes_core/key_schedule_inst/clk_IBUF_BUFG
    SLICE_X14Y59         FDRE                                         r  u_aes_slave/u_aes_core/key_schedule_inst/key_state_reg_reg[1][18]/C

Slack:                    inf
  Source:                 rstn
                            (input port)
  Destination:            u_aes_slave/u_aes_core/key_schedule_inst/key_state_reg_reg[1][50]/R
                            (rising edge-triggered cell FDRE clocked by CLK  {rise@0.000ns fall@10.000ns period=20.000ns})
  Path Group:             (none)
  Path Type:              Setup (Max at Slow Process Corner)
  Data Path Delay:        44.458ns  (logic 1.059ns (2.382%)  route 43.399ns (97.618%))
  Logic Levels:           2  (IBUF=1 LUT1=1)
  Clock Path Skew:        4.201ns (DCD - SCD + CPR)
    Destination Clock Delay (DCD):    4.201ns
    Source Clock Delay      (SCD):    0.000ns
    Clock Pessimism Removal (CPR):    0.000ns
  Clock Uncertainty:      0.325ns  ((TSJ^2 + TIJ^2)^1/2 + DJ) / 2 + PE + UU
    Total System Jitter     (TSJ):    0.050ns
    Total Input Jitter      (TIJ):    0.000ns
    Discrete Jitter          (DJ):    0.000ns
    Phase Error              (PE):    0.000ns
    User Uncertainty         (UU):    0.300ns
  Timing Exception:       False Path

    Location             Delay type                Incr(ns)  Path(ns)    Netlist Resource(s)
  -------------------------------------------------------------------    -------------------
    U16                                               0.000     0.000 f  rstn (IN)
                         net (fo=0)                   0.000     0.000    rstn
    U16                  IBUF (Prop_ibuf_I_O)         0.935     0.935 f  rstn_IBUF_inst/O
                         net (fo=198, routed)         1.636     2.571    u_aes_slave/u_aes_core/key_schedule_inst/rstn_IBUF
    SLICE_X2Y16          LUT1 (Prop_lut1_I0_O)        0.124     2.695 r  u_aes_slave/u_aes_core/key_schedule_inst/key_state_reg[0][255]_i_1/O
                         net (fo=6481, routed)       41.763    44.458    u_aes_slave/u_aes_core/key_schedule_inst/SR[0]
    SLICE_X14Y59         FDRE                                         r  u_aes_slave/u_aes_core/key_schedule_inst/key_state_reg_reg[1][50]/R
  -------------------------------------------------------------------    -------------------

                         (clock CLK rise edge)        0.000     0.000 r  
    M18                                               0.000     0.000 r  clk (IN)
                         net (fo=0)                   0.000     0.000    clk
    M18                  IBUF (Prop_ibuf_I_O)         0.805     0.805 r  clk_IBUF_inst/O
                         net (fo=1, routed)           1.868     2.673    clk_IBUF
    BUFGCTRL_X0Y0        BUFG (Prop_bufg_I_O)         0.091     2.764 r  clk_IBUF_BUFG_inst/O
                         net (fo=11156, routed)       1.438     4.201    u_aes_slave/u_aes_core/key_schedule_inst/clk_IBUF_BUFG
    SLICE_X14Y59         FDRE                                         r  u_aes_slave/u_aes_core/key_schedule_inst/key_state_reg_reg[1][50]/C

Slack:                    inf
  Source:                 rstn
                            (input port)
  Destination:            u_aes_slave/u_aes_core/key_schedule_inst/key_state_reg_reg[1][82]/R
                            (rising edge-triggered cell FDRE clocked by CLK  {rise@0.000ns fall@10.000ns period=20.000ns})
  Path Group:             (none)
  Path Type:              Setup (Max at Slow Process Corner)
  Data Path Delay:        44.458ns  (logic 1.059ns (2.382%)  route 43.399ns (97.618%))
  Logic Levels:           2  (IBUF=1 LUT1=1)
  Clock Path Skew:        4.201ns (DCD - SCD + CPR)
    Destination Clock Delay (DCD):    4.201ns
    Source Clock Delay      (SCD):    0.000ns
    Clock Pessimism Removal (CPR):    0.000ns
  Clock Uncertainty:      0.325ns  ((TSJ^2 + TIJ^2)^1/2 + DJ) / 2 + PE + UU
    Total System Jitter     (TSJ):    0.050ns
    Total Input Jitter      (TIJ):    0.000ns
    Discrete Jitter          (DJ):    0.000ns
    Phase Error              (PE):    0.000ns
    User Uncertainty         (UU):    0.300ns
  Timing Exception:       False Path

    Location             Delay type                Incr(ns)  Path(ns)    Netlist Resource(s)
  -------------------------------------------------------------------    -------------------
    U16                                               0.000     0.000 f  rstn (IN)
                         net (fo=0)                   0.000     0.000    rstn
    U16                  IBUF (Prop_ibuf_I_O)         0.935     0.935 f  rstn_IBUF_inst/O
                         net (fo=198, routed)         1.636     2.571    u_aes_slave/u_aes_core/key_schedule_inst/rstn_IBUF
    SLICE_X2Y16          LUT1 (Prop_lut1_I0_O)        0.124     2.695 r  u_aes_slave/u_aes_core/key_schedule_inst/key_state_reg[0][255]_i_1/O
                         net (fo=6481, routed)       41.763    44.458    u_aes_slave/u_aes_core/key_schedule_inst/SR[0]
    SLICE_X14Y59         FDRE                                         r  u_aes_slave/u_aes_core/key_schedule_inst/key_state_reg_reg[1][82]/R
  -------------------------------------------------------------------    -------------------

                         (clock CLK rise edge)        0.000     0.000 r  
    M18                                               0.000     0.000 r  clk (IN)
                         net (fo=0)                   0.000     0.000    clk
    M18                  IBUF (Prop_ibuf_I_O)         0.805     0.805 r  clk_IBUF_inst/O
                         net (fo=1, routed)           1.868     2.673    clk_IBUF
    BUFGCTRL_X0Y0        BUFG (Prop_bufg_I_O)         0.091     2.764 r  clk_IBUF_BUFG_inst/O
                         net (fo=11156, routed)       1.438     4.201    u_aes_slave/u_aes_core/key_schedule_inst/clk_IBUF_BUFG
    SLICE_X14Y59         FDRE                                         r  u_aes_slave/u_aes_core/key_schedule_inst/key_state_reg_reg[1][82]/C

Slack:                    inf
  Source:                 rstn
                            (input port)
  Destination:            u_aes_slave/u_aes_core/key_schedule_inst/key_state_reg_reg[0][144]/R
                            (rising edge-triggered cell FDRE clocked by CLK  {rise@0.000ns fall@10.000ns period=20.000ns})
  Path Group:             (none)
  Path Type:              Setup (Max at Slow Process Corner)
  Data Path Delay:        44.303ns  (logic 1.059ns (2.390%)  route 43.244ns (97.610%))
  Logic Levels:           2  (IBUF=1 LUT1=1)
  Clock Path Skew:        4.202ns (DCD - SCD + CPR)
    Destination Clock Delay (DCD):    4.202ns
    Source Clock Delay      (SCD):    0.000ns
    Clock Pessimism Removal (CPR):    0.000ns
  Clock Uncertainty:      0.325ns  ((TSJ^2 + TIJ^2)^1/2 + DJ) / 2 + PE + UU
    Total System Jitter     (TSJ):    0.050ns
    Total Input Jitter      (TIJ):    0.000ns
    Discrete Jitter          (DJ):    0.000ns
    Phase Error              (PE):    0.000ns
    User Uncertainty         (UU):    0.300ns
  Timing Exception:       False Path

    Location             Delay type                Incr(ns)  Path(ns)    Netlist Resource(s)
  -------------------------------------------------------------------    -------------------
    U16                                               0.000     0.000 f  rstn (IN)
                         net (fo=0)                   0.000     0.000    rstn
    U16                  IBUF (Prop_ibuf_I_O)         0.935     0.935 f  rstn_IBUF_inst/O
                         net (fo=198, routed)         1.636     2.571    u_aes_slave/u_aes_core/key_schedule_inst/rstn_IBUF
    SLICE_X2Y16          LUT1 (Prop_lut1_I0_O)        0.124     2.695 r  u_aes_slave/u_aes_core/key_schedule_inst/key_state_reg[0][255]_i_1/O
                         net (fo=6481, routed)       41.607    44.303    u_aes_slave/u_aes_core/key_schedule_inst/SR[0]
    SLICE_X14Y58         FDRE                                         r  u_aes_slave/u_aes_core/key_schedule_inst/key_state_reg_reg[0][144]/R
  -------------------------------------------------------------------    -------------------

                         (clock CLK rise edge)        0.000     0.000 r  
    M18                                               0.000     0.000 r  clk (IN)
                         net (fo=0)                   0.000     0.000    clk
    M18                  IBUF (Prop_ibuf_I_O)         0.805     0.805 r  clk_IBUF_inst/O
                         net (fo=1, routed)           1.868     2.673    clk_IBUF
    BUFGCTRL_X0Y0        BUFG (Prop_bufg_I_O)         0.091     2.764 r  clk_IBUF_BUFG_inst/O
                         net (fo=11156, routed)       1.439     4.202    u_aes_slave/u_aes_core/key_schedule_inst/clk_IBUF_BUFG
    SLICE_X14Y58         FDRE                                         r  u_aes_slave/u_aes_core/key_schedule_inst/key_state_reg_reg[0][144]/C

Slack:                    inf
  Source:                 rstn
                            (input port)
  Destination:            u_aes_slave/u_aes_core/key_schedule_inst/key_state_reg_reg[0][151]/R
                            (rising edge-triggered cell FDRE clocked by CLK  {rise@0.000ns fall@10.000ns period=20.000ns})
  Path Group:             (none)
  Path Type:              Setup (Max at Slow Process Corner)
  Data Path Delay:        44.303ns  (logic 1.059ns (2.390%)  route 43.244ns (97.610%))
  Logic Levels:           2  (IBUF=1 LUT1=1)
  Clock Path Skew:        4.202ns (DCD - SCD + CPR)
    Destination Clock Delay (DCD):    4.202ns
    Source Clock Delay      (SCD):    0.000ns
    Clock Pessimism Removal (CPR):    0.000ns
  Clock Uncertainty:      0.325ns  ((TSJ^2 + TIJ^2)^1/2 + DJ) / 2 + PE + UU
    Total System Jitter     (TSJ):    0.050ns
    Total Input Jitter      (TIJ):    0.000ns
    Discrete Jitter          (DJ):    0.000ns
    Phase Error              (PE):    0.000ns
    User Uncertainty         (UU):    0.300ns
  Timing Exception:       False Path

    Location             Delay type                Incr(ns)  Path(ns)    Netlist Resource(s)
  -------------------------------------------------------------------    -------------------
    U16                                               0.000     0.000 f  rstn (IN)
                         net (fo=0)                   0.000     0.000    rstn
    U16                  IBUF (Prop_ibuf_I_O)         0.935     0.935 f  rstn_IBUF_inst/O
                         net (fo=198, routed)         1.636     2.571    u_aes_slave/u_aes_core/key_schedule_inst/rstn_IBUF
    SLICE_X2Y16          LUT1 (Prop_lut1_I0_O)        0.124     2.695 r  u_aes_slave/u_aes_core/key_schedule_inst/key_state_reg[0][255]_i_1/O
                         net (fo=6481, routed)       41.607    44.303    u_aes_slave/u_aes_core/key_schedule_inst/SR[0]
    SLICE_X14Y58         FDRE                                         r  u_aes_slave/u_aes_core/key_schedule_inst/key_state_reg_reg[0][151]/R
  -------------------------------------------------------------------    -------------------

                         (clock CLK rise edge)        0.000     0.000 r  
    M18                                               0.000     0.000 r  clk (IN)
                         net (fo=0)                   0.000     0.000    clk
    M18                  IBUF (Prop_ibuf_I_O)         0.805     0.805 r  clk_IBUF_inst/O
                         net (fo=1, routed)           1.868     2.673    clk_IBUF
    BUFGCTRL_X0Y0        BUFG (Prop_bufg_I_O)         0.091     2.764 r  clk_IBUF_BUFG_inst/O
                         net (fo=11156, routed)       1.439     4.202    u_aes_slave/u_aes_core/key_schedule_inst/clk_IBUF_BUFG
    SLICE_X14Y58         FDRE                                         r  u_aes_slave/u_aes_core/key_schedule_inst/key_state_reg_reg[0][151]/C

Slack:                    inf
  Source:                 rstn
                            (input port)
  Destination:            u_aes_slave/u_aes_core/key_schedule_inst/key_state_reg_reg[0][240]/R
                            (rising edge-triggered cell FDRE clocked by CLK  {rise@0.000ns fall@10.000ns period=20.000ns})
  Path Group:             (none)
  Path Type:              Setup (Max at Slow Process Corner)
  Data Path Delay:        44.303ns  (logic 1.059ns (2.390%)  route 43.244ns (97.610%))
  Logic Levels:           2  (IBUF=1 LUT1=1)
  Clock Path Skew:        4.202ns (DCD - SCD + CPR)
    Destination Clock Delay (DCD):    4.202ns
    Source Clock Delay      (SCD):    0.000ns
    Clock Pessimism Removal (CPR):    0.000ns
  Clock Uncertainty:      0.325ns  ((TSJ^2 + TIJ^2)^1/2 + DJ) / 2 + PE + UU
    Total System Jitter     (TSJ):    0.050ns
    Total Input Jitter      (TIJ):    0.000ns
    Discrete Jitter          (DJ):    0.000ns
    Phase Error              (PE):    0.000ns
    User Uncertainty         (UU):    0.300ns
  Timing Exception:       False Path

    Location             Delay type                Incr(ns)  Path(ns)    Netlist Resource(s)
  -------------------------------------------------------------------    -------------------
    U16                                               0.000     0.000 f  rstn (IN)
                         net (fo=0)                   0.000     0.000    rstn
    U16                  IBUF (Prop_ibuf_I_O)         0.935     0.935 f  rstn_IBUF_inst/O
                         net (fo=198, routed)         1.636     2.571    u_aes_slave/u_aes_core/key_schedule_inst/rstn_IBUF
    SLICE_X2Y16          LUT1 (Prop_lut1_I0_O)        0.124     2.695 r  u_aes_slave/u_aes_core/key_schedule_inst/key_state_reg[0][255]_i_1/O
                         net (fo=6481, routed)       41.607    44.303    u_aes_slave/u_aes_core/key_schedule_inst/SR[0]
    SLICE_X15Y58         FDRE                                         r  u_aes_slave/u_aes_core/key_schedule_inst/key_state_reg_reg[0][240]/R
  -------------------------------------------------------------------    -------------------

                         (clock CLK rise edge)        0.000     0.000 r  
    M18                                               0.000     0.000 r  clk (IN)
                         net (fo=0)                   0.000     0.000    clk
    M18                  IBUF (Prop_ibuf_I_O)         0.805     0.805 r  clk_IBUF_inst/O
                         net (fo=1, routed)           1.868     2.673    clk_IBUF
    BUFGCTRL_X0Y0        BUFG (Prop_bufg_I_O)         0.091     2.764 r  clk_IBUF_BUFG_inst/O
                         net (fo=11156, routed)       1.439     4.202    u_aes_slave/u_aes_core/key_schedule_inst/clk_IBUF_BUFG
    SLICE_X15Y58         FDRE                                         r  u_aes_slave/u_aes_core/key_schedule_inst/key_state_reg_reg[0][240]/C





Min Delay Paths
--------------------------------------------------------------------------------------
Slack:                    inf
  Source:                 uart_rx_i
                            (input port)
  Destination:            u_uart_slave/u_uart_core/rx_sync_inst/rx_capture_reg/D
                            (rising edge-triggered cell FDSE clocked by CLK  {rise@0.000ns fall@10.000ns period=20.000ns})
  Path Group:             (none)
  Path Type:              Hold (Min at Fast Process Corner)
  Data Path Delay:        1.231ns  (logic 0.174ns (14.113%)  route 1.057ns (85.887%))
  Logic Levels:           1  (IBUF=1)
  Clock Path Skew:        1.909ns (DCD - SCD - CPR)
    Destination Clock Delay (DCD):    1.909ns
    Source Clock Delay      (SCD):    0.000ns
    Clock Pessimism Removal (CPR):    -0.000ns
  Timing Exception:       False Path

    Location             Delay type                Incr(ns)  Path(ns)    Netlist Resource(s)
  -------------------------------------------------------------------    -------------------
    U15                                               0.000     0.000 r  uart_rx_i (IN)
                         net (fo=0)                   0.000     0.000    uart_rx_i
    U15                  IBUF (Prop_ibuf_I_O)         0.174     0.174 r  uart_rx_i_IBUF_inst/O
                         net (fo=1, routed)           1.057     1.231    u_uart_slave/u_uart_core/rx_sync_inst/uart_rx_i_IBUF
    SLICE_X14Y46         FDSE                                         r  u_uart_slave/u_uart_core/rx_sync_inst/rx_capture_reg/D
  -------------------------------------------------------------------    -------------------

                         (clock CLK rise edge)        0.000     0.000 r  
    M18                                               0.000     0.000 r  clk (IN)
                         net (fo=0)                   0.000     0.000    clk
    M18                  IBUF (Prop_ibuf_I_O)         0.356     0.356 r  clk_IBUF_inst/O
                         net (fo=1, routed)           0.689     1.044    clk_IBUF
    BUFGCTRL_X0Y0        BUFG (Prop_bufg_I_O)         0.029     1.073 r  clk_IBUF_BUFG_inst/O
                         net (fo=11156, routed)       0.836     1.909    u_uart_slave/u_uart_core/rx_sync_inst/clk_IBUF_BUFG
    SLICE_X14Y46         FDSE                                         r  u_uart_slave/u_uart_core/rx_sync_inst/rx_capture_reg/C

Slack:                    inf
  Source:                 rstn
                            (input port)
  Destination:            u_cpu/instruction_hold_q_reg[19]/R
                            (rising edge-triggered cell FDRE clocked by CLK  {rise@0.000ns fall@10.000ns period=20.000ns})
  Path Group:             (none)
  Path Type:              Hold (Min at Fast Process Corner)
  Data Path Delay:        1.496ns  (logic 0.209ns (13.976%)  route 1.287ns (86.024%))
  Logic Levels:           2  (IBUF=1 LUT1=1)
  Clock Path Skew:        1.897ns (DCD - SCD - CPR)
    Destination Clock Delay (DCD):    1.897ns
    Source Clock Delay      (SCD):    0.000ns
    Clock Pessimism Removal (CPR):    -0.000ns
  Timing Exception:       False Path

    Location             Delay type                Incr(ns)  Path(ns)    Netlist Resource(s)
  -------------------------------------------------------------------    -------------------
    U16                                               0.000     0.000 f  rstn (IN)
                         net (fo=0)                   0.000     0.000    rstn
    U16                  IBUF (Prop_ibuf_I_O)         0.164     0.164 f  rstn_IBUF_inst/O
                         net (fo=198, routed)         0.625     0.790    u_aes_slave/u_aes_core/key_schedule_inst/rstn_IBUF
    SLICE_X2Y16          LUT1 (Prop_lut1_I0_O)        0.045     0.835 r  u_aes_slave/u_aes_core/key_schedule_inst/key_state_reg[0][255]_i_1/O
                         net (fo=6481, routed)        0.662     1.496    u_cpu/wb_debug__0[0]
    SLICE_X30Y17         FDRE                                         r  u_cpu/instruction_hold_q_reg[19]/R
  -------------------------------------------------------------------    -------------------

                         (clock CLK rise edge)        0.000     0.000 r  
    M18                                               0.000     0.000 r  clk (IN)
                         net (fo=0)                   0.000     0.000    clk
    M18                  IBUF (Prop_ibuf_I_O)         0.356     0.356 r  clk_IBUF_inst/O
                         net (fo=1, routed)           0.689     1.044    clk_IBUF
    BUFGCTRL_X0Y0        BUFG (Prop_bufg_I_O)         0.029     1.073 r  clk_IBUF_BUFG_inst/O
                         net (fo=11156, routed)       0.824     1.897    u_cpu/clk_IBUF_BUFG
    SLICE_X30Y17         FDRE                                         r  u_cpu/instruction_hold_q_reg[19]/C

Slack:                    inf
  Source:                 rstn
                            (input port)
  Destination:            u_cpu/instruction_hold_q_reg[30]/R
                            (rising edge-triggered cell FDRE clocked by CLK  {rise@0.000ns fall@10.000ns period=20.000ns})
  Path Group:             (none)
  Path Type:              Hold (Min at Fast Process Corner)
  Data Path Delay:        1.496ns  (logic 0.209ns (13.976%)  route 1.287ns (86.024%))
  Logic Levels:           2  (IBUF=1 LUT1=1)
  Clock Path Skew:        1.897ns (DCD - SCD - CPR)
    Destination Clock Delay (DCD):    1.897ns
    Source Clock Delay      (SCD):    0.000ns
    Clock Pessimism Removal (CPR):    -0.000ns
  Timing Exception:       False Path

    Location             Delay type                Incr(ns)  Path(ns)    Netlist Resource(s)
  -------------------------------------------------------------------    -------------------
    U16                                               0.000     0.000 f  rstn (IN)
                         net (fo=0)                   0.000     0.000    rstn
    U16                  IBUF (Prop_ibuf_I_O)         0.164     0.164 f  rstn_IBUF_inst/O
                         net (fo=198, routed)         0.625     0.790    u_aes_slave/u_aes_core/key_schedule_inst/rstn_IBUF
    SLICE_X2Y16          LUT1 (Prop_lut1_I0_O)        0.045     0.835 r  u_aes_slave/u_aes_core/key_schedule_inst/key_state_reg[0][255]_i_1/O
                         net (fo=6481, routed)        0.662     1.496    u_cpu/wb_debug__0[0]
    SLICE_X30Y17         FDRE                                         r  u_cpu/instruction_hold_q_reg[30]/R
  -------------------------------------------------------------------    -------------------

                         (clock CLK rise edge)        0.000     0.000 r  
    M18                                               0.000     0.000 r  clk (IN)
                         net (fo=0)                   0.000     0.000    clk
    M18                  IBUF (Prop_ibuf_I_O)         0.356     0.356 r  clk_IBUF_inst/O
                         net (fo=1, routed)           0.689     1.044    clk_IBUF
    BUFGCTRL_X0Y0        BUFG (Prop_bufg_I_O)         0.029     1.073 r  clk_IBUF_BUFG_inst/O
                         net (fo=11156, routed)       0.824     1.897    u_cpu/clk_IBUF_BUFG
    SLICE_X30Y17         FDRE                                         r  u_cpu/instruction_hold_q_reg[30]/C

Slack:                    inf
  Source:                 rstn
                            (input port)
  Destination:            u_l1_icache/data_array_reg[11][0][0]/CE
                            (rising edge-triggered cell FDRE clocked by CLK  {rise@0.000ns fall@10.000ns period=20.000ns})
  Path Group:             (none)
  Path Type:              Hold (Min at Fast Process Corner)
  Data Path Delay:        1.529ns  (logic 0.209ns (13.674%)  route 1.320ns (86.326%))
  Logic Levels:           2  (IBUF=1 LUT6=1)
  Clock Path Skew:        1.900ns (DCD - SCD - CPR)
    Destination Clock Delay (DCD):    1.900ns
    Source Clock Delay      (SCD):    0.000ns
    Clock Pessimism Removal (CPR):    -0.000ns
  Timing Exception:       False Path

    Location             Delay type                Incr(ns)  Path(ns)    Netlist Resource(s)
  -------------------------------------------------------------------    -------------------
    U16                                               0.000     0.000 r  rstn (IN)
                         net (fo=0)                   0.000     0.000    rstn
    U16                  IBUF (Prop_ibuf_I_O)         0.164     0.164 r  rstn_IBUF_inst/O
                         net (fo=198, routed)         1.100     1.264    u_l1_icache/rstn_IBUF
    SLICE_X31Y15         LUT6 (Prop_lut6_I0_O)        0.045     1.309 r  u_l1_icache/data_array[11][0][31]_i_1/O
                         net (fo=32, routed)          0.220     1.529    u_l1_icache/data_array[11][0][31]_i_1_n_0
    SLICE_X30Y14         FDRE                                         r  u_l1_icache/data_array_reg[11][0][0]/CE
  -------------------------------------------------------------------    -------------------

                         (clock CLK rise edge)        0.000     0.000 r  
    M18                                               0.000     0.000 r  clk (IN)
                         net (fo=0)                   0.000     0.000    clk
    M18                  IBUF (Prop_ibuf_I_O)         0.356     0.356 r  clk_IBUF_inst/O
                         net (fo=1, routed)           0.689     1.044    clk_IBUF
    BUFGCTRL_X0Y0        BUFG (Prop_bufg_I_O)         0.029     1.073 r  clk_IBUF_BUFG_inst/O
                         net (fo=11156, routed)       0.827     1.900    u_l1_icache/clk_IBUF_BUFG
    SLICE_X30Y14         FDRE                                         r  u_l1_icache/data_array_reg[11][0][0]/C

Slack:                    inf
  Source:                 rstn
                            (input port)
  Destination:            u_l1_icache/data_array_reg[13][0][12]/CE
                            (rising edge-triggered cell FDRE clocked by CLK  {rise@0.000ns fall@10.000ns period=20.000ns})
  Path Group:             (none)
  Path Type:              Hold (Min at Fast Process Corner)
  Data Path Delay:        1.536ns  (logic 0.209ns (13.614%)  route 1.327ns (86.386%))
  Logic Levels:           2  (IBUF=1 LUT6=1)
  Clock Path Skew:        1.900ns (DCD - SCD - CPR)
    Destination Clock Delay (DCD):    1.900ns
    Source Clock Delay      (SCD):    0.000ns
    Clock Pessimism Removal (CPR):    -0.000ns
  Timing Exception:       False Path

    Location             Delay type                Incr(ns)  Path(ns)    Netlist Resource(s)
  -------------------------------------------------------------------    -------------------
    U16                                               0.000     0.000 r  rstn (IN)
                         net (fo=0)                   0.000     0.000    rstn
    U16                  IBUF (Prop_ibuf_I_O)         0.164     0.164 r  rstn_IBUF_inst/O
                         net (fo=198, routed)         1.129     1.293    u_l1_icache/rstn_IBUF
    SLICE_X35Y15         LUT6 (Prop_lut6_I3_O)        0.045     1.338 r  u_l1_icache/data_array[13][0][31]_i_1/O
                         net (fo=32, routed)          0.198     1.536    u_l1_icache/data_array[13][0][31]_i_1_n_0
    SLICE_X34Y12         FDRE                                         r  u_l1_icache/data_array_reg[13][0][12]/CE
  -------------------------------------------------------------------    -------------------

                         (clock CLK rise edge)        0.000     0.000 r  
    M18                                               0.000     0.000 r  clk (IN)
                         net (fo=0)                   0.000     0.000    clk
    M18                  IBUF (Prop_ibuf_I_O)         0.356     0.356 r  clk_IBUF_inst/O
                         net (fo=1, routed)           0.689     1.044    clk_IBUF
    BUFGCTRL_X0Y0        BUFG (Prop_bufg_I_O)         0.029     1.073 r  clk_IBUF_BUFG_inst/O
                         net (fo=11156, routed)       0.827     1.900    u_l1_icache/clk_IBUF_BUFG
    SLICE_X34Y12         FDRE                                         r  u_l1_icache/data_array_reg[13][0][12]/C

Slack:                    inf
  Source:                 rstn
                            (input port)
  Destination:            u_l1_icache/data_array_reg[13][0][14]/CE
                            (rising edge-triggered cell FDRE clocked by CLK  {rise@0.000ns fall@10.000ns period=20.000ns})
  Path Group:             (none)
  Path Type:              Hold (Min at Fast Process Corner)
  Data Path Delay:        1.536ns  (logic 0.209ns (13.614%)  route 1.327ns (86.386%))
  Logic Levels:           2  (IBUF=1 LUT6=1)
  Clock Path Skew:        1.900ns (DCD - SCD - CPR)
    Destination Clock Delay (DCD):    1.900ns
    Source Clock Delay      (SCD):    0.000ns
    Clock Pessimism Removal (CPR):    -0.000ns
  Timing Exception:       False Path

    Location             Delay type                Incr(ns)  Path(ns)    Netlist Resource(s)
  -------------------------------------------------------------------    -------------------
    U16                                               0.000     0.000 r  rstn (IN)
                         net (fo=0)                   0.000     0.000    rstn
    U16                  IBUF (Prop_ibuf_I_O)         0.164     0.164 r  rstn_IBUF_inst/O
                         net (fo=198, routed)         1.129     1.293    u_l1_icache/rstn_IBUF
    SLICE_X35Y15         LUT6 (Prop_lut6_I3_O)        0.045     1.338 r  u_l1_icache/data_array[13][0][31]_i_1/O
                         net (fo=32, routed)          0.198     1.536    u_l1_icache/data_array[13][0][31]_i_1_n_0
    SLICE_X34Y12         FDRE                                         r  u_l1_icache/data_array_reg[13][0][14]/CE
  -------------------------------------------------------------------    -------------------

                         (clock CLK rise edge)        0.000     0.000 r  
    M18                                               0.000     0.000 r  clk (IN)
                         net (fo=0)                   0.000     0.000    clk
    M18                  IBUF (Prop_ibuf_I_O)         0.356     0.356 r  clk_IBUF_inst/O
                         net (fo=1, routed)           0.689     1.044    clk_IBUF
    BUFGCTRL_X0Y0        BUFG (Prop_bufg_I_O)         0.029     1.073 r  clk_IBUF_BUFG_inst/O
                         net (fo=11156, routed)       0.827     1.900    u_l1_icache/clk_IBUF_BUFG
    SLICE_X34Y12         FDRE                                         r  u_l1_icache/data_array_reg[13][0][14]/C

Slack:                    inf
  Source:                 rstn
                            (input port)
  Destination:            u_l1_icache/data_array_reg[13][0][17]/CE
                            (rising edge-triggered cell FDRE clocked by CLK  {rise@0.000ns fall@10.000ns period=20.000ns})
  Path Group:             (none)
  Path Type:              Hold (Min at Fast Process Corner)
  Data Path Delay:        1.536ns  (logic 0.209ns (13.614%)  route 1.327ns (86.386%))
  Logic Levels:           2  (IBUF=1 LUT6=1)
  Clock Path Skew:        1.900ns (DCD - SCD - CPR)
    Destination Clock Delay (DCD):    1.900ns
    Source Clock Delay      (SCD):    0.000ns
    Clock Pessimism Removal (CPR):    -0.000ns
  Timing Exception:       False Path

    Location             Delay type                Incr(ns)  Path(ns)    Netlist Resource(s)
  -------------------------------------------------------------------    -------------------
    U16                                               0.000     0.000 r  rstn (IN)
                         net (fo=0)                   0.000     0.000    rstn
    U16                  IBUF (Prop_ibuf_I_O)         0.164     0.164 r  rstn_IBUF_inst/O
                         net (fo=198, routed)         1.129     1.293    u_l1_icache/rstn_IBUF
    SLICE_X35Y15         LUT6 (Prop_lut6_I3_O)        0.045     1.338 r  u_l1_icache/data_array[13][0][31]_i_1/O
                         net (fo=32, routed)          0.198     1.536    u_l1_icache/data_array[13][0][31]_i_1_n_0
    SLICE_X34Y12         FDRE                                         r  u_l1_icache/data_array_reg[13][0][17]/CE
  -------------------------------------------------------------------    -------------------

                         (clock CLK rise edge)        0.000     0.000 r  
    M18                                               0.000     0.000 r  clk (IN)
                         net (fo=0)                   0.000     0.000    clk
    M18                  IBUF (Prop_ibuf_I_O)         0.356     0.356 r  clk_IBUF_inst/O
                         net (fo=1, routed)           0.689     1.044    clk_IBUF
    BUFGCTRL_X0Y0        BUFG (Prop_bufg_I_O)         0.029     1.073 r  clk_IBUF_BUFG_inst/O
                         net (fo=11156, routed)       0.827     1.900    u_l1_icache/clk_IBUF_BUFG
    SLICE_X34Y12         FDRE                                         r  u_l1_icache/data_array_reg[13][0][17]/C

Slack:                    inf
  Source:                 rstn
                            (input port)
  Destination:            u_l1_icache/data_array_reg[13][0][1]/CE
                            (rising edge-triggered cell FDRE clocked by CLK  {rise@0.000ns fall@10.000ns period=20.000ns})
  Path Group:             (none)
  Path Type:              Hold (Min at Fast Process Corner)
  Data Path Delay:        1.536ns  (logic 0.209ns (13.614%)  route 1.327ns (86.386%))
  Logic Levels:           2  (IBUF=1 LUT6=1)
  Clock Path Skew:        1.900ns (DCD - SCD - CPR)
    Destination Clock Delay (DCD):    1.900ns
    Source Clock Delay      (SCD):    0.000ns
    Clock Pessimism Removal (CPR):    -0.000ns
  Timing Exception:       False Path

    Location             Delay type                Incr(ns)  Path(ns)    Netlist Resource(s)
  -------------------------------------------------------------------    -------------------
    U16                                               0.000     0.000 r  rstn (IN)
                         net (fo=0)                   0.000     0.000    rstn
    U16                  IBUF (Prop_ibuf_I_O)         0.164     0.164 r  rstn_IBUF_inst/O
                         net (fo=198, routed)         1.129     1.293    u_l1_icache/rstn_IBUF
    SLICE_X35Y15         LUT6 (Prop_lut6_I3_O)        0.045     1.338 r  u_l1_icache/data_array[13][0][31]_i_1/O
                         net (fo=32, routed)          0.198     1.536    u_l1_icache/data_array[13][0][31]_i_1_n_0
    SLICE_X34Y12         FDRE                                         r  u_l1_icache/data_array_reg[13][0][1]/CE
  -------------------------------------------------------------------    -------------------

                         (clock CLK rise edge)        0.000     0.000 r  
    M18                                               0.000     0.000 r  clk (IN)
                         net (fo=0)                   0.000     0.000    clk
    M18                  IBUF (Prop_ibuf_I_O)         0.356     0.356 r  clk_IBUF_inst/O
                         net (fo=1, routed)           0.689     1.044    clk_IBUF
    BUFGCTRL_X0Y0        BUFG (Prop_bufg_I_O)         0.029     1.073 r  clk_IBUF_BUFG_inst/O
                         net (fo=11156, routed)       0.827     1.900    u_l1_icache/clk_IBUF_BUFG
    SLICE_X34Y12         FDRE                                         r  u_l1_icache/data_array_reg[13][0][1]/C

Slack:                    inf
  Source:                 rstn
                            (input port)
  Destination:            u_l1_icache/data_array_reg[13][0][20]/CE
                            (rising edge-triggered cell FDRE clocked by CLK  {rise@0.000ns fall@10.000ns period=20.000ns})
  Path Group:             (none)
  Path Type:              Hold (Min at Fast Process Corner)
  Data Path Delay:        1.536ns  (logic 0.209ns (13.614%)  route 1.327ns (86.386%))
  Logic Levels:           2  (IBUF=1 LUT6=1)
  Clock Path Skew:        1.900ns (DCD - SCD - CPR)
    Destination Clock Delay (DCD):    1.900ns
    Source Clock Delay      (SCD):    0.000ns
    Clock Pessimism Removal (CPR):    -0.000ns
  Timing Exception:       False Path

    Location             Delay type                Incr(ns)  Path(ns)    Netlist Resource(s)
  -------------------------------------------------------------------    -------------------
    U16                                               0.000     0.000 r  rstn (IN)
                         net (fo=0)                   0.000     0.000    rstn
    U16                  IBUF (Prop_ibuf_I_O)         0.164     0.164 r  rstn_IBUF_inst/O
                         net (fo=198, routed)         1.129     1.293    u_l1_icache/rstn_IBUF
    SLICE_X35Y15         LUT6 (Prop_lut6_I3_O)        0.045     1.338 r  u_l1_icache/data_array[13][0][31]_i_1/O
                         net (fo=32, routed)          0.198     1.536    u_l1_icache/data_array[13][0][31]_i_1_n_0
    SLICE_X34Y12         FDRE                                         r  u_l1_icache/data_array_reg[13][0][20]/CE
  -------------------------------------------------------------------    -------------------

                         (clock CLK rise edge)        0.000     0.000 r  
    M18                                               0.000     0.000 r  clk (IN)
                         net (fo=0)                   0.000     0.000    clk
    M18                  IBUF (Prop_ibuf_I_O)         0.356     0.356 r  clk_IBUF_inst/O
                         net (fo=1, routed)           0.689     1.044    clk_IBUF
    BUFGCTRL_X0Y0        BUFG (Prop_bufg_I_O)         0.029     1.073 r  clk_IBUF_BUFG_inst/O
                         net (fo=11156, routed)       0.827     1.900    u_l1_icache/clk_IBUF_BUFG
    SLICE_X34Y12         FDRE                                         r  u_l1_icache/data_array_reg[13][0][20]/C

Slack:                    inf
  Source:                 rstn
                            (input port)
  Destination:            u_l1_icache/data_array_reg[13][0][24]/CE
                            (rising edge-triggered cell FDRE clocked by CLK  {rise@0.000ns fall@10.000ns period=20.000ns})
  Path Group:             (none)
  Path Type:              Hold (Min at Fast Process Corner)
  Data Path Delay:        1.536ns  (logic 0.209ns (13.614%)  route 1.327ns (86.386%))
  Logic Levels:           2  (IBUF=1 LUT6=1)
  Clock Path Skew:        1.900ns (DCD - SCD - CPR)
    Destination Clock Delay (DCD):    1.900ns
    Source Clock Delay      (SCD):    0.000ns
    Clock Pessimism Removal (CPR):    -0.000ns
  Timing Exception:       False Path

    Location             Delay type                Incr(ns)  Path(ns)    Netlist Resource(s)
  -------------------------------------------------------------------    -------------------
    U16                                               0.000     0.000 r  rstn (IN)
                         net (fo=0)                   0.000     0.000    rstn
    U16                  IBUF (Prop_ibuf_I_O)         0.164     0.164 r  rstn_IBUF_inst/O
                         net (fo=198, routed)         1.129     1.293    u_l1_icache/rstn_IBUF
    SLICE_X35Y15         LUT6 (Prop_lut6_I3_O)        0.045     1.338 r  u_l1_icache/data_array[13][0][31]_i_1/O
                         net (fo=32, routed)          0.198     1.536    u_l1_icache/data_array[13][0][31]_i_1_n_0
    SLICE_X34Y12         FDRE                                         r  u_l1_icache/data_array_reg[13][0][24]/CE
  -------------------------------------------------------------------    -------------------

                         (clock CLK rise edge)        0.000     0.000 r  
    M18                                               0.000     0.000 r  clk (IN)
                         net (fo=0)                   0.000     0.000    clk
    M18                  IBUF (Prop_ibuf_I_O)         0.356     0.356 r  clk_IBUF_inst/O
                         net (fo=1, routed)           0.689     1.044    clk_IBUF
    BUFGCTRL_X0Y0        BUFG (Prop_bufg_I_O)         0.029     1.073 r  clk_IBUF_BUFG_inst/O
                         net (fo=11156, routed)       0.827     1.900    u_l1_icache/clk_IBUF_BUFG
    SLICE_X34Y12         FDRE                                         r  u_l1_icache/data_array_reg[13][0][24]/C

Slack:                    inf
  Source:                 rstn
                            (input port)
  Destination:            u_l1_icache/data_array_reg[13][0][25]/CE
                            (rising edge-triggered cell FDRE clocked by CLK  {rise@0.000ns fall@10.000ns period=20.000ns})
  Path Group:             (none)
  Path Type:              Hold (Min at Fast Process Corner)
  Data Path Delay:        1.536ns  (logic 0.209ns (13.614%)  route 1.327ns (86.386%))
  Logic Levels:           2  (IBUF=1 LUT6=1)
  Clock Path Skew:        1.900ns (DCD - SCD - CPR)
    Destination Clock Delay (DCD):    1.900ns
    Source Clock Delay      (SCD):    0.000ns
    Clock Pessimism Removal (CPR):    -0.000ns
  Timing Exception:       False Path

    Location             Delay type                Incr(ns)  Path(ns)    Netlist Resource(s)
  -------------------------------------------------------------------    -------------------
    U16                                               0.000     0.000 r  rstn (IN)
                         net (fo=0)                   0.000     0.000    rstn
    U16                  IBUF (Prop_ibuf_I_O)         0.164     0.164 r  rstn_IBUF_inst/O
                         net (fo=198, routed)         1.129     1.293    u_l1_icache/rstn_IBUF
    SLICE_X35Y15         LUT6 (Prop_lut6_I3_O)        0.045     1.338 r  u_l1_icache/data_array[13][0][31]_i_1/O
                         net (fo=32, routed)          0.198     1.536    u_l1_icache/data_array[13][0][31]_i_1_n_0
    SLICE_X34Y12         FDRE                                         r  u_l1_icache/data_array_reg[13][0][25]/CE
  -------------------------------------------------------------------    -------------------

                         (clock CLK rise edge)        0.000     0.000 r  
    M18                                               0.000     0.000 r  clk (IN)
                         net (fo=0)                   0.000     0.000    clk
    M18                  IBUF (Prop_ibuf_I_O)         0.356     0.356 r  clk_IBUF_inst/O
                         net (fo=1, routed)           0.689     1.044    clk_IBUF
    BUFGCTRL_X0Y0        BUFG (Prop_bufg_I_O)         0.029     1.073 r  clk_IBUF_BUFG_inst/O
                         net (fo=11156, routed)       0.827     1.900    u_l1_icache/clk_IBUF_BUFG
    SLICE_X34Y12         FDRE                                         r  u_l1_icache/data_array_reg[13][0][25]/C

Slack:                    inf
  Source:                 rstn
                            (input port)
  Destination:            u_cpu/instruction_hold_q_reg[12]/R
                            (rising edge-triggered cell FDRE clocked by CLK  {rise@0.000ns fall@10.000ns period=20.000ns})
  Path Group:             (none)
  Path Type:              Hold (Min at Fast Process Corner)
  Data Path Delay:        1.546ns  (logic 0.209ns (13.525%)  route 1.337ns (86.475%))
  Logic Levels:           2  (IBUF=1 LUT1=1)
  Clock Path Skew:        1.896ns (DCD - SCD - CPR)
    Destination Clock Delay (DCD):    1.896ns
    Source Clock Delay      (SCD):    0.000ns
    Clock Pessimism Removal (CPR):    -0.000ns
  Timing Exception:       False Path

    Location             Delay type                Incr(ns)  Path(ns)    Netlist Resource(s)
  -------------------------------------------------------------------    -------------------
    U16                                               0.000     0.000 f  rstn (IN)
                         net (fo=0)                   0.000     0.000    rstn
    U16                  IBUF (Prop_ibuf_I_O)         0.164     0.164 f  rstn_IBUF_inst/O
                         net (fo=198, routed)         0.625     0.790    u_aes_slave/u_aes_core/key_schedule_inst/rstn_IBUF
    SLICE_X2Y16          LUT1 (Prop_lut1_I0_O)        0.045     0.835 r  u_aes_slave/u_aes_core/key_schedule_inst/key_state_reg[0][255]_i_1/O
                         net (fo=6481, routed)        0.712     1.546    u_cpu/wb_debug__0[0]
    SLICE_X35Y17         FDRE                                         r  u_cpu/instruction_hold_q_reg[12]/R
  -------------------------------------------------------------------    -------------------

                         (clock CLK rise edge)        0.000     0.000 r  
    M18                                               0.000     0.000 r  clk (IN)
                         net (fo=0)                   0.000     0.000    clk
    M18                  IBUF (Prop_ibuf_I_O)         0.356     0.356 r  clk_IBUF_inst/O
                         net (fo=1, routed)           0.689     1.044    clk_IBUF
    BUFGCTRL_X0Y0        BUFG (Prop_bufg_I_O)         0.029     1.073 r  clk_IBUF_BUFG_inst/O
                         net (fo=11156, routed)       0.823     1.896    u_cpu/clk_IBUF_BUFG
    SLICE_X35Y17         FDRE                                         r  u_cpu/instruction_hold_q_reg[12]/C

Slack:                    inf
  Source:                 rstn
                            (input port)
  Destination:            u_cpu/instruction_hold_q_reg[7]/R
                            (rising edge-triggered cell FDRE clocked by CLK  {rise@0.000ns fall@10.000ns period=20.000ns})
  Path Group:             (none)
  Path Type:              Hold (Min at Fast Process Corner)
  Data Path Delay:        1.546ns  (logic 0.209ns (13.525%)  route 1.337ns (86.475%))
  Logic Levels:           2  (IBUF=1 LUT1=1)
  Clock Path Skew:        1.896ns (DCD - SCD - CPR)
    Destination Clock Delay (DCD):    1.896ns
    Source Clock Delay      (SCD):    0.000ns
    Clock Pessimism Removal (CPR):    -0.000ns
  Timing Exception:       False Path

    Location             Delay type                Incr(ns)  Path(ns)    Netlist Resource(s)
  -------------------------------------------------------------------    -------------------
    U16                                               0.000     0.000 f  rstn (IN)
                         net (fo=0)                   0.000     0.000    rstn
    U16                  IBUF (Prop_ibuf_I_O)         0.164     0.164 f  rstn_IBUF_inst/O
                         net (fo=198, routed)         0.625     0.790    u_aes_slave/u_aes_core/key_schedule_inst/rstn_IBUF
    SLICE_X2Y16          LUT1 (Prop_lut1_I0_O)        0.045     0.835 r  u_aes_slave/u_aes_core/key_schedule_inst/key_state_reg[0][255]_i_1/O
                         net (fo=6481, routed)        0.712     1.546    u_cpu/wb_debug__0[0]
    SLICE_X35Y17         FDRE                                         r  u_cpu/instruction_hold_q_reg[7]/R
  -------------------------------------------------------------------    -------------------

                         (clock CLK rise edge)        0.000     0.000 r  
    M18                                               0.000     0.000 r  clk (IN)
                         net (fo=0)                   0.000     0.000    clk
    M18                  IBUF (Prop_ibuf_I_O)         0.356     0.356 r  clk_IBUF_inst/O
                         net (fo=1, routed)           0.689     1.044    clk_IBUF
    BUFGCTRL_X0Y0        BUFG (Prop_bufg_I_O)         0.029     1.073 r  clk_IBUF_BUFG_inst/O
                         net (fo=11156, routed)       0.823     1.896    u_cpu/clk_IBUF_BUFG
    SLICE_X35Y17         FDRE                                         r  u_cpu/instruction_hold_q_reg[7]/C

Slack:                    inf
  Source:                 rstn
                            (input port)
  Destination:            u_l1_icache/data_array_reg[17][0][13]/CE
                            (rising edge-triggered cell FDRE clocked by CLK  {rise@0.000ns fall@10.000ns period=20.000ns})
  Path Group:             (none)
  Path Type:              Hold (Min at Fast Process Corner)
  Data Path Delay:        1.556ns  (logic 0.209ns (13.436%)  route 1.347ns (86.564%))
  Logic Levels:           2  (IBUF=1 LUT6=1)
  Clock Path Skew:        1.896ns (DCD - SCD - CPR)
    Destination Clock Delay (DCD):    1.896ns
    Source Clock Delay      (SCD):    0.000ns
    Clock Pessimism Removal (CPR):    -0.000ns
  Timing Exception:       False Path

    Location             Delay type                Incr(ns)  Path(ns)    Netlist Resource(s)
  -------------------------------------------------------------------    -------------------
    U16                                               0.000     0.000 r  rstn (IN)
                         net (fo=0)                   0.000     0.000    rstn
    U16                  IBUF (Prop_ibuf_I_O)         0.164     0.164 r  rstn_IBUF_inst/O
                         net (fo=198, routed)         1.140     1.304    u_l1_icache/rstn_IBUF
    SLICE_X31Y18         LUT6 (Prop_lut6_I4_O)        0.045     1.349 r  u_l1_icache/data_array[17][0][31]_i_1/O
                         net (fo=32, routed)          0.207     1.556    u_l1_icache/data_array[17][0][31]_i_1_n_0
    SLICE_X30Y18         FDRE                                         r  u_l1_icache/data_array_reg[17][0][13]/CE
  -------------------------------------------------------------------    -------------------

                         (clock CLK rise edge)        0.000     0.000 r  
    M18                                               0.000     0.000 r  clk (IN)
                         net (fo=0)                   0.000     0.000    clk
    M18                  IBUF (Prop_ibuf_I_O)         0.356     0.356 r  clk_IBUF_inst/O
                         net (fo=1, routed)           0.689     1.044    clk_IBUF
    BUFGCTRL_X0Y0        BUFG (Prop_bufg_I_O)         0.029     1.073 r  clk_IBUF_BUFG_inst/O
                         net (fo=11156, routed)       0.823     1.896    u_l1_icache/clk_IBUF_BUFG
    SLICE_X30Y18         FDRE                                         r  u_l1_icache/data_array_reg[17][0][13]/C

Slack:                    inf
  Source:                 rstn
                            (input port)
  Destination:            u_l1_icache/data_array_reg[17][0][14]/CE
                            (rising edge-triggered cell FDRE clocked by CLK  {rise@0.000ns fall@10.000ns period=20.000ns})
  Path Group:             (none)
  Path Type:              Hold (Min at Fast Process Corner)
  Data Path Delay:        1.556ns  (logic 0.209ns (13.436%)  route 1.347ns (86.564%))
  Logic Levels:           2  (IBUF=1 LUT6=1)
  Clock Path Skew:        1.896ns (DCD - SCD - CPR)
    Destination Clock Delay (DCD):    1.896ns
    Source Clock Delay      (SCD):    0.000ns
    Clock Pessimism Removal (CPR):    -0.000ns
  Timing Exception:       False Path

    Location             Delay type                Incr(ns)  Path(ns)    Netlist Resource(s)
  -------------------------------------------------------------------    -------------------
    U16                                               0.000     0.000 r  rstn (IN)
                         net (fo=0)                   0.000     0.000    rstn
    U16                  IBUF (Prop_ibuf_I_O)         0.164     0.164 r  rstn_IBUF_inst/O
                         net (fo=198, routed)         1.140     1.304    u_l1_icache/rstn_IBUF
    SLICE_X31Y18         LUT6 (Prop_lut6_I4_O)        0.045     1.349 r  u_l1_icache/data_array[17][0][31]_i_1/O
                         net (fo=32, routed)          0.207     1.556    u_l1_icache/data_array[17][0][31]_i_1_n_0
    SLICE_X30Y18         FDRE                                         r  u_l1_icache/data_array_reg[17][0][14]/CE
  -------------------------------------------------------------------    -------------------

                         (clock CLK rise edge)        0.000     0.000 r  
    M18                                               0.000     0.000 r  clk (IN)
                         net (fo=0)                   0.000     0.000    clk
    M18                  IBUF (Prop_ibuf_I_O)         0.356     0.356 r  clk_IBUF_inst/O
                         net (fo=1, routed)           0.689     1.044    clk_IBUF
    BUFGCTRL_X0Y0        BUFG (Prop_bufg_I_O)         0.029     1.073 r  clk_IBUF_BUFG_inst/O
                         net (fo=11156, routed)       0.823     1.896    u_l1_icache/clk_IBUF_BUFG
    SLICE_X30Y18         FDRE                                         r  u_l1_icache/data_array_reg[17][0][14]/C

Slack:                    inf
  Source:                 rstn
                            (input port)
  Destination:            u_l1_icache/data_array_reg[17][0][21]/CE
                            (rising edge-triggered cell FDRE clocked by CLK  {rise@0.000ns fall@10.000ns period=20.000ns})
  Path Group:             (none)
  Path Type:              Hold (Min at Fast Process Corner)
  Data Path Delay:        1.556ns  (logic 0.209ns (13.436%)  route 1.347ns (86.564%))
  Logic Levels:           2  (IBUF=1 LUT6=1)
  Clock Path Skew:        1.896ns (DCD - SCD - CPR)
    Destination Clock Delay (DCD):    1.896ns
    Source Clock Delay      (SCD):    0.000ns
    Clock Pessimism Removal (CPR):    -0.000ns
  Timing Exception:       False Path

    Location             Delay type                Incr(ns)  Path(ns)    Netlist Resource(s)
  -------------------------------------------------------------------    -------------------
    U16                                               0.000     0.000 r  rstn (IN)
                         net (fo=0)                   0.000     0.000    rstn
    U16                  IBUF (Prop_ibuf_I_O)         0.164     0.164 r  rstn_IBUF_inst/O
                         net (fo=198, routed)         1.140     1.304    u_l1_icache/rstn_IBUF
    SLICE_X31Y18         LUT6 (Prop_lut6_I4_O)        0.045     1.349 r  u_l1_icache/data_array[17][0][31]_i_1/O
                         net (fo=32, routed)          0.207     1.556    u_l1_icache/data_array[17][0][31]_i_1_n_0
    SLICE_X30Y18         FDRE                                         r  u_l1_icache/data_array_reg[17][0][21]/CE
  -------------------------------------------------------------------    -------------------

                         (clock CLK rise edge)        0.000     0.000 r  
    M18                                               0.000     0.000 r  clk (IN)
                         net (fo=0)                   0.000     0.000    clk
    M18                  IBUF (Prop_ibuf_I_O)         0.356     0.356 r  clk_IBUF_inst/O
                         net (fo=1, routed)           0.689     1.044    clk_IBUF
    BUFGCTRL_X0Y0        BUFG (Prop_bufg_I_O)         0.029     1.073 r  clk_IBUF_BUFG_inst/O
                         net (fo=11156, routed)       0.823     1.896    u_l1_icache/clk_IBUF_BUFG
    SLICE_X30Y18         FDRE                                         r  u_l1_icache/data_array_reg[17][0][21]/C

Slack:                    inf
  Source:                 rstn
                            (input port)
  Destination:            u_l1_icache/data_array_reg[17][0][25]/CE
                            (rising edge-triggered cell FDRE clocked by CLK  {rise@0.000ns fall@10.000ns period=20.000ns})
  Path Group:             (none)
  Path Type:              Hold (Min at Fast Process Corner)
  Data Path Delay:        1.556ns  (logic 0.209ns (13.436%)  route 1.347ns (86.564%))
  Logic Levels:           2  (IBUF=1 LUT6=1)
  Clock Path Skew:        1.896ns (DCD - SCD - CPR)
    Destination Clock Delay (DCD):    1.896ns
    Source Clock Delay      (SCD):    0.000ns
    Clock Pessimism Removal (CPR):    -0.000ns
  Timing Exception:       False Path

    Location             Delay type                Incr(ns)  Path(ns)    Netlist Resource(s)
  -------------------------------------------------------------------    -------------------
    U16                                               0.000     0.000 r  rstn (IN)
                         net (fo=0)                   0.000     0.000    rstn
    U16                  IBUF (Prop_ibuf_I_O)         0.164     0.164 r  rstn_IBUF_inst/O
                         net (fo=198, routed)         1.140     1.304    u_l1_icache/rstn_IBUF
    SLICE_X31Y18         LUT6 (Prop_lut6_I4_O)        0.045     1.349 r  u_l1_icache/data_array[17][0][31]_i_1/O
                         net (fo=32, routed)          0.207     1.556    u_l1_icache/data_array[17][0][31]_i_1_n_0
    SLICE_X30Y18         FDRE                                         r  u_l1_icache/data_array_reg[17][0][25]/CE
  -------------------------------------------------------------------    -------------------

                         (clock CLK rise edge)        0.000     0.000 r  
    M18                                               0.000     0.000 r  clk (IN)
                         net (fo=0)                   0.000     0.000    clk
    M18                  IBUF (Prop_ibuf_I_O)         0.356     0.356 r  clk_IBUF_inst/O
                         net (fo=1, routed)           0.689     1.044    clk_IBUF
    BUFGCTRL_X0Y0        BUFG (Prop_bufg_I_O)         0.029     1.073 r  clk_IBUF_BUFG_inst/O
                         net (fo=11156, routed)       0.823     1.896    u_l1_icache/clk_IBUF_BUFG
    SLICE_X30Y18         FDRE                                         r  u_l1_icache/data_array_reg[17][0][25]/C

Slack:                    inf
  Source:                 rstn
                            (input port)
  Destination:            u_l1_icache/data_array_reg[17][0][29]/CE
                            (rising edge-triggered cell FDRE clocked by CLK  {rise@0.000ns fall@10.000ns period=20.000ns})
  Path Group:             (none)
  Path Type:              Hold (Min at Fast Process Corner)
  Data Path Delay:        1.556ns  (logic 0.209ns (13.436%)  route 1.347ns (86.564%))
  Logic Levels:           2  (IBUF=1 LUT6=1)
  Clock Path Skew:        1.896ns (DCD - SCD - CPR)
    Destination Clock Delay (DCD):    1.896ns
    Source Clock Delay      (SCD):    0.000ns
    Clock Pessimism Removal (CPR):    -0.000ns
  Timing Exception:       False Path

    Location             Delay type                Incr(ns)  Path(ns)    Netlist Resource(s)
  -------------------------------------------------------------------    -------------------
    U16                                               0.000     0.000 r  rstn (IN)
                         net (fo=0)                   0.000     0.000    rstn
    U16                  IBUF (Prop_ibuf_I_O)         0.164     0.164 r  rstn_IBUF_inst/O
                         net (fo=198, routed)         1.140     1.304    u_l1_icache/rstn_IBUF
    SLICE_X31Y18         LUT6 (Prop_lut6_I4_O)        0.045     1.349 r  u_l1_icache/data_array[17][0][31]_i_1/O
                         net (fo=32, routed)          0.207     1.556    u_l1_icache/data_array[17][0][31]_i_1_n_0
    SLICE_X30Y18         FDRE                                         r  u_l1_icache/data_array_reg[17][0][29]/CE
  -------------------------------------------------------------------    -------------------

                         (clock CLK rise edge)        0.000     0.000 r  
    M18                                               0.000     0.000 r  clk (IN)
                         net (fo=0)                   0.000     0.000    clk
    M18                  IBUF (Prop_ibuf_I_O)         0.356     0.356 r  clk_IBUF_inst/O
                         net (fo=1, routed)           0.689     1.044    clk_IBUF
    BUFGCTRL_X0Y0        BUFG (Prop_bufg_I_O)         0.029     1.073 r  clk_IBUF_BUFG_inst/O
                         net (fo=11156, routed)       0.823     1.896    u_l1_icache/clk_IBUF_BUFG
    SLICE_X30Y18         FDRE                                         r  u_l1_icache/data_array_reg[17][0][29]/C

Slack:                    inf
  Source:                 rstn
                            (input port)
  Destination:            u_l1_icache/data_array_reg[17][0][30]/CE
                            (rising edge-triggered cell FDRE clocked by CLK  {rise@0.000ns fall@10.000ns period=20.000ns})
  Path Group:             (none)
  Path Type:              Hold (Min at Fast Process Corner)
  Data Path Delay:        1.556ns  (logic 0.209ns (13.436%)  route 1.347ns (86.564%))
  Logic Levels:           2  (IBUF=1 LUT6=1)
  Clock Path Skew:        1.896ns (DCD - SCD - CPR)
    Destination Clock Delay (DCD):    1.896ns
    Source Clock Delay      (SCD):    0.000ns
    Clock Pessimism Removal (CPR):    -0.000ns
  Timing Exception:       False Path

    Location             Delay type                Incr(ns)  Path(ns)    Netlist Resource(s)
  -------------------------------------------------------------------    -------------------
    U16                                               0.000     0.000 r  rstn (IN)
                         net (fo=0)                   0.000     0.000    rstn
    U16                  IBUF (Prop_ibuf_I_O)         0.164     0.164 r  rstn_IBUF_inst/O
                         net (fo=198, routed)         1.140     1.304    u_l1_icache/rstn_IBUF
    SLICE_X31Y18         LUT6 (Prop_lut6_I4_O)        0.045     1.349 r  u_l1_icache/data_array[17][0][31]_i_1/O
                         net (fo=32, routed)          0.207     1.556    u_l1_icache/data_array[17][0][31]_i_1_n_0
    SLICE_X30Y18         FDRE                                         r  u_l1_icache/data_array_reg[17][0][30]/CE
  -------------------------------------------------------------------    -------------------

                         (clock CLK rise edge)        0.000     0.000 r  
    M18                                               0.000     0.000 r  clk (IN)
                         net (fo=0)                   0.000     0.000    clk
    M18                  IBUF (Prop_ibuf_I_O)         0.356     0.356 r  clk_IBUF_inst/O
                         net (fo=1, routed)           0.689     1.044    clk_IBUF
    BUFGCTRL_X0Y0        BUFG (Prop_bufg_I_O)         0.029     1.073 r  clk_IBUF_BUFG_inst/O
                         net (fo=11156, routed)       0.823     1.896    u_l1_icache/clk_IBUF_BUFG
    SLICE_X30Y18         FDRE                                         r  u_l1_icache/data_array_reg[17][0][30]/C

Slack:                    inf
  Source:                 rstn
                            (input port)
  Destination:            u_l1_icache/data_array_reg[17][0][3]/CE
                            (rising edge-triggered cell FDRE clocked by CLK  {rise@0.000ns fall@10.000ns period=20.000ns})
  Path Group:             (none)
  Path Type:              Hold (Min at Fast Process Corner)
  Data Path Delay:        1.556ns  (logic 0.209ns (13.436%)  route 1.347ns (86.564%))
  Logic Levels:           2  (IBUF=1 LUT6=1)
  Clock Path Skew:        1.896ns (DCD - SCD - CPR)
    Destination Clock Delay (DCD):    1.896ns
    Source Clock Delay      (SCD):    0.000ns
    Clock Pessimism Removal (CPR):    -0.000ns
  Timing Exception:       False Path

    Location             Delay type                Incr(ns)  Path(ns)    Netlist Resource(s)
  -------------------------------------------------------------------    -------------------
    U16                                               0.000     0.000 r  rstn (IN)
                         net (fo=0)                   0.000     0.000    rstn
    U16                  IBUF (Prop_ibuf_I_O)         0.164     0.164 r  rstn_IBUF_inst/O
                         net (fo=198, routed)         1.140     1.304    u_l1_icache/rstn_IBUF
    SLICE_X31Y18         LUT6 (Prop_lut6_I4_O)        0.045     1.349 r  u_l1_icache/data_array[17][0][31]_i_1/O
                         net (fo=32, routed)          0.207     1.556    u_l1_icache/data_array[17][0][31]_i_1_n_0
    SLICE_X30Y18         FDRE                                         r  u_l1_icache/data_array_reg[17][0][3]/CE
  -------------------------------------------------------------------    -------------------

                         (clock CLK rise edge)        0.000     0.000 r  
    M18                                               0.000     0.000 r  clk (IN)
                         net (fo=0)                   0.000     0.000    clk
    M18                  IBUF (Prop_ibuf_I_O)         0.356     0.356 r  clk_IBUF_inst/O
                         net (fo=1, routed)           0.689     1.044    clk_IBUF
    BUFGCTRL_X0Y0        BUFG (Prop_bufg_I_O)         0.029     1.073 r  clk_IBUF_BUFG_inst/O
                         net (fo=11156, routed)       0.823     1.896    u_l1_icache/clk_IBUF_BUFG
    SLICE_X30Y18         FDRE                                         r  u_l1_icache/data_array_reg[17][0][3]/C





--------------------------------------------------------------------------------------
Path Group:  (none)
From Clock:  CLK
  To Clock:  

Max Delay             3 Endpoints
Min Delay             3 Endpoints
--------------------------------------------------------------------------------------


Max Delay Paths
--------------------------------------------------------------------------------------
Slack:                    inf
  Source:                 u_cpu/dut_pc/pc_reg[4]_rep__8/C
                            (rising edge-triggered cell FDRE clocked by CLK  {rise@0.000ns fall@10.000ns period=20.000ns})
  Destination:            cpu_stall_debug
                            (output port)
  Path Group:             (none)
  Path Type:              Max at Slow Process Corner
  Data Path Delay:        19.876ns  (logic 5.666ns (28.504%)  route 14.211ns (71.496%))
  Logic Levels:           14  (CARRY4=2 LUT4=3 LUT5=1 LUT6=6 OBUF=1 RAMD32=1)
  Clock Uncertainty:      0.325ns  ((TSJ^2 + TIJ^2)^1/2 + DJ) / 2 + PE + UU
    Total System Jitter     (TSJ):    0.050ns
    Total Input Jitter      (TIJ):    0.000ns
    Discrete Jitter          (DJ):    0.000ns
    Phase Error              (PE):    0.000ns
    User Uncertainty         (UU):    0.300ns

    Location             Delay type                Incr(ns)  Path(ns)    Netlist Resource(s)
  -------------------------------------------------------------------    -------------------
                         (clock CLK rise edge)        0.000     0.000 r  
    M18                                               0.000     0.000 r  clk (IN)
                         net (fo=0)                   0.000     0.000    clk
    M18                  IBUF (Prop_ibuf_I_O)         0.938     0.938 r  clk_IBUF_inst/O
                         net (fo=1, routed)           1.972     2.910    clk_IBUF
    BUFGCTRL_X0Y0        BUFG (Prop_bufg_I_O)         0.096     3.006 r  clk_IBUF_BUFG_inst/O
                         net (fo=11156, routed)       1.547     4.553    u_cpu/dut_pc/clk_IBUF_BUFG
    SLICE_X47Y25         FDRE                                         r  u_cpu/dut_pc/pc_reg[4]_rep__8/C
  -------------------------------------------------------------------    -------------------
    SLICE_X47Y25         FDRE (Prop_fdre_C_Q)         0.419     4.972 r  u_cpu/dut_pc/pc_reg[4]_rep__8/Q
                         net (fo=130, routed)         1.643     6.615    u_l1_icache/tag_array_reg_0_31_0_5/ADDRC0
    SLICE_X46Y22         RAMD32 (Prop_ramd32_RADR0_O)
                                                      0.328     6.943 r  u_l1_icache/tag_array_reg_0_31_0_5/RAMC/O
                         net (fo=1, routed)           0.676     7.619    u_cpu/dut_pc/lookup_hit1[4]
    SLICE_X42Y22         LUT6 (Prop_lut6_I1_O)        0.331     7.950 r  u_cpu/dut_pc/cpu_stall_debug_OBUF_inst_i_38/O
                         net (fo=1, routed)           0.000     7.950    u_cpu/dut_pc/cpu_stall_debug_OBUF_inst_i_38_n_0
    SLICE_X42Y22         CARRY4 (Prop_carry4_S[1]_CO[3])
                                                      0.533     8.483 r  u_cpu/dut_pc/cpu_stall_debug_OBUF_inst_i_23/CO[3]
                         net (fo=1, routed)           0.000     8.483    u_cpu/dut_pc/cpu_stall_debug_OBUF_inst_i_23_n_0
    SLICE_X42Y23         CARRY4 (Prop_carry4_CI_CO[3])
                                                      0.117     8.600 r  u_cpu/dut_pc/cpu_stall_debug_OBUF_inst_i_7/CO[3]
                         net (fo=4, routed)           0.784     9.384    u_cpu/dut_pc/u_l1_icache/lookup_hit0
    SLICE_X41Y21         LUT5 (Prop_lut5_I4_O)        0.124     9.508 r  u_cpu/dut_pc/cpu_stall_debug_OBUF_inst_i_2/O
                         net (fo=49, routed)          0.986    10.494    u_cpu/dut_pc/state_q_reg_1
    SLICE_X35Y18         LUT6 (Prop_lut6_I3_O)        0.124    10.618 r  u_cpu/dut_pc/instruction_hold_q[2]_i_1/O
                         net (fo=3, routed)           0.676    11.294    u_cpu/dut_pc/pc_reg[6]_rep__3_13[2]
    SLICE_X35Y18         LUT4 (Prop_lut4_I0_O)        0.124    11.418 r  u_cpu/dut_pc/instr_debug[2]_i_1/O
                         net (fo=16, routed)          1.374    12.792    u_cpu/dut_pc/instruction_hold_valid_q_reg_1
    SLICE_X39Y27         LUT4 (Prop_lut4_I0_O)        0.150    12.942 f  u_cpu/dut_pc/cpu_stall_debug_OBUF_inst_i_18/O
                         net (fo=5, routed)           1.014    13.955    u_cpu/dut_pc/mem_read
    SLICE_X49Y36         LUT6 (Prop_lut6_I2_O)        0.326    14.281 r  u_cpu/dut_pc/mem_addr_q[31]_i_3/O
                         net (fo=32, routed)          0.666    14.947    u_cpu/dut_pc/u_cpu_axi_arbiter/select_fetch__1
    SLICE_X49Y40         LUT4 (Prop_lut4_I0_O)        0.124    15.071 r  u_cpu/dut_pc/FSM_onehot_current_state[4]_i_5/O
                         net (fo=5, routed)           0.648    15.719    u_cpu/dut_pc/axi_req_read
    SLICE_X49Y41         LUT6 (Prop_lut6_I3_O)        0.124    15.843 r  u_cpu/dut_pc/FSM_sequential_owner_q[1]_i_2/O
                         net (fo=10, routed)          1.071    16.914    u_cpu/dut_pc/FSM_onehot_current_state_reg[0]
    SLICE_X49Y32         LUT6 (Prop_lut6_I3_O)        0.124    17.038 r  u_cpu/dut_pc/cpu_stall_debug_OBUF_inst_i_5/O
                         net (fo=3, routed)           1.601    18.639    u_cpu/dut_pc/cpu_mem_stall
    SLICE_X36Y17         LUT6 (Prop_lut6_I5_O)        0.124    18.763 r  u_cpu/dut_pc/cpu_stall_debug_OBUF_inst_i_1/O
                         net (fo=1, routed)           3.073    21.836    cpu_stall_debug_OBUF
    V14                  OBUF (Prop_obuf_I_O)         2.594    24.429 r  cpu_stall_debug_OBUF_inst/O
                         net (fo=0)                   0.000    24.429    cpu_stall_debug
    V14                                                               r  cpu_stall_debug (OUT)
  -------------------------------------------------------------------    -------------------

Slack:                    inf
  Source:                 u_uart_slave/u_uart_core/uart_tx_inst/bit_cnt_reg[1]/C
                            (rising edge-triggered cell FDRE clocked by CLK  {rise@0.000ns fall@10.000ns period=20.000ns})
  Destination:            uart_tx_o
                            (output port)
  Path Group:             (none)
  Path Type:              Max at Slow Process Corner
  Data Path Delay:        9.197ns  (logic 3.693ns (40.157%)  route 5.503ns (59.843%))
  Logic Levels:           4  (LUT5=1 LUT6=1 MUXF7=1 OBUF=1)
  Clock Uncertainty:      0.325ns  ((TSJ^2 + TIJ^2)^1/2 + DJ) / 2 + PE + UU
    Total System Jitter     (TSJ):    0.050ns
    Total Input Jitter      (TIJ):    0.000ns
    Discrete Jitter          (DJ):    0.000ns
    Phase Error              (PE):    0.000ns
    User Uncertainty         (UU):    0.300ns

    Location             Delay type                Incr(ns)  Path(ns)    Netlist Resource(s)
  -------------------------------------------------------------------    -------------------
                         (clock CLK rise edge)        0.000     0.000 r  
    M18                                               0.000     0.000 r  clk (IN)
                         net (fo=0)                   0.000     0.000    clk
    M18                  IBUF (Prop_ibuf_I_O)         0.938     0.938 r  clk_IBUF_inst/O
                         net (fo=1, routed)           1.972     2.910    clk_IBUF
    BUFGCTRL_X0Y0        BUFG (Prop_bufg_I_O)         0.096     3.006 r  clk_IBUF_BUFG_inst/O
                         net (fo=11156, routed)       1.566     4.572    u_uart_slave/u_uart_core/uart_tx_inst/clk_IBUF_BUFG
    SLICE_X28Y44         FDRE                                         r  u_uart_slave/u_uart_core/uart_tx_inst/bit_cnt_reg[1]/C
  -------------------------------------------------------------------    -------------------
    SLICE_X28Y44         FDRE (Prop_fdre_C_Q)         0.456     5.028 r  u_uart_slave/u_uart_core/uart_tx_inst/bit_cnt_reg[1]/Q
                         net (fo=5, routed)           1.120     6.148    u_uart_slave/u_uart_core/uart_tx_inst/bit_cnt[1]
    SLICE_X28Y43         LUT6 (Prop_lut6_I2_O)        0.124     6.272 r  u_uart_slave/u_uart_core/uart_tx_inst/uart_tx_o_OBUF_inst_i_4/O
                         net (fo=1, routed)           0.000     6.272    u_uart_slave/u_uart_core/uart_tx_inst/uart_tx_o_OBUF_inst_i_4_n_0
    SLICE_X28Y43         MUXF7 (Prop_muxf7_I1_O)      0.217     6.489 r  u_uart_slave/u_uart_core/uart_tx_inst/uart_tx_o_OBUF_inst_i_2/O
                         net (fo=1, routed)           0.801     7.290    u_uart_slave/u_uart_core/uart_tx_inst/uart_tx_o_OBUF_inst_i_2_n_0
    SLICE_X29Y44         LUT5 (Prop_lut5_I2_O)        0.299     7.589 r  u_uart_slave/u_uart_core/uart_tx_inst/uart_tx_o_OBUF_inst_i_1/O
                         net (fo=1, routed)           3.583    11.171    uart_tx_o_OBUF
    V13                  OBUF (Prop_obuf_I_O)         2.597    13.768 r  uart_tx_o_OBUF_inst/O
                         net (fo=0)                   0.000    13.768    uart_tx_o
    V13                                                               r  uart_tx_o (OUT)
  -------------------------------------------------------------------    -------------------

Slack:                    inf
  Source:                 u_aes_slave/done_q_reg/C
                            (rising edge-triggered cell FDRE clocked by CLK  {rise@0.000ns fall@10.000ns period=20.000ns})
  Destination:            aes_done_debug
                            (output port)
  Path Group:             (none)
  Path Type:              Max at Slow Process Corner
  Data Path Delay:        7.550ns  (logic 3.193ns (42.296%)  route 4.356ns (57.704%))
  Logic Levels:           1  (OBUF=1)
  Clock Uncertainty:      0.325ns  ((TSJ^2 + TIJ^2)^1/2 + DJ) / 2 + PE + UU
    Total System Jitter     (TSJ):    0.050ns
    Total Input Jitter      (TIJ):    0.000ns
    Discrete Jitter          (DJ):    0.000ns
    Phase Error              (PE):    0.000ns
    User Uncertainty         (UU):    0.300ns

    Location             Delay type                Incr(ns)  Path(ns)    Netlist Resource(s)
  -------------------------------------------------------------------    -------------------
                         (clock CLK rise edge)        0.000     0.000 r  
    M18                                               0.000     0.000 r  clk (IN)
                         net (fo=0)                   0.000     0.000    clk
    M18                  IBUF (Prop_ibuf_I_O)         0.938     0.938 r  clk_IBUF_inst/O
                         net (fo=1, routed)           1.972     2.910    clk_IBUF
    BUFGCTRL_X0Y0        BUFG (Prop_bufg_I_O)         0.096     3.006 r  clk_IBUF_BUFG_inst/O
                         net (fo=11156, routed)       1.555     4.561    u_aes_slave/clk_IBUF_BUFG
    SLICE_X44Y53         FDRE                                         r  u_aes_slave/done_q_reg/C
  -------------------------------------------------------------------    -------------------
    SLICE_X44Y53         FDRE (Prop_fdre_C_Q)         0.419     4.980 r  u_aes_slave/done_q_reg/Q
                         net (fo=3, routed)           4.356     9.336    aes_done_debug_OBUF
    U14                  OBUF (Prop_obuf_I_O)         2.774    12.110 r  aes_done_debug_OBUF_inst/O
                         net (fo=0)                   0.000    12.110    aes_done_debug
    U14                                                               r  aes_done_debug (OUT)
  -------------------------------------------------------------------    -------------------





Min Delay Paths
--------------------------------------------------------------------------------------
Slack:                    inf
  Source:                 u_uart_slave/u_uart_core/uart_tx_inst/parity_bit_reg/C
                            (rising edge-triggered cell FDRE clocked by CLK  {rise@0.000ns fall@10.000ns period=20.000ns})
  Destination:            uart_tx_o
                            (output port)
  Path Group:             (none)
  Path Type:              Min at Fast Process Corner
  Data Path Delay:        2.730ns  (logic 1.300ns (47.628%)  route 1.430ns (52.372%))
  Logic Levels:           2  (LUT5=1 OBUF=1)
  Clock Uncertainty:      0.125ns  ((TSJ^2 + TIJ^2)^1/2 + DJ) / 2 + PE + UU
    Total System Jitter     (TSJ):    0.050ns
    Total Input Jitter      (TIJ):    0.000ns
    Discrete Jitter          (DJ):    0.000ns
    Phase Error              (PE):    0.000ns
    User Uncertainty         (UU):    0.100ns

    Location             Delay type                Incr(ns)  Path(ns)    Netlist Resource(s)
  -------------------------------------------------------------------    -------------------
                         (clock CLK rise edge)        0.000     0.000 r  
    M18                                               0.000     0.000 r  clk (IN)
                         net (fo=0)                   0.000     0.000    clk
    M18                  IBUF (Prop_ibuf_I_O)         0.167     0.167 r  clk_IBUF_inst/O
                         net (fo=1, routed)           0.634     0.801    clk_IBUF
    BUFGCTRL_X0Y0        BUFG (Prop_bufg_I_O)         0.026     0.827 r  clk_IBUF_BUFG_inst/O
                         net (fo=11156, routed)       0.563     1.390    u_uart_slave/u_uart_core/uart_tx_inst/clk_IBUF_BUFG
    SLICE_X29Y44         FDRE                                         r  u_uart_slave/u_uart_core/uart_tx_inst/parity_bit_reg/C
  -------------------------------------------------------------------    -------------------
    SLICE_X29Y44         FDRE (Prop_fdre_C_Q)         0.141     1.531 r  u_uart_slave/u_uart_core/uart_tx_inst/parity_bit_reg/Q
                         net (fo=1, routed)           0.136     1.667    u_uart_slave/u_uart_core/uart_tx_inst/parity_bit
    SLICE_X29Y44         LUT5 (Prop_lut5_I4_O)        0.045     1.712 r  u_uart_slave/u_uart_core/uart_tx_inst/uart_tx_o_OBUF_inst_i_1/O
                         net (fo=1, routed)           1.294     3.006    uart_tx_o_OBUF
    V13                  OBUF (Prop_obuf_I_O)         1.114     4.120 r  uart_tx_o_OBUF_inst/O
                         net (fo=0)                   0.000     4.120    uart_tx_o
    V13                                                               r  uart_tx_o (OUT)
  -------------------------------------------------------------------    -------------------

Slack:                    inf
  Source:                 u_aes_slave/done_q_reg/C
                            (rising edge-triggered cell FDRE clocked by CLK  {rise@0.000ns fall@10.000ns period=20.000ns})
  Destination:            aes_done_debug
                            (output port)
  Path Group:             (none)
  Path Type:              Min at Fast Process Corner
  Data Path Delay:        2.920ns  (logic 1.298ns (44.467%)  route 1.621ns (55.533%))
  Logic Levels:           1  (OBUF=1)
  Clock Uncertainty:      0.125ns  ((TSJ^2 + TIJ^2)^1/2 + DJ) / 2 + PE + UU
    Total System Jitter     (TSJ):    0.050ns
    Total Input Jitter      (TIJ):    0.000ns
    Discrete Jitter          (DJ):    0.000ns
    Phase Error              (PE):    0.000ns
    User Uncertainty         (UU):    0.100ns

    Location             Delay type                Incr(ns)  Path(ns)    Netlist Resource(s)
  -------------------------------------------------------------------    -------------------
                         (clock CLK rise edge)        0.000     0.000 r  
    M18                                               0.000     0.000 r  clk (IN)
                         net (fo=0)                   0.000     0.000    clk
    M18                  IBUF (Prop_ibuf_I_O)         0.167     0.167 r  clk_IBUF_inst/O
                         net (fo=1, routed)           0.634     0.801    clk_IBUF
    BUFGCTRL_X0Y0        BUFG (Prop_bufg_I_O)         0.026     0.827 r  clk_IBUF_BUFG_inst/O
                         net (fo=11156, routed)       0.562     1.389    u_aes_slave/clk_IBUF_BUFG
    SLICE_X44Y53         FDRE                                         r  u_aes_slave/done_q_reg/C
  -------------------------------------------------------------------    -------------------
    SLICE_X44Y53         FDRE (Prop_fdre_C_Q)         0.128     1.517 r  u_aes_slave/done_q_reg/Q
                         net (fo=3, routed)           1.621     3.138    aes_done_debug_OBUF
    U14                  OBUF (Prop_obuf_I_O)         1.170     4.309 r  aes_done_debug_OBUF_inst/O
                         net (fo=0)                   0.000     4.309    aes_done_debug
    U14                                                               r  aes_done_debug (OUT)
  -------------------------------------------------------------------    -------------------

Slack:                    inf
  Source:                 u_cpu/instruction_hold_valid_q_reg/C
                            (rising edge-triggered cell FDRE clocked by CLK  {rise@0.000ns fall@10.000ns period=20.000ns})
  Destination:            cpu_stall_debug
                            (output port)
  Path Group:             (none)
  Path Type:              Min at Fast Process Corner
  Data Path Delay:        2.985ns  (logic 1.320ns (44.219%)  route 1.665ns (55.781%))
  Logic Levels:           2  (LUT6=1 OBUF=1)
  Clock Uncertainty:      0.125ns  ((TSJ^2 + TIJ^2)^1/2 + DJ) / 2 + PE + UU
    Total System Jitter     (TSJ):    0.050ns
    Total Input Jitter      (TIJ):    0.000ns
    Discrete Jitter          (DJ):    0.000ns
    Phase Error              (PE):    0.000ns
    User Uncertainty         (UU):    0.100ns

    Location             Delay type                Incr(ns)  Path(ns)    Netlist Resource(s)
  -------------------------------------------------------------------    -------------------
                         (clock CLK rise edge)        0.000     0.000 r  
    M18                                               0.000     0.000 r  clk (IN)
                         net (fo=0)                   0.000     0.000    clk
    M18                  IBUF (Prop_ibuf_I_O)         0.167     0.167 r  clk_IBUF_inst/O
                         net (fo=1, routed)           0.634     0.801    clk_IBUF
    BUFGCTRL_X0Y0        BUFG (Prop_bufg_I_O)         0.026     0.827 r  clk_IBUF_BUFG_inst/O
                         net (fo=11156, routed)       0.551     1.378    u_cpu/clk_IBUF_BUFG
    SLICE_X38Y23         FDRE                                         r  u_cpu/instruction_hold_valid_q_reg/C
  -------------------------------------------------------------------    -------------------
    SLICE_X38Y23         FDRE (Prop_fdre_C_Q)         0.164     1.542 f  u_cpu/instruction_hold_valid_q_reg/Q
                         net (fo=46, routed)          0.627     2.169    u_cpu/dut_pc/instruction_hold_valid_q
    SLICE_X36Y17         LUT6 (Prop_lut6_I4_O)        0.045     2.214 r  u_cpu/dut_pc/cpu_stall_debug_OBUF_inst_i_1/O
                         net (fo=1, routed)           1.038     3.252    cpu_stall_debug_OBUF
    V14                  OBUF (Prop_obuf_I_O)         1.111     4.363 r  cpu_stall_debug_OBUF_inst/O
                         net (fo=0)                   0.000     4.363    cpu_stall_debug
    V14                                                               r  cpu_stall_debug (OUT)
  -------------------------------------------------------------------    -------------------





