Copyright 1986-2022 Xilinx, Inc. All Rights Reserved. Copyright 2022-2025 Advanced Micro Devices, Inc. All Rights Reserved.
----------------------------------------------------------------------------------------------------------------------------------------------------------------------------------------------
| Tool Version : Vivado v.2025.2 (lin64) Build 6299465 Fri Nov 14 12:34:56 MST 2025
| Date         : Thu Sep 10 18:59:31 2026
| Host         : trungp1412 running 64-bit Red Hat Enterprise Linux 10.2 (Coughlan)"
RELEASE_TYPE=stable
| Command      : report_timing_summary -delay_type min_max -max_paths 20 -report_unconstrained -file /home/trungpham/PROJECT/KLTN/vivado_fmax_arty_a7_100t_20ns/post_route_timing_summary.rpt
| Design       : soc_top
| Device       : 7a100t-csg324
| Speed File   : -1  PRODUCTION 1.23 2018-06-13
| Design State : Routed
----------------------------------------------------------------------------------------------------------------------------------------------------------------------------------------------

Timing Summary Report

------------------------------------------------------------------------------------------------
| Timer Settings
| --------------
------------------------------------------------------------------------------------------------

  Enable Multi Corner Analysis               :  Yes
  Enable Pessimism Removal                   :  Yes
  Pessimism Removal Resolution               :  Nearest Common Node
  Enable Input Delay Default Clock           :  No
  Enable Preset / Clear Arcs                 :  No
  Disable Flight Delays                      :  No
  Ignore I/O Paths                           :  No
  Timing Early Launch at Borrowing Latches   :  No
  Borrow Time for Max Delay Exceptions       :  Yes
  Merge Timing Exceptions                    :  Yes
  Inter-SLR Compensation                     :  Conservative

  Corner  Analyze    Analyze    
  Name    Max Paths  Min Paths  
  ------  ---------  ---------  
  Slow    Yes        Yes        
  Fast    Yes        Yes        


------------------------------------------------------------------------------------------------
| Report Methodology
| ------------------
------------------------------------------------------------------------------------------------

No report available as report_methodology has not been run prior. Run report_methodology on the current design for the summary of methodology violations.



check_timing report

Table of Contents
-----------------
1. checking no_clock (0)
2. checking constant_clock (0)
3. checking pulse_width_clock (0)
4. checking unconstrained_internal_endpoints (0)
5. checking no_input_delay (2)
6. checking no_output_delay (3)
7. checking multiple_clock (0)
8. checking generated_clocks (0)
9. checking loops (0)
10. checking partial_input_delay (0)
11. checking partial_output_delay (0)
12. checking latch_loops (0)

1. checking no_clock (0)
------------------------
 There are 0 register/latch pins with no clock.


2. checking constant_clock (0)
------------------------------
 There are 0 register/latch pins with constant_clock.


3. checking pulse_width_clock (0)
---------------------------------
 There are 0 register/latch pins which need pulse_width check


4. checking unconstrained_internal_endpoints (0)
------------------------------------------------
 There are 0 pins that are not constrained for maximum delay.

 There are 0 pins that are not constrained for maximum delay due to constant clock.


5. checking no_input_delay (2)
------------------------------
 There are 0 input ports with no input delay specified.

 There are 2 input ports with no input delay but user has a false path constraint. (MEDIUM)


6. checking no_output_delay (3)
-------------------------------
 There are 3 ports with no output delay specified. (HIGH)

 There are 0 ports with no output delay but user has a false path constraint

 There are 0 ports with no output delay but with a timing clock defined on it or propagating through it


7. checking multiple_clock (0)
------------------------------
 There are 0 register/latch pins with multiple clocks.


8. checking generated_clocks (0)
--------------------------------
 There are 0 generated clocks that are not connected to a clock source.


9. checking loops (0)
---------------------
 There are 0 combinational loops in the design.


10. checking partial_input_delay (0)
------------------------------------
 There are 0 input ports with partial input delay specified.


11. checking partial_output_delay (0)
-------------------------------------
 There are 0 ports with partial output delay specified.


12. checking latch_loops (0)
----------------------------
 There are 0 combinational latch loops in the design through latch input



------------------------------------------------------------------------------------------------
| Design Timing Summary
| ---------------------
------------------------------------------------------------------------------------------------

    WNS(ns)      TNS(ns)  TNS Failing Endpoints  TNS Total Endpoints      WHS(ns)      THS(ns)  THS Failing Endpoints  THS Total Endpoints     WPWS(ns)     TPWS(ns)  TPWS Failing Endpoints  TPWS Total Endpoints  
    -------      -------  ---------------------  -------------------      -------      -------  ---------------------  -------------------     --------     --------  ----------------------  --------------------  
     -0.492      -89.271                    697                19340        0.031        0.000                      0                19340        8.750        0.000                       0                 11157  


Timing constraints are not met.


------------------------------------------------------------------------------------------------
| Clock Summary
| -------------
------------------------------------------------------------------------------------------------

Clock  Waveform(ns)       Period(ns)      Frequency(MHz)
-----  ------------       ----------      --------------
CLK    {0.000 10.000}     20.000          50.000          


------------------------------------------------------------------------------------------------
| Intra Clock Table
| -----------------
------------------------------------------------------------------------------------------------

Clock             WNS(ns)      TNS(ns)  TNS Failing Endpoints  TNS Total Endpoints      WHS(ns)      THS(ns)  THS Failing Endpoints  THS Total Endpoints     WPWS(ns)     TPWS(ns)  TPWS Failing Endpoints  TPWS Total Endpoints  
-----             -------      -------  ---------------------  -------------------      -------      -------  ---------------------  -------------------     --------     --------  ----------------------  --------------------  
CLK                -0.492      -89.271                    697                19340        0.031        0.000                      0                19340        8.750        0.000                       0                 11157  


------------------------------------------------------------------------------------------------
| Inter Clock Table
| -----------------
------------------------------------------------------------------------------------------------

From Clock    To Clock          WNS(ns)      TNS(ns)  TNS Failing Endpoints  TNS Total Endpoints      WHS(ns)      THS(ns)  THS Failing Endpoints  THS Total Endpoints  
----------    --------          -------      -------  ---------------------  -------------------      -------      -------  ---------------------  -------------------  


------------------------------------------------------------------------------------------------
| Other Path Groups Table
| -----------------------
------------------------------------------------------------------------------------------------

Path Group    From Clock    To Clock          WNS(ns)      TNS(ns)  TNS Failing Endpoints  TNS Total Endpoints      WHS(ns)      THS(ns)  THS Failing Endpoints  THS Total Endpoints  
----------    ----------    --------          -------      -------  ---------------------  -------------------      -------      -------  ---------------------  -------------------  


------------------------------------------------------------------------------------------------
| User Ignored Path Table
| -----------------------
------------------------------------------------------------------------------------------------

Path Group    From Clock    To Clock    
----------    ----------    --------    
(none)                                    
(none)                      CLK           


------------------------------------------------------------------------------------------------
| Unconstrained Path Table
| ------------------------
------------------------------------------------------------------------------------------------

Path Group    From Clock    To Clock    
----------    ----------    --------    
(none)        CLK                         


------------------------------------------------------------------------------------------------
| Timing Details
| --------------
------------------------------------------------------------------------------------------------


---------------------------------------------------------------------------------------------------
From Clock:  CLK
  To Clock:  CLK

Setup :          697  Failing Endpoints,  Worst Slack       -0.492ns,  Total Violation      -89.271ns
Hold  :            0  Failing Endpoints,  Worst Slack        0.031ns,  Total Violation        0.000ns
PW    :            0  Failing Endpoints,  Worst Slack        8.750ns,  Total Violation        0.000ns
---------------------------------------------------------------------------------------------------


Max Delay Paths
--------------------------------------------------------------------------------------
Slack (VIOLATED) :        -0.492ns  (required time - arrival time)
  Source:                 u_cpu/dut_pc/pc_reg[5]/C
                            (rising edge-triggered cell FDRE clocked by CLK  {rise@0.000ns fall@10.000ns period=20.000ns})
  Destination:            u_l1_icache/data_array_reg[24][3][8]/CE
                            (rising edge-triggered cell FDRE clocked by CLK  {rise@0.000ns fall@10.000ns period=20.000ns})
  Path Group:             CLK
  Path Type:              Setup (Max at Slow Process Corner)
  Requirement:            20.000ns  (CLK rise@20.000ns - CLK rise@0.000ns)
  Data Path Delay:        19.946ns  (logic 4.607ns (23.097%)  route 15.339ns (76.903%))
  Logic Levels:           24  (CARRY4=8 LUT2=1 LUT4=3 LUT5=2 LUT6=9 RAMD32=1)
  Clock Path Skew:        -0.042ns (DCD - SCD + CPR)
    Destination Clock Delay (DCD):    4.498ns = ( 24.498 - 20.000 ) 
    Source Clock Delay      (SCD):    4.872ns
    Clock Pessimism Removal (CPR):    0.331ns
  Clock Uncertainty:      0.335ns  ((TSJ^2 + TIJ^2)^1/2 + DJ) / 2 + PE + UU
    Total System Jitter     (TSJ):    0.071ns
    Total Input Jitter      (TIJ):    0.000ns
    Discrete Jitter          (DJ):    0.000ns
    Phase Error              (PE):    0.000ns
    User Uncertainty         (UU):    0.300ns

    Location             Delay type                Incr(ns)  Path(ns)    Netlist Resource(s)
  -------------------------------------------------------------------    -------------------
                         (clock CLK rise edge)        0.000     0.000 r  
    N15                                               0.000     0.000 r  clk (IN)
                         net (fo=0)                   0.000     0.000    clk
    N15                  IBUF (Prop_ibuf_I_O)         0.948     0.948 r  clk_IBUF_inst/O
                         net (fo=1, routed)           2.016     2.963    clk_IBUF
    BUFGCTRL_X0Y0        BUFG (Prop_bufg_I_O)         0.096     3.059 r  clk_IBUF_BUFG_inst/O
                         net (fo=11156, routed)       1.812     4.872    u_cpu/dut_pc/clk_IBUF_BUFG
    SLICE_X31Y8          FDRE                                         r  u_cpu/dut_pc/pc_reg[5]/C
  -------------------------------------------------------------------    -------------------
    SLICE_X31Y8          FDRE (Prop_fdre_C_Q)         0.456     5.328 r  u_cpu/dut_pc/pc_reg[5]/Q
                         net (fo=165, routed)         1.287     6.614    u_l1_icache/tag_array_reg_0_31_6_11/ADDRB1
    SLICE_X30Y6          RAMD32 (Prop_ramd32_RADR1_O)
                                                      0.152     6.766 r  u_l1_icache/tag_array_reg_0_31_6_11/RAMB/O
                         net (fo=1, routed)           0.992     7.758    u_cpu/dut_pc/lookup_hit1[8]
    SLICE_X24Y8          LUT6 (Prop_lut6_I3_O)        0.348     8.106 r  u_cpu/dut_pc/cpu_stall_debug_OBUF_inst_i_37/O
                         net (fo=1, routed)           0.000     8.106    u_cpu/dut_pc/cpu_stall_debug_OBUF_inst_i_37_n_0
    SLICE_X24Y8          CARRY4 (Prop_carry4_S[2]_CO[3])
                                                      0.398     8.504 r  u_cpu/dut_pc/cpu_stall_debug_OBUF_inst_i_23/CO[3]
                         net (fo=1, routed)           0.000     8.504    u_cpu/dut_pc/cpu_stall_debug_OBUF_inst_i_23_n_0
    SLICE_X24Y9          CARRY4 (Prop_carry4_CI_CO[3])
                                                      0.114     8.618 f  u_cpu/dut_pc/cpu_stall_debug_OBUF_inst_i_7/CO[3]
                         net (fo=4, routed)           1.355     9.973    u_cpu/dut_pc/u_l1_icache/lookup_hit0
    SLICE_X22Y14         LUT6 (Prop_lut6_I1_O)        0.124    10.097 f  u_cpu/dut_pc/registers_reg_r1_0_31_0_5_i_29/O
                         net (fo=33, routed)          0.901    10.998    u_cpu/dut_pc/registers_reg_r1_0_31_0_5_i_29_n_0
    SLICE_X20Y15         LUT6 (Prop_lut6_I4_O)        0.124    11.122 f  u_cpu/dut_pc/instr_debug[5]_i_1/O
                         net (fo=20, routed)          0.653    11.775    u_cpu/dut_pc/state_q_reg_2
    SLICE_X19Y16         LUT5 (Prop_lut5_I4_O)        0.124    11.899 r  u_cpu/dut_pc/pc_target1_carry_i_14/O
                         net (fo=2, routed)           0.812    12.712    u_cpu/dut_pc/pc_target1_carry_i_14_n_0
    SLICE_X19Y14         LUT6 (Prop_lut6_I2_O)        0.124    12.836 r  u_cpu/dut_pc/pc_target1_carry_i_11/O
                         net (fo=38, routed)          1.135    13.971    u_cpu/dut_pc/imm_sel[1]
    SLICE_X17Y8          LUT6 (Prop_lut6_I4_O)        0.124    14.095 r  u_cpu/dut_pc/pc_target1_carry_i_3/O
                         net (fo=5, routed)           0.485    14.580    u_cpu/dut_pc/instruction_hold_valid_q_reg[1]
    SLICE_X16Y5          LUT4 (Prop_lut4_I3_O)        0.124    14.704 r  u_cpu/dut_pc/result0_carry_i_12/O
                         net (fo=114, routed)         0.806    15.509    u_cpu/dut_pc/src_b[1]
    SLICE_X13Y1          LUT2 (Prop_lut2_I1_O)        0.124    15.633 r  u_cpu/dut_pc/result0_carry_i_7/O
                         net (fo=1, routed)           0.000    15.633    u_cpu/dut_alu/S[1]
    SLICE_X13Y1          CARRY4 (Prop_carry4_S[1]_CO[3])
                                                      0.550    16.183 r  u_cpu/dut_alu/result0_carry/CO[3]
                         net (fo=1, routed)           0.000    16.183    u_cpu/dut_alu/result0_carry_n_0
    SLICE_X13Y2          CARRY4 (Prop_carry4_CI_CO[3])
                                                      0.114    16.297 r  u_cpu/dut_alu/result0_carry__0/CO[3]
                         net (fo=1, routed)           0.000    16.297    u_cpu/dut_alu/result0_carry__0_n_0
    SLICE_X13Y3          CARRY4 (Prop_carry4_CI_CO[3])
                                                      0.114    16.411 r  u_cpu/dut_alu/result0_carry__1/CO[3]
                         net (fo=1, routed)           0.000    16.411    u_cpu/dut_alu/result0_carry__1_n_0
    SLICE_X13Y4          CARRY4 (Prop_carry4_CI_CO[3])
                                                      0.114    16.525 r  u_cpu/dut_alu/result0_carry__2/CO[3]
                         net (fo=1, routed)           0.000    16.525    u_cpu/dut_alu/result0_carry__2_n_0
    SLICE_X13Y5          CARRY4 (Prop_carry4_CI_CO[3])
                                                      0.114    16.639 r  u_cpu/dut_alu/result0_carry__3/CO[3]
                         net (fo=1, routed)           0.000    16.639    u_cpu/dut_alu/result0_carry__3_n_0
    SLICE_X13Y6          CARRY4 (Prop_carry4_CI_O[0])
                                                      0.222    16.861 r  u_cpu/dut_alu/result0_carry__4/O[0]
                         net (fo=1, routed)           0.768    17.630    u_cpu/dut_alu/data0[20]
    SLICE_X9Y7           LUT4 (Prop_lut4_I0_O)        0.299    17.929 r  u_cpu/dut_alu/mem_addr_q[20]_i_12/O
                         net (fo=1, routed)           0.530    18.459    u_cpu/dut_pc/mem_addr_q[20]_i_2_0
    SLICE_X7Y8           LUT6 (Prop_lut6_I5_O)        0.124    18.583 r  u_cpu/dut_pc/mem_addr_q[20]_i_6/O
                         net (fo=1, routed)           0.635    19.217    u_cpu/dut_pc/mem_addr_q[20]_i_6_n_0
    SLICE_X7Y10          LUT6 (Prop_lut6_I5_O)        0.124    19.341 r  u_cpu/dut_pc/mem_addr_q[20]_i_2/O
                         net (fo=5, routed)           1.125    20.467    u_cpu/dut_pc/cpu_mem_addr[20]
    SLICE_X10Y12         LUT4 (Prop_lut4_I1_O)        0.124    20.591 f  u_cpu/dut_pc/refill_word_q[1]_i_10/O
                         net (fo=1, routed)           0.447    21.037    u_cpu/dut_pc/refill_word_q[1]_i_10_n_0
    SLICE_X15Y12         LUT6 (Prop_lut6_I5_O)        0.124    21.161 f  u_cpu/dut_pc/refill_word_q[1]_i_6/O
                         net (fo=1, routed)           0.808    21.969    u_cpu/dut_pc/refill_word_q[1]_i_6_n_0
    SLICE_X30Y12         LUT5 (Prop_lut5_I1_O)        0.124    22.093 f  u_cpu/dut_pc/refill_word_q[1]_i_4/O
                         net (fo=165, routed)         1.279    23.372    u_l1_icache/icache_invalidate
    SLICE_X54Y11         LUT6 (Prop_lut6_I2_O)        0.124    23.496 r  u_l1_icache/data_array[24][3][31]_i_1/O
                         net (fo=32, routed)          1.322    24.818    u_l1_icache/data_array[24][3][31]_i_1_n_0
    SLICE_X34Y3          FDRE                                         r  u_l1_icache/data_array_reg[24][3][8]/CE
  -------------------------------------------------------------------    -------------------

                         (clock CLK rise edge)       20.000    20.000 r  
    N15                                               0.000    20.000 r  clk (IN)
                         net (fo=0)                   0.000    20.000    clk
    N15                  IBUF (Prop_ibuf_I_O)         0.814    20.814 r  clk_IBUF_inst/O
                         net (fo=1, routed)           1.911    22.725    clk_IBUF
    BUFGCTRL_X0Y0        BUFG (Prop_bufg_I_O)         0.091    22.816 r  clk_IBUF_BUFG_inst/O
                         net (fo=11156, routed)       1.682    24.498    u_l1_icache/clk_IBUF_BUFG
    SLICE_X34Y3          FDRE                                         r  u_l1_icache/data_array_reg[24][3][8]/C
                         clock pessimism              0.331    24.830    
                         clock uncertainty           -0.335    24.494    
    SLICE_X34Y3          FDRE (Setup_fdre_C_CE)      -0.169    24.325    u_l1_icache/data_array_reg[24][3][8]
  -------------------------------------------------------------------
                         required time                         24.325    
                         arrival time                         -24.818    
  -------------------------------------------------------------------
                         slack                                 -0.492    

Slack (VIOLATED) :        -0.389ns  (required time - arrival time)
  Source:                 u_cpu/dut_pc/pc_reg[5]/C
                            (rising edge-triggered cell FDRE clocked by CLK  {rise@0.000ns fall@10.000ns period=20.000ns})
  Destination:            u_l1_icache/data_array_reg[18][1][10]/CE
                            (rising edge-triggered cell FDRE clocked by CLK  {rise@0.000ns fall@10.000ns period=20.000ns})
  Path Group:             CLK
  Path Type:              Setup (Max at Slow Process Corner)
  Requirement:            20.000ns  (CLK rise@20.000ns - CLK rise@0.000ns)
  Data Path Delay:        19.822ns  (logic 4.607ns (23.242%)  route 15.215ns (76.758%))
  Logic Levels:           24  (CARRY4=8 LUT2=1 LUT4=3 LUT5=2 LUT6=9 RAMD32=1)
  Clock Path Skew:        -0.026ns (DCD - SCD + CPR)
    Destination Clock Delay (DCD):    4.497ns = ( 24.497 - 20.000 ) 
    Source Clock Delay      (SCD):    4.872ns
    Clock Pessimism Removal (CPR):    0.348ns
  Clock Uncertainty:      0.335ns  ((TSJ^2 + TIJ^2)^1/2 + DJ) / 2 + PE + UU
    Total System Jitter     (TSJ):    0.071ns
    Total Input Jitter      (TIJ):    0.000ns
    Discrete Jitter          (DJ):    0.000ns
    Phase Error              (PE):    0.000ns
    User Uncertainty         (UU):    0.300ns

    Location             Delay type                Incr(ns)  Path(ns)    Netlist Resource(s)
  -------------------------------------------------------------------    -------------------
                         (clock CLK rise edge)        0.000     0.000 r  
    N15                                               0.000     0.000 r  clk (IN)
                         net (fo=0)                   0.000     0.000    clk
    N15                  IBUF (Prop_ibuf_I_O)         0.948     0.948 r  clk_IBUF_inst/O
                         net (fo=1, routed)           2.016     2.963    clk_IBUF
    BUFGCTRL_X0Y0        BUFG (Prop_bufg_I_O)         0.096     3.059 r  clk_IBUF_BUFG_inst/O
                         net (fo=11156, routed)       1.812     4.872    u_cpu/dut_pc/clk_IBUF_BUFG
    SLICE_X31Y8          FDRE                                         r  u_cpu/dut_pc/pc_reg[5]/C
  -------------------------------------------------------------------    -------------------
    SLICE_X31Y8          FDRE (Prop_fdre_C_Q)         0.456     5.328 r  u_cpu/dut_pc/pc_reg[5]/Q
                         net (fo=165, routed)         1.287     6.614    u_l1_icache/tag_array_reg_0_31_6_11/ADDRB1
    SLICE_X30Y6          RAMD32 (Prop_ramd32_RADR1_O)
                                                      0.152     6.766 r  u_l1_icache/tag_array_reg_0_31_6_11/RAMB/O
                         net (fo=1, routed)           0.992     7.758    u_cpu/dut_pc/lookup_hit1[8]
    SLICE_X24Y8          LUT6 (Prop_lut6_I3_O)        0.348     8.106 r  u_cpu/dut_pc/cpu_stall_debug_OBUF_inst_i_37/O
                         net (fo=1, routed)           0.000     8.106    u_cpu/dut_pc/cpu_stall_debug_OBUF_inst_i_37_n_0
    SLICE_X24Y8          CARRY4 (Prop_carry4_S[2]_CO[3])
                                                      0.398     8.504 r  u_cpu/dut_pc/cpu_stall_debug_OBUF_inst_i_23/CO[3]
                         net (fo=1, routed)           0.000     8.504    u_cpu/dut_pc/cpu_stall_debug_OBUF_inst_i_23_n_0
    SLICE_X24Y9          CARRY4 (Prop_carry4_CI_CO[3])
                                                      0.114     8.618 f  u_cpu/dut_pc/cpu_stall_debug_OBUF_inst_i_7/CO[3]
                         net (fo=4, routed)           1.355     9.973    u_cpu/dut_pc/u_l1_icache/lookup_hit0
    SLICE_X22Y14         LUT6 (Prop_lut6_I1_O)        0.124    10.097 f  u_cpu/dut_pc/registers_reg_r1_0_31_0_5_i_29/O
                         net (fo=33, routed)          0.901    10.998    u_cpu/dut_pc/registers_reg_r1_0_31_0_5_i_29_n_0
    SLICE_X20Y15         LUT6 (Prop_lut6_I4_O)        0.124    11.122 f  u_cpu/dut_pc/instr_debug[5]_i_1/O
                         net (fo=20, routed)          0.653    11.775    u_cpu/dut_pc/state_q_reg_2
    SLICE_X19Y16         LUT5 (Prop_lut5_I4_O)        0.124    11.899 r  u_cpu/dut_pc/pc_target1_carry_i_14/O
                         net (fo=2, routed)           0.812    12.712    u_cpu/dut_pc/pc_target1_carry_i_14_n_0
    SLICE_X19Y14         LUT6 (Prop_lut6_I2_O)        0.124    12.836 r  u_cpu/dut_pc/pc_target1_carry_i_11/O
                         net (fo=38, routed)          1.135    13.971    u_cpu/dut_pc/imm_sel[1]
    SLICE_X17Y8          LUT6 (Prop_lut6_I4_O)        0.124    14.095 r  u_cpu/dut_pc/pc_target1_carry_i_3/O
                         net (fo=5, routed)           0.485    14.580    u_cpu/dut_pc/instruction_hold_valid_q_reg[1]
    SLICE_X16Y5          LUT4 (Prop_lut4_I3_O)        0.124    14.704 r  u_cpu/dut_pc/result0_carry_i_12/O
                         net (fo=114, routed)         0.806    15.509    u_cpu/dut_pc/src_b[1]
    SLICE_X13Y1          LUT2 (Prop_lut2_I1_O)        0.124    15.633 r  u_cpu/dut_pc/result0_carry_i_7/O
                         net (fo=1, routed)           0.000    15.633    u_cpu/dut_alu/S[1]
    SLICE_X13Y1          CARRY4 (Prop_carry4_S[1]_CO[3])
                                                      0.550    16.183 r  u_cpu/dut_alu/result0_carry/CO[3]
                         net (fo=1, routed)           0.000    16.183    u_cpu/dut_alu/result0_carry_n_0
    SLICE_X13Y2          CARRY4 (Prop_carry4_CI_CO[3])
                                                      0.114    16.297 r  u_cpu/dut_alu/result0_carry__0/CO[3]
                         net (fo=1, routed)           0.000    16.297    u_cpu/dut_alu/result0_carry__0_n_0
    SLICE_X13Y3          CARRY4 (Prop_carry4_CI_CO[3])
                                                      0.114    16.411 r  u_cpu/dut_alu/result0_carry__1/CO[3]
                         net (fo=1, routed)           0.000    16.411    u_cpu/dut_alu/result0_carry__1_n_0
    SLICE_X13Y4          CARRY4 (Prop_carry4_CI_CO[3])
                                                      0.114    16.525 r  u_cpu/dut_alu/result0_carry__2/CO[3]
                         net (fo=1, routed)           0.000    16.525    u_cpu/dut_alu/result0_carry__2_n_0
    SLICE_X13Y5          CARRY4 (Prop_carry4_CI_CO[3])
                                                      0.114    16.639 r  u_cpu/dut_alu/result0_carry__3/CO[3]
                         net (fo=1, routed)           0.000    16.639    u_cpu/dut_alu/result0_carry__3_n_0
    SLICE_X13Y6          CARRY4 (Prop_carry4_CI_O[0])
                                                      0.222    16.861 r  u_cpu/dut_alu/result0_carry__4/O[0]
                         net (fo=1, routed)           0.768    17.630    u_cpu/dut_alu/data0[20]
    SLICE_X9Y7           LUT4 (Prop_lut4_I0_O)        0.299    17.929 r  u_cpu/dut_alu/mem_addr_q[20]_i_12/O
                         net (fo=1, routed)           0.530    18.459    u_cpu/dut_pc/mem_addr_q[20]_i_2_0
    SLICE_X7Y8           LUT6 (Prop_lut6_I5_O)        0.124    18.583 r  u_cpu/dut_pc/mem_addr_q[20]_i_6/O
                         net (fo=1, routed)           0.635    19.217    u_cpu/dut_pc/mem_addr_q[20]_i_6_n_0
    SLICE_X7Y10          LUT6 (Prop_lut6_I5_O)        0.124    19.341 r  u_cpu/dut_pc/mem_addr_q[20]_i_2/O
                         net (fo=5, routed)           1.125    20.467    u_cpu/dut_pc/cpu_mem_addr[20]
    SLICE_X10Y12         LUT4 (Prop_lut4_I1_O)        0.124    20.591 f  u_cpu/dut_pc/refill_word_q[1]_i_10/O
                         net (fo=1, routed)           0.447    21.037    u_cpu/dut_pc/refill_word_q[1]_i_10_n_0
    SLICE_X15Y12         LUT6 (Prop_lut6_I5_O)        0.124    21.161 f  u_cpu/dut_pc/refill_word_q[1]_i_6/O
                         net (fo=1, routed)           0.808    21.969    u_cpu/dut_pc/refill_word_q[1]_i_6_n_0
    SLICE_X30Y12         LUT5 (Prop_lut5_I1_O)        0.124    22.093 f  u_cpu/dut_pc/refill_word_q[1]_i_4/O
                         net (fo=165, routed)         1.048    23.141    u_l1_icache/icache_invalidate
    SLICE_X47Y13         LUT6 (Prop_lut6_I1_O)        0.124    23.265 r  u_l1_icache/data_array[18][1][31]_i_1/O
                         net (fo=32, routed)          1.428    24.694    u_l1_icache/data_array[18][1][31]_i_1_n_0
    SLICE_X31Y9          FDRE                                         r  u_l1_icache/data_array_reg[18][1][10]/CE
  -------------------------------------------------------------------    -------------------

                         (clock CLK rise edge)       20.000    20.000 r  
    N15                                               0.000    20.000 r  clk (IN)
                         net (fo=0)                   0.000    20.000    clk
    N15                  IBUF (Prop_ibuf_I_O)         0.814    20.814 r  clk_IBUF_inst/O
                         net (fo=1, routed)           1.911    22.725    clk_IBUF
    BUFGCTRL_X0Y0        BUFG (Prop_bufg_I_O)         0.091    22.816 r  clk_IBUF_BUFG_inst/O
                         net (fo=11156, routed)       1.681    24.497    u_l1_icache/clk_IBUF_BUFG
    SLICE_X31Y9          FDRE                                         r  u_l1_icache/data_array_reg[18][1][10]/C
                         clock pessimism              0.348    24.846    
                         clock uncertainty           -0.335    24.510    
    SLICE_X31Y9          FDRE (Setup_fdre_C_CE)      -0.205    24.305    u_l1_icache/data_array_reg[18][1][10]
  -------------------------------------------------------------------
                         required time                         24.305    
                         arrival time                         -24.694    
  -------------------------------------------------------------------
                         slack                                 -0.389    

Slack (VIOLATED) :        -0.389ns  (required time - arrival time)
  Source:                 u_cpu/dut_pc/pc_reg[5]/C
                            (rising edge-triggered cell FDRE clocked by CLK  {rise@0.000ns fall@10.000ns period=20.000ns})
  Destination:            u_l1_icache/data_array_reg[18][1][14]/CE
                            (rising edge-triggered cell FDRE clocked by CLK  {rise@0.000ns fall@10.000ns period=20.000ns})
  Path Group:             CLK
  Path Type:              Setup (Max at Slow Process Corner)
  Requirement:            20.000ns  (CLK rise@20.000ns - CLK rise@0.000ns)
  Data Path Delay:        19.822ns  (logic 4.607ns (23.242%)  route 15.215ns (76.758%))
  Logic Levels:           24  (CARRY4=8 LUT2=1 LUT4=3 LUT5=2 LUT6=9 RAMD32=1)
  Clock Path Skew:        -0.026ns (DCD - SCD + CPR)
    Destination Clock Delay (DCD):    4.497ns = ( 24.497 - 20.000 ) 
    Source Clock Delay      (SCD):    4.872ns
    Clock Pessimism Removal (CPR):    0.348ns
  Clock Uncertainty:      0.335ns  ((TSJ^2 + TIJ^2)^1/2 + DJ) / 2 + PE + UU
    Total System Jitter     (TSJ):    0.071ns
    Total Input Jitter      (TIJ):    0.000ns
    Discrete Jitter          (DJ):    0.000ns
    Phase Error              (PE):    0.000ns
    User Uncertainty         (UU):    0.300ns

    Location             Delay type                Incr(ns)  Path(ns)    Netlist Resource(s)
  -------------------------------------------------------------------    -------------------
                         (clock CLK rise edge)        0.000     0.000 r  
    N15                                               0.000     0.000 r  clk (IN)
                         net (fo=0)                   0.000     0.000    clk
    N15                  IBUF (Prop_ibuf_I_O)         0.948     0.948 r  clk_IBUF_inst/O
                         net (fo=1, routed)           2.016     2.963    clk_IBUF
    BUFGCTRL_X0Y0        BUFG (Prop_bufg_I_O)         0.096     3.059 r  clk_IBUF_BUFG_inst/O
                         net (fo=11156, routed)       1.812     4.872    u_cpu/dut_pc/clk_IBUF_BUFG
    SLICE_X31Y8          FDRE                                         r  u_cpu/dut_pc/pc_reg[5]/C
  -------------------------------------------------------------------    -------------------
    SLICE_X31Y8          FDRE (Prop_fdre_C_Q)         0.456     5.328 r  u_cpu/dut_pc/pc_reg[5]/Q
                         net (fo=165, routed)         1.287     6.614    u_l1_icache/tag_array_reg_0_31_6_11/ADDRB1
    SLICE_X30Y6          RAMD32 (Prop_ramd32_RADR1_O)
                                                      0.152     6.766 r  u_l1_icache/tag_array_reg_0_31_6_11/RAMB/O
                         net (fo=1, routed)           0.992     7.758    u_cpu/dut_pc/lookup_hit1[8]
    SLICE_X24Y8          LUT6 (Prop_lut6_I3_O)        0.348     8.106 r  u_cpu/dut_pc/cpu_stall_debug_OBUF_inst_i_37/O
                         net (fo=1, routed)           0.000     8.106    u_cpu/dut_pc/cpu_stall_debug_OBUF_inst_i_37_n_0
    SLICE_X24Y8          CARRY4 (Prop_carry4_S[2]_CO[3])
                                                      0.398     8.504 r  u_cpu/dut_pc/cpu_stall_debug_OBUF_inst_i_23/CO[3]
                         net (fo=1, routed)           0.000     8.504    u_cpu/dut_pc/cpu_stall_debug_OBUF_inst_i_23_n_0
    SLICE_X24Y9          CARRY4 (Prop_carry4_CI_CO[3])
                                                      0.114     8.618 f  u_cpu/dut_pc/cpu_stall_debug_OBUF_inst_i_7/CO[3]
                         net (fo=4, routed)           1.355     9.973    u_cpu/dut_pc/u_l1_icache/lookup_hit0
    SLICE_X22Y14         LUT6 (Prop_lut6_I1_O)        0.124    10.097 f  u_cpu/dut_pc/registers_reg_r1_0_31_0_5_i_29/O
                         net (fo=33, routed)          0.901    10.998    u_cpu/dut_pc/registers_reg_r1_0_31_0_5_i_29_n_0
    SLICE_X20Y15         LUT6 (Prop_lut6_I4_O)        0.124    11.122 f  u_cpu/dut_pc/instr_debug[5]_i_1/O
                         net (fo=20, routed)          0.653    11.775    u_cpu/dut_pc/state_q_reg_2
    SLICE_X19Y16         LUT5 (Prop_lut5_I4_O)        0.124    11.899 r  u_cpu/dut_pc/pc_target1_carry_i_14/O
                         net (fo=2, routed)           0.812    12.712    u_cpu/dut_pc/pc_target1_carry_i_14_n_0
    SLICE_X19Y14         LUT6 (Prop_lut6_I2_O)        0.124    12.836 r  u_cpu/dut_pc/pc_target1_carry_i_11/O
                         net (fo=38, routed)          1.135    13.971    u_cpu/dut_pc/imm_sel[1]
    SLICE_X17Y8          LUT6 (Prop_lut6_I4_O)        0.124    14.095 r  u_cpu/dut_pc/pc_target1_carry_i_3/O
                         net (fo=5, routed)           0.485    14.580    u_cpu/dut_pc/instruction_hold_valid_q_reg[1]
    SLICE_X16Y5          LUT4 (Prop_lut4_I3_O)        0.124    14.704 r  u_cpu/dut_pc/result0_carry_i_12/O
                         net (fo=114, routed)         0.806    15.509    u_cpu/dut_pc/src_b[1]
    SLICE_X13Y1          LUT2 (Prop_lut2_I1_O)        0.124    15.633 r  u_cpu/dut_pc/result0_carry_i_7/O
                         net (fo=1, routed)           0.000    15.633    u_cpu/dut_alu/S[1]
    SLICE_X13Y1          CARRY4 (Prop_carry4_S[1]_CO[3])
                                                      0.550    16.183 r  u_cpu/dut_alu/result0_carry/CO[3]
                         net (fo=1, routed)           0.000    16.183    u_cpu/dut_alu/result0_carry_n_0
    SLICE_X13Y2          CARRY4 (Prop_carry4_CI_CO[3])
                                                      0.114    16.297 r  u_cpu/dut_alu/result0_carry__0/CO[3]
                         net (fo=1, routed)           0.000    16.297    u_cpu/dut_alu/result0_carry__0_n_0
    SLICE_X13Y3          CARRY4 (Prop_carry4_CI_CO[3])
                                                      0.114    16.411 r  u_cpu/dut_alu/result0_carry__1/CO[3]
                         net (fo=1, routed)           0.000    16.411    u_cpu/dut_alu/result0_carry__1_n_0
    SLICE_X13Y4          CARRY4 (Prop_carry4_CI_CO[3])
                                                      0.114    16.525 r  u_cpu/dut_alu/result0_carry__2/CO[3]
                         net (fo=1, routed)           0.000    16.525    u_cpu/dut_alu/result0_carry__2_n_0
    SLICE_X13Y5          CARRY4 (Prop_carry4_CI_CO[3])
                                                      0.114    16.639 r  u_cpu/dut_alu/result0_carry__3/CO[3]
                         net (fo=1, routed)           0.000    16.639    u_cpu/dut_alu/result0_carry__3_n_0
    SLICE_X13Y6          CARRY4 (Prop_carry4_CI_O[0])
                                                      0.222    16.861 r  u_cpu/dut_alu/result0_carry__4/O[0]
                         net (fo=1, routed)           0.768    17.630    u_cpu/dut_alu/data0[20]
    SLICE_X9Y7           LUT4 (Prop_lut4_I0_O)        0.299    17.929 r  u_cpu/dut_alu/mem_addr_q[20]_i_12/O
                         net (fo=1, routed)           0.530    18.459    u_cpu/dut_pc/mem_addr_q[20]_i_2_0
    SLICE_X7Y8           LUT6 (Prop_lut6_I5_O)        0.124    18.583 r  u_cpu/dut_pc/mem_addr_q[20]_i_6/O
                         net (fo=1, routed)           0.635    19.217    u_cpu/dut_pc/mem_addr_q[20]_i_6_n_0
    SLICE_X7Y10          LUT6 (Prop_lut6_I5_O)        0.124    19.341 r  u_cpu/dut_pc/mem_addr_q[20]_i_2/O
                         net (fo=5, routed)           1.125    20.467    u_cpu/dut_pc/cpu_mem_addr[20]
    SLICE_X10Y12         LUT4 (Prop_lut4_I1_O)        0.124    20.591 f  u_cpu/dut_pc/refill_word_q[1]_i_10/O
                         net (fo=1, routed)           0.447    21.037    u_cpu/dut_pc/refill_word_q[1]_i_10_n_0
    SLICE_X15Y12         LUT6 (Prop_lut6_I5_O)        0.124    21.161 f  u_cpu/dut_pc/refill_word_q[1]_i_6/O
                         net (fo=1, routed)           0.808    21.969    u_cpu/dut_pc/refill_word_q[1]_i_6_n_0
    SLICE_X30Y12         LUT5 (Prop_lut5_I1_O)        0.124    22.093 f  u_cpu/dut_pc/refill_word_q[1]_i_4/O
                         net (fo=165, routed)         1.048    23.141    u_l1_icache/icache_invalidate
    SLICE_X47Y13         LUT6 (Prop_lut6_I1_O)        0.124    23.265 r  u_l1_icache/data_array[18][1][31]_i_1/O
                         net (fo=32, routed)          1.428    24.694    u_l1_icache/data_array[18][1][31]_i_1_n_0
    SLICE_X31Y9          FDRE                                         r  u_l1_icache/data_array_reg[18][1][14]/CE
  -------------------------------------------------------------------    -------------------

                         (clock CLK rise edge)       20.000    20.000 r  
    N15                                               0.000    20.000 r  clk (IN)
                         net (fo=0)                   0.000    20.000    clk
    N15                  IBUF (Prop_ibuf_I_O)         0.814    20.814 r  clk_IBUF_inst/O
                         net (fo=1, routed)           1.911    22.725    clk_IBUF
    BUFGCTRL_X0Y0        BUFG (Prop_bufg_I_O)         0.091    22.816 r  clk_IBUF_BUFG_inst/O
                         net (fo=11156, routed)       1.681    24.497    u_l1_icache/clk_IBUF_BUFG
    SLICE_X31Y9          FDRE                                         r  u_l1_icache/data_array_reg[18][1][14]/C
                         clock pessimism              0.348    24.846    
                         clock uncertainty           -0.335    24.510    
    SLICE_X31Y9          FDRE (Setup_fdre_C_CE)      -0.205    24.305    u_l1_icache/data_array_reg[18][1][14]
  -------------------------------------------------------------------
                         required time                         24.305    
                         arrival time                         -24.694    
  -------------------------------------------------------------------
                         slack                                 -0.389    

Slack (VIOLATED) :        -0.389ns  (required time - arrival time)
  Source:                 u_cpu/dut_pc/pc_reg[5]/C
                            (rising edge-triggered cell FDRE clocked by CLK  {rise@0.000ns fall@10.000ns period=20.000ns})
  Destination:            u_l1_icache/data_array_reg[18][1][6]/CE
                            (rising edge-triggered cell FDRE clocked by CLK  {rise@0.000ns fall@10.000ns period=20.000ns})
  Path Group:             CLK
  Path Type:              Setup (Max at Slow Process Corner)
  Requirement:            20.000ns  (CLK rise@20.000ns - CLK rise@0.000ns)
  Data Path Delay:        19.822ns  (logic 4.607ns (23.242%)  route 15.215ns (76.758%))
  Logic Levels:           24  (CARRY4=8 LUT2=1 LUT4=3 LUT5=2 LUT6=9 RAMD32=1)
  Clock Path Skew:        -0.026ns (DCD - SCD + CPR)
    Destination Clock Delay (DCD):    4.497ns = ( 24.497 - 20.000 ) 
    Source Clock Delay      (SCD):    4.872ns
    Clock Pessimism Removal (CPR):    0.348ns
  Clock Uncertainty:      0.335ns  ((TSJ^2 + TIJ^2)^1/2 + DJ) / 2 + PE + UU
    Total System Jitter     (TSJ):    0.071ns
    Total Input Jitter      (TIJ):    0.000ns
    Discrete Jitter          (DJ):    0.000ns
    Phase Error              (PE):    0.000ns
    User Uncertainty         (UU):    0.300ns

    Location             Delay type                Incr(ns)  Path(ns)    Netlist Resource(s)
  -------------------------------------------------------------------    -------------------
                         (clock CLK rise edge)        0.000     0.000 r  
    N15                                               0.000     0.000 r  clk (IN)
                         net (fo=0)                   0.000     0.000    clk
    N15                  IBUF (Prop_ibuf_I_O)         0.948     0.948 r  clk_IBUF_inst/O
                         net (fo=1, routed)           2.016     2.963    clk_IBUF
    BUFGCTRL_X0Y0        BUFG (Prop_bufg_I_O)         0.096     3.059 r  clk_IBUF_BUFG_inst/O
                         net (fo=11156, routed)       1.812     4.872    u_cpu/dut_pc/clk_IBUF_BUFG
    SLICE_X31Y8          FDRE                                         r  u_cpu/dut_pc/pc_reg[5]/C
  -------------------------------------------------------------------    -------------------
    SLICE_X31Y8          FDRE (Prop_fdre_C_Q)         0.456     5.328 r  u_cpu/dut_pc/pc_reg[5]/Q
                         net (fo=165, routed)         1.287     6.614    u_l1_icache/tag_array_reg_0_31_6_11/ADDRB1
    SLICE_X30Y6          RAMD32 (Prop_ramd32_RADR1_O)
                                                      0.152     6.766 r  u_l1_icache/tag_array_reg_0_31_6_11/RAMB/O
                         net (fo=1, routed)           0.992     7.758    u_cpu/dut_pc/lookup_hit1[8]
    SLICE_X24Y8          LUT6 (Prop_lut6_I3_O)        0.348     8.106 r  u_cpu/dut_pc/cpu_stall_debug_OBUF_inst_i_37/O
                         net (fo=1, routed)           0.000     8.106    u_cpu/dut_pc/cpu_stall_debug_OBUF_inst_i_37_n_0
    SLICE_X24Y8          CARRY4 (Prop_carry4_S[2]_CO[3])
                                                      0.398     8.504 r  u_cpu/dut_pc/cpu_stall_debug_OBUF_inst_i_23/CO[3]
                         net (fo=1, routed)           0.000     8.504    u_cpu/dut_pc/cpu_stall_debug_OBUF_inst_i_23_n_0
    SLICE_X24Y9          CARRY4 (Prop_carry4_CI_CO[3])
                                                      0.114     8.618 f  u_cpu/dut_pc/cpu_stall_debug_OBUF_inst_i_7/CO[3]
                         net (fo=4, routed)           1.355     9.973    u_cpu/dut_pc/u_l1_icache/lookup_hit0
    SLICE_X22Y14         LUT6 (Prop_lut6_I1_O)        0.124    10.097 f  u_cpu/dut_pc/registers_reg_r1_0_31_0_5_i_29/O
                         net (fo=33, routed)          0.901    10.998    u_cpu/dut_pc/registers_reg_r1_0_31_0_5_i_29_n_0
    SLICE_X20Y15         LUT6 (Prop_lut6_I4_O)        0.124    11.122 f  u_cpu/dut_pc/instr_debug[5]_i_1/O
                         net (fo=20, routed)          0.653    11.775    u_cpu/dut_pc/state_q_reg_2
    SLICE_X19Y16         LUT5 (Prop_lut5_I4_O)        0.124    11.899 r  u_cpu/dut_pc/pc_target1_carry_i_14/O
                         net (fo=2, routed)           0.812    12.712    u_cpu/dut_pc/pc_target1_carry_i_14_n_0
    SLICE_X19Y14         LUT6 (Prop_lut6_I2_O)        0.124    12.836 r  u_cpu/dut_pc/pc_target1_carry_i_11/O
                         net (fo=38, routed)          1.135    13.971    u_cpu/dut_pc/imm_sel[1]
    SLICE_X17Y8          LUT6 (Prop_lut6_I4_O)        0.124    14.095 r  u_cpu/dut_pc/pc_target1_carry_i_3/O
                         net (fo=5, routed)           0.485    14.580    u_cpu/dut_pc/instruction_hold_valid_q_reg[1]
    SLICE_X16Y5          LUT4 (Prop_lut4_I3_O)        0.124    14.704 r  u_cpu/dut_pc/result0_carry_i_12/O
                         net (fo=114, routed)         0.806    15.509    u_cpu/dut_pc/src_b[1]
    SLICE_X13Y1          LUT2 (Prop_lut2_I1_O)        0.124    15.633 r  u_cpu/dut_pc/result0_carry_i_7/O
                         net (fo=1, routed)           0.000    15.633    u_cpu/dut_alu/S[1]
    SLICE_X13Y1          CARRY4 (Prop_carry4_S[1]_CO[3])
                                                      0.550    16.183 r  u_cpu/dut_alu/result0_carry/CO[3]
                         net (fo=1, routed)           0.000    16.183    u_cpu/dut_alu/result0_carry_n_0
    SLICE_X13Y2          CARRY4 (Prop_carry4_CI_CO[3])
                                                      0.114    16.297 r  u_cpu/dut_alu/result0_carry__0/CO[3]
                         net (fo=1, routed)           0.000    16.297    u_cpu/dut_alu/result0_carry__0_n_0
    SLICE_X13Y3          CARRY4 (Prop_carry4_CI_CO[3])
                                                      0.114    16.411 r  u_cpu/dut_alu/result0_carry__1/CO[3]
                         net (fo=1, routed)           0.000    16.411    u_cpu/dut_alu/result0_carry__1_n_0
    SLICE_X13Y4          CARRY4 (Prop_carry4_CI_CO[3])
                                                      0.114    16.525 r  u_cpu/dut_alu/result0_carry__2/CO[3]
                         net (fo=1, routed)           0.000    16.525    u_cpu/dut_alu/result0_carry__2_n_0
    SLICE_X13Y5          CARRY4 (Prop_carry4_CI_CO[3])
                                                      0.114    16.639 r  u_cpu/dut_alu/result0_carry__3/CO[3]
                         net (fo=1, routed)           0.000    16.639    u_cpu/dut_alu/result0_carry__3_n_0
    SLICE_X13Y6          CARRY4 (Prop_carry4_CI_O[0])
                                                      0.222    16.861 r  u_cpu/dut_alu/result0_carry__4/O[0]
                         net (fo=1, routed)           0.768    17.630    u_cpu/dut_alu/data0[20]
    SLICE_X9Y7           LUT4 (Prop_lut4_I0_O)        0.299    17.929 r  u_cpu/dut_alu/mem_addr_q[20]_i_12/O
                         net (fo=1, routed)           0.530    18.459    u_cpu/dut_pc/mem_addr_q[20]_i_2_0
    SLICE_X7Y8           LUT6 (Prop_lut6_I5_O)        0.124    18.583 r  u_cpu/dut_pc/mem_addr_q[20]_i_6/O
                         net (fo=1, routed)           0.635    19.217    u_cpu/dut_pc/mem_addr_q[20]_i_6_n_0
    SLICE_X7Y10          LUT6 (Prop_lut6_I5_O)        0.124    19.341 r  u_cpu/dut_pc/mem_addr_q[20]_i_2/O
                         net (fo=5, routed)           1.125    20.467    u_cpu/dut_pc/cpu_mem_addr[20]
    SLICE_X10Y12         LUT4 (Prop_lut4_I1_O)        0.124    20.591 f  u_cpu/dut_pc/refill_word_q[1]_i_10/O
                         net (fo=1, routed)           0.447    21.037    u_cpu/dut_pc/refill_word_q[1]_i_10_n_0
    SLICE_X15Y12         LUT6 (Prop_lut6_I5_O)        0.124    21.161 f  u_cpu/dut_pc/refill_word_q[1]_i_6/O
                         net (fo=1, routed)           0.808    21.969    u_cpu/dut_pc/refill_word_q[1]_i_6_n_0
    SLICE_X30Y12         LUT5 (Prop_lut5_I1_O)        0.124    22.093 f  u_cpu/dut_pc/refill_word_q[1]_i_4/O
                         net (fo=165, routed)         1.048    23.141    u_l1_icache/icache_invalidate
    SLICE_X47Y13         LUT6 (Prop_lut6_I1_O)        0.124    23.265 r  u_l1_icache/data_array[18][1][31]_i_1/O
                         net (fo=32, routed)          1.428    24.694    u_l1_icache/data_array[18][1][31]_i_1_n_0
    SLICE_X31Y9          FDRE                                         r  u_l1_icache/data_array_reg[18][1][6]/CE
  -------------------------------------------------------------------    -------------------

                         (clock CLK rise edge)       20.000    20.000 r  
    N15                                               0.000    20.000 r  clk (IN)
                         net (fo=0)                   0.000    20.000    clk
    N15                  IBUF (Prop_ibuf_I_O)         0.814    20.814 r  clk_IBUF_inst/O
                         net (fo=1, routed)           1.911    22.725    clk_IBUF
    BUFGCTRL_X0Y0        BUFG (Prop_bufg_I_O)         0.091    22.816 r  clk_IBUF_BUFG_inst/O
                         net (fo=11156, routed)       1.681    24.497    u_l1_icache/clk_IBUF_BUFG
    SLICE_X31Y9          FDRE                                         r  u_l1_icache/data_array_reg[18][1][6]/C
                         clock pessimism              0.348    24.846    
                         clock uncertainty           -0.335    24.510    
    SLICE_X31Y9          FDRE (Setup_fdre_C_CE)      -0.205    24.305    u_l1_icache/data_array_reg[18][1][6]
  -------------------------------------------------------------------
                         required time                         24.305    
                         arrival time                         -24.694    
  -------------------------------------------------------------------
                         slack                                 -0.389    

Slack (VIOLATED) :        -0.384ns  (required time - arrival time)
  Source:                 u_cpu/dut_pc/pc_reg[5]/C
                            (rising edge-triggered cell FDRE clocked by CLK  {rise@0.000ns fall@10.000ns period=20.000ns})
  Destination:            u_l1_icache/data_array_reg[22][3][7]/CE
                            (rising edge-triggered cell FDRE clocked by CLK  {rise@0.000ns fall@10.000ns period=20.000ns})
  Path Group:             CLK
  Path Type:              Setup (Max at Slow Process Corner)
  Requirement:            20.000ns  (CLK rise@20.000ns - CLK rise@0.000ns)
  Data Path Delay:        19.756ns  (logic 4.607ns (23.319%)  route 15.149ns (76.681%))
  Logic Levels:           24  (CARRY4=8 LUT2=1 LUT4=3 LUT5=2 LUT6=9 RAMD32=1)
  Clock Path Skew:        -0.124ns (DCD - SCD + CPR)
    Destination Clock Delay (DCD):    4.488ns = ( 24.488 - 20.000 ) 
    Source Clock Delay      (SCD):    4.872ns
    Clock Pessimism Removal (CPR):    0.259ns
  Clock Uncertainty:      0.335ns  ((TSJ^2 + TIJ^2)^1/2 + DJ) / 2 + PE + UU
    Total System Jitter     (TSJ):    0.071ns
    Total Input Jitter      (TIJ):    0.000ns
    Discrete Jitter          (DJ):    0.000ns
    Phase Error              (PE):    0.000ns
    User Uncertainty         (UU):    0.300ns

    Location             Delay type                Incr(ns)  Path(ns)    Netlist Resource(s)
  -------------------------------------------------------------------    -------------------
                         (clock CLK rise edge)        0.000     0.000 r  
    N15                                               0.000     0.000 r  clk (IN)
                         net (fo=0)                   0.000     0.000    clk
    N15                  IBUF (Prop_ibuf_I_O)         0.948     0.948 r  clk_IBUF_inst/O
                         net (fo=1, routed)           2.016     2.963    clk_IBUF
    BUFGCTRL_X0Y0        BUFG (Prop_bufg_I_O)         0.096     3.059 r  clk_IBUF_BUFG_inst/O
                         net (fo=11156, routed)       1.812     4.872    u_cpu/dut_pc/clk_IBUF_BUFG
    SLICE_X31Y8          FDRE                                         r  u_cpu/dut_pc/pc_reg[5]/C
  -------------------------------------------------------------------    -------------------
    SLICE_X31Y8          FDRE (Prop_fdre_C_Q)         0.456     5.328 r  u_cpu/dut_pc/pc_reg[5]/Q
                         net (fo=165, routed)         1.287     6.614    u_l1_icache/tag_array_reg_0_31_6_11/ADDRB1
    SLICE_X30Y6          RAMD32 (Prop_ramd32_RADR1_O)
                                                      0.152     6.766 r  u_l1_icache/tag_array_reg_0_31_6_11/RAMB/O
                         net (fo=1, routed)           0.992     7.758    u_cpu/dut_pc/lookup_hit1[8]
    SLICE_X24Y8          LUT6 (Prop_lut6_I3_O)        0.348     8.106 r  u_cpu/dut_pc/cpu_stall_debug_OBUF_inst_i_37/O
                         net (fo=1, routed)           0.000     8.106    u_cpu/dut_pc/cpu_stall_debug_OBUF_inst_i_37_n_0
    SLICE_X24Y8          CARRY4 (Prop_carry4_S[2]_CO[3])
                                                      0.398     8.504 r  u_cpu/dut_pc/cpu_stall_debug_OBUF_inst_i_23/CO[3]
                         net (fo=1, routed)           0.000     8.504    u_cpu/dut_pc/cpu_stall_debug_OBUF_inst_i_23_n_0
    SLICE_X24Y9          CARRY4 (Prop_carry4_CI_CO[3])
                                                      0.114     8.618 f  u_cpu/dut_pc/cpu_stall_debug_OBUF_inst_i_7/CO[3]
                         net (fo=4, routed)           1.355     9.973    u_cpu/dut_pc/u_l1_icache/lookup_hit0
    SLICE_X22Y14         LUT6 (Prop_lut6_I1_O)        0.124    10.097 f  u_cpu/dut_pc/registers_reg_r1_0_31_0_5_i_29/O
                         net (fo=33, routed)          0.901    10.998    u_cpu/dut_pc/registers_reg_r1_0_31_0_5_i_29_n_0
    SLICE_X20Y15         LUT6 (Prop_lut6_I4_O)        0.124    11.122 f  u_cpu/dut_pc/instr_debug[5]_i_1/O
                         net (fo=20, routed)          0.653    11.775    u_cpu/dut_pc/state_q_reg_2
    SLICE_X19Y16         LUT5 (Prop_lut5_I4_O)        0.124    11.899 r  u_cpu/dut_pc/pc_target1_carry_i_14/O
                         net (fo=2, routed)           0.812    12.712    u_cpu/dut_pc/pc_target1_carry_i_14_n_0
    SLICE_X19Y14         LUT6 (Prop_lut6_I2_O)        0.124    12.836 r  u_cpu/dut_pc/pc_target1_carry_i_11/O
                         net (fo=38, routed)          1.135    13.971    u_cpu/dut_pc/imm_sel[1]
    SLICE_X17Y8          LUT6 (Prop_lut6_I4_O)        0.124    14.095 r  u_cpu/dut_pc/pc_target1_carry_i_3/O
                         net (fo=5, routed)           0.485    14.580    u_cpu/dut_pc/instruction_hold_valid_q_reg[1]
    SLICE_X16Y5          LUT4 (Prop_lut4_I3_O)        0.124    14.704 r  u_cpu/dut_pc/result0_carry_i_12/O
                         net (fo=114, routed)         0.806    15.509    u_cpu/dut_pc/src_b[1]
    SLICE_X13Y1          LUT2 (Prop_lut2_I1_O)        0.124    15.633 r  u_cpu/dut_pc/result0_carry_i_7/O
                         net (fo=1, routed)           0.000    15.633    u_cpu/dut_alu/S[1]
    SLICE_X13Y1          CARRY4 (Prop_carry4_S[1]_CO[3])
                                                      0.550    16.183 r  u_cpu/dut_alu/result0_carry/CO[3]
                         net (fo=1, routed)           0.000    16.183    u_cpu/dut_alu/result0_carry_n_0
    SLICE_X13Y2          CARRY4 (Prop_carry4_CI_CO[3])
                                                      0.114    16.297 r  u_cpu/dut_alu/result0_carry__0/CO[3]
                         net (fo=1, routed)           0.000    16.297    u_cpu/dut_alu/result0_carry__0_n_0
    SLICE_X13Y3          CARRY4 (Prop_carry4_CI_CO[3])
                                                      0.114    16.411 r  u_cpu/dut_alu/result0_carry__1/CO[3]
                         net (fo=1, routed)           0.000    16.411    u_cpu/dut_alu/result0_carry__1_n_0
    SLICE_X13Y4          CARRY4 (Prop_carry4_CI_CO[3])
                                                      0.114    16.525 r  u_cpu/dut_alu/result0_carry__2/CO[3]
                         net (fo=1, routed)           0.000    16.525    u_cpu/dut_alu/result0_carry__2_n_0
    SLICE_X13Y5          CARRY4 (Prop_carry4_CI_CO[3])
                                                      0.114    16.639 r  u_cpu/dut_alu/result0_carry__3/CO[3]
                         net (fo=1, routed)           0.000    16.639    u_cpu/dut_alu/result0_carry__3_n_0
    SLICE_X13Y6          CARRY4 (Prop_carry4_CI_O[0])
                                                      0.222    16.861 r  u_cpu/dut_alu/result0_carry__4/O[0]
                         net (fo=1, routed)           0.768    17.630    u_cpu/dut_alu/data0[20]
    SLICE_X9Y7           LUT4 (Prop_lut4_I0_O)        0.299    17.929 r  u_cpu/dut_alu/mem_addr_q[20]_i_12/O
                         net (fo=1, routed)           0.530    18.459    u_cpu/dut_pc/mem_addr_q[20]_i_2_0
    SLICE_X7Y8           LUT6 (Prop_lut6_I5_O)        0.124    18.583 r  u_cpu/dut_pc/mem_addr_q[20]_i_6/O
                         net (fo=1, routed)           0.635    19.217    u_cpu/dut_pc/mem_addr_q[20]_i_6_n_0
    SLICE_X7Y10          LUT6 (Prop_lut6_I5_O)        0.124    19.341 r  u_cpu/dut_pc/mem_addr_q[20]_i_2/O
                         net (fo=5, routed)           1.125    20.467    u_cpu/dut_pc/cpu_mem_addr[20]
    SLICE_X10Y12         LUT4 (Prop_lut4_I1_O)        0.124    20.591 f  u_cpu/dut_pc/refill_word_q[1]_i_10/O
                         net (fo=1, routed)           0.447    21.037    u_cpu/dut_pc/refill_word_q[1]_i_10_n_0
    SLICE_X15Y12         LUT6 (Prop_lut6_I5_O)        0.124    21.161 f  u_cpu/dut_pc/refill_word_q[1]_i_6/O
                         net (fo=1, routed)           0.808    21.969    u_cpu/dut_pc/refill_word_q[1]_i_6_n_0
    SLICE_X30Y12         LUT5 (Prop_lut5_I1_O)        0.124    22.093 f  u_cpu/dut_pc/refill_word_q[1]_i_4/O
                         net (fo=165, routed)         1.296    23.389    u_l1_icache/icache_invalidate
    SLICE_X54Y13         LUT6 (Prop_lut6_I2_O)        0.124    23.513 r  u_l1_icache/data_array[22][3][31]_i_1/O
                         net (fo=32, routed)          1.114    24.628    u_l1_icache/data_array[22][3][31]_i_1_n_0
    SLICE_X66Y9          FDRE                                         r  u_l1_icache/data_array_reg[22][3][7]/CE
  -------------------------------------------------------------------    -------------------

                         (clock CLK rise edge)       20.000    20.000 r  
    N15                                               0.000    20.000 r  clk (IN)
                         net (fo=0)                   0.000    20.000    clk
    N15                  IBUF (Prop_ibuf_I_O)         0.814    20.814 r  clk_IBUF_inst/O
                         net (fo=1, routed)           1.911    22.725    clk_IBUF
    BUFGCTRL_X0Y0        BUFG (Prop_bufg_I_O)         0.091    22.816 r  clk_IBUF_BUFG_inst/O
                         net (fo=11156, routed)       1.672    24.488    u_l1_icache/clk_IBUF_BUFG
    SLICE_X66Y9          FDRE                                         r  u_l1_icache/data_array_reg[22][3][7]/C
                         clock pessimism              0.259    24.748    
                         clock uncertainty           -0.335    24.412    
    SLICE_X66Y9          FDRE (Setup_fdre_C_CE)      -0.169    24.243    u_l1_icache/data_array_reg[22][3][7]
  -------------------------------------------------------------------
                         required time                         24.243    
                         arrival time                         -24.628    
  -------------------------------------------------------------------
                         slack                                 -0.384    

Slack (VIOLATED) :        -0.381ns  (required time - arrival time)
  Source:                 u_cpu/dut_pc/pc_reg[5]/C
                            (rising edge-triggered cell FDRE clocked by CLK  {rise@0.000ns fall@10.000ns period=20.000ns})
  Destination:            u_l1_icache/data_array_reg[8][3][6]/CE
                            (rising edge-triggered cell FDRE clocked by CLK  {rise@0.000ns fall@10.000ns period=20.000ns})
  Path Group:             CLK
  Path Type:              Setup (Max at Slow Process Corner)
  Requirement:            20.000ns  (CLK rise@20.000ns - CLK rise@0.000ns)
  Data Path Delay:        19.824ns  (logic 4.607ns (23.239%)  route 15.217ns (76.761%))
  Logic Levels:           24  (CARRY4=8 LUT2=1 LUT4=3 LUT5=2 LUT6=9 RAMD32=1)
  Clock Path Skew:        -0.053ns (DCD - SCD + CPR)
    Destination Clock Delay (DCD):    4.487ns = ( 24.487 - 20.000 ) 
    Source Clock Delay      (SCD):    4.872ns
    Clock Pessimism Removal (CPR):    0.331ns
  Clock Uncertainty:      0.335ns  ((TSJ^2 + TIJ^2)^1/2 + DJ) / 2 + PE + UU
    Total System Jitter     (TSJ):    0.071ns
    Total Input Jitter      (TIJ):    0.000ns
    Discrete Jitter          (DJ):    0.000ns
    Phase Error              (PE):    0.000ns
    User Uncertainty         (UU):    0.300ns

    Location             Delay type                Incr(ns)  Path(ns)    Netlist Resource(s)
  -------------------------------------------------------------------    -------------------
                         (clock CLK rise edge)        0.000     0.000 r  
    N15                                               0.000     0.000 r  clk (IN)
                         net (fo=0)                   0.000     0.000    clk
    N15                  IBUF (Prop_ibuf_I_O)         0.948     0.948 r  clk_IBUF_inst/O
                         net (fo=1, routed)           2.016     2.963    clk_IBUF
    BUFGCTRL_X0Y0        BUFG (Prop_bufg_I_O)         0.096     3.059 r  clk_IBUF_BUFG_inst/O
                         net (fo=11156, routed)       1.812     4.872    u_cpu/dut_pc/clk_IBUF_BUFG
    SLICE_X31Y8          FDRE                                         r  u_cpu/dut_pc/pc_reg[5]/C
  -------------------------------------------------------------------    -------------------
    SLICE_X31Y8          FDRE (Prop_fdre_C_Q)         0.456     5.328 r  u_cpu/dut_pc/pc_reg[5]/Q
                         net (fo=165, routed)         1.287     6.614    u_l1_icache/tag_array_reg_0_31_6_11/ADDRB1
    SLICE_X30Y6          RAMD32 (Prop_ramd32_RADR1_O)
                                                      0.152     6.766 r  u_l1_icache/tag_array_reg_0_31_6_11/RAMB/O
                         net (fo=1, routed)           0.992     7.758    u_cpu/dut_pc/lookup_hit1[8]
    SLICE_X24Y8          LUT6 (Prop_lut6_I3_O)        0.348     8.106 r  u_cpu/dut_pc/cpu_stall_debug_OBUF_inst_i_37/O
                         net (fo=1, routed)           0.000     8.106    u_cpu/dut_pc/cpu_stall_debug_OBUF_inst_i_37_n_0
    SLICE_X24Y8          CARRY4 (Prop_carry4_S[2]_CO[3])
                                                      0.398     8.504 r  u_cpu/dut_pc/cpu_stall_debug_OBUF_inst_i_23/CO[3]
                         net (fo=1, routed)           0.000     8.504    u_cpu/dut_pc/cpu_stall_debug_OBUF_inst_i_23_n_0
    SLICE_X24Y9          CARRY4 (Prop_carry4_CI_CO[3])
                                                      0.114     8.618 f  u_cpu/dut_pc/cpu_stall_debug_OBUF_inst_i_7/CO[3]
                         net (fo=4, routed)           1.355     9.973    u_cpu/dut_pc/u_l1_icache/lookup_hit0
    SLICE_X22Y14         LUT6 (Prop_lut6_I1_O)        0.124    10.097 f  u_cpu/dut_pc/registers_reg_r1_0_31_0_5_i_29/O
                         net (fo=33, routed)          0.901    10.998    u_cpu/dut_pc/registers_reg_r1_0_31_0_5_i_29_n_0
    SLICE_X20Y15         LUT6 (Prop_lut6_I4_O)        0.124    11.122 f  u_cpu/dut_pc/instr_debug[5]_i_1/O
                         net (fo=20, routed)          0.653    11.775    u_cpu/dut_pc/state_q_reg_2
    SLICE_X19Y16         LUT5 (Prop_lut5_I4_O)        0.124    11.899 r  u_cpu/dut_pc/pc_target1_carry_i_14/O
                         net (fo=2, routed)           0.812    12.712    u_cpu/dut_pc/pc_target1_carry_i_14_n_0
    SLICE_X19Y14         LUT6 (Prop_lut6_I2_O)        0.124    12.836 r  u_cpu/dut_pc/pc_target1_carry_i_11/O
                         net (fo=38, routed)          1.135    13.971    u_cpu/dut_pc/imm_sel[1]
    SLICE_X17Y8          LUT6 (Prop_lut6_I4_O)        0.124    14.095 r  u_cpu/dut_pc/pc_target1_carry_i_3/O
                         net (fo=5, routed)           0.485    14.580    u_cpu/dut_pc/instruction_hold_valid_q_reg[1]
    SLICE_X16Y5          LUT4 (Prop_lut4_I3_O)        0.124    14.704 r  u_cpu/dut_pc/result0_carry_i_12/O
                         net (fo=114, routed)         0.806    15.509    u_cpu/dut_pc/src_b[1]
    SLICE_X13Y1          LUT2 (Prop_lut2_I1_O)        0.124    15.633 r  u_cpu/dut_pc/result0_carry_i_7/O
                         net (fo=1, routed)           0.000    15.633    u_cpu/dut_alu/S[1]
    SLICE_X13Y1          CARRY4 (Prop_carry4_S[1]_CO[3])
                                                      0.550    16.183 r  u_cpu/dut_alu/result0_carry/CO[3]
                         net (fo=1, routed)           0.000    16.183    u_cpu/dut_alu/result0_carry_n_0
    SLICE_X13Y2          CARRY4 (Prop_carry4_CI_CO[3])
                                                      0.114    16.297 r  u_cpu/dut_alu/result0_carry__0/CO[3]
                         net (fo=1, routed)           0.000    16.297    u_cpu/dut_alu/result0_carry__0_n_0
    SLICE_X13Y3          CARRY4 (Prop_carry4_CI_CO[3])
                                                      0.114    16.411 r  u_cpu/dut_alu/result0_carry__1/CO[3]
                         net (fo=1, routed)           0.000    16.411    u_cpu/dut_alu/result0_carry__1_n_0
    SLICE_X13Y4          CARRY4 (Prop_carry4_CI_CO[3])
                                                      0.114    16.525 r  u_cpu/dut_alu/result0_carry__2/CO[3]
                         net (fo=1, routed)           0.000    16.525    u_cpu/dut_alu/result0_carry__2_n_0
    SLICE_X13Y5          CARRY4 (Prop_carry4_CI_CO[3])
                                                      0.114    16.639 r  u_cpu/dut_alu/result0_carry__3/CO[3]
                         net (fo=1, routed)           0.000    16.639    u_cpu/dut_alu/result0_carry__3_n_0
    SLICE_X13Y6          CARRY4 (Prop_carry4_CI_O[0])
                                                      0.222    16.861 r  u_cpu/dut_alu/result0_carry__4/O[0]
                         net (fo=1, routed)           0.768    17.630    u_cpu/dut_alu/data0[20]
    SLICE_X9Y7           LUT4 (Prop_lut4_I0_O)        0.299    17.929 r  u_cpu/dut_alu/mem_addr_q[20]_i_12/O
                         net (fo=1, routed)           0.530    18.459    u_cpu/dut_pc/mem_addr_q[20]_i_2_0
    SLICE_X7Y8           LUT6 (Prop_lut6_I5_O)        0.124    18.583 r  u_cpu/dut_pc/mem_addr_q[20]_i_6/O
                         net (fo=1, routed)           0.635    19.217    u_cpu/dut_pc/mem_addr_q[20]_i_6_n_0
    SLICE_X7Y10          LUT6 (Prop_lut6_I5_O)        0.124    19.341 r  u_cpu/dut_pc/mem_addr_q[20]_i_2/O
                         net (fo=5, routed)           1.125    20.467    u_cpu/dut_pc/cpu_mem_addr[20]
    SLICE_X10Y12         LUT4 (Prop_lut4_I1_O)        0.124    20.591 f  u_cpu/dut_pc/refill_word_q[1]_i_10/O
                         net (fo=1, routed)           0.447    21.037    u_cpu/dut_pc/refill_word_q[1]_i_10_n_0
    SLICE_X15Y12         LUT6 (Prop_lut6_I5_O)        0.124    21.161 f  u_cpu/dut_pc/refill_word_q[1]_i_6/O
                         net (fo=1, routed)           0.808    21.969    u_cpu/dut_pc/refill_word_q[1]_i_6_n_0
    SLICE_X30Y12         LUT5 (Prop_lut5_I1_O)        0.124    22.093 f  u_cpu/dut_pc/refill_word_q[1]_i_4/O
                         net (fo=165, routed)         1.160    23.254    u_l1_icache/icache_invalidate
    SLICE_X53Y12         LUT6 (Prop_lut6_I0_O)        0.124    23.378 r  u_l1_icache/data_array[8][3][31]_i_1/O
                         net (fo=32, routed)          1.318    24.696    u_l1_icache/data_array[8][3][31]_i_1_n_0
    SLICE_X34Y20         FDRE                                         r  u_l1_icache/data_array_reg[8][3][6]/CE
  -------------------------------------------------------------------    -------------------

                         (clock CLK rise edge)       20.000    20.000 r  
    N15                                               0.000    20.000 r  clk (IN)
                         net (fo=0)                   0.000    20.000    clk
    N15                  IBUF (Prop_ibuf_I_O)         0.814    20.814 r  clk_IBUF_inst/O
                         net (fo=1, routed)           1.911    22.725    clk_IBUF
    BUFGCTRL_X0Y0        BUFG (Prop_bufg_I_O)         0.091    22.816 r  clk_IBUF_BUFG_inst/O
                         net (fo=11156, routed)       1.671    24.487    u_l1_icache/clk_IBUF_BUFG
    SLICE_X34Y20         FDRE                                         r  u_l1_icache/data_array_reg[8][3][6]/C
                         clock pessimism              0.331    24.819    
                         clock uncertainty           -0.335    24.483    
    SLICE_X34Y20         FDRE (Setup_fdre_C_CE)      -0.169    24.314    u_l1_icache/data_array_reg[8][3][6]
  -------------------------------------------------------------------
                         required time                         24.314    
                         arrival time                         -24.696    
  -------------------------------------------------------------------
                         slack                                 -0.381    

Slack (VIOLATED) :        -0.376ns  (required time - arrival time)
  Source:                 u_cpu/dut_pc/pc_reg[5]/C
                            (rising edge-triggered cell FDRE clocked by CLK  {rise@0.000ns fall@10.000ns period=20.000ns})
  Destination:            u_l1_icache/data_array_reg[30][3][23]/CE
                            (rising edge-triggered cell FDRE clocked by CLK  {rise@0.000ns fall@10.000ns period=20.000ns})
  Path Group:             CLK
  Path Type:              Setup (Max at Slow Process Corner)
  Requirement:            20.000ns  (CLK rise@20.000ns - CLK rise@0.000ns)
  Data Path Delay:        19.713ns  (logic 4.607ns (23.371%)  route 15.106ns (76.629%))
  Logic Levels:           24  (CARRY4=8 LUT2=1 LUT3=1 LUT4=3 LUT5=2 LUT6=8 RAMD32=1)
  Clock Path Skew:        -0.123ns (DCD - SCD + CPR)
    Destination Clock Delay (DCD):    4.489ns = ( 24.489 - 20.000 ) 
    Source Clock Delay      (SCD):    4.872ns
    Clock Pessimism Removal (CPR):    0.259ns
  Clock Uncertainty:      0.335ns  ((TSJ^2 + TIJ^2)^1/2 + DJ) / 2 + PE + UU
    Total System Jitter     (TSJ):    0.071ns
    Total Input Jitter      (TIJ):    0.000ns
    Discrete Jitter          (DJ):    0.000ns
    Phase Error              (PE):    0.000ns
    User Uncertainty         (UU):    0.300ns

    Location             Delay type                Incr(ns)  Path(ns)    Netlist Resource(s)
  -------------------------------------------------------------------    -------------------
                         (clock CLK rise edge)        0.000     0.000 r  
    N15                                               0.000     0.000 r  clk (IN)
                         net (fo=0)                   0.000     0.000    clk
    N15                  IBUF (Prop_ibuf_I_O)         0.948     0.948 r  clk_IBUF_inst/O
                         net (fo=1, routed)           2.016     2.963    clk_IBUF
    BUFGCTRL_X0Y0        BUFG (Prop_bufg_I_O)         0.096     3.059 r  clk_IBUF_BUFG_inst/O
                         net (fo=11156, routed)       1.812     4.872    u_cpu/dut_pc/clk_IBUF_BUFG
    SLICE_X31Y8          FDRE                                         r  u_cpu/dut_pc/pc_reg[5]/C
  -------------------------------------------------------------------    -------------------
    SLICE_X31Y8          FDRE (Prop_fdre_C_Q)         0.456     5.328 r  u_cpu/dut_pc/pc_reg[5]/Q
                         net (fo=165, routed)         1.287     6.614    u_l1_icache/tag_array_reg_0_31_6_11/ADDRB1
    SLICE_X30Y6          RAMD32 (Prop_ramd32_RADR1_O)
                                                      0.152     6.766 r  u_l1_icache/tag_array_reg_0_31_6_11/RAMB/O
                         net (fo=1, routed)           0.992     7.758    u_cpu/dut_pc/lookup_hit1[8]
    SLICE_X24Y8          LUT6 (Prop_lut6_I3_O)        0.348     8.106 r  u_cpu/dut_pc/cpu_stall_debug_OBUF_inst_i_37/O
                         net (fo=1, routed)           0.000     8.106    u_cpu/dut_pc/cpu_stall_debug_OBUF_inst_i_37_n_0
    SLICE_X24Y8          CARRY4 (Prop_carry4_S[2]_CO[3])
                                                      0.398     8.504 r  u_cpu/dut_pc/cpu_stall_debug_OBUF_inst_i_23/CO[3]
                         net (fo=1, routed)           0.000     8.504    u_cpu/dut_pc/cpu_stall_debug_OBUF_inst_i_23_n_0
    SLICE_X24Y9          CARRY4 (Prop_carry4_CI_CO[3])
                                                      0.114     8.618 f  u_cpu/dut_pc/cpu_stall_debug_OBUF_inst_i_7/CO[3]
                         net (fo=4, routed)           1.355     9.973    u_cpu/dut_pc/u_l1_icache/lookup_hit0
    SLICE_X22Y14         LUT6 (Prop_lut6_I1_O)        0.124    10.097 f  u_cpu/dut_pc/registers_reg_r1_0_31_0_5_i_29/O
                         net (fo=33, routed)          0.901    10.998    u_cpu/dut_pc/registers_reg_r1_0_31_0_5_i_29_n_0
    SLICE_X20Y15         LUT6 (Prop_lut6_I4_O)        0.124    11.122 f  u_cpu/dut_pc/instr_debug[5]_i_1/O
                         net (fo=20, routed)          0.653    11.775    u_cpu/dut_pc/state_q_reg_2
    SLICE_X19Y16         LUT5 (Prop_lut5_I4_O)        0.124    11.899 r  u_cpu/dut_pc/pc_target1_carry_i_14/O
                         net (fo=2, routed)           0.812    12.712    u_cpu/dut_pc/pc_target1_carry_i_14_n_0
    SLICE_X19Y14         LUT6 (Prop_lut6_I2_O)        0.124    12.836 r  u_cpu/dut_pc/pc_target1_carry_i_11/O
                         net (fo=38, routed)          1.135    13.971    u_cpu/dut_pc/imm_sel[1]
    SLICE_X17Y8          LUT6 (Prop_lut6_I4_O)        0.124    14.095 r  u_cpu/dut_pc/pc_target1_carry_i_3/O
                         net (fo=5, routed)           0.485    14.580    u_cpu/dut_pc/instruction_hold_valid_q_reg[1]
    SLICE_X16Y5          LUT4 (Prop_lut4_I3_O)        0.124    14.704 r  u_cpu/dut_pc/result0_carry_i_12/O
                         net (fo=114, routed)         0.806    15.509    u_cpu/dut_pc/src_b[1]
    SLICE_X13Y1          LUT2 (Prop_lut2_I1_O)        0.124    15.633 r  u_cpu/dut_pc/result0_carry_i_7/O
                         net (fo=1, routed)           0.000    15.633    u_cpu/dut_alu/S[1]
    SLICE_X13Y1          CARRY4 (Prop_carry4_S[1]_CO[3])
                                                      0.550    16.183 r  u_cpu/dut_alu/result0_carry/CO[3]
                         net (fo=1, routed)           0.000    16.183    u_cpu/dut_alu/result0_carry_n_0
    SLICE_X13Y2          CARRY4 (Prop_carry4_CI_CO[3])
                                                      0.114    16.297 r  u_cpu/dut_alu/result0_carry__0/CO[3]
                         net (fo=1, routed)           0.000    16.297    u_cpu/dut_alu/result0_carry__0_n_0
    SLICE_X13Y3          CARRY4 (Prop_carry4_CI_CO[3])
                                                      0.114    16.411 r  u_cpu/dut_alu/result0_carry__1/CO[3]
                         net (fo=1, routed)           0.000    16.411    u_cpu/dut_alu/result0_carry__1_n_0
    SLICE_X13Y4          CARRY4 (Prop_carry4_CI_CO[3])
                                                      0.114    16.525 r  u_cpu/dut_alu/result0_carry__2/CO[3]
                         net (fo=1, routed)           0.000    16.525    u_cpu/dut_alu/result0_carry__2_n_0
    SLICE_X13Y5          CARRY4 (Prop_carry4_CI_CO[3])
                                                      0.114    16.639 r  u_cpu/dut_alu/result0_carry__3/CO[3]
                         net (fo=1, routed)           0.000    16.639    u_cpu/dut_alu/result0_carry__3_n_0
    SLICE_X13Y6          CARRY4 (Prop_carry4_CI_O[0])
                                                      0.222    16.861 r  u_cpu/dut_alu/result0_carry__4/O[0]
                         net (fo=1, routed)           0.768    17.630    u_cpu/dut_alu/data0[20]
    SLICE_X9Y7           LUT4 (Prop_lut4_I0_O)        0.299    17.929 r  u_cpu/dut_alu/mem_addr_q[20]_i_12/O
                         net (fo=1, routed)           0.530    18.459    u_cpu/dut_pc/mem_addr_q[20]_i_2_0
    SLICE_X7Y8           LUT6 (Prop_lut6_I5_O)        0.124    18.583 r  u_cpu/dut_pc/mem_addr_q[20]_i_6/O
                         net (fo=1, routed)           0.635    19.217    u_cpu/dut_pc/mem_addr_q[20]_i_6_n_0
    SLICE_X7Y10          LUT6 (Prop_lut6_I5_O)        0.124    19.341 r  u_cpu/dut_pc/mem_addr_q[20]_i_2/O
                         net (fo=5, routed)           1.125    20.467    u_cpu/dut_pc/cpu_mem_addr[20]
    SLICE_X10Y12         LUT4 (Prop_lut4_I1_O)        0.124    20.591 f  u_cpu/dut_pc/refill_word_q[1]_i_10/O
                         net (fo=1, routed)           0.447    21.037    u_cpu/dut_pc/refill_word_q[1]_i_10_n_0
    SLICE_X15Y12         LUT6 (Prop_lut6_I5_O)        0.124    21.161 f  u_cpu/dut_pc/refill_word_q[1]_i_6/O
                         net (fo=1, routed)           0.808    21.969    u_cpu/dut_pc/refill_word_q[1]_i_6_n_0
    SLICE_X30Y12         LUT5 (Prop_lut5_I1_O)        0.124    22.093 f  u_cpu/dut_pc/refill_word_q[1]_i_4/O
                         net (fo=165, routed)         1.166    23.259    u_l1_icache/icache_invalidate
    SLICE_X49Y11         LUT3 (Prop_lut3_I2_O)        0.124    23.383 r  u_l1_icache/data_array[30][3][31]_i_1/O
                         net (fo=32, routed)          1.202    24.584    u_l1_icache/data_array[30][3][31]_i_1_n_0
    SLICE_X65Y7          FDRE                                         r  u_l1_icache/data_array_reg[30][3][23]/CE
  -------------------------------------------------------------------    -------------------

                         (clock CLK rise edge)       20.000    20.000 r  
    N15                                               0.000    20.000 r  clk (IN)
                         net (fo=0)                   0.000    20.000    clk
    N15                  IBUF (Prop_ibuf_I_O)         0.814    20.814 r  clk_IBUF_inst/O
                         net (fo=1, routed)           1.911    22.725    clk_IBUF
    BUFGCTRL_X0Y0        BUFG (Prop_bufg_I_O)         0.091    22.816 r  clk_IBUF_BUFG_inst/O
                         net (fo=11156, routed)       1.673    24.489    u_l1_icache/clk_IBUF_BUFG
    SLICE_X65Y7          FDRE                                         r  u_l1_icache/data_array_reg[30][3][23]/C
                         clock pessimism              0.259    24.749    
                         clock uncertainty           -0.335    24.413    
    SLICE_X65Y7          FDRE (Setup_fdre_C_CE)      -0.205    24.208    u_l1_icache/data_array_reg[30][3][23]
  -------------------------------------------------------------------
                         required time                         24.208    
                         arrival time                         -24.584    
  -------------------------------------------------------------------
                         slack                                 -0.376    

Slack (VIOLATED) :        -0.373ns  (required time - arrival time)
  Source:                 u_cpu/dut_pc/pc_reg[5]/C
                            (rising edge-triggered cell FDRE clocked by CLK  {rise@0.000ns fall@10.000ns period=20.000ns})
  Destination:            u_l1_icache/data_array_reg[14][3][26]/CE
                            (rising edge-triggered cell FDRE clocked by CLK  {rise@0.000ns fall@10.000ns period=20.000ns})
  Path Group:             CLK
  Path Type:              Setup (Max at Slow Process Corner)
  Requirement:            20.000ns  (CLK rise@20.000ns - CLK rise@0.000ns)
  Data Path Delay:        19.734ns  (logic 4.607ns (23.346%)  route 15.127ns (76.654%))
  Logic Levels:           24  (CARRY4=8 LUT2=1 LUT3=1 LUT4=3 LUT5=2 LUT6=8 RAMD32=1)
  Clock Path Skew:        -0.135ns (DCD - SCD + CPR)
    Destination Clock Delay (DCD):    4.477ns = ( 24.477 - 20.000 ) 
    Source Clock Delay      (SCD):    4.872ns
    Clock Pessimism Removal (CPR):    0.259ns
  Clock Uncertainty:      0.335ns  ((TSJ^2 + TIJ^2)^1/2 + DJ) / 2 + PE + UU
    Total System Jitter     (TSJ):    0.071ns
    Total Input Jitter      (TIJ):    0.000ns
    Discrete Jitter          (DJ):    0.000ns
    Phase Error              (PE):    0.000ns
    User Uncertainty         (UU):    0.300ns

    Location             Delay type                Incr(ns)  Path(ns)    Netlist Resource(s)
  -------------------------------------------------------------------    -------------------
                         (clock CLK rise edge)        0.000     0.000 r  
    N15                                               0.000     0.000 r  clk (IN)
                         net (fo=0)                   0.000     0.000    clk
    N15                  IBUF (Prop_ibuf_I_O)         0.948     0.948 r  clk_IBUF_inst/O
                         net (fo=1, routed)           2.016     2.963    clk_IBUF
    BUFGCTRL_X0Y0        BUFG (Prop_bufg_I_O)         0.096     3.059 r  clk_IBUF_BUFG_inst/O
                         net (fo=11156, routed)       1.812     4.872    u_cpu/dut_pc/clk_IBUF_BUFG
    SLICE_X31Y8          FDRE                                         r  u_cpu/dut_pc/pc_reg[5]/C
  -------------------------------------------------------------------    -------------------
    SLICE_X31Y8          FDRE (Prop_fdre_C_Q)         0.456     5.328 r  u_cpu/dut_pc/pc_reg[5]/Q
                         net (fo=165, routed)         1.287     6.614    u_l1_icache/tag_array_reg_0_31_6_11/ADDRB1
    SLICE_X30Y6          RAMD32 (Prop_ramd32_RADR1_O)
                                                      0.152     6.766 r  u_l1_icache/tag_array_reg_0_31_6_11/RAMB/O
                         net (fo=1, routed)           0.992     7.758    u_cpu/dut_pc/lookup_hit1[8]
    SLICE_X24Y8          LUT6 (Prop_lut6_I3_O)        0.348     8.106 r  u_cpu/dut_pc/cpu_stall_debug_OBUF_inst_i_37/O
                         net (fo=1, routed)           0.000     8.106    u_cpu/dut_pc/cpu_stall_debug_OBUF_inst_i_37_n_0
    SLICE_X24Y8          CARRY4 (Prop_carry4_S[2]_CO[3])
                                                      0.398     8.504 r  u_cpu/dut_pc/cpu_stall_debug_OBUF_inst_i_23/CO[3]
                         net (fo=1, routed)           0.000     8.504    u_cpu/dut_pc/cpu_stall_debug_OBUF_inst_i_23_n_0
    SLICE_X24Y9          CARRY4 (Prop_carry4_CI_CO[3])
                                                      0.114     8.618 f  u_cpu/dut_pc/cpu_stall_debug_OBUF_inst_i_7/CO[3]
                         net (fo=4, routed)           1.355     9.973    u_cpu/dut_pc/u_l1_icache/lookup_hit0
    SLICE_X22Y14         LUT6 (Prop_lut6_I1_O)        0.124    10.097 f  u_cpu/dut_pc/registers_reg_r1_0_31_0_5_i_29/O
                         net (fo=33, routed)          0.901    10.998    u_cpu/dut_pc/registers_reg_r1_0_31_0_5_i_29_n_0
    SLICE_X20Y15         LUT6 (Prop_lut6_I4_O)        0.124    11.122 f  u_cpu/dut_pc/instr_debug[5]_i_1/O
                         net (fo=20, routed)          0.653    11.775    u_cpu/dut_pc/state_q_reg_2
    SLICE_X19Y16         LUT5 (Prop_lut5_I4_O)        0.124    11.899 r  u_cpu/dut_pc/pc_target1_carry_i_14/O
                         net (fo=2, routed)           0.812    12.712    u_cpu/dut_pc/pc_target1_carry_i_14_n_0
    SLICE_X19Y14         LUT6 (Prop_lut6_I2_O)        0.124    12.836 r  u_cpu/dut_pc/pc_target1_carry_i_11/O
                         net (fo=38, routed)          1.135    13.971    u_cpu/dut_pc/imm_sel[1]
    SLICE_X17Y8          LUT6 (Prop_lut6_I4_O)        0.124    14.095 r  u_cpu/dut_pc/pc_target1_carry_i_3/O
                         net (fo=5, routed)           0.485    14.580    u_cpu/dut_pc/instruction_hold_valid_q_reg[1]
    SLICE_X16Y5          LUT4 (Prop_lut4_I3_O)        0.124    14.704 r  u_cpu/dut_pc/result0_carry_i_12/O
                         net (fo=114, routed)         0.806    15.509    u_cpu/dut_pc/src_b[1]
    SLICE_X13Y1          LUT2 (Prop_lut2_I1_O)        0.124    15.633 r  u_cpu/dut_pc/result0_carry_i_7/O
                         net (fo=1, routed)           0.000    15.633    u_cpu/dut_alu/S[1]
    SLICE_X13Y1          CARRY4 (Prop_carry4_S[1]_CO[3])
                                                      0.550    16.183 r  u_cpu/dut_alu/result0_carry/CO[3]
                         net (fo=1, routed)           0.000    16.183    u_cpu/dut_alu/result0_carry_n_0
    SLICE_X13Y2          CARRY4 (Prop_carry4_CI_CO[3])
                                                      0.114    16.297 r  u_cpu/dut_alu/result0_carry__0/CO[3]
                         net (fo=1, routed)           0.000    16.297    u_cpu/dut_alu/result0_carry__0_n_0
    SLICE_X13Y3          CARRY4 (Prop_carry4_CI_CO[3])
                                                      0.114    16.411 r  u_cpu/dut_alu/result0_carry__1/CO[3]
                         net (fo=1, routed)           0.000    16.411    u_cpu/dut_alu/result0_carry__1_n_0
    SLICE_X13Y4          CARRY4 (Prop_carry4_CI_CO[3])
                                                      0.114    16.525 r  u_cpu/dut_alu/result0_carry__2/CO[3]
                         net (fo=1, routed)           0.000    16.525    u_cpu/dut_alu/result0_carry__2_n_0
    SLICE_X13Y5          CARRY4 (Prop_carry4_CI_CO[3])
                                                      0.114    16.639 r  u_cpu/dut_alu/result0_carry__3/CO[3]
                         net (fo=1, routed)           0.000    16.639    u_cpu/dut_alu/result0_carry__3_n_0
    SLICE_X13Y6          CARRY4 (Prop_carry4_CI_O[0])
                                                      0.222    16.861 r  u_cpu/dut_alu/result0_carry__4/O[0]
                         net (fo=1, routed)           0.768    17.630    u_cpu/dut_alu/data0[20]
    SLICE_X9Y7           LUT4 (Prop_lut4_I0_O)        0.299    17.929 r  u_cpu/dut_alu/mem_addr_q[20]_i_12/O
                         net (fo=1, routed)           0.530    18.459    u_cpu/dut_pc/mem_addr_q[20]_i_2_0
    SLICE_X7Y8           LUT6 (Prop_lut6_I5_O)        0.124    18.583 r  u_cpu/dut_pc/mem_addr_q[20]_i_6/O
                         net (fo=1, routed)           0.635    19.217    u_cpu/dut_pc/mem_addr_q[20]_i_6_n_0
    SLICE_X7Y10          LUT6 (Prop_lut6_I5_O)        0.124    19.341 r  u_cpu/dut_pc/mem_addr_q[20]_i_2/O
                         net (fo=5, routed)           1.125    20.467    u_cpu/dut_pc/cpu_mem_addr[20]
    SLICE_X10Y12         LUT4 (Prop_lut4_I1_O)        0.124    20.591 f  u_cpu/dut_pc/refill_word_q[1]_i_10/O
                         net (fo=1, routed)           0.447    21.037    u_cpu/dut_pc/refill_word_q[1]_i_10_n_0
    SLICE_X15Y12         LUT6 (Prop_lut6_I5_O)        0.124    21.161 f  u_cpu/dut_pc/refill_word_q[1]_i_6/O
                         net (fo=1, routed)           0.808    21.969    u_cpu/dut_pc/refill_word_q[1]_i_6_n_0
    SLICE_X30Y12         LUT5 (Prop_lut5_I1_O)        0.124    22.093 f  u_cpu/dut_pc/refill_word_q[1]_i_4/O
                         net (fo=165, routed)         1.266    23.359    u_l1_icache/icache_invalidate
    SLICE_X47Y11         LUT3 (Prop_lut3_I2_O)        0.124    23.483 r  u_l1_icache/data_array[14][3][31]_i_1/O
                         net (fo=32, routed)          1.122    24.605    u_l1_icache/data_array[14][3][31]_i_1_n_0
    SLICE_X60Y18         FDRE                                         r  u_l1_icache/data_array_reg[14][3][26]/CE
  -------------------------------------------------------------------    -------------------

                         (clock CLK rise edge)       20.000    20.000 r  
    N15                                               0.000    20.000 r  clk (IN)
                         net (fo=0)                   0.000    20.000    clk
    N15                  IBUF (Prop_ibuf_I_O)         0.814    20.814 r  clk_IBUF_inst/O
                         net (fo=1, routed)           1.911    22.725    clk_IBUF
    BUFGCTRL_X0Y0        BUFG (Prop_bufg_I_O)         0.091    22.816 r  clk_IBUF_BUFG_inst/O
                         net (fo=11156, routed)       1.661    24.477    u_l1_icache/clk_IBUF_BUFG
    SLICE_X60Y18         FDRE                                         r  u_l1_icache/data_array_reg[14][3][26]/C
                         clock pessimism              0.259    24.737    
                         clock uncertainty           -0.335    24.401    
    SLICE_X60Y18         FDRE (Setup_fdre_C_CE)      -0.169    24.232    u_l1_icache/data_array_reg[14][3][26]
  -------------------------------------------------------------------
                         required time                         24.232    
                         arrival time                         -24.605    
  -------------------------------------------------------------------
                         slack                                 -0.373    

Slack (VIOLATED) :        -0.373ns  (required time - arrival time)
  Source:                 u_cpu/dut_pc/pc_reg[5]/C
                            (rising edge-triggered cell FDRE clocked by CLK  {rise@0.000ns fall@10.000ns period=20.000ns})
  Destination:            u_l1_icache/data_array_reg[14][3][31]/CE
                            (rising edge-triggered cell FDRE clocked by CLK  {rise@0.000ns fall@10.000ns period=20.000ns})
  Path Group:             CLK
  Path Type:              Setup (Max at Slow Process Corner)
  Requirement:            20.000ns  (CLK rise@20.000ns - CLK rise@0.000ns)
  Data Path Delay:        19.734ns  (logic 4.607ns (23.346%)  route 15.127ns (76.654%))
  Logic Levels:           24  (CARRY4=8 LUT2=1 LUT3=1 LUT4=3 LUT5=2 LUT6=8 RAMD32=1)
  Clock Path Skew:        -0.135ns (DCD - SCD + CPR)
    Destination Clock Delay (DCD):    4.477ns = ( 24.477 - 20.000 ) 
    Source Clock Delay      (SCD):    4.872ns
    Clock Pessimism Removal (CPR):    0.259ns
  Clock Uncertainty:      0.335ns  ((TSJ^2 + TIJ^2)^1/2 + DJ) / 2 + PE + UU
    Total System Jitter     (TSJ):    0.071ns
    Total Input Jitter      (TIJ):    0.000ns
    Discrete Jitter          (DJ):    0.000ns
    Phase Error              (PE):    0.000ns
    User Uncertainty         (UU):    0.300ns

    Location             Delay type                Incr(ns)  Path(ns)    Netlist Resource(s)
  -------------------------------------------------------------------    -------------------
                         (clock CLK rise edge)        0.000     0.000 r  
    N15                                               0.000     0.000 r  clk (IN)
                         net (fo=0)                   0.000     0.000    clk
    N15                  IBUF (Prop_ibuf_I_O)         0.948     0.948 r  clk_IBUF_inst/O
                         net (fo=1, routed)           2.016     2.963    clk_IBUF
    BUFGCTRL_X0Y0        BUFG (Prop_bufg_I_O)         0.096     3.059 r  clk_IBUF_BUFG_inst/O
                         net (fo=11156, routed)       1.812     4.872    u_cpu/dut_pc/clk_IBUF_BUFG
    SLICE_X31Y8          FDRE                                         r  u_cpu/dut_pc/pc_reg[5]/C
  -------------------------------------------------------------------    -------------------
    SLICE_X31Y8          FDRE (Prop_fdre_C_Q)         0.456     5.328 r  u_cpu/dut_pc/pc_reg[5]/Q
                         net (fo=165, routed)         1.287     6.614    u_l1_icache/tag_array_reg_0_31_6_11/ADDRB1
    SLICE_X30Y6          RAMD32 (Prop_ramd32_RADR1_O)
                                                      0.152     6.766 r  u_l1_icache/tag_array_reg_0_31_6_11/RAMB/O
                         net (fo=1, routed)           0.992     7.758    u_cpu/dut_pc/lookup_hit1[8]
    SLICE_X24Y8          LUT6 (Prop_lut6_I3_O)        0.348     8.106 r  u_cpu/dut_pc/cpu_stall_debug_OBUF_inst_i_37/O
                         net (fo=1, routed)           0.000     8.106    u_cpu/dut_pc/cpu_stall_debug_OBUF_inst_i_37_n_0
    SLICE_X24Y8          CARRY4 (Prop_carry4_S[2]_CO[3])
                                                      0.398     8.504 r  u_cpu/dut_pc/cpu_stall_debug_OBUF_inst_i_23/CO[3]
                         net (fo=1, routed)           0.000     8.504    u_cpu/dut_pc/cpu_stall_debug_OBUF_inst_i_23_n_0
    SLICE_X24Y9          CARRY4 (Prop_carry4_CI_CO[3])
                                                      0.114     8.618 f  u_cpu/dut_pc/cpu_stall_debug_OBUF_inst_i_7/CO[3]
                         net (fo=4, routed)           1.355     9.973    u_cpu/dut_pc/u_l1_icache/lookup_hit0
    SLICE_X22Y14         LUT6 (Prop_lut6_I1_O)        0.124    10.097 f  u_cpu/dut_pc/registers_reg_r1_0_31_0_5_i_29/O
                         net (fo=33, routed)          0.901    10.998    u_cpu/dut_pc/registers_reg_r1_0_31_0_5_i_29_n_0
    SLICE_X20Y15         LUT6 (Prop_lut6_I4_O)        0.124    11.122 f  u_cpu/dut_pc/instr_debug[5]_i_1/O
                         net (fo=20, routed)          0.653    11.775    u_cpu/dut_pc/state_q_reg_2
    SLICE_X19Y16         LUT5 (Prop_lut5_I4_O)        0.124    11.899 r  u_cpu/dut_pc/pc_target1_carry_i_14/O
                         net (fo=2, routed)           0.812    12.712    u_cpu/dut_pc/pc_target1_carry_i_14_n_0
    SLICE_X19Y14         LUT6 (Prop_lut6_I2_O)        0.124    12.836 r  u_cpu/dut_pc/pc_target1_carry_i_11/O
                         net (fo=38, routed)          1.135    13.971    u_cpu/dut_pc/imm_sel[1]
    SLICE_X17Y8          LUT6 (Prop_lut6_I4_O)        0.124    14.095 r  u_cpu/dut_pc/pc_target1_carry_i_3/O
                         net (fo=5, routed)           0.485    14.580    u_cpu/dut_pc/instruction_hold_valid_q_reg[1]
    SLICE_X16Y5          LUT4 (Prop_lut4_I3_O)        0.124    14.704 r  u_cpu/dut_pc/result0_carry_i_12/O
                         net (fo=114, routed)         0.806    15.509    u_cpu/dut_pc/src_b[1]
    SLICE_X13Y1          LUT2 (Prop_lut2_I1_O)        0.124    15.633 r  u_cpu/dut_pc/result0_carry_i_7/O
                         net (fo=1, routed)           0.000    15.633    u_cpu/dut_alu/S[1]
    SLICE_X13Y1          CARRY4 (Prop_carry4_S[1]_CO[3])
                                                      0.550    16.183 r  u_cpu/dut_alu/result0_carry/CO[3]
                         net (fo=1, routed)           0.000    16.183    u_cpu/dut_alu/result0_carry_n_0
    SLICE_X13Y2          CARRY4 (Prop_carry4_CI_CO[3])
                                                      0.114    16.297 r  u_cpu/dut_alu/result0_carry__0/CO[3]
                         net (fo=1, routed)           0.000    16.297    u_cpu/dut_alu/result0_carry__0_n_0
    SLICE_X13Y3          CARRY4 (Prop_carry4_CI_CO[3])
                                                      0.114    16.411 r  u_cpu/dut_alu/result0_carry__1/CO[3]
                         net (fo=1, routed)           0.000    16.411    u_cpu/dut_alu/result0_carry__1_n_0
    SLICE_X13Y4          CARRY4 (Prop_carry4_CI_CO[3])
                                                      0.114    16.525 r  u_cpu/dut_alu/result0_carry__2/CO[3]
                         net (fo=1, routed)           0.000    16.525    u_cpu/dut_alu/result0_carry__2_n_0
    SLICE_X13Y5          CARRY4 (Prop_carry4_CI_CO[3])
                                                      0.114    16.639 r  u_cpu/dut_alu/result0_carry__3/CO[3]
                         net (fo=1, routed)           0.000    16.639    u_cpu/dut_alu/result0_carry__3_n_0
    SLICE_X13Y6          CARRY4 (Prop_carry4_CI_O[0])
                                                      0.222    16.861 r  u_cpu/dut_alu/result0_carry__4/O[0]
                         net (fo=1, routed)           0.768    17.630    u_cpu/dut_alu/data0[20]
    SLICE_X9Y7           LUT4 (Prop_lut4_I0_O)        0.299    17.929 r  u_cpu/dut_alu/mem_addr_q[20]_i_12/O
                         net (fo=1, routed)           0.530    18.459    u_cpu/dut_pc/mem_addr_q[20]_i_2_0
    SLICE_X7Y8           LUT6 (Prop_lut6_I5_O)        0.124    18.583 r  u_cpu/dut_pc/mem_addr_q[20]_i_6/O
                         net (fo=1, routed)           0.635    19.217    u_cpu/dut_pc/mem_addr_q[20]_i_6_n_0
    SLICE_X7Y10          LUT6 (Prop_lut6_I5_O)        0.124    19.341 r  u_cpu/dut_pc/mem_addr_q[20]_i_2/O
                         net (fo=5, routed)           1.125    20.467    u_cpu/dut_pc/cpu_mem_addr[20]
    SLICE_X10Y12         LUT4 (Prop_lut4_I1_O)        0.124    20.591 f  u_cpu/dut_pc/refill_word_q[1]_i_10/O
                         net (fo=1, routed)           0.447    21.037    u_cpu/dut_pc/refill_word_q[1]_i_10_n_0
    SLICE_X15Y12         LUT6 (Prop_lut6_I5_O)        0.124    21.161 f  u_cpu/dut_pc/refill_word_q[1]_i_6/O
                         net (fo=1, routed)           0.808    21.969    u_cpu/dut_pc/refill_word_q[1]_i_6_n_0
    SLICE_X30Y12         LUT5 (Prop_lut5_I1_O)        0.124    22.093 f  u_cpu/dut_pc/refill_word_q[1]_i_4/O
                         net (fo=165, routed)         1.266    23.359    u_l1_icache/icache_invalidate
    SLICE_X47Y11         LUT3 (Prop_lut3_I2_O)        0.124    23.483 r  u_l1_icache/data_array[14][3][31]_i_1/O
                         net (fo=32, routed)          1.122    24.605    u_l1_icache/data_array[14][3][31]_i_1_n_0
    SLICE_X60Y18         FDRE                                         r  u_l1_icache/data_array_reg[14][3][31]/CE
  -------------------------------------------------------------------    -------------------

                         (clock CLK rise edge)       20.000    20.000 r  
    N15                                               0.000    20.000 r  clk (IN)
                         net (fo=0)                   0.000    20.000    clk
    N15                  IBUF (Prop_ibuf_I_O)         0.814    20.814 r  clk_IBUF_inst/O
                         net (fo=1, routed)           1.911    22.725    clk_IBUF
    BUFGCTRL_X0Y0        BUFG (Prop_bufg_I_O)         0.091    22.816 r  clk_IBUF_BUFG_inst/O
                         net (fo=11156, routed)       1.661    24.477    u_l1_icache/clk_IBUF_BUFG
    SLICE_X60Y18         FDRE                                         r  u_l1_icache/data_array_reg[14][3][31]/C
                         clock pessimism              0.259    24.737    
                         clock uncertainty           -0.335    24.401    
    SLICE_X60Y18         FDRE (Setup_fdre_C_CE)      -0.169    24.232    u_l1_icache/data_array_reg[14][3][31]
  -------------------------------------------------------------------
                         required time                         24.232    
                         arrival time                         -24.605    
  -------------------------------------------------------------------
                         slack                                 -0.373    

Slack (VIOLATED) :        -0.373ns  (required time - arrival time)
  Source:                 u_cpu/dut_pc/pc_reg[5]/C
                            (rising edge-triggered cell FDRE clocked by CLK  {rise@0.000ns fall@10.000ns period=20.000ns})
  Destination:            u_l1_icache/data_array_reg[14][3][4]/CE
                            (rising edge-triggered cell FDRE clocked by CLK  {rise@0.000ns fall@10.000ns period=20.000ns})
  Path Group:             CLK
  Path Type:              Setup (Max at Slow Process Corner)
  Requirement:            20.000ns  (CLK rise@20.000ns - CLK rise@0.000ns)
  Data Path Delay:        19.734ns  (logic 4.607ns (23.346%)  route 15.127ns (76.654%))
  Logic Levels:           24  (CARRY4=8 LUT2=1 LUT3=1 LUT4=3 LUT5=2 LUT6=8 RAMD32=1)
  Clock Path Skew:        -0.135ns (DCD - SCD + CPR)
    Destination Clock Delay (DCD):    4.477ns = ( 24.477 - 20.000 ) 
    Source Clock Delay      (SCD):    4.872ns
    Clock Pessimism Removal (CPR):    0.259ns
  Clock Uncertainty:      0.335ns  ((TSJ^2 + TIJ^2)^1/2 + DJ) / 2 + PE + UU
    Total System Jitter     (TSJ):    0.071ns
    Total Input Jitter      (TIJ):    0.000ns
    Discrete Jitter          (DJ):    0.000ns
    Phase Error              (PE):    0.000ns
    User Uncertainty         (UU):    0.300ns

    Location             Delay type                Incr(ns)  Path(ns)    Netlist Resource(s)
  -------------------------------------------------------------------    -------------------
                         (clock CLK rise edge)        0.000     0.000 r  
    N15                                               0.000     0.000 r  clk (IN)
                         net (fo=0)                   0.000     0.000    clk
    N15                  IBUF (Prop_ibuf_I_O)         0.948     0.948 r  clk_IBUF_inst/O
                         net (fo=1, routed)           2.016     2.963    clk_IBUF
    BUFGCTRL_X0Y0        BUFG (Prop_bufg_I_O)         0.096     3.059 r  clk_IBUF_BUFG_inst/O
                         net (fo=11156, routed)       1.812     4.872    u_cpu/dut_pc/clk_IBUF_BUFG
    SLICE_X31Y8          FDRE                                         r  u_cpu/dut_pc/pc_reg[5]/C
  -------------------------------------------------------------------    -------------------
    SLICE_X31Y8          FDRE (Prop_fdre_C_Q)         0.456     5.328 r  u_cpu/dut_pc/pc_reg[5]/Q
                         net (fo=165, routed)         1.287     6.614    u_l1_icache/tag_array_reg_0_31_6_11/ADDRB1
    SLICE_X30Y6          RAMD32 (Prop_ramd32_RADR1_O)
                                                      0.152     6.766 r  u_l1_icache/tag_array_reg_0_31_6_11/RAMB/O
                         net (fo=1, routed)           0.992     7.758    u_cpu/dut_pc/lookup_hit1[8]
    SLICE_X24Y8          LUT6 (Prop_lut6_I3_O)        0.348     8.106 r  u_cpu/dut_pc/cpu_stall_debug_OBUF_inst_i_37/O
                         net (fo=1, routed)           0.000     8.106    u_cpu/dut_pc/cpu_stall_debug_OBUF_inst_i_37_n_0
    SLICE_X24Y8          CARRY4 (Prop_carry4_S[2]_CO[3])
                                                      0.398     8.504 r  u_cpu/dut_pc/cpu_stall_debug_OBUF_inst_i_23/CO[3]
                         net (fo=1, routed)           0.000     8.504    u_cpu/dut_pc/cpu_stall_debug_OBUF_inst_i_23_n_0
    SLICE_X24Y9          CARRY4 (Prop_carry4_CI_CO[3])
                                                      0.114     8.618 f  u_cpu/dut_pc/cpu_stall_debug_OBUF_inst_i_7/CO[3]
                         net (fo=4, routed)           1.355     9.973    u_cpu/dut_pc/u_l1_icache/lookup_hit0
    SLICE_X22Y14         LUT6 (Prop_lut6_I1_O)        0.124    10.097 f  u_cpu/dut_pc/registers_reg_r1_0_31_0_5_i_29/O
                         net (fo=33, routed)          0.901    10.998    u_cpu/dut_pc/registers_reg_r1_0_31_0_5_i_29_n_0
    SLICE_X20Y15         LUT6 (Prop_lut6_I4_O)        0.124    11.122 f  u_cpu/dut_pc/instr_debug[5]_i_1/O
                         net (fo=20, routed)          0.653    11.775    u_cpu/dut_pc/state_q_reg_2
    SLICE_X19Y16         LUT5 (Prop_lut5_I4_O)        0.124    11.899 r  u_cpu/dut_pc/pc_target1_carry_i_14/O
                         net (fo=2, routed)           0.812    12.712    u_cpu/dut_pc/pc_target1_carry_i_14_n_0
    SLICE_X19Y14         LUT6 (Prop_lut6_I2_O)        0.124    12.836 r  u_cpu/dut_pc/pc_target1_carry_i_11/O
                         net (fo=38, routed)          1.135    13.971    u_cpu/dut_pc/imm_sel[1]
    SLICE_X17Y8          LUT6 (Prop_lut6_I4_O)        0.124    14.095 r  u_cpu/dut_pc/pc_target1_carry_i_3/O
                         net (fo=5, routed)           0.485    14.580    u_cpu/dut_pc/instruction_hold_valid_q_reg[1]
    SLICE_X16Y5          LUT4 (Prop_lut4_I3_O)        0.124    14.704 r  u_cpu/dut_pc/result0_carry_i_12/O
                         net (fo=114, routed)         0.806    15.509    u_cpu/dut_pc/src_b[1]
    SLICE_X13Y1          LUT2 (Prop_lut2_I1_O)        0.124    15.633 r  u_cpu/dut_pc/result0_carry_i_7/O
                         net (fo=1, routed)           0.000    15.633    u_cpu/dut_alu/S[1]
    SLICE_X13Y1          CARRY4 (Prop_carry4_S[1]_CO[3])
                                                      0.550    16.183 r  u_cpu/dut_alu/result0_carry/CO[3]
                         net (fo=1, routed)           0.000    16.183    u_cpu/dut_alu/result0_carry_n_0
    SLICE_X13Y2          CARRY4 (Prop_carry4_CI_CO[3])
                                                      0.114    16.297 r  u_cpu/dut_alu/result0_carry__0/CO[3]
                         net (fo=1, routed)           0.000    16.297    u_cpu/dut_alu/result0_carry__0_n_0
    SLICE_X13Y3          CARRY4 (Prop_carry4_CI_CO[3])
                                                      0.114    16.411 r  u_cpu/dut_alu/result0_carry__1/CO[3]
                         net (fo=1, routed)           0.000    16.411    u_cpu/dut_alu/result0_carry__1_n_0
    SLICE_X13Y4          CARRY4 (Prop_carry4_CI_CO[3])
                                                      0.114    16.525 r  u_cpu/dut_alu/result0_carry__2/CO[3]
                         net (fo=1, routed)           0.000    16.525    u_cpu/dut_alu/result0_carry__2_n_0
    SLICE_X13Y5          CARRY4 (Prop_carry4_CI_CO[3])
                                                      0.114    16.639 r  u_cpu/dut_alu/result0_carry__3/CO[3]
                         net (fo=1, routed)           0.000    16.639    u_cpu/dut_alu/result0_carry__3_n_0
    SLICE_X13Y6          CARRY4 (Prop_carry4_CI_O[0])
                                                      0.222    16.861 r  u_cpu/dut_alu/result0_carry__4/O[0]
                         net (fo=1, routed)           0.768    17.630    u_cpu/dut_alu/data0[20]
    SLICE_X9Y7           LUT4 (Prop_lut4_I0_O)        0.299    17.929 r  u_cpu/dut_alu/mem_addr_q[20]_i_12/O
                         net (fo=1, routed)           0.530    18.459    u_cpu/dut_pc/mem_addr_q[20]_i_2_0
    SLICE_X7Y8           LUT6 (Prop_lut6_I5_O)        0.124    18.583 r  u_cpu/dut_pc/mem_addr_q[20]_i_6/O
                         net (fo=1, routed)           0.635    19.217    u_cpu/dut_pc/mem_addr_q[20]_i_6_n_0
    SLICE_X7Y10          LUT6 (Prop_lut6_I5_O)        0.124    19.341 r  u_cpu/dut_pc/mem_addr_q[20]_i_2/O
                         net (fo=5, routed)           1.125    20.467    u_cpu/dut_pc/cpu_mem_addr[20]
    SLICE_X10Y12         LUT4 (Prop_lut4_I1_O)        0.124    20.591 f  u_cpu/dut_pc/refill_word_q[1]_i_10/O
                         net (fo=1, routed)           0.447    21.037    u_cpu/dut_pc/refill_word_q[1]_i_10_n_0
    SLICE_X15Y12         LUT6 (Prop_lut6_I5_O)        0.124    21.161 f  u_cpu/dut_pc/refill_word_q[1]_i_6/O
                         net (fo=1, routed)           0.808    21.969    u_cpu/dut_pc/refill_word_q[1]_i_6_n_0
    SLICE_X30Y12         LUT5 (Prop_lut5_I1_O)        0.124    22.093 f  u_cpu/dut_pc/refill_word_q[1]_i_4/O
                         net (fo=165, routed)         1.266    23.359    u_l1_icache/icache_invalidate
    SLICE_X47Y11         LUT3 (Prop_lut3_I2_O)        0.124    23.483 r  u_l1_icache/data_array[14][3][31]_i_1/O
                         net (fo=32, routed)          1.122    24.605    u_l1_icache/data_array[14][3][31]_i_1_n_0
    SLICE_X60Y18         FDRE                                         r  u_l1_icache/data_array_reg[14][3][4]/CE
  -------------------------------------------------------------------    -------------------

                         (clock CLK rise edge)       20.000    20.000 r  
    N15                                               0.000    20.000 r  clk (IN)
                         net (fo=0)                   0.000    20.000    clk
    N15                  IBUF (Prop_ibuf_I_O)         0.814    20.814 r  clk_IBUF_inst/O
                         net (fo=1, routed)           1.911    22.725    clk_IBUF
    BUFGCTRL_X0Y0        BUFG (Prop_bufg_I_O)         0.091    22.816 r  clk_IBUF_BUFG_inst/O
                         net (fo=11156, routed)       1.661    24.477    u_l1_icache/clk_IBUF_BUFG
    SLICE_X60Y18         FDRE                                         r  u_l1_icache/data_array_reg[14][3][4]/C
                         clock pessimism              0.259    24.737    
                         clock uncertainty           -0.335    24.401    
    SLICE_X60Y18         FDRE (Setup_fdre_C_CE)      -0.169    24.232    u_l1_icache/data_array_reg[14][3][4]
  -------------------------------------------------------------------
                         required time                         24.232    
                         arrival time                         -24.605    
  -------------------------------------------------------------------
                         slack                                 -0.373    

Slack (VIOLATED) :        -0.362ns  (required time - arrival time)
  Source:                 u_cpu/dut_pc/pc_reg[5]/C
                            (rising edge-triggered cell FDRE clocked by CLK  {rise@0.000ns fall@10.000ns period=20.000ns})
  Destination:            u_l1_icache/data_array_reg[26][2][27]/CE
                            (rising edge-triggered cell FDRE clocked by CLK  {rise@0.000ns fall@10.000ns period=20.000ns})
  Path Group:             CLK
  Path Type:              Setup (Max at Slow Process Corner)
  Requirement:            20.000ns  (CLK rise@20.000ns - CLK rise@0.000ns)
  Data Path Delay:        19.674ns  (logic 4.607ns (23.416%)  route 15.067ns (76.584%))
  Logic Levels:           24  (CARRY4=8 LUT2=1 LUT4=3 LUT5=2 LUT6=9 RAMD32=1)
  Clock Path Skew:        -0.147ns (DCD - SCD + CPR)
    Destination Clock Delay (DCD):    4.465ns = ( 24.465 - 20.000 ) 
    Source Clock Delay      (SCD):    4.872ns
    Clock Pessimism Removal (CPR):    0.259ns
  Clock Uncertainty:      0.335ns  ((TSJ^2 + TIJ^2)^1/2 + DJ) / 2 + PE + UU
    Total System Jitter     (TSJ):    0.071ns
    Total Input Jitter      (TIJ):    0.000ns
    Discrete Jitter          (DJ):    0.000ns
    Phase Error              (PE):    0.000ns
    User Uncertainty         (UU):    0.300ns

    Location             Delay type                Incr(ns)  Path(ns)    Netlist Resource(s)
  -------------------------------------------------------------------    -------------------
                         (clock CLK rise edge)        0.000     0.000 r  
    N15                                               0.000     0.000 r  clk (IN)
                         net (fo=0)                   0.000     0.000    clk
    N15                  IBUF (Prop_ibuf_I_O)         0.948     0.948 r  clk_IBUF_inst/O
                         net (fo=1, routed)           2.016     2.963    clk_IBUF
    BUFGCTRL_X0Y0        BUFG (Prop_bufg_I_O)         0.096     3.059 r  clk_IBUF_BUFG_inst/O
                         net (fo=11156, routed)       1.812     4.872    u_cpu/dut_pc/clk_IBUF_BUFG
    SLICE_X31Y8          FDRE                                         r  u_cpu/dut_pc/pc_reg[5]/C
  -------------------------------------------------------------------    -------------------
    SLICE_X31Y8          FDRE (Prop_fdre_C_Q)         0.456     5.328 r  u_cpu/dut_pc/pc_reg[5]/Q
                         net (fo=165, routed)         1.287     6.614    u_l1_icache/tag_array_reg_0_31_6_11/ADDRB1
    SLICE_X30Y6          RAMD32 (Prop_ramd32_RADR1_O)
                                                      0.152     6.766 r  u_l1_icache/tag_array_reg_0_31_6_11/RAMB/O
                         net (fo=1, routed)           0.992     7.758    u_cpu/dut_pc/lookup_hit1[8]
    SLICE_X24Y8          LUT6 (Prop_lut6_I3_O)        0.348     8.106 r  u_cpu/dut_pc/cpu_stall_debug_OBUF_inst_i_37/O
                         net (fo=1, routed)           0.000     8.106    u_cpu/dut_pc/cpu_stall_debug_OBUF_inst_i_37_n_0
    SLICE_X24Y8          CARRY4 (Prop_carry4_S[2]_CO[3])
                                                      0.398     8.504 r  u_cpu/dut_pc/cpu_stall_debug_OBUF_inst_i_23/CO[3]
                         net (fo=1, routed)           0.000     8.504    u_cpu/dut_pc/cpu_stall_debug_OBUF_inst_i_23_n_0
    SLICE_X24Y9          CARRY4 (Prop_carry4_CI_CO[3])
                                                      0.114     8.618 f  u_cpu/dut_pc/cpu_stall_debug_OBUF_inst_i_7/CO[3]
                         net (fo=4, routed)           1.355     9.973    u_cpu/dut_pc/u_l1_icache/lookup_hit0
    SLICE_X22Y14         LUT6 (Prop_lut6_I1_O)        0.124    10.097 f  u_cpu/dut_pc/registers_reg_r1_0_31_0_5_i_29/O
                         net (fo=33, routed)          0.901    10.998    u_cpu/dut_pc/registers_reg_r1_0_31_0_5_i_29_n_0
    SLICE_X20Y15         LUT6 (Prop_lut6_I4_O)        0.124    11.122 f  u_cpu/dut_pc/instr_debug[5]_i_1/O
                         net (fo=20, routed)          0.653    11.775    u_cpu/dut_pc/state_q_reg_2
    SLICE_X19Y16         LUT5 (Prop_lut5_I4_O)        0.124    11.899 r  u_cpu/dut_pc/pc_target1_carry_i_14/O
                         net (fo=2, routed)           0.812    12.712    u_cpu/dut_pc/pc_target1_carry_i_14_n_0
    SLICE_X19Y14         LUT6 (Prop_lut6_I2_O)        0.124    12.836 r  u_cpu/dut_pc/pc_target1_carry_i_11/O
                         net (fo=38, routed)          1.135    13.971    u_cpu/dut_pc/imm_sel[1]
    SLICE_X17Y8          LUT6 (Prop_lut6_I4_O)        0.124    14.095 r  u_cpu/dut_pc/pc_target1_carry_i_3/O
                         net (fo=5, routed)           0.485    14.580    u_cpu/dut_pc/instruction_hold_valid_q_reg[1]
    SLICE_X16Y5          LUT4 (Prop_lut4_I3_O)        0.124    14.704 r  u_cpu/dut_pc/result0_carry_i_12/O
                         net (fo=114, routed)         0.806    15.509    u_cpu/dut_pc/src_b[1]
    SLICE_X13Y1          LUT2 (Prop_lut2_I1_O)        0.124    15.633 r  u_cpu/dut_pc/result0_carry_i_7/O
                         net (fo=1, routed)           0.000    15.633    u_cpu/dut_alu/S[1]
    SLICE_X13Y1          CARRY4 (Prop_carry4_S[1]_CO[3])
                                                      0.550    16.183 r  u_cpu/dut_alu/result0_carry/CO[3]
                         net (fo=1, routed)           0.000    16.183    u_cpu/dut_alu/result0_carry_n_0
    SLICE_X13Y2          CARRY4 (Prop_carry4_CI_CO[3])
                                                      0.114    16.297 r  u_cpu/dut_alu/result0_carry__0/CO[3]
                         net (fo=1, routed)           0.000    16.297    u_cpu/dut_alu/result0_carry__0_n_0
    SLICE_X13Y3          CARRY4 (Prop_carry4_CI_CO[3])
                                                      0.114    16.411 r  u_cpu/dut_alu/result0_carry__1/CO[3]
                         net (fo=1, routed)           0.000    16.411    u_cpu/dut_alu/result0_carry__1_n_0
    SLICE_X13Y4          CARRY4 (Prop_carry4_CI_CO[3])
                                                      0.114    16.525 r  u_cpu/dut_alu/result0_carry__2/CO[3]
                         net (fo=1, routed)           0.000    16.525    u_cpu/dut_alu/result0_carry__2_n_0
    SLICE_X13Y5          CARRY4 (Prop_carry4_CI_CO[3])
                                                      0.114    16.639 r  u_cpu/dut_alu/result0_carry__3/CO[3]
                         net (fo=1, routed)           0.000    16.639    u_cpu/dut_alu/result0_carry__3_n_0
    SLICE_X13Y6          CARRY4 (Prop_carry4_CI_O[0])
                                                      0.222    16.861 r  u_cpu/dut_alu/result0_carry__4/O[0]
                         net (fo=1, routed)           0.768    17.630    u_cpu/dut_alu/data0[20]
    SLICE_X9Y7           LUT4 (Prop_lut4_I0_O)        0.299    17.929 r  u_cpu/dut_alu/mem_addr_q[20]_i_12/O
                         net (fo=1, routed)           0.530    18.459    u_cpu/dut_pc/mem_addr_q[20]_i_2_0
    SLICE_X7Y8           LUT6 (Prop_lut6_I5_O)        0.124    18.583 r  u_cpu/dut_pc/mem_addr_q[20]_i_6/O
                         net (fo=1, routed)           0.635    19.217    u_cpu/dut_pc/mem_addr_q[20]_i_6_n_0
    SLICE_X7Y10          LUT6 (Prop_lut6_I5_O)        0.124    19.341 r  u_cpu/dut_pc/mem_addr_q[20]_i_2/O
                         net (fo=5, routed)           1.125    20.467    u_cpu/dut_pc/cpu_mem_addr[20]
    SLICE_X10Y12         LUT4 (Prop_lut4_I1_O)        0.124    20.591 f  u_cpu/dut_pc/refill_word_q[1]_i_10/O
                         net (fo=1, routed)           0.447    21.037    u_cpu/dut_pc/refill_word_q[1]_i_10_n_0
    SLICE_X15Y12         LUT6 (Prop_lut6_I5_O)        0.124    21.161 f  u_cpu/dut_pc/refill_word_q[1]_i_6/O
                         net (fo=1, routed)           0.808    21.969    u_cpu/dut_pc/refill_word_q[1]_i_6_n_0
    SLICE_X30Y12         LUT5 (Prop_lut5_I1_O)        0.124    22.093 f  u_cpu/dut_pc/refill_word_q[1]_i_4/O
                         net (fo=165, routed)         1.255    23.348    u_l1_icache/icache_invalidate
    SLICE_X57Y12         LUT6 (Prop_lut6_I1_O)        0.124    23.472 r  u_l1_icache/data_array[26][2][31]_i_1/O
                         net (fo=32, routed)          1.074    24.546    u_l1_icache/data_array[26][2][31]_i_1_n_0
    SLICE_X53Y24         FDRE                                         r  u_l1_icache/data_array_reg[26][2][27]/CE
  -------------------------------------------------------------------    -------------------

                         (clock CLK rise edge)       20.000    20.000 r  
    N15                                               0.000    20.000 r  clk (IN)
                         net (fo=0)                   0.000    20.000    clk
    N15                  IBUF (Prop_ibuf_I_O)         0.814    20.814 r  clk_IBUF_inst/O
                         net (fo=1, routed)           1.911    22.725    clk_IBUF
    BUFGCTRL_X0Y0        BUFG (Prop_bufg_I_O)         0.091    22.816 r  clk_IBUF_BUFG_inst/O
                         net (fo=11156, routed)       1.649    24.465    u_l1_icache/clk_IBUF_BUFG
    SLICE_X53Y24         FDRE                                         r  u_l1_icache/data_array_reg[26][2][27]/C
                         clock pessimism              0.259    24.725    
                         clock uncertainty           -0.335    24.389    
    SLICE_X53Y24         FDRE (Setup_fdre_C_CE)      -0.205    24.184    u_l1_icache/data_array_reg[26][2][27]
  -------------------------------------------------------------------
                         required time                         24.184    
                         arrival time                         -24.546    
  -------------------------------------------------------------------
                         slack                                 -0.362    

Slack (VIOLATED) :        -0.353ns  (required time - arrival time)
  Source:                 u_cpu/dut_pc/pc_reg[5]/C
                            (rising edge-triggered cell FDRE clocked by CLK  {rise@0.000ns fall@10.000ns period=20.000ns})
  Destination:            u_l1_icache/data_array_reg[3][3][16]/CE
                            (rising edge-triggered cell FDRE clocked by CLK  {rise@0.000ns fall@10.000ns period=20.000ns})
  Path Group:             CLK
  Path Type:              Setup (Max at Slow Process Corner)
  Requirement:            20.000ns  (CLK rise@20.000ns - CLK rise@0.000ns)
  Data Path Delay:        19.689ns  (logic 4.607ns (23.399%)  route 15.082ns (76.601%))
  Logic Levels:           24  (CARRY4=8 LUT2=1 LUT4=3 LUT5=2 LUT6=9 RAMD32=1)
  Clock Path Skew:        -0.124ns (DCD - SCD + CPR)
    Destination Clock Delay (DCD):    4.488ns = ( 24.488 - 20.000 ) 
    Source Clock Delay      (SCD):    4.872ns
    Clock Pessimism Removal (CPR):    0.259ns
  Clock Uncertainty:      0.335ns  ((TSJ^2 + TIJ^2)^1/2 + DJ) / 2 + PE + UU
    Total System Jitter     (TSJ):    0.071ns
    Total Input Jitter      (TIJ):    0.000ns
    Discrete Jitter          (DJ):    0.000ns
    Phase Error              (PE):    0.000ns
    User Uncertainty         (UU):    0.300ns

    Location             Delay type                Incr(ns)  Path(ns)    Netlist Resource(s)
  -------------------------------------------------------------------    -------------------
                         (clock CLK rise edge)        0.000     0.000 r  
    N15                                               0.000     0.000 r  clk (IN)
                         net (fo=0)                   0.000     0.000    clk
    N15                  IBUF (Prop_ibuf_I_O)         0.948     0.948 r  clk_IBUF_inst/O
                         net (fo=1, routed)           2.016     2.963    clk_IBUF
    BUFGCTRL_X0Y0        BUFG (Prop_bufg_I_O)         0.096     3.059 r  clk_IBUF_BUFG_inst/O
                         net (fo=11156, routed)       1.812     4.872    u_cpu/dut_pc/clk_IBUF_BUFG
    SLICE_X31Y8          FDRE                                         r  u_cpu/dut_pc/pc_reg[5]/C
  -------------------------------------------------------------------    -------------------
    SLICE_X31Y8          FDRE (Prop_fdre_C_Q)         0.456     5.328 r  u_cpu/dut_pc/pc_reg[5]/Q
                         net (fo=165, routed)         1.287     6.614    u_l1_icache/tag_array_reg_0_31_6_11/ADDRB1
    SLICE_X30Y6          RAMD32 (Prop_ramd32_RADR1_O)
                                                      0.152     6.766 r  u_l1_icache/tag_array_reg_0_31_6_11/RAMB/O
                         net (fo=1, routed)           0.992     7.758    u_cpu/dut_pc/lookup_hit1[8]
    SLICE_X24Y8          LUT6 (Prop_lut6_I3_O)        0.348     8.106 r  u_cpu/dut_pc/cpu_stall_debug_OBUF_inst_i_37/O
                         net (fo=1, routed)           0.000     8.106    u_cpu/dut_pc/cpu_stall_debug_OBUF_inst_i_37_n_0
    SLICE_X24Y8          CARRY4 (Prop_carry4_S[2]_CO[3])
                                                      0.398     8.504 r  u_cpu/dut_pc/cpu_stall_debug_OBUF_inst_i_23/CO[3]
                         net (fo=1, routed)           0.000     8.504    u_cpu/dut_pc/cpu_stall_debug_OBUF_inst_i_23_n_0
    SLICE_X24Y9          CARRY4 (Prop_carry4_CI_CO[3])
                                                      0.114     8.618 f  u_cpu/dut_pc/cpu_stall_debug_OBUF_inst_i_7/CO[3]
                         net (fo=4, routed)           1.355     9.973    u_cpu/dut_pc/u_l1_icache/lookup_hit0
    SLICE_X22Y14         LUT6 (Prop_lut6_I1_O)        0.124    10.097 f  u_cpu/dut_pc/registers_reg_r1_0_31_0_5_i_29/O
                         net (fo=33, routed)          0.901    10.998    u_cpu/dut_pc/registers_reg_r1_0_31_0_5_i_29_n_0
    SLICE_X20Y15         LUT6 (Prop_lut6_I4_O)        0.124    11.122 f  u_cpu/dut_pc/instr_debug[5]_i_1/O
                         net (fo=20, routed)          0.653    11.775    u_cpu/dut_pc/state_q_reg_2
    SLICE_X19Y16         LUT5 (Prop_lut5_I4_O)        0.124    11.899 r  u_cpu/dut_pc/pc_target1_carry_i_14/O
                         net (fo=2, routed)           0.812    12.712    u_cpu/dut_pc/pc_target1_carry_i_14_n_0
    SLICE_X19Y14         LUT6 (Prop_lut6_I2_O)        0.124    12.836 r  u_cpu/dut_pc/pc_target1_carry_i_11/O
                         net (fo=38, routed)          1.135    13.971    u_cpu/dut_pc/imm_sel[1]
    SLICE_X17Y8          LUT6 (Prop_lut6_I4_O)        0.124    14.095 r  u_cpu/dut_pc/pc_target1_carry_i_3/O
                         net (fo=5, routed)           0.485    14.580    u_cpu/dut_pc/instruction_hold_valid_q_reg[1]
    SLICE_X16Y5          LUT4 (Prop_lut4_I3_O)        0.124    14.704 r  u_cpu/dut_pc/result0_carry_i_12/O
                         net (fo=114, routed)         0.806    15.509    u_cpu/dut_pc/src_b[1]
    SLICE_X13Y1          LUT2 (Prop_lut2_I1_O)        0.124    15.633 r  u_cpu/dut_pc/result0_carry_i_7/O
                         net (fo=1, routed)           0.000    15.633    u_cpu/dut_alu/S[1]
    SLICE_X13Y1          CARRY4 (Prop_carry4_S[1]_CO[3])
                                                      0.550    16.183 r  u_cpu/dut_alu/result0_carry/CO[3]
                         net (fo=1, routed)           0.000    16.183    u_cpu/dut_alu/result0_carry_n_0
    SLICE_X13Y2          CARRY4 (Prop_carry4_CI_CO[3])
                                                      0.114    16.297 r  u_cpu/dut_alu/result0_carry__0/CO[3]
                         net (fo=1, routed)           0.000    16.297    u_cpu/dut_alu/result0_carry__0_n_0
    SLICE_X13Y3          CARRY4 (Prop_carry4_CI_CO[3])
                                                      0.114    16.411 r  u_cpu/dut_alu/result0_carry__1/CO[3]
                         net (fo=1, routed)           0.000    16.411    u_cpu/dut_alu/result0_carry__1_n_0
    SLICE_X13Y4          CARRY4 (Prop_carry4_CI_CO[3])
                                                      0.114    16.525 r  u_cpu/dut_alu/result0_carry__2/CO[3]
                         net (fo=1, routed)           0.000    16.525    u_cpu/dut_alu/result0_carry__2_n_0
    SLICE_X13Y5          CARRY4 (Prop_carry4_CI_CO[3])
                                                      0.114    16.639 r  u_cpu/dut_alu/result0_carry__3/CO[3]
                         net (fo=1, routed)           0.000    16.639    u_cpu/dut_alu/result0_carry__3_n_0
    SLICE_X13Y6          CARRY4 (Prop_carry4_CI_O[0])
                                                      0.222    16.861 r  u_cpu/dut_alu/result0_carry__4/O[0]
                         net (fo=1, routed)           0.768    17.630    u_cpu/dut_alu/data0[20]
    SLICE_X9Y7           LUT4 (Prop_lut4_I0_O)        0.299    17.929 r  u_cpu/dut_alu/mem_addr_q[20]_i_12/O
                         net (fo=1, routed)           0.530    18.459    u_cpu/dut_pc/mem_addr_q[20]_i_2_0
    SLICE_X7Y8           LUT6 (Prop_lut6_I5_O)        0.124    18.583 r  u_cpu/dut_pc/mem_addr_q[20]_i_6/O
                         net (fo=1, routed)           0.635    19.217    u_cpu/dut_pc/mem_addr_q[20]_i_6_n_0
    SLICE_X7Y10          LUT6 (Prop_lut6_I5_O)        0.124    19.341 r  u_cpu/dut_pc/mem_addr_q[20]_i_2/O
                         net (fo=5, routed)           1.125    20.467    u_cpu/dut_pc/cpu_mem_addr[20]
    SLICE_X10Y12         LUT4 (Prop_lut4_I1_O)        0.124    20.591 f  u_cpu/dut_pc/refill_word_q[1]_i_10/O
                         net (fo=1, routed)           0.447    21.037    u_cpu/dut_pc/refill_word_q[1]_i_10_n_0
    SLICE_X15Y12         LUT6 (Prop_lut6_I5_O)        0.124    21.161 f  u_cpu/dut_pc/refill_word_q[1]_i_6/O
                         net (fo=1, routed)           0.808    21.969    u_cpu/dut_pc/refill_word_q[1]_i_6_n_0
    SLICE_X30Y12         LUT5 (Prop_lut5_I1_O)        0.124    22.093 f  u_cpu/dut_pc/refill_word_q[1]_i_4/O
                         net (fo=165, routed)         1.283    23.376    u_l1_icache/icache_invalidate
    SLICE_X54Y11         LUT6 (Prop_lut6_I4_O)        0.124    23.500 r  u_l1_icache/data_array[3][3][31]_i_1/O
                         net (fo=32, routed)          1.061    24.561    u_l1_icache/data_array[3][3][31]_i_1_n_0
    SLICE_X67Y9          FDRE                                         r  u_l1_icache/data_array_reg[3][3][16]/CE
  -------------------------------------------------------------------    -------------------

                         (clock CLK rise edge)       20.000    20.000 r  
    N15                                               0.000    20.000 r  clk (IN)
                         net (fo=0)                   0.000    20.000    clk
    N15                  IBUF (Prop_ibuf_I_O)         0.814    20.814 r  clk_IBUF_inst/O
                         net (fo=1, routed)           1.911    22.725    clk_IBUF
    BUFGCTRL_X0Y0        BUFG (Prop_bufg_I_O)         0.091    22.816 r  clk_IBUF_BUFG_inst/O
                         net (fo=11156, routed)       1.672    24.488    u_l1_icache/clk_IBUF_BUFG
    SLICE_X67Y9          FDRE                                         r  u_l1_icache/data_array_reg[3][3][16]/C
                         clock pessimism              0.259    24.748    
                         clock uncertainty           -0.335    24.412    
    SLICE_X67Y9          FDRE (Setup_fdre_C_CE)      -0.205    24.207    u_l1_icache/data_array_reg[3][3][16]
  -------------------------------------------------------------------
                         required time                         24.207    
                         arrival time                         -24.561    
  -------------------------------------------------------------------
                         slack                                 -0.353    

Slack (VIOLATED) :        -0.351ns  (required time - arrival time)
  Source:                 u_cpu/dut_pc/pc_reg[5]/C
                            (rising edge-triggered cell FDRE clocked by CLK  {rise@0.000ns fall@10.000ns period=20.000ns})
  Destination:            u_l1_icache/data_array_reg[22][3][28]/CE
                            (rising edge-triggered cell FDRE clocked by CLK  {rise@0.000ns fall@10.000ns period=20.000ns})
  Path Group:             CLK
  Path Type:              Setup (Max at Slow Process Corner)
  Requirement:            20.000ns  (CLK rise@20.000ns - CLK rise@0.000ns)
  Data Path Delay:        19.685ns  (logic 4.607ns (23.403%)  route 15.078ns (76.597%))
  Logic Levels:           24  (CARRY4=8 LUT2=1 LUT4=3 LUT5=2 LUT6=9 RAMD32=1)
  Clock Path Skew:        -0.125ns (DCD - SCD + CPR)
    Destination Clock Delay (DCD):    4.487ns = ( 24.487 - 20.000 ) 
    Source Clock Delay      (SCD):    4.872ns
    Clock Pessimism Removal (CPR):    0.259ns
  Clock Uncertainty:      0.335ns  ((TSJ^2 + TIJ^2)^1/2 + DJ) / 2 + PE + UU
    Total System Jitter     (TSJ):    0.071ns
    Total Input Jitter      (TIJ):    0.000ns
    Discrete Jitter          (DJ):    0.000ns
    Phase Error              (PE):    0.000ns
    User Uncertainty         (UU):    0.300ns

    Location             Delay type                Incr(ns)  Path(ns)    Netlist Resource(s)
  -------------------------------------------------------------------    -------------------
                         (clock CLK rise edge)        0.000     0.000 r  
    N15                                               0.000     0.000 r  clk (IN)
                         net (fo=0)                   0.000     0.000    clk
    N15                  IBUF (Prop_ibuf_I_O)         0.948     0.948 r  clk_IBUF_inst/O
                         net (fo=1, routed)           2.016     2.963    clk_IBUF
    BUFGCTRL_X0Y0        BUFG (Prop_bufg_I_O)         0.096     3.059 r  clk_IBUF_BUFG_inst/O
                         net (fo=11156, routed)       1.812     4.872    u_cpu/dut_pc/clk_IBUF_BUFG
    SLICE_X31Y8          FDRE                                         r  u_cpu/dut_pc/pc_reg[5]/C
  -------------------------------------------------------------------    -------------------
    SLICE_X31Y8          FDRE (Prop_fdre_C_Q)         0.456     5.328 r  u_cpu/dut_pc/pc_reg[5]/Q
                         net (fo=165, routed)         1.287     6.614    u_l1_icache/tag_array_reg_0_31_6_11/ADDRB1
    SLICE_X30Y6          RAMD32 (Prop_ramd32_RADR1_O)
                                                      0.152     6.766 r  u_l1_icache/tag_array_reg_0_31_6_11/RAMB/O
                         net (fo=1, routed)           0.992     7.758    u_cpu/dut_pc/lookup_hit1[8]
    SLICE_X24Y8          LUT6 (Prop_lut6_I3_O)        0.348     8.106 r  u_cpu/dut_pc/cpu_stall_debug_OBUF_inst_i_37/O
                         net (fo=1, routed)           0.000     8.106    u_cpu/dut_pc/cpu_stall_debug_OBUF_inst_i_37_n_0
    SLICE_X24Y8          CARRY4 (Prop_carry4_S[2]_CO[3])
                                                      0.398     8.504 r  u_cpu/dut_pc/cpu_stall_debug_OBUF_inst_i_23/CO[3]
                         net (fo=1, routed)           0.000     8.504    u_cpu/dut_pc/cpu_stall_debug_OBUF_inst_i_23_n_0
    SLICE_X24Y9          CARRY4 (Prop_carry4_CI_CO[3])
                                                      0.114     8.618 f  u_cpu/dut_pc/cpu_stall_debug_OBUF_inst_i_7/CO[3]
                         net (fo=4, routed)           1.355     9.973    u_cpu/dut_pc/u_l1_icache/lookup_hit0
    SLICE_X22Y14         LUT6 (Prop_lut6_I1_O)        0.124    10.097 f  u_cpu/dut_pc/registers_reg_r1_0_31_0_5_i_29/O
                         net (fo=33, routed)          0.901    10.998    u_cpu/dut_pc/registers_reg_r1_0_31_0_5_i_29_n_0
    SLICE_X20Y15         LUT6 (Prop_lut6_I4_O)        0.124    11.122 f  u_cpu/dut_pc/instr_debug[5]_i_1/O
                         net (fo=20, routed)          0.653    11.775    u_cpu/dut_pc/state_q_reg_2
    SLICE_X19Y16         LUT5 (Prop_lut5_I4_O)        0.124    11.899 r  u_cpu/dut_pc/pc_target1_carry_i_14/O
                         net (fo=2, routed)           0.812    12.712    u_cpu/dut_pc/pc_target1_carry_i_14_n_0
    SLICE_X19Y14         LUT6 (Prop_lut6_I2_O)        0.124    12.836 r  u_cpu/dut_pc/pc_target1_carry_i_11/O
                         net (fo=38, routed)          1.135    13.971    u_cpu/dut_pc/imm_sel[1]
    SLICE_X17Y8          LUT6 (Prop_lut6_I4_O)        0.124    14.095 r  u_cpu/dut_pc/pc_target1_carry_i_3/O
                         net (fo=5, routed)           0.485    14.580    u_cpu/dut_pc/instruction_hold_valid_q_reg[1]
    SLICE_X16Y5          LUT4 (Prop_lut4_I3_O)        0.124    14.704 r  u_cpu/dut_pc/result0_carry_i_12/O
                         net (fo=114, routed)         0.806    15.509    u_cpu/dut_pc/src_b[1]
    SLICE_X13Y1          LUT2 (Prop_lut2_I1_O)        0.124    15.633 r  u_cpu/dut_pc/result0_carry_i_7/O
                         net (fo=1, routed)           0.000    15.633    u_cpu/dut_alu/S[1]
    SLICE_X13Y1          CARRY4 (Prop_carry4_S[1]_CO[3])
                                                      0.550    16.183 r  u_cpu/dut_alu/result0_carry/CO[3]
                         net (fo=1, routed)           0.000    16.183    u_cpu/dut_alu/result0_carry_n_0
    SLICE_X13Y2          CARRY4 (Prop_carry4_CI_CO[3])
                                                      0.114    16.297 r  u_cpu/dut_alu/result0_carry__0/CO[3]
                         net (fo=1, routed)           0.000    16.297    u_cpu/dut_alu/result0_carry__0_n_0
    SLICE_X13Y3          CARRY4 (Prop_carry4_CI_CO[3])
                                                      0.114    16.411 r  u_cpu/dut_alu/result0_carry__1/CO[3]
                         net (fo=1, routed)           0.000    16.411    u_cpu/dut_alu/result0_carry__1_n_0
    SLICE_X13Y4          CARRY4 (Prop_carry4_CI_CO[3])
                                                      0.114    16.525 r  u_cpu/dut_alu/result0_carry__2/CO[3]
                         net (fo=1, routed)           0.000    16.525    u_cpu/dut_alu/result0_carry__2_n_0
    SLICE_X13Y5          CARRY4 (Prop_carry4_CI_CO[3])
                                                      0.114    16.639 r  u_cpu/dut_alu/result0_carry__3/CO[3]
                         net (fo=1, routed)           0.000    16.639    u_cpu/dut_alu/result0_carry__3_n_0
    SLICE_X13Y6          CARRY4 (Prop_carry4_CI_O[0])
                                                      0.222    16.861 r  u_cpu/dut_alu/result0_carry__4/O[0]
                         net (fo=1, routed)           0.768    17.630    u_cpu/dut_alu/data0[20]
    SLICE_X9Y7           LUT4 (Prop_lut4_I0_O)        0.299    17.929 r  u_cpu/dut_alu/mem_addr_q[20]_i_12/O
                         net (fo=1, routed)           0.530    18.459    u_cpu/dut_pc/mem_addr_q[20]_i_2_0
    SLICE_X7Y8           LUT6 (Prop_lut6_I5_O)        0.124    18.583 r  u_cpu/dut_pc/mem_addr_q[20]_i_6/O
                         net (fo=1, routed)           0.635    19.217    u_cpu/dut_pc/mem_addr_q[20]_i_6_n_0
    SLICE_X7Y10          LUT6 (Prop_lut6_I5_O)        0.124    19.341 r  u_cpu/dut_pc/mem_addr_q[20]_i_2/O
                         net (fo=5, routed)           1.125    20.467    u_cpu/dut_pc/cpu_mem_addr[20]
    SLICE_X10Y12         LUT4 (Prop_lut4_I1_O)        0.124    20.591 f  u_cpu/dut_pc/refill_word_q[1]_i_10/O
                         net (fo=1, routed)           0.447    21.037    u_cpu/dut_pc/refill_word_q[1]_i_10_n_0
    SLICE_X15Y12         LUT6 (Prop_lut6_I5_O)        0.124    21.161 f  u_cpu/dut_pc/refill_word_q[1]_i_6/O
                         net (fo=1, routed)           0.808    21.969    u_cpu/dut_pc/refill_word_q[1]_i_6_n_0
    SLICE_X30Y12         LUT5 (Prop_lut5_I1_O)        0.124    22.093 f  u_cpu/dut_pc/refill_word_q[1]_i_4/O
                         net (fo=165, routed)         1.296    23.389    u_l1_icache/icache_invalidate
    SLICE_X54Y13         LUT6 (Prop_lut6_I2_O)        0.124    23.513 r  u_l1_icache/data_array[22][3][31]_i_1/O
                         net (fo=32, routed)          1.043    24.557    u_l1_icache/data_array[22][3][31]_i_1_n_0
    SLICE_X59Y4          FDRE                                         r  u_l1_icache/data_array_reg[22][3][28]/CE
  -------------------------------------------------------------------    -------------------

                         (clock CLK rise edge)       20.000    20.000 r  
    N15                                               0.000    20.000 r  clk (IN)
                         net (fo=0)                   0.000    20.000    clk
    N15                  IBUF (Prop_ibuf_I_O)         0.814    20.814 r  clk_IBUF_inst/O
                         net (fo=1, routed)           1.911    22.725    clk_IBUF
    BUFGCTRL_X0Y0        BUFG (Prop_bufg_I_O)         0.091    22.816 r  clk_IBUF_BUFG_inst/O
                         net (fo=11156, routed)       1.671    24.487    u_l1_icache/clk_IBUF_BUFG
    SLICE_X59Y4          FDRE                                         r  u_l1_icache/data_array_reg[22][3][28]/C
                         clock pessimism              0.259    24.747    
                         clock uncertainty           -0.335    24.411    
    SLICE_X59Y4          FDRE (Setup_fdre_C_CE)      -0.205    24.206    u_l1_icache/data_array_reg[22][3][28]
  -------------------------------------------------------------------
                         required time                         24.206    
                         arrival time                         -24.557    
  -------------------------------------------------------------------
                         slack                                 -0.351    

Slack (VIOLATED) :        -0.344ns  (required time - arrival time)
  Source:                 u_cpu/dut_pc/pc_reg[5]/C
                            (rising edge-triggered cell FDRE clocked by CLK  {rise@0.000ns fall@10.000ns period=20.000ns})
  Destination:            u_l1_icache/data_array_reg[11][2][3]/CE
                            (rising edge-triggered cell FDRE clocked by CLK  {rise@0.000ns fall@10.000ns period=20.000ns})
  Path Group:             CLK
  Path Type:              Setup (Max at Slow Process Corner)
  Requirement:            20.000ns  (CLK rise@20.000ns - CLK rise@0.000ns)
  Data Path Delay:        19.754ns  (logic 4.607ns (23.322%)  route 15.147ns (76.678%))
  Logic Levels:           24  (CARRY4=8 LUT2=1 LUT4=3 LUT5=2 LUT6=9 RAMD32=1)
  Clock Path Skew:        -0.050ns (DCD - SCD + CPR)
    Destination Clock Delay (DCD):    4.490ns = ( 24.490 - 20.000 ) 
    Source Clock Delay      (SCD):    4.872ns
    Clock Pessimism Removal (CPR):    0.331ns
  Clock Uncertainty:      0.335ns  ((TSJ^2 + TIJ^2)^1/2 + DJ) / 2 + PE + UU
    Total System Jitter     (TSJ):    0.071ns
    Total Input Jitter      (TIJ):    0.000ns
    Discrete Jitter          (DJ):    0.000ns
    Phase Error              (PE):    0.000ns
    User Uncertainty         (UU):    0.300ns

    Location             Delay type                Incr(ns)  Path(ns)    Netlist Resource(s)
  -------------------------------------------------------------------    -------------------
                         (clock CLK rise edge)        0.000     0.000 r  
    N15                                               0.000     0.000 r  clk (IN)
                         net (fo=0)                   0.000     0.000    clk
    N15                  IBUF (Prop_ibuf_I_O)         0.948     0.948 r  clk_IBUF_inst/O
                         net (fo=1, routed)           2.016     2.963    clk_IBUF
    BUFGCTRL_X0Y0        BUFG (Prop_bufg_I_O)         0.096     3.059 r  clk_IBUF_BUFG_inst/O
                         net (fo=11156, routed)       1.812     4.872    u_cpu/dut_pc/clk_IBUF_BUFG
    SLICE_X31Y8          FDRE                                         r  u_cpu/dut_pc/pc_reg[5]/C
  -------------------------------------------------------------------    -------------------
    SLICE_X31Y8          FDRE (Prop_fdre_C_Q)         0.456     5.328 r  u_cpu/dut_pc/pc_reg[5]/Q
                         net (fo=165, routed)         1.287     6.614    u_l1_icache/tag_array_reg_0_31_6_11/ADDRB1
    SLICE_X30Y6          RAMD32 (Prop_ramd32_RADR1_O)
                                                      0.152     6.766 r  u_l1_icache/tag_array_reg_0_31_6_11/RAMB/O
                         net (fo=1, routed)           0.992     7.758    u_cpu/dut_pc/lookup_hit1[8]
    SLICE_X24Y8          LUT6 (Prop_lut6_I3_O)        0.348     8.106 r  u_cpu/dut_pc/cpu_stall_debug_OBUF_inst_i_37/O
                         net (fo=1, routed)           0.000     8.106    u_cpu/dut_pc/cpu_stall_debug_OBUF_inst_i_37_n_0
    SLICE_X24Y8          CARRY4 (Prop_carry4_S[2]_CO[3])
                                                      0.398     8.504 r  u_cpu/dut_pc/cpu_stall_debug_OBUF_inst_i_23/CO[3]
                         net (fo=1, routed)           0.000     8.504    u_cpu/dut_pc/cpu_stall_debug_OBUF_inst_i_23_n_0
    SLICE_X24Y9          CARRY4 (Prop_carry4_CI_CO[3])
                                                      0.114     8.618 f  u_cpu/dut_pc/cpu_stall_debug_OBUF_inst_i_7/CO[3]
                         net (fo=4, routed)           1.355     9.973    u_cpu/dut_pc/u_l1_icache/lookup_hit0
    SLICE_X22Y14         LUT6 (Prop_lut6_I1_O)        0.124    10.097 f  u_cpu/dut_pc/registers_reg_r1_0_31_0_5_i_29/O
                         net (fo=33, routed)          0.901    10.998    u_cpu/dut_pc/registers_reg_r1_0_31_0_5_i_29_n_0
    SLICE_X20Y15         LUT6 (Prop_lut6_I4_O)        0.124    11.122 f  u_cpu/dut_pc/instr_debug[5]_i_1/O
                         net (fo=20, routed)          0.653    11.775    u_cpu/dut_pc/state_q_reg_2
    SLICE_X19Y16         LUT5 (Prop_lut5_I4_O)        0.124    11.899 r  u_cpu/dut_pc/pc_target1_carry_i_14/O
                         net (fo=2, routed)           0.812    12.712    u_cpu/dut_pc/pc_target1_carry_i_14_n_0
    SLICE_X19Y14         LUT6 (Prop_lut6_I2_O)        0.124    12.836 r  u_cpu/dut_pc/pc_target1_carry_i_11/O
                         net (fo=38, routed)          1.135    13.971    u_cpu/dut_pc/imm_sel[1]
    SLICE_X17Y8          LUT6 (Prop_lut6_I4_O)        0.124    14.095 r  u_cpu/dut_pc/pc_target1_carry_i_3/O
                         net (fo=5, routed)           0.485    14.580    u_cpu/dut_pc/instruction_hold_valid_q_reg[1]
    SLICE_X16Y5          LUT4 (Prop_lut4_I3_O)        0.124    14.704 r  u_cpu/dut_pc/result0_carry_i_12/O
                         net (fo=114, routed)         0.806    15.509    u_cpu/dut_pc/src_b[1]
    SLICE_X13Y1          LUT2 (Prop_lut2_I1_O)        0.124    15.633 r  u_cpu/dut_pc/result0_carry_i_7/O
                         net (fo=1, routed)           0.000    15.633    u_cpu/dut_alu/S[1]
    SLICE_X13Y1          CARRY4 (Prop_carry4_S[1]_CO[3])
                                                      0.550    16.183 r  u_cpu/dut_alu/result0_carry/CO[3]
                         net (fo=1, routed)           0.000    16.183    u_cpu/dut_alu/result0_carry_n_0
    SLICE_X13Y2          CARRY4 (Prop_carry4_CI_CO[3])
                                                      0.114    16.297 r  u_cpu/dut_alu/result0_carry__0/CO[3]
                         net (fo=1, routed)           0.000    16.297    u_cpu/dut_alu/result0_carry__0_n_0
    SLICE_X13Y3          CARRY4 (Prop_carry4_CI_CO[3])
                                                      0.114    16.411 r  u_cpu/dut_alu/result0_carry__1/CO[3]
                         net (fo=1, routed)           0.000    16.411    u_cpu/dut_alu/result0_carry__1_n_0
    SLICE_X13Y4          CARRY4 (Prop_carry4_CI_CO[3])
                                                      0.114    16.525 r  u_cpu/dut_alu/result0_carry__2/CO[3]
                         net (fo=1, routed)           0.000    16.525    u_cpu/dut_alu/result0_carry__2_n_0
    SLICE_X13Y5          CARRY4 (Prop_carry4_CI_CO[3])
                                                      0.114    16.639 r  u_cpu/dut_alu/result0_carry__3/CO[3]
                         net (fo=1, routed)           0.000    16.639    u_cpu/dut_alu/result0_carry__3_n_0
    SLICE_X13Y6          CARRY4 (Prop_carry4_CI_O[0])
                                                      0.222    16.861 r  u_cpu/dut_alu/result0_carry__4/O[0]
                         net (fo=1, routed)           0.768    17.630    u_cpu/dut_alu/data0[20]
    SLICE_X9Y7           LUT4 (Prop_lut4_I0_O)        0.299    17.929 r  u_cpu/dut_alu/mem_addr_q[20]_i_12/O
                         net (fo=1, routed)           0.530    18.459    u_cpu/dut_pc/mem_addr_q[20]_i_2_0
    SLICE_X7Y8           LUT6 (Prop_lut6_I5_O)        0.124    18.583 r  u_cpu/dut_pc/mem_addr_q[20]_i_6/O
                         net (fo=1, routed)           0.635    19.217    u_cpu/dut_pc/mem_addr_q[20]_i_6_n_0
    SLICE_X7Y10          LUT6 (Prop_lut6_I5_O)        0.124    19.341 r  u_cpu/dut_pc/mem_addr_q[20]_i_2/O
                         net (fo=5, routed)           1.125    20.467    u_cpu/dut_pc/cpu_mem_addr[20]
    SLICE_X10Y12         LUT4 (Prop_lut4_I1_O)        0.124    20.591 f  u_cpu/dut_pc/refill_word_q[1]_i_10/O
                         net (fo=1, routed)           0.447    21.037    u_cpu/dut_pc/refill_word_q[1]_i_10_n_0
    SLICE_X15Y12         LUT6 (Prop_lut6_I5_O)        0.124    21.161 f  u_cpu/dut_pc/refill_word_q[1]_i_6/O
                         net (fo=1, routed)           0.808    21.969    u_cpu/dut_pc/refill_word_q[1]_i_6_n_0
    SLICE_X30Y12         LUT5 (Prop_lut5_I1_O)        0.124    22.093 f  u_cpu/dut_pc/refill_word_q[1]_i_4/O
                         net (fo=165, routed)         1.085    23.179    u_l1_icache/icache_invalidate
    SLICE_X48Y13         LUT6 (Prop_lut6_I1_O)        0.124    23.303 r  u_l1_icache/data_array[11][2][31]_i_1/O
                         net (fo=32, routed)          1.323    24.625    u_l1_icache/data_array[11][2][31]_i_1_n_0
    SLICE_X37Y17         FDRE                                         r  u_l1_icache/data_array_reg[11][2][3]/CE
  -------------------------------------------------------------------    -------------------

                         (clock CLK rise edge)       20.000    20.000 r  
    N15                                               0.000    20.000 r  clk (IN)
                         net (fo=0)                   0.000    20.000    clk
    N15                  IBUF (Prop_ibuf_I_O)         0.814    20.814 r  clk_IBUF_inst/O
                         net (fo=1, routed)           1.911    22.725    clk_IBUF
    BUFGCTRL_X0Y0        BUFG (Prop_bufg_I_O)         0.091    22.816 r  clk_IBUF_BUFG_inst/O
                         net (fo=11156, routed)       1.674    24.490    u_l1_icache/clk_IBUF_BUFG
    SLICE_X37Y17         FDRE                                         r  u_l1_icache/data_array_reg[11][2][3]/C
                         clock pessimism              0.331    24.822    
                         clock uncertainty           -0.335    24.486    
    SLICE_X37Y17         FDRE (Setup_fdre_C_CE)      -0.205    24.281    u_l1_icache/data_array_reg[11][2][3]
  -------------------------------------------------------------------
                         required time                         24.281    
                         arrival time                         -24.625    
  -------------------------------------------------------------------
                         slack                                 -0.344    

Slack (VIOLATED) :        -0.344ns  (required time - arrival time)
  Source:                 u_cpu/dut_pc/pc_reg[5]/C
                            (rising edge-triggered cell FDRE clocked by CLK  {rise@0.000ns fall@10.000ns period=20.000ns})
  Destination:            u_l1_icache/data_array_reg[14][3][3]/CE
                            (rising edge-triggered cell FDRE clocked by CLK  {rise@0.000ns fall@10.000ns period=20.000ns})
  Path Group:             CLK
  Path Type:              Setup (Max at Slow Process Corner)
  Requirement:            20.000ns  (CLK rise@20.000ns - CLK rise@0.000ns)
  Data Path Delay:        19.774ns  (logic 4.607ns (23.298%)  route 15.167ns (76.702%))
  Logic Levels:           24  (CARRY4=8 LUT2=1 LUT3=1 LUT4=3 LUT5=2 LUT6=8 RAMD32=1)
  Clock Path Skew:        -0.029ns (DCD - SCD + CPR)
    Destination Clock Delay (DCD):    4.494ns = ( 24.494 - 20.000 ) 
    Source Clock Delay      (SCD):    4.872ns
    Clock Pessimism Removal (CPR):    0.348ns
  Clock Uncertainty:      0.335ns  ((TSJ^2 + TIJ^2)^1/2 + DJ) / 2 + PE + UU
    Total System Jitter     (TSJ):    0.071ns
    Total Input Jitter      (TIJ):    0.000ns
    Discrete Jitter          (DJ):    0.000ns
    Phase Error              (PE):    0.000ns
    User Uncertainty         (UU):    0.300ns

    Location             Delay type                Incr(ns)  Path(ns)    Netlist Resource(s)
  -------------------------------------------------------------------    -------------------
                         (clock CLK rise edge)        0.000     0.000 r  
    N15                                               0.000     0.000 r  clk (IN)
                         net (fo=0)                   0.000     0.000    clk
    N15                  IBUF (Prop_ibuf_I_O)         0.948     0.948 r  clk_IBUF_inst/O
                         net (fo=1, routed)           2.016     2.963    clk_IBUF
    BUFGCTRL_X0Y0        BUFG (Prop_bufg_I_O)         0.096     3.059 r  clk_IBUF_BUFG_inst/O
                         net (fo=11156, routed)       1.812     4.872    u_cpu/dut_pc/clk_IBUF_BUFG
    SLICE_X31Y8          FDRE                                         r  u_cpu/dut_pc/pc_reg[5]/C
  -------------------------------------------------------------------    -------------------
    SLICE_X31Y8          FDRE (Prop_fdre_C_Q)         0.456     5.328 r  u_cpu/dut_pc/pc_reg[5]/Q
                         net (fo=165, routed)         1.287     6.614    u_l1_icache/tag_array_reg_0_31_6_11/ADDRB1
    SLICE_X30Y6          RAMD32 (Prop_ramd32_RADR1_O)
                                                      0.152     6.766 r  u_l1_icache/tag_array_reg_0_31_6_11/RAMB/O
                         net (fo=1, routed)           0.992     7.758    u_cpu/dut_pc/lookup_hit1[8]
    SLICE_X24Y8          LUT6 (Prop_lut6_I3_O)        0.348     8.106 r  u_cpu/dut_pc/cpu_stall_debug_OBUF_inst_i_37/O
                         net (fo=1, routed)           0.000     8.106    u_cpu/dut_pc/cpu_stall_debug_OBUF_inst_i_37_n_0
    SLICE_X24Y8          CARRY4 (Prop_carry4_S[2]_CO[3])
                                                      0.398     8.504 r  u_cpu/dut_pc/cpu_stall_debug_OBUF_inst_i_23/CO[3]
                         net (fo=1, routed)           0.000     8.504    u_cpu/dut_pc/cpu_stall_debug_OBUF_inst_i_23_n_0
    SLICE_X24Y9          CARRY4 (Prop_carry4_CI_CO[3])
                                                      0.114     8.618 f  u_cpu/dut_pc/cpu_stall_debug_OBUF_inst_i_7/CO[3]
                         net (fo=4, routed)           1.355     9.973    u_cpu/dut_pc/u_l1_icache/lookup_hit0
    SLICE_X22Y14         LUT6 (Prop_lut6_I1_O)        0.124    10.097 f  u_cpu/dut_pc/registers_reg_r1_0_31_0_5_i_29/O
                         net (fo=33, routed)          0.901    10.998    u_cpu/dut_pc/registers_reg_r1_0_31_0_5_i_29_n_0
    SLICE_X20Y15         LUT6 (Prop_lut6_I4_O)        0.124    11.122 f  u_cpu/dut_pc/instr_debug[5]_i_1/O
                         net (fo=20, routed)          0.653    11.775    u_cpu/dut_pc/state_q_reg_2
    SLICE_X19Y16         LUT5 (Prop_lut5_I4_O)        0.124    11.899 r  u_cpu/dut_pc/pc_target1_carry_i_14/O
                         net (fo=2, routed)           0.812    12.712    u_cpu/dut_pc/pc_target1_carry_i_14_n_0
    SLICE_X19Y14         LUT6 (Prop_lut6_I2_O)        0.124    12.836 r  u_cpu/dut_pc/pc_target1_carry_i_11/O
                         net (fo=38, routed)          1.135    13.971    u_cpu/dut_pc/imm_sel[1]
    SLICE_X17Y8          LUT6 (Prop_lut6_I4_O)        0.124    14.095 r  u_cpu/dut_pc/pc_target1_carry_i_3/O
                         net (fo=5, routed)           0.485    14.580    u_cpu/dut_pc/instruction_hold_valid_q_reg[1]
    SLICE_X16Y5          LUT4 (Prop_lut4_I3_O)        0.124    14.704 r  u_cpu/dut_pc/result0_carry_i_12/O
                         net (fo=114, routed)         0.806    15.509    u_cpu/dut_pc/src_b[1]
    SLICE_X13Y1          LUT2 (Prop_lut2_I1_O)        0.124    15.633 r  u_cpu/dut_pc/result0_carry_i_7/O
                         net (fo=1, routed)           0.000    15.633    u_cpu/dut_alu/S[1]
    SLICE_X13Y1          CARRY4 (Prop_carry4_S[1]_CO[3])
                                                      0.550    16.183 r  u_cpu/dut_alu/result0_carry/CO[3]
                         net (fo=1, routed)           0.000    16.183    u_cpu/dut_alu/result0_carry_n_0
    SLICE_X13Y2          CARRY4 (Prop_carry4_CI_CO[3])
                                                      0.114    16.297 r  u_cpu/dut_alu/result0_carry__0/CO[3]
                         net (fo=1, routed)           0.000    16.297    u_cpu/dut_alu/result0_carry__0_n_0
    SLICE_X13Y3          CARRY4 (Prop_carry4_CI_CO[3])
                                                      0.114    16.411 r  u_cpu/dut_alu/result0_carry__1/CO[3]
                         net (fo=1, routed)           0.000    16.411    u_cpu/dut_alu/result0_carry__1_n_0
    SLICE_X13Y4          CARRY4 (Prop_carry4_CI_CO[3])
                                                      0.114    16.525 r  u_cpu/dut_alu/result0_carry__2/CO[3]
                         net (fo=1, routed)           0.000    16.525    u_cpu/dut_alu/result0_carry__2_n_0
    SLICE_X13Y5          CARRY4 (Prop_carry4_CI_CO[3])
                                                      0.114    16.639 r  u_cpu/dut_alu/result0_carry__3/CO[3]
                         net (fo=1, routed)           0.000    16.639    u_cpu/dut_alu/result0_carry__3_n_0
    SLICE_X13Y6          CARRY4 (Prop_carry4_CI_O[0])
                                                      0.222    16.861 r  u_cpu/dut_alu/result0_carry__4/O[0]
                         net (fo=1, routed)           0.768    17.630    u_cpu/dut_alu/data0[20]
    SLICE_X9Y7           LUT4 (Prop_lut4_I0_O)        0.299    17.929 r  u_cpu/dut_alu/mem_addr_q[20]_i_12/O
                         net (fo=1, routed)           0.530    18.459    u_cpu/dut_pc/mem_addr_q[20]_i_2_0
    SLICE_X7Y8           LUT6 (Prop_lut6_I5_O)        0.124    18.583 r  u_cpu/dut_pc/mem_addr_q[20]_i_6/O
                         net (fo=1, routed)           0.635    19.217    u_cpu/dut_pc/mem_addr_q[20]_i_6_n_0
    SLICE_X7Y10          LUT6 (Prop_lut6_I5_O)        0.124    19.341 r  u_cpu/dut_pc/mem_addr_q[20]_i_2/O
                         net (fo=5, routed)           1.125    20.467    u_cpu/dut_pc/cpu_mem_addr[20]
    SLICE_X10Y12         LUT4 (Prop_lut4_I1_O)        0.124    20.591 f  u_cpu/dut_pc/refill_word_q[1]_i_10/O
                         net (fo=1, routed)           0.447    21.037    u_cpu/dut_pc/refill_word_q[1]_i_10_n_0
    SLICE_X15Y12         LUT6 (Prop_lut6_I5_O)        0.124    21.161 f  u_cpu/dut_pc/refill_word_q[1]_i_6/O
                         net (fo=1, routed)           0.808    21.969    u_cpu/dut_pc/refill_word_q[1]_i_6_n_0
    SLICE_X30Y12         LUT5 (Prop_lut5_I1_O)        0.124    22.093 f  u_cpu/dut_pc/refill_word_q[1]_i_4/O
                         net (fo=165, routed)         1.266    23.359    u_l1_icache/icache_invalidate
    SLICE_X47Y11         LUT3 (Prop_lut3_I2_O)        0.124    23.483 r  u_l1_icache/data_array[14][3][31]_i_1/O
                         net (fo=32, routed)          1.163    24.646    u_l1_icache/data_array[14][3][31]_i_1_n_0
    SLICE_X33Y13         FDRE                                         r  u_l1_icache/data_array_reg[14][3][3]/CE
  -------------------------------------------------------------------    -------------------

                         (clock CLK rise edge)       20.000    20.000 r  
    N15                                               0.000    20.000 r  clk (IN)
                         net (fo=0)                   0.000    20.000    clk
    N15                  IBUF (Prop_ibuf_I_O)         0.814    20.814 r  clk_IBUF_inst/O
                         net (fo=1, routed)           1.911    22.725    clk_IBUF
    BUFGCTRL_X0Y0        BUFG (Prop_bufg_I_O)         0.091    22.816 r  clk_IBUF_BUFG_inst/O
                         net (fo=11156, routed)       1.678    24.494    u_l1_icache/clk_IBUF_BUFG
    SLICE_X33Y13         FDRE                                         r  u_l1_icache/data_array_reg[14][3][3]/C
                         clock pessimism              0.348    24.843    
                         clock uncertainty           -0.335    24.507    
    SLICE_X33Y13         FDRE (Setup_fdre_C_CE)      -0.205    24.302    u_l1_icache/data_array_reg[14][3][3]
  -------------------------------------------------------------------
                         required time                         24.302    
                         arrival time                         -24.646    
  -------------------------------------------------------------------
                         slack                                 -0.344    

Slack (VIOLATED) :        -0.344ns  (required time - arrival time)
  Source:                 u_cpu/dut_pc/pc_reg[5]/C
                            (rising edge-triggered cell FDRE clocked by CLK  {rise@0.000ns fall@10.000ns period=20.000ns})
  Destination:            u_l1_icache/data_array_reg[14][3][6]/CE
                            (rising edge-triggered cell FDRE clocked by CLK  {rise@0.000ns fall@10.000ns period=20.000ns})
  Path Group:             CLK
  Path Type:              Setup (Max at Slow Process Corner)
  Requirement:            20.000ns  (CLK rise@20.000ns - CLK rise@0.000ns)
  Data Path Delay:        19.774ns  (logic 4.607ns (23.298%)  route 15.167ns (76.702%))
  Logic Levels:           24  (CARRY4=8 LUT2=1 LUT3=1 LUT4=3 LUT5=2 LUT6=8 RAMD32=1)
  Clock Path Skew:        -0.029ns (DCD - SCD + CPR)
    Destination Clock Delay (DCD):    4.494ns = ( 24.494 - 20.000 ) 
    Source Clock Delay      (SCD):    4.872ns
    Clock Pessimism Removal (CPR):    0.348ns
  Clock Uncertainty:      0.335ns  ((TSJ^2 + TIJ^2)^1/2 + DJ) / 2 + PE + UU
    Total System Jitter     (TSJ):    0.071ns
    Total Input Jitter      (TIJ):    0.000ns
    Discrete Jitter          (DJ):    0.000ns
    Phase Error              (PE):    0.000ns
    User Uncertainty         (UU):    0.300ns

    Location             Delay type                Incr(ns)  Path(ns)    Netlist Resource(s)
  -------------------------------------------------------------------    -------------------
                         (clock CLK rise edge)        0.000     0.000 r  
    N15                                               0.000     0.000 r  clk (IN)
                         net (fo=0)                   0.000     0.000    clk
    N15                  IBUF (Prop_ibuf_I_O)         0.948     0.948 r  clk_IBUF_inst/O
                         net (fo=1, routed)           2.016     2.963    clk_IBUF
    BUFGCTRL_X0Y0        BUFG (Prop_bufg_I_O)         0.096     3.059 r  clk_IBUF_BUFG_inst/O
                         net (fo=11156, routed)       1.812     4.872    u_cpu/dut_pc/clk_IBUF_BUFG
    SLICE_X31Y8          FDRE                                         r  u_cpu/dut_pc/pc_reg[5]/C
  -------------------------------------------------------------------    -------------------
    SLICE_X31Y8          FDRE (Prop_fdre_C_Q)         0.456     5.328 r  u_cpu/dut_pc/pc_reg[5]/Q
                         net (fo=165, routed)         1.287     6.614    u_l1_icache/tag_array_reg_0_31_6_11/ADDRB1
    SLICE_X30Y6          RAMD32 (Prop_ramd32_RADR1_O)
                                                      0.152     6.766 r  u_l1_icache/tag_array_reg_0_31_6_11/RAMB/O
                         net (fo=1, routed)           0.992     7.758    u_cpu/dut_pc/lookup_hit1[8]
    SLICE_X24Y8          LUT6 (Prop_lut6_I3_O)        0.348     8.106 r  u_cpu/dut_pc/cpu_stall_debug_OBUF_inst_i_37/O
                         net (fo=1, routed)           0.000     8.106    u_cpu/dut_pc/cpu_stall_debug_OBUF_inst_i_37_n_0
    SLICE_X24Y8          CARRY4 (Prop_carry4_S[2]_CO[3])
                                                      0.398     8.504 r  u_cpu/dut_pc/cpu_stall_debug_OBUF_inst_i_23/CO[3]
                         net (fo=1, routed)           0.000     8.504    u_cpu/dut_pc/cpu_stall_debug_OBUF_inst_i_23_n_0
    SLICE_X24Y9          CARRY4 (Prop_carry4_CI_CO[3])
                                                      0.114     8.618 f  u_cpu/dut_pc/cpu_stall_debug_OBUF_inst_i_7/CO[3]
                         net (fo=4, routed)           1.355     9.973    u_cpu/dut_pc/u_l1_icache/lookup_hit0
    SLICE_X22Y14         LUT6 (Prop_lut6_I1_O)        0.124    10.097 f  u_cpu/dut_pc/registers_reg_r1_0_31_0_5_i_29/O
                         net (fo=33, routed)          0.901    10.998    u_cpu/dut_pc/registers_reg_r1_0_31_0_5_i_29_n_0
    SLICE_X20Y15         LUT6 (Prop_lut6_I4_O)        0.124    11.122 f  u_cpu/dut_pc/instr_debug[5]_i_1/O
                         net (fo=20, routed)          0.653    11.775    u_cpu/dut_pc/state_q_reg_2
    SLICE_X19Y16         LUT5 (Prop_lut5_I4_O)        0.124    11.899 r  u_cpu/dut_pc/pc_target1_carry_i_14/O
                         net (fo=2, routed)           0.812    12.712    u_cpu/dut_pc/pc_target1_carry_i_14_n_0
    SLICE_X19Y14         LUT6 (Prop_lut6_I2_O)        0.124    12.836 r  u_cpu/dut_pc/pc_target1_carry_i_11/O
                         net (fo=38, routed)          1.135    13.971    u_cpu/dut_pc/imm_sel[1]
    SLICE_X17Y8          LUT6 (Prop_lut6_I4_O)        0.124    14.095 r  u_cpu/dut_pc/pc_target1_carry_i_3/O
                         net (fo=5, routed)           0.485    14.580    u_cpu/dut_pc/instruction_hold_valid_q_reg[1]
    SLICE_X16Y5          LUT4 (Prop_lut4_I3_O)        0.124    14.704 r  u_cpu/dut_pc/result0_carry_i_12/O
                         net (fo=114, routed)         0.806    15.509    u_cpu/dut_pc/src_b[1]
    SLICE_X13Y1          LUT2 (Prop_lut2_I1_O)        0.124    15.633 r  u_cpu/dut_pc/result0_carry_i_7/O
                         net (fo=1, routed)           0.000    15.633    u_cpu/dut_alu/S[1]
    SLICE_X13Y1          CARRY4 (Prop_carry4_S[1]_CO[3])
                                                      0.550    16.183 r  u_cpu/dut_alu/result0_carry/CO[3]
                         net (fo=1, routed)           0.000    16.183    u_cpu/dut_alu/result0_carry_n_0
    SLICE_X13Y2          CARRY4 (Prop_carry4_CI_CO[3])
                                                      0.114    16.297 r  u_cpu/dut_alu/result0_carry__0/CO[3]
                         net (fo=1, routed)           0.000    16.297    u_cpu/dut_alu/result0_carry__0_n_0
    SLICE_X13Y3          CARRY4 (Prop_carry4_CI_CO[3])
                                                      0.114    16.411 r  u_cpu/dut_alu/result0_carry__1/CO[3]
                         net (fo=1, routed)           0.000    16.411    u_cpu/dut_alu/result0_carry__1_n_0
    SLICE_X13Y4          CARRY4 (Prop_carry4_CI_CO[3])
                                                      0.114    16.525 r  u_cpu/dut_alu/result0_carry__2/CO[3]
                         net (fo=1, routed)           0.000    16.525    u_cpu/dut_alu/result0_carry__2_n_0
    SLICE_X13Y5          CARRY4 (Prop_carry4_CI_CO[3])
                                                      0.114    16.639 r  u_cpu/dut_alu/result0_carry__3/CO[3]
                         net (fo=1, routed)           0.000    16.639    u_cpu/dut_alu/result0_carry__3_n_0
    SLICE_X13Y6          CARRY4 (Prop_carry4_CI_O[0])
                                                      0.222    16.861 r  u_cpu/dut_alu/result0_carry__4/O[0]
                         net (fo=1, routed)           0.768    17.630    u_cpu/dut_alu/data0[20]
    SLICE_X9Y7           LUT4 (Prop_lut4_I0_O)        0.299    17.929 r  u_cpu/dut_alu/mem_addr_q[20]_i_12/O
                         net (fo=1, routed)           0.530    18.459    u_cpu/dut_pc/mem_addr_q[20]_i_2_0
    SLICE_X7Y8           LUT6 (Prop_lut6_I5_O)        0.124    18.583 r  u_cpu/dut_pc/mem_addr_q[20]_i_6/O
                         net (fo=1, routed)           0.635    19.217    u_cpu/dut_pc/mem_addr_q[20]_i_6_n_0
    SLICE_X7Y10          LUT6 (Prop_lut6_I5_O)        0.124    19.341 r  u_cpu/dut_pc/mem_addr_q[20]_i_2/O
                         net (fo=5, routed)           1.125    20.467    u_cpu/dut_pc/cpu_mem_addr[20]
    SLICE_X10Y12         LUT4 (Prop_lut4_I1_O)        0.124    20.591 f  u_cpu/dut_pc/refill_word_q[1]_i_10/O
                         net (fo=1, routed)           0.447    21.037    u_cpu/dut_pc/refill_word_q[1]_i_10_n_0
    SLICE_X15Y12         LUT6 (Prop_lut6_I5_O)        0.124    21.161 f  u_cpu/dut_pc/refill_word_q[1]_i_6/O
                         net (fo=1, routed)           0.808    21.969    u_cpu/dut_pc/refill_word_q[1]_i_6_n_0
    SLICE_X30Y12         LUT5 (Prop_lut5_I1_O)        0.124    22.093 f  u_cpu/dut_pc/refill_word_q[1]_i_4/O
                         net (fo=165, routed)         1.266    23.359    u_l1_icache/icache_invalidate
    SLICE_X47Y11         LUT3 (Prop_lut3_I2_O)        0.124    23.483 r  u_l1_icache/data_array[14][3][31]_i_1/O
                         net (fo=32, routed)          1.163    24.646    u_l1_icache/data_array[14][3][31]_i_1_n_0
    SLICE_X33Y13         FDRE                                         r  u_l1_icache/data_array_reg[14][3][6]/CE
  -------------------------------------------------------------------    -------------------

                         (clock CLK rise edge)       20.000    20.000 r  
    N15                                               0.000    20.000 r  clk (IN)
                         net (fo=0)                   0.000    20.000    clk
    N15                  IBUF (Prop_ibuf_I_O)         0.814    20.814 r  clk_IBUF_inst/O
                         net (fo=1, routed)           1.911    22.725    clk_IBUF
    BUFGCTRL_X0Y0        BUFG (Prop_bufg_I_O)         0.091    22.816 r  clk_IBUF_BUFG_inst/O
                         net (fo=11156, routed)       1.678    24.494    u_l1_icache/clk_IBUF_BUFG
    SLICE_X33Y13         FDRE                                         r  u_l1_icache/data_array_reg[14][3][6]/C
                         clock pessimism              0.348    24.843    
                         clock uncertainty           -0.335    24.507    
    SLICE_X33Y13         FDRE (Setup_fdre_C_CE)      -0.205    24.302    u_l1_icache/data_array_reg[14][3][6]
  -------------------------------------------------------------------
                         required time                         24.302    
                         arrival time                         -24.646    
  -------------------------------------------------------------------
                         slack                                 -0.344    

Slack (VIOLATED) :        -0.341ns  (required time - arrival time)
  Source:                 u_cpu/dut_pc/pc_reg[5]/C
                            (rising edge-triggered cell FDRE clocked by CLK  {rise@0.000ns fall@10.000ns period=20.000ns})
  Destination:            u_l1_icache/data_array_reg[22][3][10]/CE
                            (rising edge-triggered cell FDRE clocked by CLK  {rise@0.000ns fall@10.000ns period=20.000ns})
  Path Group:             CLK
  Path Type:              Setup (Max at Slow Process Corner)
  Requirement:            20.000ns  (CLK rise@20.000ns - CLK rise@0.000ns)
  Data Path Delay:        19.674ns  (logic 4.607ns (23.416%)  route 15.067ns (76.584%))
  Logic Levels:           24  (CARRY4=8 LUT2=1 LUT4=3 LUT5=2 LUT6=9 RAMD32=1)
  Clock Path Skew:        -0.126ns (DCD - SCD + CPR)
    Destination Clock Delay (DCD):    4.486ns = ( 24.486 - 20.000 ) 
    Source Clock Delay      (SCD):    4.872ns
    Clock Pessimism Removal (CPR):    0.259ns
  Clock Uncertainty:      0.335ns  ((TSJ^2 + TIJ^2)^1/2 + DJ) / 2 + PE + UU
    Total System Jitter     (TSJ):    0.071ns
    Total Input Jitter      (TIJ):    0.000ns
    Discrete Jitter          (DJ):    0.000ns
    Phase Error              (PE):    0.000ns
    User Uncertainty         (UU):    0.300ns

    Location             Delay type                Incr(ns)  Path(ns)    Netlist Resource(s)
  -------------------------------------------------------------------    -------------------
                         (clock CLK rise edge)        0.000     0.000 r  
    N15                                               0.000     0.000 r  clk (IN)
                         net (fo=0)                   0.000     0.000    clk
    N15                  IBUF (Prop_ibuf_I_O)         0.948     0.948 r  clk_IBUF_inst/O
                         net (fo=1, routed)           2.016     2.963    clk_IBUF
    BUFGCTRL_X0Y0        BUFG (Prop_bufg_I_O)         0.096     3.059 r  clk_IBUF_BUFG_inst/O
                         net (fo=11156, routed)       1.812     4.872    u_cpu/dut_pc/clk_IBUF_BUFG
    SLICE_X31Y8          FDRE                                         r  u_cpu/dut_pc/pc_reg[5]/C
  -------------------------------------------------------------------    -------------------
    SLICE_X31Y8          FDRE (Prop_fdre_C_Q)         0.456     5.328 r  u_cpu/dut_pc/pc_reg[5]/Q
                         net (fo=165, routed)         1.287     6.614    u_l1_icache/tag_array_reg_0_31_6_11/ADDRB1
    SLICE_X30Y6          RAMD32 (Prop_ramd32_RADR1_O)
                                                      0.152     6.766 r  u_l1_icache/tag_array_reg_0_31_6_11/RAMB/O
                         net (fo=1, routed)           0.992     7.758    u_cpu/dut_pc/lookup_hit1[8]
    SLICE_X24Y8          LUT6 (Prop_lut6_I3_O)        0.348     8.106 r  u_cpu/dut_pc/cpu_stall_debug_OBUF_inst_i_37/O
                         net (fo=1, routed)           0.000     8.106    u_cpu/dut_pc/cpu_stall_debug_OBUF_inst_i_37_n_0
    SLICE_X24Y8          CARRY4 (Prop_carry4_S[2]_CO[3])
                                                      0.398     8.504 r  u_cpu/dut_pc/cpu_stall_debug_OBUF_inst_i_23/CO[3]
                         net (fo=1, routed)           0.000     8.504    u_cpu/dut_pc/cpu_stall_debug_OBUF_inst_i_23_n_0
    SLICE_X24Y9          CARRY4 (Prop_carry4_CI_CO[3])
                                                      0.114     8.618 f  u_cpu/dut_pc/cpu_stall_debug_OBUF_inst_i_7/CO[3]
                         net (fo=4, routed)           1.355     9.973    u_cpu/dut_pc/u_l1_icache/lookup_hit0
    SLICE_X22Y14         LUT6 (Prop_lut6_I1_O)        0.124    10.097 f  u_cpu/dut_pc/registers_reg_r1_0_31_0_5_i_29/O
                         net (fo=33, routed)          0.901    10.998    u_cpu/dut_pc/registers_reg_r1_0_31_0_5_i_29_n_0
    SLICE_X20Y15         LUT6 (Prop_lut6_I4_O)        0.124    11.122 f  u_cpu/dut_pc/instr_debug[5]_i_1/O
                         net (fo=20, routed)          0.653    11.775    u_cpu/dut_pc/state_q_reg_2
    SLICE_X19Y16         LUT5 (Prop_lut5_I4_O)        0.124    11.899 r  u_cpu/dut_pc/pc_target1_carry_i_14/O
                         net (fo=2, routed)           0.812    12.712    u_cpu/dut_pc/pc_target1_carry_i_14_n_0
    SLICE_X19Y14         LUT6 (Prop_lut6_I2_O)        0.124    12.836 r  u_cpu/dut_pc/pc_target1_carry_i_11/O
                         net (fo=38, routed)          1.135    13.971    u_cpu/dut_pc/imm_sel[1]
    SLICE_X17Y8          LUT6 (Prop_lut6_I4_O)        0.124    14.095 r  u_cpu/dut_pc/pc_target1_carry_i_3/O
                         net (fo=5, routed)           0.485    14.580    u_cpu/dut_pc/instruction_hold_valid_q_reg[1]
    SLICE_X16Y5          LUT4 (Prop_lut4_I3_O)        0.124    14.704 r  u_cpu/dut_pc/result0_carry_i_12/O
                         net (fo=114, routed)         0.806    15.509    u_cpu/dut_pc/src_b[1]
    SLICE_X13Y1          LUT2 (Prop_lut2_I1_O)        0.124    15.633 r  u_cpu/dut_pc/result0_carry_i_7/O
                         net (fo=1, routed)           0.000    15.633    u_cpu/dut_alu/S[1]
    SLICE_X13Y1          CARRY4 (Prop_carry4_S[1]_CO[3])
                                                      0.550    16.183 r  u_cpu/dut_alu/result0_carry/CO[3]
                         net (fo=1, routed)           0.000    16.183    u_cpu/dut_alu/result0_carry_n_0
    SLICE_X13Y2          CARRY4 (Prop_carry4_CI_CO[3])
                                                      0.114    16.297 r  u_cpu/dut_alu/result0_carry__0/CO[3]
                         net (fo=1, routed)           0.000    16.297    u_cpu/dut_alu/result0_carry__0_n_0
    SLICE_X13Y3          CARRY4 (Prop_carry4_CI_CO[3])
                                                      0.114    16.411 r  u_cpu/dut_alu/result0_carry__1/CO[3]
                         net (fo=1, routed)           0.000    16.411    u_cpu/dut_alu/result0_carry__1_n_0
    SLICE_X13Y4          CARRY4 (Prop_carry4_CI_CO[3])
                                                      0.114    16.525 r  u_cpu/dut_alu/result0_carry__2/CO[3]
                         net (fo=1, routed)           0.000    16.525    u_cpu/dut_alu/result0_carry__2_n_0
    SLICE_X13Y5          CARRY4 (Prop_carry4_CI_CO[3])
                                                      0.114    16.639 r  u_cpu/dut_alu/result0_carry__3/CO[3]
                         net (fo=1, routed)           0.000    16.639    u_cpu/dut_alu/result0_carry__3_n_0
    SLICE_X13Y6          CARRY4 (Prop_carry4_CI_O[0])
                                                      0.222    16.861 r  u_cpu/dut_alu/result0_carry__4/O[0]
                         net (fo=1, routed)           0.768    17.630    u_cpu/dut_alu/data0[20]
    SLICE_X9Y7           LUT4 (Prop_lut4_I0_O)        0.299    17.929 r  u_cpu/dut_alu/mem_addr_q[20]_i_12/O
                         net (fo=1, routed)           0.530    18.459    u_cpu/dut_pc/mem_addr_q[20]_i_2_0
    SLICE_X7Y8           LUT6 (Prop_lut6_I5_O)        0.124    18.583 r  u_cpu/dut_pc/mem_addr_q[20]_i_6/O
                         net (fo=1, routed)           0.635    19.217    u_cpu/dut_pc/mem_addr_q[20]_i_6_n_0
    SLICE_X7Y10          LUT6 (Prop_lut6_I5_O)        0.124    19.341 r  u_cpu/dut_pc/mem_addr_q[20]_i_2/O
                         net (fo=5, routed)           1.125    20.467    u_cpu/dut_pc/cpu_mem_addr[20]
    SLICE_X10Y12         LUT4 (Prop_lut4_I1_O)        0.124    20.591 f  u_cpu/dut_pc/refill_word_q[1]_i_10/O
                         net (fo=1, routed)           0.447    21.037    u_cpu/dut_pc/refill_word_q[1]_i_10_n_0
    SLICE_X15Y12         LUT6 (Prop_lut6_I5_O)        0.124    21.161 f  u_cpu/dut_pc/refill_word_q[1]_i_6/O
                         net (fo=1, routed)           0.808    21.969    u_cpu/dut_pc/refill_word_q[1]_i_6_n_0
    SLICE_X30Y12         LUT5 (Prop_lut5_I1_O)        0.124    22.093 f  u_cpu/dut_pc/refill_word_q[1]_i_4/O
                         net (fo=165, routed)         1.296    23.389    u_l1_icache/icache_invalidate
    SLICE_X54Y13         LUT6 (Prop_lut6_I2_O)        0.124    23.513 r  u_l1_icache/data_array[22][3][31]_i_1/O
                         net (fo=32, routed)          1.032    24.546    u_l1_icache/data_array[22][3][31]_i_1_n_0
    SLICE_X68Y12         FDRE                                         r  u_l1_icache/data_array_reg[22][3][10]/CE
  -------------------------------------------------------------------    -------------------

                         (clock CLK rise edge)       20.000    20.000 r  
    N15                                               0.000    20.000 r  clk (IN)
                         net (fo=0)                   0.000    20.000    clk
    N15                  IBUF (Prop_ibuf_I_O)         0.814    20.814 r  clk_IBUF_inst/O
                         net (fo=1, routed)           1.911    22.725    clk_IBUF
    BUFGCTRL_X0Y0        BUFG (Prop_bufg_I_O)         0.091    22.816 r  clk_IBUF_BUFG_inst/O
                         net (fo=11156, routed)       1.670    24.486    u_l1_icache/clk_IBUF_BUFG
    SLICE_X68Y12         FDRE                                         r  u_l1_icache/data_array_reg[22][3][10]/C
                         clock pessimism              0.259    24.746    
                         clock uncertainty           -0.335    24.410    
    SLICE_X68Y12         FDRE (Setup_fdre_C_CE)      -0.205    24.205    u_l1_icache/data_array_reg[22][3][10]
  -------------------------------------------------------------------
                         required time                         24.205    
                         arrival time                         -24.546    
  -------------------------------------------------------------------
                         slack                                 -0.341    

Slack (VIOLATED) :        -0.330ns  (required time - arrival time)
  Source:                 u_cpu/dut_pc/pc_reg[5]/C
                            (rising edge-triggered cell FDRE clocked by CLK  {rise@0.000ns fall@10.000ns period=20.000ns})
  Destination:            u_l1_icache/data_array_reg[28][3][31]/CE
                            (rising edge-triggered cell FDRE clocked by CLK  {rise@0.000ns fall@10.000ns period=20.000ns})
  Path Group:             CLK
  Path Type:              Setup (Max at Slow Process Corner)
  Requirement:            20.000ns  (CLK rise@20.000ns - CLK rise@0.000ns)
  Data Path Delay:        19.657ns  (logic 4.607ns (23.436%)  route 15.050ns (76.564%))
  Logic Levels:           24  (CARRY4=8 LUT2=1 LUT4=3 LUT5=2 LUT6=9 RAMD32=1)
  Clock Path Skew:        -0.132ns (DCD - SCD + CPR)
    Destination Clock Delay (DCD):    4.480ns = ( 24.480 - 20.000 ) 
    Source Clock Delay      (SCD):    4.872ns
    Clock Pessimism Removal (CPR):    0.259ns
  Clock Uncertainty:      0.335ns  ((TSJ^2 + TIJ^2)^1/2 + DJ) / 2 + PE + UU
    Total System Jitter     (TSJ):    0.071ns
    Total Input Jitter      (TIJ):    0.000ns
    Discrete Jitter          (DJ):    0.000ns
    Phase Error              (PE):    0.000ns
    User Uncertainty         (UU):    0.300ns

    Location             Delay type                Incr(ns)  Path(ns)    Netlist Resource(s)
  -------------------------------------------------------------------    -------------------
                         (clock CLK rise edge)        0.000     0.000 r  
    N15                                               0.000     0.000 r  clk (IN)
                         net (fo=0)                   0.000     0.000    clk
    N15                  IBUF (Prop_ibuf_I_O)         0.948     0.948 r  clk_IBUF_inst/O
                         net (fo=1, routed)           2.016     2.963    clk_IBUF
    BUFGCTRL_X0Y0        BUFG (Prop_bufg_I_O)         0.096     3.059 r  clk_IBUF_BUFG_inst/O
                         net (fo=11156, routed)       1.812     4.872    u_cpu/dut_pc/clk_IBUF_BUFG
    SLICE_X31Y8          FDRE                                         r  u_cpu/dut_pc/pc_reg[5]/C
  -------------------------------------------------------------------    -------------------
    SLICE_X31Y8          FDRE (Prop_fdre_C_Q)         0.456     5.328 r  u_cpu/dut_pc/pc_reg[5]/Q
                         net (fo=165, routed)         1.287     6.614    u_l1_icache/tag_array_reg_0_31_6_11/ADDRB1
    SLICE_X30Y6          RAMD32 (Prop_ramd32_RADR1_O)
                                                      0.152     6.766 r  u_l1_icache/tag_array_reg_0_31_6_11/RAMB/O
                         net (fo=1, routed)           0.992     7.758    u_cpu/dut_pc/lookup_hit1[8]
    SLICE_X24Y8          LUT6 (Prop_lut6_I3_O)        0.348     8.106 r  u_cpu/dut_pc/cpu_stall_debug_OBUF_inst_i_37/O
                         net (fo=1, routed)           0.000     8.106    u_cpu/dut_pc/cpu_stall_debug_OBUF_inst_i_37_n_0
    SLICE_X24Y8          CARRY4 (Prop_carry4_S[2]_CO[3])
                                                      0.398     8.504 r  u_cpu/dut_pc/cpu_stall_debug_OBUF_inst_i_23/CO[3]
                         net (fo=1, routed)           0.000     8.504    u_cpu/dut_pc/cpu_stall_debug_OBUF_inst_i_23_n_0
    SLICE_X24Y9          CARRY4 (Prop_carry4_CI_CO[3])
                                                      0.114     8.618 f  u_cpu/dut_pc/cpu_stall_debug_OBUF_inst_i_7/CO[3]
                         net (fo=4, routed)           1.355     9.973    u_cpu/dut_pc/u_l1_icache/lookup_hit0
    SLICE_X22Y14         LUT6 (Prop_lut6_I1_O)        0.124    10.097 f  u_cpu/dut_pc/registers_reg_r1_0_31_0_5_i_29/O
                         net (fo=33, routed)          0.901    10.998    u_cpu/dut_pc/registers_reg_r1_0_31_0_5_i_29_n_0
    SLICE_X20Y15         LUT6 (Prop_lut6_I4_O)        0.124    11.122 f  u_cpu/dut_pc/instr_debug[5]_i_1/O
                         net (fo=20, routed)          0.653    11.775    u_cpu/dut_pc/state_q_reg_2
    SLICE_X19Y16         LUT5 (Prop_lut5_I4_O)        0.124    11.899 r  u_cpu/dut_pc/pc_target1_carry_i_14/O
                         net (fo=2, routed)           0.812    12.712    u_cpu/dut_pc/pc_target1_carry_i_14_n_0
    SLICE_X19Y14         LUT6 (Prop_lut6_I2_O)        0.124    12.836 r  u_cpu/dut_pc/pc_target1_carry_i_11/O
                         net (fo=38, routed)          1.135    13.971    u_cpu/dut_pc/imm_sel[1]
    SLICE_X17Y8          LUT6 (Prop_lut6_I4_O)        0.124    14.095 r  u_cpu/dut_pc/pc_target1_carry_i_3/O
                         net (fo=5, routed)           0.485    14.580    u_cpu/dut_pc/instruction_hold_valid_q_reg[1]
    SLICE_X16Y5          LUT4 (Prop_lut4_I3_O)        0.124    14.704 r  u_cpu/dut_pc/result0_carry_i_12/O
                         net (fo=114, routed)         0.806    15.509    u_cpu/dut_pc/src_b[1]
    SLICE_X13Y1          LUT2 (Prop_lut2_I1_O)        0.124    15.633 r  u_cpu/dut_pc/result0_carry_i_7/O
                         net (fo=1, routed)           0.000    15.633    u_cpu/dut_alu/S[1]
    SLICE_X13Y1          CARRY4 (Prop_carry4_S[1]_CO[3])
                                                      0.550    16.183 r  u_cpu/dut_alu/result0_carry/CO[3]
                         net (fo=1, routed)           0.000    16.183    u_cpu/dut_alu/result0_carry_n_0
    SLICE_X13Y2          CARRY4 (Prop_carry4_CI_CO[3])
                                                      0.114    16.297 r  u_cpu/dut_alu/result0_carry__0/CO[3]
                         net (fo=1, routed)           0.000    16.297    u_cpu/dut_alu/result0_carry__0_n_0
    SLICE_X13Y3          CARRY4 (Prop_carry4_CI_CO[3])
                                                      0.114    16.411 r  u_cpu/dut_alu/result0_carry__1/CO[3]
                         net (fo=1, routed)           0.000    16.411    u_cpu/dut_alu/result0_carry__1_n_0
    SLICE_X13Y4          CARRY4 (Prop_carry4_CI_CO[3])
                                                      0.114    16.525 r  u_cpu/dut_alu/result0_carry__2/CO[3]
                         net (fo=1, routed)           0.000    16.525    u_cpu/dut_alu/result0_carry__2_n_0
    SLICE_X13Y5          CARRY4 (Prop_carry4_CI_CO[3])
                                                      0.114    16.639 r  u_cpu/dut_alu/result0_carry__3/CO[3]
                         net (fo=1, routed)           0.000    16.639    u_cpu/dut_alu/result0_carry__3_n_0
    SLICE_X13Y6          CARRY4 (Prop_carry4_CI_O[0])
                                                      0.222    16.861 r  u_cpu/dut_alu/result0_carry__4/O[0]
                         net (fo=1, routed)           0.768    17.630    u_cpu/dut_alu/data0[20]
    SLICE_X9Y7           LUT4 (Prop_lut4_I0_O)        0.299    17.929 r  u_cpu/dut_alu/mem_addr_q[20]_i_12/O
                         net (fo=1, routed)           0.530    18.459    u_cpu/dut_pc/mem_addr_q[20]_i_2_0
    SLICE_X7Y8           LUT6 (Prop_lut6_I5_O)        0.124    18.583 r  u_cpu/dut_pc/mem_addr_q[20]_i_6/O
                         net (fo=1, routed)           0.635    19.217    u_cpu/dut_pc/mem_addr_q[20]_i_6_n_0
    SLICE_X7Y10          LUT6 (Prop_lut6_I5_O)        0.124    19.341 r  u_cpu/dut_pc/mem_addr_q[20]_i_2/O
                         net (fo=5, routed)           1.125    20.467    u_cpu/dut_pc/cpu_mem_addr[20]
    SLICE_X10Y12         LUT4 (Prop_lut4_I1_O)        0.124    20.591 f  u_cpu/dut_pc/refill_word_q[1]_i_10/O
                         net (fo=1, routed)           0.447    21.037    u_cpu/dut_pc/refill_word_q[1]_i_10_n_0
    SLICE_X15Y12         LUT6 (Prop_lut6_I5_O)        0.124    21.161 f  u_cpu/dut_pc/refill_word_q[1]_i_6/O
                         net (fo=1, routed)           0.808    21.969    u_cpu/dut_pc/refill_word_q[1]_i_6_n_0
    SLICE_X30Y12         LUT5 (Prop_lut5_I1_O)        0.124    22.093 f  u_cpu/dut_pc/refill_word_q[1]_i_4/O
                         net (fo=165, routed)         1.222    23.316    u_l1_icache/icache_invalidate
    SLICE_X50Y9          LUT6 (Prop_lut6_I4_O)        0.124    23.440 r  u_l1_icache/data_array[28][3][31]_i_1/O
                         net (fo=32, routed)          1.089    24.529    u_l1_icache/data_array[28][3][31]_i_1_n_0
    SLICE_X61Y16         FDRE                                         r  u_l1_icache/data_array_reg[28][3][31]/CE
  -------------------------------------------------------------------    -------------------

                         (clock CLK rise edge)       20.000    20.000 r  
    N15                                               0.000    20.000 r  clk (IN)
                         net (fo=0)                   0.000    20.000    clk
    N15                  IBUF (Prop_ibuf_I_O)         0.814    20.814 r  clk_IBUF_inst/O
                         net (fo=1, routed)           1.911    22.725    clk_IBUF
    BUFGCTRL_X0Y0        BUFG (Prop_bufg_I_O)         0.091    22.816 r  clk_IBUF_BUFG_inst/O
                         net (fo=11156, routed)       1.664    24.480    u_l1_icache/clk_IBUF_BUFG
    SLICE_X61Y16         FDRE                                         r  u_l1_icache/data_array_reg[28][3][31]/C
                         clock pessimism              0.259    24.740    
                         clock uncertainty           -0.335    24.404    
    SLICE_X61Y16         FDRE (Setup_fdre_C_CE)      -0.205    24.199    u_l1_icache/data_array_reg[28][3][31]
  -------------------------------------------------------------------
                         required time                         24.199    
                         arrival time                         -24.529    
  -------------------------------------------------------------------
                         slack                                 -0.330    

Slack (VIOLATED) :        -0.329ns  (required time - arrival time)
  Source:                 u_cpu/dut_pc/pc_reg[5]/C
                            (rising edge-triggered cell FDRE clocked by CLK  {rise@0.000ns fall@10.000ns period=20.000ns})
  Destination:            u_l1_icache/data_array_reg[16][3][0]/CE
                            (rising edge-triggered cell FDRE clocked by CLK  {rise@0.000ns fall@10.000ns period=20.000ns})
  Path Group:             CLK
  Path Type:              Setup (Max at Slow Process Corner)
  Requirement:            20.000ns  (CLK rise@20.000ns - CLK rise@0.000ns)
  Data Path Delay:        19.649ns  (logic 4.607ns (23.447%)  route 15.042ns (76.553%))
  Logic Levels:           24  (CARRY4=8 LUT2=1 LUT4=3 LUT5=2 LUT6=9 RAMD32=1)
  Clock Path Skew:        -0.140ns (DCD - SCD + CPR)
    Destination Clock Delay (DCD):    4.472ns = ( 24.472 - 20.000 ) 
    Source Clock Delay      (SCD):    4.872ns
    Clock Pessimism Removal (CPR):    0.259ns
  Clock Uncertainty:      0.335ns  ((TSJ^2 + TIJ^2)^1/2 + DJ) / 2 + PE + UU
    Total System Jitter     (TSJ):    0.071ns
    Total Input Jitter      (TIJ):    0.000ns
    Discrete Jitter          (DJ):    0.000ns
    Phase Error              (PE):    0.000ns
    User Uncertainty         (UU):    0.300ns

    Location             Delay type                Incr(ns)  Path(ns)    Netlist Resource(s)
  -------------------------------------------------------------------    -------------------
                         (clock CLK rise edge)        0.000     0.000 r  
    N15                                               0.000     0.000 r  clk (IN)
                         net (fo=0)                   0.000     0.000    clk
    N15                  IBUF (Prop_ibuf_I_O)         0.948     0.948 r  clk_IBUF_inst/O
                         net (fo=1, routed)           2.016     2.963    clk_IBUF
    BUFGCTRL_X0Y0        BUFG (Prop_bufg_I_O)         0.096     3.059 r  clk_IBUF_BUFG_inst/O
                         net (fo=11156, routed)       1.812     4.872    u_cpu/dut_pc/clk_IBUF_BUFG
    SLICE_X31Y8          FDRE                                         r  u_cpu/dut_pc/pc_reg[5]/C
  -------------------------------------------------------------------    -------------------
    SLICE_X31Y8          FDRE (Prop_fdre_C_Q)         0.456     5.328 r  u_cpu/dut_pc/pc_reg[5]/Q
                         net (fo=165, routed)         1.287     6.614    u_l1_icache/tag_array_reg_0_31_6_11/ADDRB1
    SLICE_X30Y6          RAMD32 (Prop_ramd32_RADR1_O)
                                                      0.152     6.766 r  u_l1_icache/tag_array_reg_0_31_6_11/RAMB/O
                         net (fo=1, routed)           0.992     7.758    u_cpu/dut_pc/lookup_hit1[8]
    SLICE_X24Y8          LUT6 (Prop_lut6_I3_O)        0.348     8.106 r  u_cpu/dut_pc/cpu_stall_debug_OBUF_inst_i_37/O
                         net (fo=1, routed)           0.000     8.106    u_cpu/dut_pc/cpu_stall_debug_OBUF_inst_i_37_n_0
    SLICE_X24Y8          CARRY4 (Prop_carry4_S[2]_CO[3])
                                                      0.398     8.504 r  u_cpu/dut_pc/cpu_stall_debug_OBUF_inst_i_23/CO[3]
                         net (fo=1, routed)           0.000     8.504    u_cpu/dut_pc/cpu_stall_debug_OBUF_inst_i_23_n_0
    SLICE_X24Y9          CARRY4 (Prop_carry4_CI_CO[3])
                                                      0.114     8.618 f  u_cpu/dut_pc/cpu_stall_debug_OBUF_inst_i_7/CO[3]
                         net (fo=4, routed)           1.355     9.973    u_cpu/dut_pc/u_l1_icache/lookup_hit0
    SLICE_X22Y14         LUT6 (Prop_lut6_I1_O)        0.124    10.097 f  u_cpu/dut_pc/registers_reg_r1_0_31_0_5_i_29/O
                         net (fo=33, routed)          0.901    10.998    u_cpu/dut_pc/registers_reg_r1_0_31_0_5_i_29_n_0
    SLICE_X20Y15         LUT6 (Prop_lut6_I4_O)        0.124    11.122 f  u_cpu/dut_pc/instr_debug[5]_i_1/O
                         net (fo=20, routed)          0.653    11.775    u_cpu/dut_pc/state_q_reg_2
    SLICE_X19Y16         LUT5 (Prop_lut5_I4_O)        0.124    11.899 r  u_cpu/dut_pc/pc_target1_carry_i_14/O
                         net (fo=2, routed)           0.812    12.712    u_cpu/dut_pc/pc_target1_carry_i_14_n_0
    SLICE_X19Y14         LUT6 (Prop_lut6_I2_O)        0.124    12.836 r  u_cpu/dut_pc/pc_target1_carry_i_11/O
                         net (fo=38, routed)          1.135    13.971    u_cpu/dut_pc/imm_sel[1]
    SLICE_X17Y8          LUT6 (Prop_lut6_I4_O)        0.124    14.095 r  u_cpu/dut_pc/pc_target1_carry_i_3/O
                         net (fo=5, routed)           0.485    14.580    u_cpu/dut_pc/instruction_hold_valid_q_reg[1]
    SLICE_X16Y5          LUT4 (Prop_lut4_I3_O)        0.124    14.704 r  u_cpu/dut_pc/result0_carry_i_12/O
                         net (fo=114, routed)         0.806    15.509    u_cpu/dut_pc/src_b[1]
    SLICE_X13Y1          LUT2 (Prop_lut2_I1_O)        0.124    15.633 r  u_cpu/dut_pc/result0_carry_i_7/O
                         net (fo=1, routed)           0.000    15.633    u_cpu/dut_alu/S[1]
    SLICE_X13Y1          CARRY4 (Prop_carry4_S[1]_CO[3])
                                                      0.550    16.183 r  u_cpu/dut_alu/result0_carry/CO[3]
                         net (fo=1, routed)           0.000    16.183    u_cpu/dut_alu/result0_carry_n_0
    SLICE_X13Y2          CARRY4 (Prop_carry4_CI_CO[3])
                                                      0.114    16.297 r  u_cpu/dut_alu/result0_carry__0/CO[3]
                         net (fo=1, routed)           0.000    16.297    u_cpu/dut_alu/result0_carry__0_n_0
    SLICE_X13Y3          CARRY4 (Prop_carry4_CI_CO[3])
                                                      0.114    16.411 r  u_cpu/dut_alu/result0_carry__1/CO[3]
                         net (fo=1, routed)           0.000    16.411    u_cpu/dut_alu/result0_carry__1_n_0
    SLICE_X13Y4          CARRY4 (Prop_carry4_CI_CO[3])
                                                      0.114    16.525 r  u_cpu/dut_alu/result0_carry__2/CO[3]
                         net (fo=1, routed)           0.000    16.525    u_cpu/dut_alu/result0_carry__2_n_0
    SLICE_X13Y5          CARRY4 (Prop_carry4_CI_CO[3])
                                                      0.114    16.639 r  u_cpu/dut_alu/result0_carry__3/CO[3]
                         net (fo=1, routed)           0.000    16.639    u_cpu/dut_alu/result0_carry__3_n_0
    SLICE_X13Y6          CARRY4 (Prop_carry4_CI_O[0])
                                                      0.222    16.861 r  u_cpu/dut_alu/result0_carry__4/O[0]
                         net (fo=1, routed)           0.768    17.630    u_cpu/dut_alu/data0[20]
    SLICE_X9Y7           LUT4 (Prop_lut4_I0_O)        0.299    17.929 r  u_cpu/dut_alu/mem_addr_q[20]_i_12/O
                         net (fo=1, routed)           0.530    18.459    u_cpu/dut_pc/mem_addr_q[20]_i_2_0
    SLICE_X7Y8           LUT6 (Prop_lut6_I5_O)        0.124    18.583 r  u_cpu/dut_pc/mem_addr_q[20]_i_6/O
                         net (fo=1, routed)           0.635    19.217    u_cpu/dut_pc/mem_addr_q[20]_i_6_n_0
    SLICE_X7Y10          LUT6 (Prop_lut6_I5_O)        0.124    19.341 r  u_cpu/dut_pc/mem_addr_q[20]_i_2/O
                         net (fo=5, routed)           1.125    20.467    u_cpu/dut_pc/cpu_mem_addr[20]
    SLICE_X10Y12         LUT4 (Prop_lut4_I1_O)        0.124    20.591 f  u_cpu/dut_pc/refill_word_q[1]_i_10/O
                         net (fo=1, routed)           0.447    21.037    u_cpu/dut_pc/refill_word_q[1]_i_10_n_0
    SLICE_X15Y12         LUT6 (Prop_lut6_I5_O)        0.124    21.161 f  u_cpu/dut_pc/refill_word_q[1]_i_6/O
                         net (fo=1, routed)           0.808    21.969    u_cpu/dut_pc/refill_word_q[1]_i_6_n_0
    SLICE_X30Y12         LUT5 (Prop_lut5_I1_O)        0.124    22.093 f  u_cpu/dut_pc/refill_word_q[1]_i_4/O
                         net (fo=165, routed)         1.268    23.361    u_l1_icache/icache_invalidate
    SLICE_X56Y9          LUT6 (Prop_lut6_I4_O)        0.124    23.485 r  u_l1_icache/data_array[16][3][31]_i_1/O
                         net (fo=32, routed)          1.035    24.520    u_l1_icache/data_array[16][3][31]_i_1_n_0
    SLICE_X53Y18         FDRE                                         r  u_l1_icache/data_array_reg[16][3][0]/CE
  -------------------------------------------------------------------    -------------------

                         (clock CLK rise edge)       20.000    20.000 r  
    N15                                               0.000    20.000 r  clk (IN)
                         net (fo=0)                   0.000    20.000    clk
    N15                  IBUF (Prop_ibuf_I_O)         0.814    20.814 r  clk_IBUF_inst/O
                         net (fo=1, routed)           1.911    22.725    clk_IBUF
    BUFGCTRL_X0Y0        BUFG (Prop_bufg_I_O)         0.091    22.816 r  clk_IBUF_BUFG_inst/O
                         net (fo=11156, routed)       1.656    24.472    u_l1_icache/clk_IBUF_BUFG
    SLICE_X53Y18         FDRE                                         r  u_l1_icache/data_array_reg[16][3][0]/C
                         clock pessimism              0.259    24.732    
                         clock uncertainty           -0.335    24.396    
    SLICE_X53Y18         FDRE (Setup_fdre_C_CE)      -0.205    24.191    u_l1_icache/data_array_reg[16][3][0]
  -------------------------------------------------------------------
                         required time                         24.191    
                         arrival time                         -24.520    
  -------------------------------------------------------------------
                         slack                                 -0.329    

Slack (VIOLATED) :        -0.329ns  (required time - arrival time)
  Source:                 u_cpu/dut_pc/pc_reg[5]/C
                            (rising edge-triggered cell FDRE clocked by CLK  {rise@0.000ns fall@10.000ns period=20.000ns})
  Destination:            u_l1_icache/data_array_reg[16][3][12]/CE
                            (rising edge-triggered cell FDRE clocked by CLK  {rise@0.000ns fall@10.000ns period=20.000ns})
  Path Group:             CLK
  Path Type:              Setup (Max at Slow Process Corner)
  Requirement:            20.000ns  (CLK rise@20.000ns - CLK rise@0.000ns)
  Data Path Delay:        19.649ns  (logic 4.607ns (23.447%)  route 15.042ns (76.553%))
  Logic Levels:           24  (CARRY4=8 LUT2=1 LUT4=3 LUT5=2 LUT6=9 RAMD32=1)
  Clock Path Skew:        -0.140ns (DCD - SCD + CPR)
    Destination Clock Delay (DCD):    4.472ns = ( 24.472 - 20.000 ) 
    Source Clock Delay      (SCD):    4.872ns
    Clock Pessimism Removal (CPR):    0.259ns
  Clock Uncertainty:      0.335ns  ((TSJ^2 + TIJ^2)^1/2 + DJ) / 2 + PE + UU
    Total System Jitter     (TSJ):    0.071ns
    Total Input Jitter      (TIJ):    0.000ns
    Discrete Jitter          (DJ):    0.000ns
    Phase Error              (PE):    0.000ns
    User Uncertainty         (UU):    0.300ns

    Location             Delay type                Incr(ns)  Path(ns)    Netlist Resource(s)
  -------------------------------------------------------------------    -------------------
                         (clock CLK rise edge)        0.000     0.000 r  
    N15                                               0.000     0.000 r  clk (IN)
                         net (fo=0)                   0.000     0.000    clk
    N15                  IBUF (Prop_ibuf_I_O)         0.948     0.948 r  clk_IBUF_inst/O
                         net (fo=1, routed)           2.016     2.963    clk_IBUF
    BUFGCTRL_X0Y0        BUFG (Prop_bufg_I_O)         0.096     3.059 r  clk_IBUF_BUFG_inst/O
                         net (fo=11156, routed)       1.812     4.872    u_cpu/dut_pc/clk_IBUF_BUFG
    SLICE_X31Y8          FDRE                                         r  u_cpu/dut_pc/pc_reg[5]/C
  -------------------------------------------------------------------    -------------------
    SLICE_X31Y8          FDRE (Prop_fdre_C_Q)         0.456     5.328 r  u_cpu/dut_pc/pc_reg[5]/Q
                         net (fo=165, routed)         1.287     6.614    u_l1_icache/tag_array_reg_0_31_6_11/ADDRB1
    SLICE_X30Y6          RAMD32 (Prop_ramd32_RADR1_O)
                                                      0.152     6.766 r  u_l1_icache/tag_array_reg_0_31_6_11/RAMB/O
                         net (fo=1, routed)           0.992     7.758    u_cpu/dut_pc/lookup_hit1[8]
    SLICE_X24Y8          LUT6 (Prop_lut6_I3_O)        0.348     8.106 r  u_cpu/dut_pc/cpu_stall_debug_OBUF_inst_i_37/O
                         net (fo=1, routed)           0.000     8.106    u_cpu/dut_pc/cpu_stall_debug_OBUF_inst_i_37_n_0
    SLICE_X24Y8          CARRY4 (Prop_carry4_S[2]_CO[3])
                                                      0.398     8.504 r  u_cpu/dut_pc/cpu_stall_debug_OBUF_inst_i_23/CO[3]
                         net (fo=1, routed)           0.000     8.504    u_cpu/dut_pc/cpu_stall_debug_OBUF_inst_i_23_n_0
    SLICE_X24Y9          CARRY4 (Prop_carry4_CI_CO[3])
                                                      0.114     8.618 f  u_cpu/dut_pc/cpu_stall_debug_OBUF_inst_i_7/CO[3]
                         net (fo=4, routed)           1.355     9.973    u_cpu/dut_pc/u_l1_icache/lookup_hit0
    SLICE_X22Y14         LUT6 (Prop_lut6_I1_O)        0.124    10.097 f  u_cpu/dut_pc/registers_reg_r1_0_31_0_5_i_29/O
                         net (fo=33, routed)          0.901    10.998    u_cpu/dut_pc/registers_reg_r1_0_31_0_5_i_29_n_0
    SLICE_X20Y15         LUT6 (Prop_lut6_I4_O)        0.124    11.122 f  u_cpu/dut_pc/instr_debug[5]_i_1/O
                         net (fo=20, routed)          0.653    11.775    u_cpu/dut_pc/state_q_reg_2
    SLICE_X19Y16         LUT5 (Prop_lut5_I4_O)        0.124    11.899 r  u_cpu/dut_pc/pc_target1_carry_i_14/O
                         net (fo=2, routed)           0.812    12.712    u_cpu/dut_pc/pc_target1_carry_i_14_n_0
    SLICE_X19Y14         LUT6 (Prop_lut6_I2_O)        0.124    12.836 r  u_cpu/dut_pc/pc_target1_carry_i_11/O
                         net (fo=38, routed)          1.135    13.971    u_cpu/dut_pc/imm_sel[1]
    SLICE_X17Y8          LUT6 (Prop_lut6_I4_O)        0.124    14.095 r  u_cpu/dut_pc/pc_target1_carry_i_3/O
                         net (fo=5, routed)           0.485    14.580    u_cpu/dut_pc/instruction_hold_valid_q_reg[1]
    SLICE_X16Y5          LUT4 (Prop_lut4_I3_O)        0.124    14.704 r  u_cpu/dut_pc/result0_carry_i_12/O
                         net (fo=114, routed)         0.806    15.509    u_cpu/dut_pc/src_b[1]
    SLICE_X13Y1          LUT2 (Prop_lut2_I1_O)        0.124    15.633 r  u_cpu/dut_pc/result0_carry_i_7/O
                         net (fo=1, routed)           0.000    15.633    u_cpu/dut_alu/S[1]
    SLICE_X13Y1          CARRY4 (Prop_carry4_S[1]_CO[3])
                                                      0.550    16.183 r  u_cpu/dut_alu/result0_carry/CO[3]
                         net (fo=1, routed)           0.000    16.183    u_cpu/dut_alu/result0_carry_n_0
    SLICE_X13Y2          CARRY4 (Prop_carry4_CI_CO[3])
                                                      0.114    16.297 r  u_cpu/dut_alu/result0_carry__0/CO[3]
                         net (fo=1, routed)           0.000    16.297    u_cpu/dut_alu/result0_carry__0_n_0
    SLICE_X13Y3          CARRY4 (Prop_carry4_CI_CO[3])
                                                      0.114    16.411 r  u_cpu/dut_alu/result0_carry__1/CO[3]
                         net (fo=1, routed)           0.000    16.411    u_cpu/dut_alu/result0_carry__1_n_0
    SLICE_X13Y4          CARRY4 (Prop_carry4_CI_CO[3])
                                                      0.114    16.525 r  u_cpu/dut_alu/result0_carry__2/CO[3]
                         net (fo=1, routed)           0.000    16.525    u_cpu/dut_alu/result0_carry__2_n_0
    SLICE_X13Y5          CARRY4 (Prop_carry4_CI_CO[3])
                                                      0.114    16.639 r  u_cpu/dut_alu/result0_carry__3/CO[3]
                         net (fo=1, routed)           0.000    16.639    u_cpu/dut_alu/result0_carry__3_n_0
    SLICE_X13Y6          CARRY4 (Prop_carry4_CI_O[0])
                                                      0.222    16.861 r  u_cpu/dut_alu/result0_carry__4/O[0]
                         net (fo=1, routed)           0.768    17.630    u_cpu/dut_alu/data0[20]
    SLICE_X9Y7           LUT4 (Prop_lut4_I0_O)        0.299    17.929 r  u_cpu/dut_alu/mem_addr_q[20]_i_12/O
                         net (fo=1, routed)           0.530    18.459    u_cpu/dut_pc/mem_addr_q[20]_i_2_0
    SLICE_X7Y8           LUT6 (Prop_lut6_I5_O)        0.124    18.583 r  u_cpu/dut_pc/mem_addr_q[20]_i_6/O
                         net (fo=1, routed)           0.635    19.217    u_cpu/dut_pc/mem_addr_q[20]_i_6_n_0
    SLICE_X7Y10          LUT6 (Prop_lut6_I5_O)        0.124    19.341 r  u_cpu/dut_pc/mem_addr_q[20]_i_2/O
                         net (fo=5, routed)           1.125    20.467    u_cpu/dut_pc/cpu_mem_addr[20]
    SLICE_X10Y12         LUT4 (Prop_lut4_I1_O)        0.124    20.591 f  u_cpu/dut_pc/refill_word_q[1]_i_10/O
                         net (fo=1, routed)           0.447    21.037    u_cpu/dut_pc/refill_word_q[1]_i_10_n_0
    SLICE_X15Y12         LUT6 (Prop_lut6_I5_O)        0.124    21.161 f  u_cpu/dut_pc/refill_word_q[1]_i_6/O
                         net (fo=1, routed)           0.808    21.969    u_cpu/dut_pc/refill_word_q[1]_i_6_n_0
    SLICE_X30Y12         LUT5 (Prop_lut5_I1_O)        0.124    22.093 f  u_cpu/dut_pc/refill_word_q[1]_i_4/O
                         net (fo=165, routed)         1.268    23.361    u_l1_icache/icache_invalidate
    SLICE_X56Y9          LUT6 (Prop_lut6_I4_O)        0.124    23.485 r  u_l1_icache/data_array[16][3][31]_i_1/O
                         net (fo=32, routed)          1.035    24.520    u_l1_icache/data_array[16][3][31]_i_1_n_0
    SLICE_X53Y18         FDRE                                         r  u_l1_icache/data_array_reg[16][3][12]/CE
  -------------------------------------------------------------------    -------------------

                         (clock CLK rise edge)       20.000    20.000 r  
    N15                                               0.000    20.000 r  clk (IN)
                         net (fo=0)                   0.000    20.000    clk
    N15                  IBUF (Prop_ibuf_I_O)         0.814    20.814 r  clk_IBUF_inst/O
                         net (fo=1, routed)           1.911    22.725    clk_IBUF
    BUFGCTRL_X0Y0        BUFG (Prop_bufg_I_O)         0.091    22.816 r  clk_IBUF_BUFG_inst/O
                         net (fo=11156, routed)       1.656    24.472    u_l1_icache/clk_IBUF_BUFG
    SLICE_X53Y18         FDRE                                         r  u_l1_icache/data_array_reg[16][3][12]/C
                         clock pessimism              0.259    24.732    
                         clock uncertainty           -0.335    24.396    
    SLICE_X53Y18         FDRE (Setup_fdre_C_CE)      -0.205    24.191    u_l1_icache/data_array_reg[16][3][12]
  -------------------------------------------------------------------
                         required time                         24.191    
                         arrival time                         -24.520    
  -------------------------------------------------------------------
                         slack                                 -0.329    





Min Delay Paths
--------------------------------------------------------------------------------------
Slack (MET) :             0.031ns  (arrival time - required time)
  Source:                 u_aes_slave/u_aes_core/key_schedule_inst/key_state_reg_reg[6][74]/C
                            (rising edge-triggered cell FDRE clocked by CLK  {rise@0.000ns fall@10.000ns period=20.000ns})
  Destination:            u_aes_slave/u_aes_core/key_schedule_inst/key_state_reg_reg[7][74]/D
                            (rising edge-triggered cell FDRE clocked by CLK  {rise@0.000ns fall@10.000ns period=20.000ns})
  Path Group:             CLK
  Path Type:              Hold (Min at Fast Process Corner)
  Requirement:            0.000ns  (CLK rise@0.000ns - CLK rise@0.000ns)
  Data Path Delay:        0.423ns  (logic 0.186ns (43.975%)  route 0.237ns (56.025%))
  Logic Levels:           1  (LUT6=1)
  Clock Path Skew:        0.200ns (DCD - SCD - CPR)
    Destination Clock Delay (DCD):    1.927ns
    Source Clock Delay      (SCD):    1.475ns
    Clock Pessimism Removal (CPR):    0.251ns
  Clock Uncertainty:      0.100ns  ((TSJ^2 + TIJ^2)^1/2 + DJ) / 2 + PE + UU
    Total System Jitter     (TSJ):    0.000ns
    Total Input Jitter      (TIJ):    0.000ns
    Discrete Jitter          (DJ):    0.000ns
    Phase Error              (PE):    0.000ns
    User Uncertainty         (UU):    0.100ns

    Location             Delay type                Incr(ns)  Path(ns)    Netlist Resource(s)
  -------------------------------------------------------------------    -------------------
                         (clock CLK rise edge)        0.000     0.000 r  
    N15                                               0.000     0.000 r  clk (IN)
                         net (fo=0)                   0.000     0.000    clk
    N15                  IBUF (Prop_ibuf_I_O)         0.177     0.177 r  clk_IBUF_inst/O
                         net (fo=1, routed)           0.640     0.817    clk_IBUF
    BUFGCTRL_X0Y0        BUFG (Prop_bufg_I_O)         0.026     0.843 r  clk_IBUF_BUFG_inst/O
                         net (fo=11156, routed)       0.632     1.475    u_aes_slave/u_aes_core/key_schedule_inst/clk_IBUF_BUFG
    SLICE_X67Y45         FDRE                                         r  u_aes_slave/u_aes_core/key_schedule_inst/key_state_reg_reg[6][74]/C
  -------------------------------------------------------------------    -------------------
    SLICE_X67Y45         FDRE (Prop_fdre_C_Q)         0.141     1.616 r  u_aes_slave/u_aes_core/key_schedule_inst/key_state_reg_reg[6][74]/Q
                         net (fo=2, routed)           0.237     1.853    u_aes_slave/u_aes_core/key_schedule_inst/gen_key_expand[3].key_expand_inst/key_state_reg_reg[6][74]
    SLICE_X67Y53         LUT6 (Prop_lut6_I5_O)        0.045     1.898 r  u_aes_slave/u_aes_core/key_schedule_inst/gen_key_expand[3].key_expand_inst/key_state_reg[7][74]_i_1/O
                         net (fo=1, routed)           0.000     1.898    u_aes_slave/u_aes_core/key_schedule_inst/expanded_round_key[3]_20[74]
    SLICE_X67Y53         FDRE                                         r  u_aes_slave/u_aes_core/key_schedule_inst/key_state_reg_reg[7][74]/D
  -------------------------------------------------------------------    -------------------

                         (clock CLK rise edge)        0.000     0.000 r  
    N15                                               0.000     0.000 r  clk (IN)
                         net (fo=0)                   0.000     0.000    clk
    N15                  IBUF (Prop_ibuf_I_O)         0.365     0.365 r  clk_IBUF_inst/O
                         net (fo=1, routed)           0.695     1.060    clk_IBUF
    BUFGCTRL_X0Y0        BUFG (Prop_bufg_I_O)         0.029     1.089 r  clk_IBUF_BUFG_inst/O
                         net (fo=11156, routed)       0.838     1.927    u_aes_slave/u_aes_core/key_schedule_inst/clk_IBUF_BUFG
    SLICE_X67Y53         FDRE                                         r  u_aes_slave/u_aes_core/key_schedule_inst/key_state_reg_reg[7][74]/C
                         clock pessimism             -0.251     1.675    
                         clock uncertainty            0.100     1.775    
    SLICE_X67Y53         FDRE (Hold_fdre_C_D)         0.092     1.867    u_aes_slave/u_aes_core/key_schedule_inst/key_state_reg_reg[7][74]
  -------------------------------------------------------------------
                         required time                         -1.867    
                         arrival time                           1.898    
  -------------------------------------------------------------------
                         slack                                  0.031    

Slack (MET) :             0.032ns  (arrival time - required time)
  Source:                 u_aes_slave/u_aes_core/key_schedule_inst/key_state_reg_reg[13][92]/C
                            (rising edge-triggered cell FDRE clocked by CLK  {rise@0.000ns fall@10.000ns period=20.000ns})
  Destination:            u_aes_slave/u_aes_core/state_reg_reg[14][92]/D
                            (rising edge-triggered cell FDRE clocked by CLK  {rise@0.000ns fall@10.000ns period=20.000ns})
  Path Group:             CLK
  Path Type:              Hold (Min at Fast Process Corner)
  Requirement:            0.000ns  (CLK rise@0.000ns - CLK rise@0.000ns)
  Data Path Delay:        0.266ns  (logic 0.186ns (69.898%)  route 0.080ns (30.103%))
  Logic Levels:           1  (LUT2=1)
  Clock Path Skew:        0.013ns (DCD - SCD - CPR)
    Destination Clock Delay (DCD):    1.931ns
    Source Clock Delay      (SCD):    1.413ns
    Clock Pessimism Removal (CPR):    0.504ns
  Clock Uncertainty:      0.100ns  ((TSJ^2 + TIJ^2)^1/2 + DJ) / 2 + PE + UU
    Total System Jitter     (TSJ):    0.000ns
    Total Input Jitter      (TIJ):    0.000ns
    Discrete Jitter          (DJ):    0.000ns
    Phase Error              (PE):    0.000ns
    User Uncertainty         (UU):    0.100ns

    Location             Delay type                Incr(ns)  Path(ns)    Netlist Resource(s)
  -------------------------------------------------------------------    -------------------
                         (clock CLK rise edge)        0.000     0.000 r  
    N15                                               0.000     0.000 r  clk (IN)
                         net (fo=0)                   0.000     0.000    clk
    N15                  IBUF (Prop_ibuf_I_O)         0.177     0.177 r  clk_IBUF_inst/O
                         net (fo=1, routed)           0.640     0.817    clk_IBUF
    BUFGCTRL_X0Y0        BUFG (Prop_bufg_I_O)         0.026     0.843 r  clk_IBUF_BUFG_inst/O
                         net (fo=11156, routed)       0.571     1.413    u_aes_slave/u_aes_core/key_schedule_inst/clk_IBUF_BUFG
    SLICE_X15Y89         FDRE                                         r  u_aes_slave/u_aes_core/key_schedule_inst/key_state_reg_reg[13][92]/C
  -------------------------------------------------------------------    -------------------
    SLICE_X15Y89         FDRE (Prop_fdre_C_Q)         0.141     1.554 r  u_aes_slave/u_aes_core/key_schedule_inst/key_state_reg_reg[13][92]/Q
                         net (fo=1, routed)           0.080     1.634    u_aes_slave/u_aes_core/key_schedule_inst/round_key[14]_43[92]
    SLICE_X14Y89         LUT2 (Prop_lut2_I0_O)        0.045     1.679 r  u_aes_slave/u_aes_core/key_schedule_inst/state_reg[14][92]_i_1/O
                         net (fo=1, routed)           0.000     1.679    u_aes_slave/u_aes_core/state_out[14]_44[92]
    SLICE_X14Y89         FDRE                                         r  u_aes_slave/u_aes_core/state_reg_reg[14][92]/D
  -------------------------------------------------------------------    -------------------

                         (clock CLK rise edge)        0.000     0.000 r  
    N15                                               0.000     0.000 r  clk (IN)
                         net (fo=0)                   0.000     0.000    clk
    N15                  IBUF (Prop_ibuf_I_O)         0.365     0.365 r  clk_IBUF_inst/O
                         net (fo=1, routed)           0.695     1.060    clk_IBUF
    BUFGCTRL_X0Y0        BUFG (Prop_bufg_I_O)         0.029     1.089 r  clk_IBUF_BUFG_inst/O
                         net (fo=11156, routed)       0.842     1.931    u_aes_slave/u_aes_core/clk_IBUF_BUFG
    SLICE_X14Y89         FDRE                                         r  u_aes_slave/u_aes_core/state_reg_reg[14][92]/C
                         clock pessimism             -0.504     1.426    
                         clock uncertainty            0.100     1.526    
    SLICE_X14Y89         FDRE (Hold_fdre_C_D)         0.121     1.647    u_aes_slave/u_aes_core/state_reg_reg[14][92]
  -------------------------------------------------------------------
                         required time                         -1.647    
                         arrival time                           1.679    
  -------------------------------------------------------------------
                         slack                                  0.032    

Slack (MET) :             0.040ns  (arrival time - required time)
  Source:                 u_aes_slave/u_aes_core/key_schedule_inst/key_state_reg_reg[12][118]/C
                            (rising edge-triggered cell FDRE clocked by CLK  {rise@0.000ns fall@10.000ns period=20.000ns})
  Destination:            u_aes_slave/u_aes_core/key_schedule_inst/key_state_reg_reg[13][118]/D
                            (rising edge-triggered cell FDRE clocked by CLK  {rise@0.000ns fall@10.000ns period=20.000ns})
  Path Group:             CLK
  Path Type:              Hold (Min at Fast Process Corner)
  Requirement:            0.000ns  (CLK rise@0.000ns - CLK rise@0.000ns)
  Data Path Delay:        0.273ns  (logic 0.186ns (68.106%)  route 0.087ns (31.894%))
  Logic Levels:           1  (LUT5=1)
  Clock Path Skew:        0.013ns (DCD - SCD - CPR)
    Destination Clock Delay (DCD):    1.923ns
    Source Clock Delay      (SCD):    1.406ns
    Clock Pessimism Removal (CPR):    0.503ns
  Clock Uncertainty:      0.100ns  ((TSJ^2 + TIJ^2)^1/2 + DJ) / 2 + PE + UU
    Total System Jitter     (TSJ):    0.000ns
    Total Input Jitter      (TIJ):    0.000ns
    Discrete Jitter          (DJ):    0.000ns
    Phase Error              (PE):    0.000ns
    User Uncertainty         (UU):    0.100ns

    Location             Delay type                Incr(ns)  Path(ns)    Netlist Resource(s)
  -------------------------------------------------------------------    -------------------
                         (clock CLK rise edge)        0.000     0.000 r  
    N15                                               0.000     0.000 r  clk (IN)
                         net (fo=0)                   0.000     0.000    clk
    N15                  IBUF (Prop_ibuf_I_O)         0.177     0.177 r  clk_IBUF_inst/O
                         net (fo=1, routed)           0.640     0.817    clk_IBUF
    BUFGCTRL_X0Y0        BUFG (Prop_bufg_I_O)         0.026     0.843 r  clk_IBUF_BUFG_inst/O
                         net (fo=11156, routed)       0.564     1.406    u_aes_slave/u_aes_core/key_schedule_inst/clk_IBUF_BUFG
    SLICE_X51Y98         FDRE                                         r  u_aes_slave/u_aes_core/key_schedule_inst/key_state_reg_reg[12][118]/C
  -------------------------------------------------------------------    -------------------
    SLICE_X51Y98         FDRE (Prop_fdre_C_Q)         0.141     1.547 r  u_aes_slave/u_aes_core/key_schedule_inst/key_state_reg_reg[12][118]/Q
                         net (fo=1, routed)           0.087     1.634    u_aes_slave/u_aes_core/key_schedule_inst/gen_key_expand[6].key_expand_inst/key_state_reg_reg[12][118]
    SLICE_X50Y98         LUT5 (Prop_lut5_I4_O)        0.045     1.679 r  u_aes_slave/u_aes_core/key_schedule_inst/gen_key_expand[6].key_expand_inst/key_state_reg[13][118]_i_1/O
                         net (fo=1, routed)           0.000     1.679    u_aes_slave/u_aes_core/key_schedule_inst/expanded_round_key[6]_23[118]
    SLICE_X50Y98         FDRE                                         r  u_aes_slave/u_aes_core/key_schedule_inst/key_state_reg_reg[13][118]/D
  -------------------------------------------------------------------    -------------------

                         (clock CLK rise edge)        0.000     0.000 r  
    N15                                               0.000     0.000 r  clk (IN)
                         net (fo=0)                   0.000     0.000    clk
    N15                  IBUF (Prop_ibuf_I_O)         0.365     0.365 r  clk_IBUF_inst/O
                         net (fo=1, routed)           0.695     1.060    clk_IBUF
    BUFGCTRL_X0Y0        BUFG (Prop_bufg_I_O)         0.029     1.089 r  clk_IBUF_BUFG_inst/O
                         net (fo=11156, routed)       0.834     1.923    u_aes_slave/u_aes_core/key_schedule_inst/clk_IBUF_BUFG
    SLICE_X50Y98         FDRE                                         r  u_aes_slave/u_aes_core/key_schedule_inst/key_state_reg_reg[13][118]/C
                         clock pessimism             -0.503     1.419    
                         clock uncertainty            0.100     1.519    
    SLICE_X50Y98         FDRE (Hold_fdre_C_D)         0.120     1.639    u_aes_slave/u_aes_core/key_schedule_inst/key_state_reg_reg[13][118]
  -------------------------------------------------------------------
                         required time                         -1.639    
                         arrival time                           1.679    
  -------------------------------------------------------------------
                         slack                                  0.040    

Slack (MET) :             0.040ns  (arrival time - required time)
  Source:                 u_aes_slave/u_aes_core/key_schedule_inst/key_state_reg_reg[13][124]/C
                            (rising edge-triggered cell FDRE clocked by CLK  {rise@0.000ns fall@10.000ns period=20.000ns})
  Destination:            u_aes_slave/u_aes_core/state_reg_reg[14][124]/D
                            (rising edge-triggered cell FDRE clocked by CLK  {rise@0.000ns fall@10.000ns period=20.000ns})
  Path Group:             CLK
  Path Type:              Hold (Min at Fast Process Corner)
  Requirement:            0.000ns  (CLK rise@0.000ns - CLK rise@0.000ns)
  Data Path Delay:        0.273ns  (logic 0.186ns (68.106%)  route 0.087ns (31.894%))
  Logic Levels:           1  (LUT2=1)
  Clock Path Skew:        0.013ns (DCD - SCD - CPR)
    Destination Clock Delay (DCD):    1.931ns
    Source Clock Delay      (SCD):    1.413ns
    Clock Pessimism Removal (CPR):    0.504ns
  Clock Uncertainty:      0.100ns  ((TSJ^2 + TIJ^2)^1/2 + DJ) / 2 + PE + UU
    Total System Jitter     (TSJ):    0.000ns
    Total Input Jitter      (TIJ):    0.000ns
    Discrete Jitter          (DJ):    0.000ns
    Phase Error              (PE):    0.000ns
    User Uncertainty         (UU):    0.100ns

    Location             Delay type                Incr(ns)  Path(ns)    Netlist Resource(s)
  -------------------------------------------------------------------    -------------------
                         (clock CLK rise edge)        0.000     0.000 r  
    N15                                               0.000     0.000 r  clk (IN)
                         net (fo=0)                   0.000     0.000    clk
    N15                  IBUF (Prop_ibuf_I_O)         0.177     0.177 r  clk_IBUF_inst/O
                         net (fo=1, routed)           0.640     0.817    clk_IBUF
    BUFGCTRL_X0Y0        BUFG (Prop_bufg_I_O)         0.026     0.843 r  clk_IBUF_BUFG_inst/O
                         net (fo=11156, routed)       0.571     1.413    u_aes_slave/u_aes_core/key_schedule_inst/clk_IBUF_BUFG
    SLICE_X15Y89         FDRE                                         r  u_aes_slave/u_aes_core/key_schedule_inst/key_state_reg_reg[13][124]/C
  -------------------------------------------------------------------    -------------------
    SLICE_X15Y89         FDRE (Prop_fdre_C_Q)         0.141     1.554 r  u_aes_slave/u_aes_core/key_schedule_inst/key_state_reg_reg[13][124]/Q
                         net (fo=1, routed)           0.087     1.641    u_aes_slave/u_aes_core/key_schedule_inst/round_key[14]_43[124]
    SLICE_X14Y89         LUT2 (Prop_lut2_I0_O)        0.045     1.686 r  u_aes_slave/u_aes_core/key_schedule_inst/state_reg[14][124]_i_1/O
                         net (fo=1, routed)           0.000     1.686    u_aes_slave/u_aes_core/state_out[14]_44[124]
    SLICE_X14Y89         FDRE                                         r  u_aes_slave/u_aes_core/state_reg_reg[14][124]/D
  -------------------------------------------------------------------    -------------------

                         (clock CLK rise edge)        0.000     0.000 r  
    N15                                               0.000     0.000 r  clk (IN)
                         net (fo=0)                   0.000     0.000    clk
    N15                  IBUF (Prop_ibuf_I_O)         0.365     0.365 r  clk_IBUF_inst/O
                         net (fo=1, routed)           0.695     1.060    clk_IBUF
    BUFGCTRL_X0Y0        BUFG (Prop_bufg_I_O)         0.029     1.089 r  clk_IBUF_BUFG_inst/O
                         net (fo=11156, routed)       0.842     1.931    u_aes_slave/u_aes_core/clk_IBUF_BUFG
    SLICE_X14Y89         FDRE                                         r  u_aes_slave/u_aes_core/state_reg_reg[14][124]/C
                         clock pessimism             -0.504     1.426    
                         clock uncertainty            0.100     1.526    
    SLICE_X14Y89         FDRE (Hold_fdre_C_D)         0.120     1.646    u_aes_slave/u_aes_core/state_reg_reg[14][124]
  -------------------------------------------------------------------
                         required time                         -1.646    
                         arrival time                           1.686    
  -------------------------------------------------------------------
                         slack                                  0.040    

Slack (MET) :             0.040ns  (arrival time - required time)
  Source:                 u_aes_slave/u_aes_core/state_reg_reg[14][1]/C
                            (rising edge-triggered cell FDRE clocked by CLK  {rise@0.000ns fall@10.000ns period=20.000ns})
  Destination:            u_aes_slave/ct_q_reg[0][25]/D
                            (rising edge-triggered cell FDRE clocked by CLK  {rise@0.000ns fall@10.000ns period=20.000ns})
  Path Group:             CLK
  Path Type:              Hold (Min at Fast Process Corner)
  Requirement:            0.000ns  (CLK rise@0.000ns - CLK rise@0.000ns)
  Data Path Delay:        0.199ns  (logic 0.141ns (70.682%)  route 0.058ns (29.318%))
  Logic Levels:           0  
  Clock Path Skew:        0.013ns (DCD - SCD - CPR)
    Destination Clock Delay (DCD):    1.956ns
    Source Clock Delay      (SCD):    1.439ns
    Clock Pessimism Removal (CPR):    0.503ns
  Clock Uncertainty:      0.100ns  ((TSJ^2 + TIJ^2)^1/2 + DJ) / 2 + PE + UU
    Total System Jitter     (TSJ):    0.000ns
    Total Input Jitter      (TIJ):    0.000ns
    Discrete Jitter          (DJ):    0.000ns
    Phase Error              (PE):    0.000ns
    User Uncertainty         (UU):    0.100ns

    Location             Delay type                Incr(ns)  Path(ns)    Netlist Resource(s)
  -------------------------------------------------------------------    -------------------
                         (clock CLK rise edge)        0.000     0.000 r  
    N15                                               0.000     0.000 r  clk (IN)
                         net (fo=0)                   0.000     0.000    clk
    N15                  IBUF (Prop_ibuf_I_O)         0.177     0.177 r  clk_IBUF_inst/O
                         net (fo=1, routed)           0.640     0.817    clk_IBUF
    BUFGCTRL_X0Y0        BUFG (Prop_bufg_I_O)         0.026     0.843 r  clk_IBUF_BUFG_inst/O
                         net (fo=11156, routed)       0.597     1.439    u_aes_slave/u_aes_core/clk_IBUF_BUFG
    SLICE_X5Y64          FDRE                                         r  u_aes_slave/u_aes_core/state_reg_reg[14][1]/C
  -------------------------------------------------------------------    -------------------
    SLICE_X5Y64          FDRE (Prop_fdre_C_Q)         0.141     1.580 r  u_aes_slave/u_aes_core/state_reg_reg[14][1]/Q
                         net (fo=1, routed)           0.058     1.639    u_aes_slave/aes_cipher_text[121]
    SLICE_X4Y64          FDRE                                         r  u_aes_slave/ct_q_reg[0][25]/D
  -------------------------------------------------------------------    -------------------

                         (clock CLK rise edge)        0.000     0.000 r  
    N15                                               0.000     0.000 r  clk (IN)
                         net (fo=0)                   0.000     0.000    clk
    N15                  IBUF (Prop_ibuf_I_O)         0.365     0.365 r  clk_IBUF_inst/O
                         net (fo=1, routed)           0.695     1.060    clk_IBUF
    BUFGCTRL_X0Y0        BUFG (Prop_bufg_I_O)         0.029     1.089 r  clk_IBUF_BUFG_inst/O
                         net (fo=11156, routed)       0.867     1.956    u_aes_slave/clk_IBUF_BUFG
    SLICE_X4Y64          FDRE                                         r  u_aes_slave/ct_q_reg[0][25]/C
                         clock pessimism             -0.503     1.452    
                         clock uncertainty            0.100     1.552    
    SLICE_X4Y64          FDRE (Hold_fdre_C_D)         0.046     1.598    u_aes_slave/ct_q_reg[0][25]
  -------------------------------------------------------------------
                         required time                         -1.598    
                         arrival time                           1.639    
  -------------------------------------------------------------------
                         slack                                  0.040    

Slack (MET) :             0.044ns  (arrival time - required time)
  Source:                 u_aes_slave/u_aes_core/key_schedule_inst/key_state_reg_reg[5][96]/C
                            (rising edge-triggered cell FDRE clocked by CLK  {rise@0.000ns fall@10.000ns period=20.000ns})
  Destination:            u_aes_slave/u_aes_core/key_schedule_inst/key_state_reg_reg[6][96]/D
                            (rising edge-triggered cell FDRE clocked by CLK  {rise@0.000ns fall@10.000ns period=20.000ns})
  Path Group:             CLK
  Path Type:              Hold (Min at Fast Process Corner)
  Requirement:            0.000ns  (CLK rise@0.000ns - CLK rise@0.000ns)
  Data Path Delay:        0.418ns  (logic 0.164ns (39.211%)  route 0.254ns (60.789%))
  Logic Levels:           0  
  Clock Path Skew:        0.211ns (DCD - SCD - CPR)
    Destination Clock Delay (DCD):    1.960ns
    Source Clock Delay      (SCD):    1.497ns
    Clock Pessimism Removal (CPR):    0.251ns
  Clock Uncertainty:      0.100ns  ((TSJ^2 + TIJ^2)^1/2 + DJ) / 2 + PE + UU
    Total System Jitter     (TSJ):    0.000ns
    Total Input Jitter      (TIJ):    0.000ns
    Discrete Jitter          (DJ):    0.000ns
    Phase Error              (PE):    0.000ns
    User Uncertainty         (UU):    0.100ns

    Location             Delay type                Incr(ns)  Path(ns)    Netlist Resource(s)
  -------------------------------------------------------------------    -------------------
                         (clock CLK rise edge)        0.000     0.000 r  
    N15                                               0.000     0.000 r  clk (IN)
                         net (fo=0)                   0.000     0.000    clk
    N15                  IBUF (Prop_ibuf_I_O)         0.177     0.177 r  clk_IBUF_inst/O
                         net (fo=1, routed)           0.640     0.817    clk_IBUF
    BUFGCTRL_X0Y0        BUFG (Prop_bufg_I_O)         0.026     0.843 r  clk_IBUF_BUFG_inst/O
                         net (fo=11156, routed)       0.654     1.497    u_aes_slave/u_aes_core/key_schedule_inst/clk_IBUF_BUFG
    SLICE_X78Y47         FDRE                                         r  u_aes_slave/u_aes_core/key_schedule_inst/key_state_reg_reg[5][96]/C
  -------------------------------------------------------------------    -------------------
    SLICE_X78Y47         FDRE (Prop_fdre_C_Q)         0.164     1.661 r  u_aes_slave/u_aes_core/key_schedule_inst/key_state_reg_reg[5][96]/Q
                         net (fo=2, routed)           0.254     1.915    u_aes_slave/u_aes_core/key_schedule_inst/round_key[6]_32[96]
    SLICE_X78Y51         FDRE                                         r  u_aes_slave/u_aes_core/key_schedule_inst/key_state_reg_reg[6][96]/D
  -------------------------------------------------------------------    -------------------

                         (clock CLK rise edge)        0.000     0.000 r  
    N15                                               0.000     0.000 r  clk (IN)
                         net (fo=0)                   0.000     0.000    clk
    N15                  IBUF (Prop_ibuf_I_O)         0.365     0.365 r  clk_IBUF_inst/O
                         net (fo=1, routed)           0.695     1.060    clk_IBUF
    BUFGCTRL_X0Y0        BUFG (Prop_bufg_I_O)         0.029     1.089 r  clk_IBUF_BUFG_inst/O
                         net (fo=11156, routed)       0.871     1.960    u_aes_slave/u_aes_core/key_schedule_inst/clk_IBUF_BUFG
    SLICE_X78Y51         FDRE                                         r  u_aes_slave/u_aes_core/key_schedule_inst/key_state_reg_reg[6][96]/C
                         clock pessimism             -0.251     1.708    
                         clock uncertainty            0.100     1.808    
    SLICE_X78Y51         FDRE (Hold_fdre_C_D)         0.063     1.871    u_aes_slave/u_aes_core/key_schedule_inst/key_state_reg_reg[6][96]
  -------------------------------------------------------------------
                         required time                         -1.871    
                         arrival time                           1.915    
  -------------------------------------------------------------------
                         slack                                  0.044    

Slack (MET) :             0.044ns  (arrival time - required time)
  Source:                 u_aes_slave/u_aes_core/key_schedule_inst/key_state_reg_reg[8][23]/C
                            (rising edge-triggered cell FDRE clocked by CLK  {rise@0.000ns fall@10.000ns period=20.000ns})
  Destination:            u_aes_slave/u_aes_core/key_schedule_inst/key_state_reg_reg[9][23]/D
                            (rising edge-triggered cell FDRE clocked by CLK  {rise@0.000ns fall@10.000ns period=20.000ns})
  Path Group:             CLK
  Path Type:              Hold (Min at Fast Process Corner)
  Requirement:            0.000ns  (CLK rise@0.000ns - CLK rise@0.000ns)
  Data Path Delay:        0.249ns  (logic 0.186ns (74.680%)  route 0.063ns (25.320%))
  Logic Levels:           1  (LUT6=1)
  Clock Path Skew:        0.013ns (DCD - SCD - CPR)
    Destination Clock Delay (DCD):    1.939ns
    Source Clock Delay      (SCD):    1.423ns
    Clock Pessimism Removal (CPR):    0.502ns
  Clock Uncertainty:      0.100ns  ((TSJ^2 + TIJ^2)^1/2 + DJ) / 2 + PE + UU
    Total System Jitter     (TSJ):    0.000ns
    Total Input Jitter      (TIJ):    0.000ns
    Discrete Jitter          (DJ):    0.000ns
    Phase Error              (PE):    0.000ns
    User Uncertainty         (UU):    0.100ns

    Location             Delay type                Incr(ns)  Path(ns)    Netlist Resource(s)
  -------------------------------------------------------------------    -------------------
                         (clock CLK rise edge)        0.000     0.000 r  
    N15                                               0.000     0.000 r  clk (IN)
                         net (fo=0)                   0.000     0.000    clk
    N15                  IBUF (Prop_ibuf_I_O)         0.177     0.177 r  clk_IBUF_inst/O
                         net (fo=1, routed)           0.640     0.817    clk_IBUF
    BUFGCTRL_X0Y0        BUFG (Prop_bufg_I_O)         0.026     0.843 r  clk_IBUF_BUFG_inst/O
                         net (fo=11156, routed)       0.581     1.423    u_aes_slave/u_aes_core/key_schedule_inst/clk_IBUF_BUFG
    SLICE_X72Y76         FDRE                                         r  u_aes_slave/u_aes_core/key_schedule_inst/key_state_reg_reg[8][23]/C
  -------------------------------------------------------------------    -------------------
    SLICE_X72Y76         FDRE (Prop_fdre_C_Q)         0.141     1.564 r  u_aes_slave/u_aes_core/key_schedule_inst/key_state_reg_reg[8][23]/Q
                         net (fo=4, routed)           0.063     1.627    u_aes_slave/u_aes_core/key_schedule_inst/gen_key_expand[4].key_expand_inst/key_state_reg_reg[8][23]
    SLICE_X73Y76         LUT6 (Prop_lut6_I5_O)        0.045     1.672 r  u_aes_slave/u_aes_core/key_schedule_inst/gen_key_expand[4].key_expand_inst/key_state_reg[9][23]_i_1/O
                         net (fo=1, routed)           0.000     1.672    u_aes_slave/u_aes_core/key_schedule_inst/expanded_round_key[4]_21[23]
    SLICE_X73Y76         FDRE                                         r  u_aes_slave/u_aes_core/key_schedule_inst/key_state_reg_reg[9][23]/D
  -------------------------------------------------------------------    -------------------

                         (clock CLK rise edge)        0.000     0.000 r  
    N15                                               0.000     0.000 r  clk (IN)
                         net (fo=0)                   0.000     0.000    clk
    N15                  IBUF (Prop_ibuf_I_O)         0.365     0.365 r  clk_IBUF_inst/O
                         net (fo=1, routed)           0.695     1.060    clk_IBUF
    BUFGCTRL_X0Y0        BUFG (Prop_bufg_I_O)         0.029     1.089 r  clk_IBUF_BUFG_inst/O
                         net (fo=11156, routed)       0.850     1.939    u_aes_slave/u_aes_core/key_schedule_inst/clk_IBUF_BUFG
    SLICE_X73Y76         FDRE                                         r  u_aes_slave/u_aes_core/key_schedule_inst/key_state_reg_reg[9][23]/C
                         clock pessimism             -0.502     1.436    
                         clock uncertainty            0.100     1.536    
    SLICE_X73Y76         FDRE (Hold_fdre_C_D)         0.092     1.628    u_aes_slave/u_aes_core/key_schedule_inst/key_state_reg_reg[9][23]
  -------------------------------------------------------------------
                         required time                         -1.628    
                         arrival time                           1.672    
  -------------------------------------------------------------------
                         slack                                  0.044    

Slack (MET) :             0.047ns  (arrival time - required time)
  Source:                 u_aes_slave/pt_q_reg[0][28]/C
                            (rising edge-triggered cell FDRE clocked by CLK  {rise@0.000ns fall@10.000ns period=20.000ns})
  Destination:            u_aes_slave/u_aes_core/state_reg_reg[0][4]/D
                            (rising edge-triggered cell FDRE clocked by CLK  {rise@0.000ns fall@10.000ns period=20.000ns})
  Path Group:             CLK
  Path Type:              Hold (Min at Fast Process Corner)
  Requirement:            0.000ns  (CLK rise@0.000ns - CLK rise@0.000ns)
  Data Path Delay:        0.251ns  (logic 0.186ns (74.086%)  route 0.065ns (25.914%))
  Logic Levels:           1  (LUT2=1)
  Clock Path Skew:        0.013ns (DCD - SCD - CPR)
    Destination Clock Delay (DCD):    1.993ns
    Source Clock Delay      (SCD):    1.473ns
    Clock Pessimism Removal (CPR):    0.507ns
  Clock Uncertainty:      0.100ns  ((TSJ^2 + TIJ^2)^1/2 + DJ) / 2 + PE + UU
    Total System Jitter     (TSJ):    0.000ns
    Total Input Jitter      (TIJ):    0.000ns
    Discrete Jitter          (DJ):    0.000ns
    Phase Error              (PE):    0.000ns
    User Uncertainty         (UU):    0.100ns

    Location             Delay type                Incr(ns)  Path(ns)    Netlist Resource(s)
  -------------------------------------------------------------------    -------------------
                         (clock CLK rise edge)        0.000     0.000 r  
    N15                                               0.000     0.000 r  clk (IN)
                         net (fo=0)                   0.000     0.000    clk
    N15                  IBUF (Prop_ibuf_I_O)         0.177     0.177 r  clk_IBUF_inst/O
                         net (fo=1, routed)           0.640     0.817    clk_IBUF
    BUFGCTRL_X0Y0        BUFG (Prop_bufg_I_O)         0.026     0.843 r  clk_IBUF_BUFG_inst/O
                         net (fo=11156, routed)       0.630     1.473    u_aes_slave/clk_IBUF_BUFG
    SLICE_X16Y30         FDRE                                         r  u_aes_slave/pt_q_reg[0][28]/C
  -------------------------------------------------------------------    -------------------
    SLICE_X16Y30         FDRE (Prop_fdre_C_Q)         0.141     1.614 r  u_aes_slave/pt_q_reg[0][28]/Q
                         net (fo=2, routed)           0.065     1.679    u_aes_slave/u_aes_core/aes_plain_text[124]
    SLICE_X17Y30         LUT2 (Prop_lut2_I1_O)        0.045     1.724 r  u_aes_slave/u_aes_core/state_reg[0][4]_i_1/O
                         net (fo=1, routed)           0.000     1.724    u_aes_slave/u_aes_core/state_init[4]
    SLICE_X17Y30         FDRE                                         r  u_aes_slave/u_aes_core/state_reg_reg[0][4]/D
  -------------------------------------------------------------------    -------------------

                         (clock CLK rise edge)        0.000     0.000 r  
    N15                                               0.000     0.000 r  clk (IN)
                         net (fo=0)                   0.000     0.000    clk
    N15                  IBUF (Prop_ibuf_I_O)         0.365     0.365 r  clk_IBUF_inst/O
                         net (fo=1, routed)           0.695     1.060    clk_IBUF
    BUFGCTRL_X0Y0        BUFG (Prop_bufg_I_O)         0.029     1.089 r  clk_IBUF_BUFG_inst/O
                         net (fo=11156, routed)       0.904     1.993    u_aes_slave/u_aes_core/clk_IBUF_BUFG
    SLICE_X17Y30         FDRE                                         r  u_aes_slave/u_aes_core/state_reg_reg[0][4]/C
                         clock pessimism             -0.507     1.486    
                         clock uncertainty            0.100     1.586    
    SLICE_X17Y30         FDRE (Hold_fdre_C_D)         0.091     1.677    u_aes_slave/u_aes_core/state_reg_reg[0][4]
  -------------------------------------------------------------------
                         required time                         -1.677    
                         arrival time                           1.724    
  -------------------------------------------------------------------
                         slack                                  0.047    

Slack (MET) :             0.048ns  (arrival time - required time)
  Source:                 u_aes_slave/u_aes_core/key_schedule_inst/key_state_reg_reg[0][187]/C
                            (rising edge-triggered cell FDRE clocked by CLK  {rise@0.000ns fall@10.000ns period=20.000ns})
  Destination:            u_aes_slave/u_aes_core/key_schedule_inst/key_state_reg_reg[1][251]/D
                            (rising edge-triggered cell FDRE clocked by CLK  {rise@0.000ns fall@10.000ns period=20.000ns})
  Path Group:             CLK
  Path Type:              Hold (Min at Fast Process Corner)
  Requirement:            0.000ns  (CLK rise@0.000ns - CLK rise@0.000ns)
  Data Path Delay:        0.437ns  (logic 0.186ns (42.551%)  route 0.251ns (57.449%))
  Logic Levels:           1  (LUT5=1)
  Clock Path Skew:        0.197ns (DCD - SCD - CPR)
    Destination Clock Delay (DCD):    1.961ns
    Source Clock Delay      (SCD):    1.512ns
    Clock Pessimism Removal (CPR):    0.251ns
  Clock Uncertainty:      0.100ns  ((TSJ^2 + TIJ^2)^1/2 + DJ) / 2 + PE + UU
    Total System Jitter     (TSJ):    0.000ns
    Total Input Jitter      (TIJ):    0.000ns
    Discrete Jitter          (DJ):    0.000ns
    Phase Error              (PE):    0.000ns
    User Uncertainty         (UU):    0.100ns

    Location             Delay type                Incr(ns)  Path(ns)    Netlist Resource(s)
  -------------------------------------------------------------------    -------------------
                         (clock CLK rise edge)        0.000     0.000 r  
    N15                                               0.000     0.000 r  clk (IN)
                         net (fo=0)                   0.000     0.000    clk
    N15                  IBUF (Prop_ibuf_I_O)         0.177     0.177 r  clk_IBUF_inst/O
                         net (fo=1, routed)           0.640     0.817    clk_IBUF
    BUFGCTRL_X0Y0        BUFG (Prop_bufg_I_O)         0.026     0.843 r  clk_IBUF_BUFG_inst/O
                         net (fo=11156, routed)       0.669     1.512    u_aes_slave/u_aes_core/key_schedule_inst/clk_IBUF_BUFG
    SLICE_X3Y48          FDRE                                         r  u_aes_slave/u_aes_core/key_schedule_inst/key_state_reg_reg[0][187]/C
  -------------------------------------------------------------------    -------------------
    SLICE_X3Y48          FDRE (Prop_fdre_C_Q)         0.141     1.653 r  u_aes_slave/u_aes_core/key_schedule_inst/key_state_reg_reg[0][187]/Q
                         net (fo=4, routed)           0.251     1.904    u_aes_slave/u_aes_core/key_schedule_inst/gen_key_expand[0].key_expand_inst/key_state_reg_reg[0][187]
    SLICE_X5Y55          LUT5 (Prop_lut5_I3_O)        0.045     1.949 r  u_aes_slave/u_aes_core/key_schedule_inst/gen_key_expand[0].key_expand_inst/key_state_reg[1][251]_i_1/O
                         net (fo=1, routed)           0.000     1.949    u_aes_slave/u_aes_core/key_schedule_inst/expanded_round_key[0]_17[251]
    SLICE_X5Y55          FDRE                                         r  u_aes_slave/u_aes_core/key_schedule_inst/key_state_reg_reg[1][251]/D
  -------------------------------------------------------------------    -------------------

                         (clock CLK rise edge)        0.000     0.000 r  
    N15                                               0.000     0.000 r  clk (IN)
                         net (fo=0)                   0.000     0.000    clk
    N15                  IBUF (Prop_ibuf_I_O)         0.365     0.365 r  clk_IBUF_inst/O
                         net (fo=1, routed)           0.695     1.060    clk_IBUF
    BUFGCTRL_X0Y0        BUFG (Prop_bufg_I_O)         0.029     1.089 r  clk_IBUF_BUFG_inst/O
                         net (fo=11156, routed)       0.872     1.961    u_aes_slave/u_aes_core/key_schedule_inst/clk_IBUF_BUFG
    SLICE_X5Y55          FDRE                                         r  u_aes_slave/u_aes_core/key_schedule_inst/key_state_reg_reg[1][251]/C
                         clock pessimism             -0.251     1.709    
                         clock uncertainty            0.100     1.809    
    SLICE_X5Y55          FDRE (Hold_fdre_C_D)         0.092     1.901    u_aes_slave/u_aes_core/key_schedule_inst/key_state_reg_reg[1][251]
  -------------------------------------------------------------------
                         required time                         -1.901    
                         arrival time                           1.949    
  -------------------------------------------------------------------
                         slack                                  0.048    

Slack (MET) :             0.048ns  (arrival time - required time)
  Source:                 u_aes_slave/u_aes_core/key_schedule_inst/key_state_reg_reg[1][231]/C
                            (rising edge-triggered cell FDRE clocked by CLK  {rise@0.000ns fall@10.000ns period=20.000ns})
  Destination:            u_aes_slave/u_aes_core/key_schedule_inst/key_state_reg_reg[2][231]/D
                            (rising edge-triggered cell FDRE clocked by CLK  {rise@0.000ns fall@10.000ns period=20.000ns})
  Path Group:             CLK
  Path Type:              Hold (Min at Fast Process Corner)
  Requirement:            0.000ns  (CLK rise@0.000ns - CLK rise@0.000ns)
  Data Path Delay:        0.261ns  (logic 0.141ns (54.060%)  route 0.120ns (45.940%))
  Logic Levels:           0  
  Clock Path Skew:        0.038ns (DCD - SCD - CPR)
    Destination Clock Delay (DCD):    2.002ns
    Source Clock Delay      (SCD):    1.480ns
    Clock Pessimism Removal (CPR):    0.484ns
  Clock Uncertainty:      0.100ns  ((TSJ^2 + TIJ^2)^1/2 + DJ) / 2 + PE + UU
    Total System Jitter     (TSJ):    0.000ns
    Total Input Jitter      (TIJ):    0.000ns
    Discrete Jitter          (DJ):    0.000ns
    Phase Error              (PE):    0.000ns
    User Uncertainty         (UU):    0.100ns

    Location             Delay type                Incr(ns)  Path(ns)    Netlist Resource(s)
  -------------------------------------------------------------------    -------------------
                         (clock CLK rise edge)        0.000     0.000 r  
    N15                                               0.000     0.000 r  clk (IN)
                         net (fo=0)                   0.000     0.000    clk
    N15                  IBUF (Prop_ibuf_I_O)         0.177     0.177 r  clk_IBUF_inst/O
                         net (fo=1, routed)           0.640     0.817    clk_IBUF
    BUFGCTRL_X0Y0        BUFG (Prop_bufg_I_O)         0.026     0.843 r  clk_IBUF_BUFG_inst/O
                         net (fo=11156, routed)       0.637     1.480    u_aes_slave/u_aes_core/key_schedule_inst/clk_IBUF_BUFG
    SLICE_X18Y41         FDRE                                         r  u_aes_slave/u_aes_core/key_schedule_inst/key_state_reg_reg[1][231]/C
  -------------------------------------------------------------------    -------------------
    SLICE_X18Y41         FDRE (Prop_fdre_C_Q)         0.141     1.621 r  u_aes_slave/u_aes_core/key_schedule_inst/key_state_reg_reg[1][231]/Q
                         net (fo=1, routed)           0.120     1.741    u_aes_slave/u_aes_core/key_schedule_inst/key_state_reg_reg[1]_25[231]
    SLICE_X23Y41         FDRE                                         r  u_aes_slave/u_aes_core/key_schedule_inst/key_state_reg_reg[2][231]/D
  -------------------------------------------------------------------    -------------------

                         (clock CLK rise edge)        0.000     0.000 r  
    N15                                               0.000     0.000 r  clk (IN)
                         net (fo=0)                   0.000     0.000    clk
    N15                  IBUF (Prop_ibuf_I_O)         0.365     0.365 r  clk_IBUF_inst/O
                         net (fo=1, routed)           0.695     1.060    clk_IBUF
    BUFGCTRL_X0Y0        BUFG (Prop_bufg_I_O)         0.029     1.089 r  clk_IBUF_BUFG_inst/O
                         net (fo=11156, routed)       0.913     2.002    u_aes_slave/u_aes_core/key_schedule_inst/clk_IBUF_BUFG
    SLICE_X23Y41         FDRE                                         r  u_aes_slave/u_aes_core/key_schedule_inst/key_state_reg_reg[2][231]/C
                         clock pessimism             -0.484     1.518    
                         clock uncertainty            0.100     1.618    
    SLICE_X23Y41         FDRE (Hold_fdre_C_D)         0.075     1.693    u_aes_slave/u_aes_core/key_schedule_inst/key_state_reg_reg[2][231]
  -------------------------------------------------------------------
                         required time                         -1.693    
                         arrival time                           1.741    
  -------------------------------------------------------------------
                         slack                                  0.048    

Slack (MET) :             0.048ns  (arrival time - required time)
  Source:                 u_aes_slave/u_aes_core/key_schedule_inst/key_state_reg_reg[3][148]/C
                            (rising edge-triggered cell FDRE clocked by CLK  {rise@0.000ns fall@10.000ns period=20.000ns})
  Destination:            u_aes_slave/u_aes_core/key_schedule_inst/key_state_reg_reg[4][148]/D
                            (rising edge-triggered cell FDRE clocked by CLK  {rise@0.000ns fall@10.000ns period=20.000ns})
  Path Group:             CLK
  Path Type:              Hold (Min at Fast Process Corner)
  Requirement:            0.000ns  (CLK rise@0.000ns - CLK rise@0.000ns)
  Data Path Delay:        0.255ns  (logic 0.141ns (55.264%)  route 0.114ns (44.736%))
  Logic Levels:           0  
  Clock Path Skew:        0.035ns (DCD - SCD - CPR)
    Destination Clock Delay (DCD):    1.925ns
    Source Clock Delay      (SCD):    1.409ns
    Clock Pessimism Removal (CPR):    0.480ns
  Clock Uncertainty:      0.100ns  ((TSJ^2 + TIJ^2)^1/2 + DJ) / 2 + PE + UU
    Total System Jitter     (TSJ):    0.000ns
    Total Input Jitter      (TIJ):    0.000ns
    Discrete Jitter          (DJ):    0.000ns
    Phase Error              (PE):    0.000ns
    User Uncertainty         (UU):    0.100ns

    Location             Delay type                Incr(ns)  Path(ns)    Netlist Resource(s)
  -------------------------------------------------------------------    -------------------
                         (clock CLK rise edge)        0.000     0.000 r  
    N15                                               0.000     0.000 r  clk (IN)
                         net (fo=0)                   0.000     0.000    clk
    N15                  IBUF (Prop_ibuf_I_O)         0.177     0.177 r  clk_IBUF_inst/O
                         net (fo=1, routed)           0.640     0.817    clk_IBUF
    BUFGCTRL_X0Y0        BUFG (Prop_bufg_I_O)         0.026     0.843 r  clk_IBUF_BUFG_inst/O
                         net (fo=11156, routed)       0.567     1.409    u_aes_slave/u_aes_core/key_schedule_inst/clk_IBUF_BUFG
    SLICE_X45Y50         FDRE                                         r  u_aes_slave/u_aes_core/key_schedule_inst/key_state_reg_reg[3][148]/C
  -------------------------------------------------------------------    -------------------
    SLICE_X45Y50         FDRE (Prop_fdre_C_Q)         0.141     1.550 r  u_aes_slave/u_aes_core/key_schedule_inst/key_state_reg_reg[3][148]/Q
                         net (fo=1, routed)           0.114     1.664    u_aes_slave/u_aes_core/key_schedule_inst/key_state_reg_reg[3]_28[148]
    SLICE_X47Y50         FDRE                                         r  u_aes_slave/u_aes_core/key_schedule_inst/key_state_reg_reg[4][148]/D
  -------------------------------------------------------------------    -------------------

                         (clock CLK rise edge)        0.000     0.000 r  
    N15                                               0.000     0.000 r  clk (IN)
                         net (fo=0)                   0.000     0.000    clk
    N15                  IBUF (Prop_ibuf_I_O)         0.365     0.365 r  clk_IBUF_inst/O
                         net (fo=1, routed)           0.695     1.060    clk_IBUF
    BUFGCTRL_X0Y0        BUFG (Prop_bufg_I_O)         0.029     1.089 r  clk_IBUF_BUFG_inst/O
                         net (fo=11156, routed)       0.836     1.925    u_aes_slave/u_aes_core/key_schedule_inst/clk_IBUF_BUFG
    SLICE_X47Y50         FDRE                                         r  u_aes_slave/u_aes_core/key_schedule_inst/key_state_reg_reg[4][148]/C
                         clock pessimism             -0.480     1.444    
                         clock uncertainty            0.100     1.544    
    SLICE_X47Y50         FDRE (Hold_fdre_C_D)         0.072     1.616    u_aes_slave/u_aes_core/key_schedule_inst/key_state_reg_reg[4][148]
  -------------------------------------------------------------------
                         required time                         -1.616    
                         arrival time                           1.664    
  -------------------------------------------------------------------
                         slack                                  0.048    

Slack (MET) :             0.050ns  (arrival time - required time)
  Source:                 u_aes_slave/u_aes_core/key_schedule_inst/key_state_reg_reg[1][166]/C
                            (rising edge-triggered cell FDRE clocked by CLK  {rise@0.000ns fall@10.000ns period=20.000ns})
  Destination:            u_aes_slave/u_aes_core/key_schedule_inst/key_state_reg_reg[2][166]/D
                            (rising edge-triggered cell FDRE clocked by CLK  {rise@0.000ns fall@10.000ns period=20.000ns})
  Path Group:             CLK
  Path Type:              Hold (Min at Fast Process Corner)
  Requirement:            0.000ns  (CLK rise@0.000ns - CLK rise@0.000ns)
  Data Path Delay:        0.257ns  (logic 0.141ns (54.812%)  route 0.116ns (45.188%))
  Logic Levels:           0  
  Clock Path Skew:        0.037ns (DCD - SCD - CPR)
    Destination Clock Delay (DCD):    2.001ns
    Source Clock Delay      (SCD):    1.480ns
    Clock Pessimism Removal (CPR):    0.484ns
  Clock Uncertainty:      0.100ns  ((TSJ^2 + TIJ^2)^1/2 + DJ) / 2 + PE + UU
    Total System Jitter     (TSJ):    0.000ns
    Total Input Jitter      (TIJ):    0.000ns
    Discrete Jitter          (DJ):    0.000ns
    Phase Error              (PE):    0.000ns
    User Uncertainty         (UU):    0.100ns

    Location             Delay type                Incr(ns)  Path(ns)    Netlist Resource(s)
  -------------------------------------------------------------------    -------------------
                         (clock CLK rise edge)        0.000     0.000 r  
    N15                                               0.000     0.000 r  clk (IN)
                         net (fo=0)                   0.000     0.000    clk
    N15                  IBUF (Prop_ibuf_I_O)         0.177     0.177 r  clk_IBUF_inst/O
                         net (fo=1, routed)           0.640     0.817    clk_IBUF
    BUFGCTRL_X0Y0        BUFG (Prop_bufg_I_O)         0.026     0.843 r  clk_IBUF_BUFG_inst/O
                         net (fo=11156, routed)       0.637     1.480    u_aes_slave/u_aes_core/key_schedule_inst/clk_IBUF_BUFG
    SLICE_X21Y42         FDRE                                         r  u_aes_slave/u_aes_core/key_schedule_inst/key_state_reg_reg[1][166]/C
  -------------------------------------------------------------------    -------------------
    SLICE_X21Y42         FDRE (Prop_fdre_C_Q)         0.141     1.621 r  u_aes_slave/u_aes_core/key_schedule_inst/key_state_reg_reg[1][166]/Q
                         net (fo=1, routed)           0.116     1.737    u_aes_slave/u_aes_core/key_schedule_inst/key_state_reg_reg[1]_25[166]
    SLICE_X24Y42         FDRE                                         r  u_aes_slave/u_aes_core/key_schedule_inst/key_state_reg_reg[2][166]/D
  -------------------------------------------------------------------    -------------------

                         (clock CLK rise edge)        0.000     0.000 r  
    N15                                               0.000     0.000 r  clk (IN)
                         net (fo=0)                   0.000     0.000    clk
    N15                  IBUF (Prop_ibuf_I_O)         0.365     0.365 r  clk_IBUF_inst/O
                         net (fo=1, routed)           0.695     1.060    clk_IBUF
    BUFGCTRL_X0Y0        BUFG (Prop_bufg_I_O)         0.029     1.089 r  clk_IBUF_BUFG_inst/O
                         net (fo=11156, routed)       0.912     2.001    u_aes_slave/u_aes_core/key_schedule_inst/clk_IBUF_BUFG
    SLICE_X24Y42         FDRE                                         r  u_aes_slave/u_aes_core/key_schedule_inst/key_state_reg_reg[2][166]/C
                         clock pessimism             -0.484     1.517    
                         clock uncertainty            0.100     1.617    
    SLICE_X24Y42         FDRE (Hold_fdre_C_D)         0.070     1.687    u_aes_slave/u_aes_core/key_schedule_inst/key_state_reg_reg[2][166]
  -------------------------------------------------------------------
                         required time                         -1.687    
                         arrival time                           1.737    
  -------------------------------------------------------------------
                         slack                                  0.050    

Slack (MET) :             0.052ns  (arrival time - required time)
  Source:                 u_aes_slave/u_aes_core/key_schedule_inst/key_state_reg_reg[4][219]/C
                            (rising edge-triggered cell FDRE clocked by CLK  {rise@0.000ns fall@10.000ns period=20.000ns})
  Destination:            u_aes_slave/u_aes_core/key_schedule_inst/key_state_reg_reg[5][219]/D
                            (rising edge-triggered cell FDRE clocked by CLK  {rise@0.000ns fall@10.000ns period=20.000ns})
  Path Group:             CLK
  Path Type:              Hold (Min at Fast Process Corner)
  Requirement:            0.000ns  (CLK rise@0.000ns - CLK rise@0.000ns)
  Data Path Delay:        0.257ns  (logic 0.186ns (72.506%)  route 0.071ns (27.494%))
  Logic Levels:           1  (LUT6=1)
  Clock Path Skew:        0.013ns (DCD - SCD - CPR)
    Destination Clock Delay (DCD):    1.928ns
    Source Clock Delay      (SCD):    1.410ns
    Clock Pessimism Removal (CPR):    0.504ns
  Clock Uncertainty:      0.100ns  ((TSJ^2 + TIJ^2)^1/2 + DJ) / 2 + PE + UU
    Total System Jitter     (TSJ):    0.000ns
    Total Input Jitter      (TIJ):    0.000ns
    Discrete Jitter          (DJ):    0.000ns
    Phase Error              (PE):    0.000ns
    User Uncertainty         (UU):    0.100ns

    Location             Delay type                Incr(ns)  Path(ns)    Netlist Resource(s)
  -------------------------------------------------------------------    -------------------
                         (clock CLK rise edge)        0.000     0.000 r  
    N15                                               0.000     0.000 r  clk (IN)
                         net (fo=0)                   0.000     0.000    clk
    N15                  IBUF (Prop_ibuf_I_O)         0.177     0.177 r  clk_IBUF_inst/O
                         net (fo=1, routed)           0.640     0.817    clk_IBUF
    BUFGCTRL_X0Y0        BUFG (Prop_bufg_I_O)         0.026     0.843 r  clk_IBUF_BUFG_inst/O
                         net (fo=11156, routed)       0.568     1.410    u_aes_slave/u_aes_core/key_schedule_inst/clk_IBUF_BUFG
    SLICE_X37Y56         FDRE                                         r  u_aes_slave/u_aes_core/key_schedule_inst/key_state_reg_reg[4][219]/C
  -------------------------------------------------------------------    -------------------
    SLICE_X37Y56         FDRE (Prop_fdre_C_Q)         0.141     1.551 r  u_aes_slave/u_aes_core/key_schedule_inst/key_state_reg_reg[4][219]/Q
                         net (fo=3, routed)           0.071     1.622    u_aes_slave/u_aes_core/key_schedule_inst/gen_key_expand[2].key_expand_inst/key_state_reg_reg[4][219]
    SLICE_X36Y56         LUT6 (Prop_lut6_I5_O)        0.045     1.667 r  u_aes_slave/u_aes_core/key_schedule_inst/gen_key_expand[2].key_expand_inst/key_state_reg[5][219]_i_1/O
                         net (fo=1, routed)           0.000     1.667    u_aes_slave/u_aes_core/key_schedule_inst/expanded_round_key[2]_19[219]
    SLICE_X36Y56         FDRE                                         r  u_aes_slave/u_aes_core/key_schedule_inst/key_state_reg_reg[5][219]/D
  -------------------------------------------------------------------    -------------------

                         (clock CLK rise edge)        0.000     0.000 r  
    N15                                               0.000     0.000 r  clk (IN)
                         net (fo=0)                   0.000     0.000    clk
    N15                  IBUF (Prop_ibuf_I_O)         0.365     0.365 r  clk_IBUF_inst/O
                         net (fo=1, routed)           0.695     1.060    clk_IBUF
    BUFGCTRL_X0Y0        BUFG (Prop_bufg_I_O)         0.029     1.089 r  clk_IBUF_BUFG_inst/O
                         net (fo=11156, routed)       0.839     1.928    u_aes_slave/u_aes_core/key_schedule_inst/clk_IBUF_BUFG
    SLICE_X36Y56         FDRE                                         r  u_aes_slave/u_aes_core/key_schedule_inst/key_state_reg_reg[5][219]/C
                         clock pessimism             -0.504     1.423    
                         clock uncertainty            0.100     1.523    
    SLICE_X36Y56         FDRE (Hold_fdre_C_D)         0.092     1.615    u_aes_slave/u_aes_core/key_schedule_inst/key_state_reg_reg[5][219]
  -------------------------------------------------------------------
                         required time                         -1.615    
                         arrival time                           1.667    
  -------------------------------------------------------------------
                         slack                                  0.052    

Slack (MET) :             0.052ns  (arrival time - required time)
  Source:                 u_aes_slave/u_aes_core/key_schedule_inst/key_state_reg_reg[12][86]/C
                            (rising edge-triggered cell FDRE clocked by CLK  {rise@0.000ns fall@10.000ns period=20.000ns})
  Destination:            u_aes_slave/u_aes_core/key_schedule_inst/key_state_reg_reg[13][86]/D
                            (rising edge-triggered cell FDRE clocked by CLK  {rise@0.000ns fall@10.000ns period=20.000ns})
  Path Group:             CLK
  Path Type:              Hold (Min at Fast Process Corner)
  Requirement:            0.000ns  (CLK rise@0.000ns - CLK rise@0.000ns)
  Data Path Delay:        0.286ns  (logic 0.186ns (64.988%)  route 0.100ns (35.012%))
  Logic Levels:           1  (LUT6=1)
  Clock Path Skew:        0.013ns (DCD - SCD - CPR)
    Destination Clock Delay (DCD):    1.923ns
    Source Clock Delay      (SCD):    1.406ns
    Clock Pessimism Removal (CPR):    0.503ns
  Clock Uncertainty:      0.100ns  ((TSJ^2 + TIJ^2)^1/2 + DJ) / 2 + PE + UU
    Total System Jitter     (TSJ):    0.000ns
    Total Input Jitter      (TIJ):    0.000ns
    Discrete Jitter          (DJ):    0.000ns
    Phase Error              (PE):    0.000ns
    User Uncertainty         (UU):    0.100ns

    Location             Delay type                Incr(ns)  Path(ns)    Netlist Resource(s)
  -------------------------------------------------------------------    -------------------
                         (clock CLK rise edge)        0.000     0.000 r  
    N15                                               0.000     0.000 r  clk (IN)
                         net (fo=0)                   0.000     0.000    clk
    N15                  IBUF (Prop_ibuf_I_O)         0.177     0.177 r  clk_IBUF_inst/O
                         net (fo=1, routed)           0.640     0.817    clk_IBUF
    BUFGCTRL_X0Y0        BUFG (Prop_bufg_I_O)         0.026     0.843 r  clk_IBUF_BUFG_inst/O
                         net (fo=11156, routed)       0.564     1.406    u_aes_slave/u_aes_core/key_schedule_inst/clk_IBUF_BUFG
    SLICE_X51Y98         FDRE                                         r  u_aes_slave/u_aes_core/key_schedule_inst/key_state_reg_reg[12][86]/C
  -------------------------------------------------------------------    -------------------
    SLICE_X51Y98         FDRE (Prop_fdre_C_Q)         0.141     1.547 r  u_aes_slave/u_aes_core/key_schedule_inst/key_state_reg_reg[12][86]/Q
                         net (fo=2, routed)           0.100     1.648    u_aes_slave/u_aes_core/key_schedule_inst/gen_key_expand[6].key_expand_inst/key_state_reg_reg[12][86]
    SLICE_X50Y98         LUT6 (Prop_lut6_I5_O)        0.045     1.693 r  u_aes_slave/u_aes_core/key_schedule_inst/gen_key_expand[6].key_expand_inst/key_state_reg[13][86]_i_1/O
                         net (fo=1, routed)           0.000     1.693    u_aes_slave/u_aes_core/key_schedule_inst/expanded_round_key[6]_23[86]
    SLICE_X50Y98         FDRE                                         r  u_aes_slave/u_aes_core/key_schedule_inst/key_state_reg_reg[13][86]/D
  -------------------------------------------------------------------    -------------------

                         (clock CLK rise edge)        0.000     0.000 r  
    N15                                               0.000     0.000 r  clk (IN)
                         net (fo=0)                   0.000     0.000    clk
    N15                  IBUF (Prop_ibuf_I_O)         0.365     0.365 r  clk_IBUF_inst/O
                         net (fo=1, routed)           0.695     1.060    clk_IBUF
    BUFGCTRL_X0Y0        BUFG (Prop_bufg_I_O)         0.029     1.089 r  clk_IBUF_BUFG_inst/O
                         net (fo=11156, routed)       0.834     1.923    u_aes_slave/u_aes_core/key_schedule_inst/clk_IBUF_BUFG
    SLICE_X50Y98         FDRE                                         r  u_aes_slave/u_aes_core/key_schedule_inst/key_state_reg_reg[13][86]/C
                         clock pessimism             -0.503     1.419    
                         clock uncertainty            0.100     1.519    
    SLICE_X50Y98         FDRE (Hold_fdre_C_D)         0.121     1.640    u_aes_slave/u_aes_core/key_schedule_inst/key_state_reg_reg[13][86]
  -------------------------------------------------------------------
                         required time                         -1.640    
                         arrival time                           1.693    
  -------------------------------------------------------------------
                         slack                                  0.052    

Slack (MET) :             0.052ns  (arrival time - required time)
  Source:                 u_aes_slave/u_aes_core/key_schedule_inst/key_state_reg_reg[11][107]/C
                            (rising edge-triggered cell FDRE clocked by CLK  {rise@0.000ns fall@10.000ns period=20.000ns})
  Destination:            u_aes_slave/u_aes_core/state_reg_reg[12][107]/D
                            (rising edge-triggered cell FDRE clocked by CLK  {rise@0.000ns fall@10.000ns period=20.000ns})
  Path Group:             CLK
  Path Type:              Hold (Min at Fast Process Corner)
  Requirement:            0.000ns  (CLK rise@0.000ns - CLK rise@0.000ns)
  Data Path Delay:        0.285ns  (logic 0.186ns (65.209%)  route 0.099ns (34.791%))
  Logic Levels:           1  (LUT2=1)
  Clock Path Skew:        0.013ns (DCD - SCD - CPR)
    Destination Clock Delay (DCD):    1.924ns
    Source Clock Delay      (SCD):    1.406ns
    Clock Pessimism Removal (CPR):    0.504ns
  Clock Uncertainty:      0.100ns  ((TSJ^2 + TIJ^2)^1/2 + DJ) / 2 + PE + UU
    Total System Jitter     (TSJ):    0.000ns
    Total Input Jitter      (TIJ):    0.000ns
    Discrete Jitter          (DJ):    0.000ns
    Phase Error              (PE):    0.000ns
    User Uncertainty         (UU):    0.100ns

    Location             Delay type                Incr(ns)  Path(ns)    Netlist Resource(s)
  -------------------------------------------------------------------    -------------------
                         (clock CLK rise edge)        0.000     0.000 r  
    N15                                               0.000     0.000 r  clk (IN)
                         net (fo=0)                   0.000     0.000    clk
    N15                  IBUF (Prop_ibuf_I_O)         0.177     0.177 r  clk_IBUF_inst/O
                         net (fo=1, routed)           0.640     0.817    clk_IBUF
    BUFGCTRL_X0Y0        BUFG (Prop_bufg_I_O)         0.026     0.843 r  clk_IBUF_BUFG_inst/O
                         net (fo=11156, routed)       0.564     1.406    u_aes_slave/u_aes_core/key_schedule_inst/clk_IBUF_BUFG
    SLICE_X47Y93         FDRE                                         r  u_aes_slave/u_aes_core/key_schedule_inst/key_state_reg_reg[11][107]/C
  -------------------------------------------------------------------    -------------------
    SLICE_X47Y93         FDRE (Prop_fdre_C_Q)         0.141     1.547 r  u_aes_slave/u_aes_core/key_schedule_inst/key_state_reg_reg[11][107]/Q
                         net (fo=2, routed)           0.099     1.647    u_aes_slave/u_aes_core/key_schedule_inst/round_key[12]_41[107]
    SLICE_X46Y93         LUT2 (Prop_lut2_I0_O)        0.045     1.692 r  u_aes_slave/u_aes_core/key_schedule_inst/state_reg[12][107]_i_1/O
                         net (fo=1, routed)           0.000     1.692    u_aes_slave/u_aes_core/state_out[12]_11[107]
    SLICE_X46Y93         FDRE                                         r  u_aes_slave/u_aes_core/state_reg_reg[12][107]/D
  -------------------------------------------------------------------    -------------------

                         (clock CLK rise edge)        0.000     0.000 r  
    N15                                               0.000     0.000 r  clk (IN)
                         net (fo=0)                   0.000     0.000    clk
    N15                  IBUF (Prop_ibuf_I_O)         0.365     0.365 r  clk_IBUF_inst/O
                         net (fo=1, routed)           0.695     1.060    clk_IBUF
    BUFGCTRL_X0Y0        BUFG (Prop_bufg_I_O)         0.029     1.089 r  clk_IBUF_BUFG_inst/O
                         net (fo=11156, routed)       0.835     1.924    u_aes_slave/u_aes_core/clk_IBUF_BUFG
    SLICE_X46Y93         FDRE                                         r  u_aes_slave/u_aes_core/state_reg_reg[12][107]/C
                         clock pessimism             -0.504     1.419    
                         clock uncertainty            0.100     1.519    
    SLICE_X46Y93         FDRE (Hold_fdre_C_D)         0.120     1.639    u_aes_slave/u_aes_core/state_reg_reg[12][107]
  -------------------------------------------------------------------
                         required time                         -1.639    
                         arrival time                           1.692    
  -------------------------------------------------------------------
                         slack                                  0.052    

Slack (MET) :             0.053ns  (arrival time - required time)
  Source:                 u_aes_slave/u_aes_core/key_schedule_inst/key_state_reg_reg[12][196]/C
                            (rising edge-triggered cell FDRE clocked by CLK  {rise@0.000ns fall@10.000ns period=20.000ns})
  Destination:            u_aes_slave/u_aes_core/state_reg_reg[13][68]/D
                            (rising edge-triggered cell FDRE clocked by CLK  {rise@0.000ns fall@10.000ns period=20.000ns})
  Path Group:             CLK
  Path Type:              Hold (Min at Fast Process Corner)
  Requirement:            0.000ns  (CLK rise@0.000ns - CLK rise@0.000ns)
  Data Path Delay:        0.258ns  (logic 0.209ns (80.975%)  route 0.049ns (19.025%))
  Logic Levels:           1  (LUT2=1)
  Clock Path Skew:        0.013ns (DCD - SCD - CPR)
    Destination Clock Delay (DCD):    1.923ns
    Source Clock Delay      (SCD):    1.407ns
    Clock Pessimism Removal (CPR):    0.502ns
  Clock Uncertainty:      0.100ns  ((TSJ^2 + TIJ^2)^1/2 + DJ) / 2 + PE + UU
    Total System Jitter     (TSJ):    0.000ns
    Total Input Jitter      (TIJ):    0.000ns
    Discrete Jitter          (DJ):    0.000ns
    Phase Error              (PE):    0.000ns
    User Uncertainty         (UU):    0.100ns

    Location             Delay type                Incr(ns)  Path(ns)    Netlist Resource(s)
  -------------------------------------------------------------------    -------------------
                         (clock CLK rise edge)        0.000     0.000 r  
    N15                                               0.000     0.000 r  clk (IN)
                         net (fo=0)                   0.000     0.000    clk
    N15                  IBUF (Prop_ibuf_I_O)         0.177     0.177 r  clk_IBUF_inst/O
                         net (fo=1, routed)           0.640     0.817    clk_IBUF
    BUFGCTRL_X0Y0        BUFG (Prop_bufg_I_O)         0.026     0.843 r  clk_IBUF_BUFG_inst/O
                         net (fo=11156, routed)       0.565     1.407    u_aes_slave/u_aes_core/key_schedule_inst/clk_IBUF_BUFG
    SLICE_X10Y69         FDRE                                         r  u_aes_slave/u_aes_core/key_schedule_inst/key_state_reg_reg[12][196]/C
  -------------------------------------------------------------------    -------------------
    SLICE_X10Y69         FDRE (Prop_fdre_C_Q)         0.164     1.571 r  u_aes_slave/u_aes_core/key_schedule_inst/key_state_reg_reg[12][196]/Q
                         net (fo=1, routed)           0.049     1.620    u_aes_slave/u_aes_core/key_schedule_inst/round_key[13]_42[68]
    SLICE_X11Y69         LUT2 (Prop_lut2_I0_O)        0.045     1.665 r  u_aes_slave/u_aes_core/key_schedule_inst/state_reg[13][68]_i_1/O
                         net (fo=1, routed)           0.000     1.665    u_aes_slave/u_aes_core/state_out[13]_12[68]
    SLICE_X11Y69         FDRE                                         r  u_aes_slave/u_aes_core/state_reg_reg[13][68]/D
  -------------------------------------------------------------------    -------------------

                         (clock CLK rise edge)        0.000     0.000 r  
    N15                                               0.000     0.000 r  clk (IN)
                         net (fo=0)                   0.000     0.000    clk
    N15                  IBUF (Prop_ibuf_I_O)         0.365     0.365 r  clk_IBUF_inst/O
                         net (fo=1, routed)           0.695     1.060    clk_IBUF
    BUFGCTRL_X0Y0        BUFG (Prop_bufg_I_O)         0.029     1.089 r  clk_IBUF_BUFG_inst/O
                         net (fo=11156, routed)       0.834     1.923    u_aes_slave/u_aes_core/clk_IBUF_BUFG
    SLICE_X11Y69         FDRE                                         r  u_aes_slave/u_aes_core/state_reg_reg[13][68]/C
                         clock pessimism             -0.502     1.420    
                         clock uncertainty            0.100     1.520    
    SLICE_X11Y69         FDRE (Hold_fdre_C_D)         0.092     1.612    u_aes_slave/u_aes_core/state_reg_reg[13][68]
  -------------------------------------------------------------------
                         required time                         -1.612    
                         arrival time                           1.665    
  -------------------------------------------------------------------
                         slack                                  0.053    

Slack (MET) :             0.054ns  (arrival time - required time)
  Source:                 u_aes_slave/u_aes_core/key_schedule_inst/key_state_reg_reg[8][43]/C
                            (rising edge-triggered cell FDRE clocked by CLK  {rise@0.000ns fall@10.000ns period=20.000ns})
  Destination:            u_aes_slave/u_aes_core/key_schedule_inst/key_state_reg_reg[9][75]/D
                            (rising edge-triggered cell FDRE clocked by CLK  {rise@0.000ns fall@10.000ns period=20.000ns})
  Path Group:             CLK
  Path Type:              Hold (Min at Fast Process Corner)
  Requirement:            0.000ns  (CLK rise@0.000ns - CLK rise@0.000ns)
  Data Path Delay:        0.259ns  (logic 0.186ns (71.777%)  route 0.073ns (28.223%))
  Logic Levels:           1  (LUT6=1)
  Clock Path Skew:        0.013ns (DCD - SCD - CPR)
    Destination Clock Delay (DCD):    1.914ns
    Source Clock Delay      (SCD):    1.398ns
    Clock Pessimism Removal (CPR):    0.502ns
  Clock Uncertainty:      0.100ns  ((TSJ^2 + TIJ^2)^1/2 + DJ) / 2 + PE + UU
    Total System Jitter     (TSJ):    0.000ns
    Total Input Jitter      (TIJ):    0.000ns
    Discrete Jitter          (DJ):    0.000ns
    Phase Error              (PE):    0.000ns
    User Uncertainty         (UU):    0.100ns

    Location             Delay type                Incr(ns)  Path(ns)    Netlist Resource(s)
  -------------------------------------------------------------------    -------------------
                         (clock CLK rise edge)        0.000     0.000 r  
    N15                                               0.000     0.000 r  clk (IN)
                         net (fo=0)                   0.000     0.000    clk
    N15                  IBUF (Prop_ibuf_I_O)         0.177     0.177 r  clk_IBUF_inst/O
                         net (fo=1, routed)           0.640     0.817    clk_IBUF
    BUFGCTRL_X0Y0        BUFG (Prop_bufg_I_O)         0.026     0.843 r  clk_IBUF_BUFG_inst/O
                         net (fo=11156, routed)       0.556     1.398    u_aes_slave/u_aes_core/key_schedule_inst/clk_IBUF_BUFG
    SLICE_X64Y77         FDRE                                         r  u_aes_slave/u_aes_core/key_schedule_inst/key_state_reg_reg[8][43]/C
  -------------------------------------------------------------------    -------------------
    SLICE_X64Y77         FDRE (Prop_fdre_C_Q)         0.141     1.539 r  u_aes_slave/u_aes_core/key_schedule_inst/key_state_reg_reg[8][43]/Q
                         net (fo=3, routed)           0.073     1.612    u_aes_slave/u_aes_core/key_schedule_inst/gen_key_expand[4].key_expand_inst/key_state_reg_reg[8][43]
    SLICE_X65Y77         LUT6 (Prop_lut6_I0_O)        0.045     1.657 r  u_aes_slave/u_aes_core/key_schedule_inst/gen_key_expand[4].key_expand_inst/key_state_reg[9][75]_i_1/O
                         net (fo=1, routed)           0.000     1.657    u_aes_slave/u_aes_core/key_schedule_inst/expanded_round_key[4]_21[75]
    SLICE_X65Y77         FDRE                                         r  u_aes_slave/u_aes_core/key_schedule_inst/key_state_reg_reg[9][75]/D
  -------------------------------------------------------------------    -------------------

                         (clock CLK rise edge)        0.000     0.000 r  
    N15                                               0.000     0.000 r  clk (IN)
                         net (fo=0)                   0.000     0.000    clk
    N15                  IBUF (Prop_ibuf_I_O)         0.365     0.365 r  clk_IBUF_inst/O
                         net (fo=1, routed)           0.695     1.060    clk_IBUF
    BUFGCTRL_X0Y0        BUFG (Prop_bufg_I_O)         0.029     1.089 r  clk_IBUF_BUFG_inst/O
                         net (fo=11156, routed)       0.825     1.914    u_aes_slave/u_aes_core/key_schedule_inst/clk_IBUF_BUFG
    SLICE_X65Y77         FDRE                                         r  u_aes_slave/u_aes_core/key_schedule_inst/key_state_reg_reg[9][75]/C
                         clock pessimism             -0.502     1.411    
                         clock uncertainty            0.100     1.511    
    SLICE_X65Y77         FDRE (Hold_fdre_C_D)         0.092     1.603    u_aes_slave/u_aes_core/key_schedule_inst/key_state_reg_reg[9][75]
  -------------------------------------------------------------------
                         required time                         -1.603    
                         arrival time                           1.657    
  -------------------------------------------------------------------
                         slack                                  0.054    

Slack (MET) :             0.054ns  (arrival time - required time)
  Source:                 u_aes_slave/u_aes_core/key_schedule_inst/key_state_reg_reg[8][210]/C
                            (rising edge-triggered cell FDRE clocked by CLK  {rise@0.000ns fall@10.000ns period=20.000ns})
  Destination:            u_aes_slave/u_aes_core/state_reg_reg[9][82]/D
                            (rising edge-triggered cell FDRE clocked by CLK  {rise@0.000ns fall@10.000ns period=20.000ns})
  Path Group:             CLK
  Path Type:              Hold (Min at Fast Process Corner)
  Requirement:            0.000ns  (CLK rise@0.000ns - CLK rise@0.000ns)
  Data Path Delay:        0.512ns  (logic 0.227ns (44.317%)  route 0.285ns (55.683%))
  Logic Levels:           1  (LUT6=1)
  Clock Path Skew:        0.266ns (DCD - SCD - CPR)
    Destination Clock Delay (DCD):    1.920ns
    Source Clock Delay      (SCD):    1.402ns
    Clock Pessimism Removal (CPR):    0.251ns
  Clock Uncertainty:      0.100ns  ((TSJ^2 + TIJ^2)^1/2 + DJ) / 2 + PE + UU
    Total System Jitter     (TSJ):    0.000ns
    Total Input Jitter      (TIJ):    0.000ns
    Discrete Jitter          (DJ):    0.000ns
    Phase Error              (PE):    0.000ns
    User Uncertainty         (UU):    0.100ns

    Location             Delay type                Incr(ns)  Path(ns)    Netlist Resource(s)
  -------------------------------------------------------------------    -------------------
                         (clock CLK rise edge)        0.000     0.000 r  
    N15                                               0.000     0.000 r  clk (IN)
                         net (fo=0)                   0.000     0.000    clk
    N15                  IBUF (Prop_ibuf_I_O)         0.177     0.177 r  clk_IBUF_inst/O
                         net (fo=1, routed)           0.640     0.817    clk_IBUF
    BUFGCTRL_X0Y0        BUFG (Prop_bufg_I_O)         0.026     0.843 r  clk_IBUF_BUFG_inst/O
                         net (fo=11156, routed)       0.560     1.402    u_aes_slave/u_aes_core/key_schedule_inst/clk_IBUF_BUFG
    SLICE_X52Y61         FDRE                                         r  u_aes_slave/u_aes_core/key_schedule_inst/key_state_reg_reg[8][210]/C
  -------------------------------------------------------------------    -------------------
    SLICE_X52Y61         FDRE (Prop_fdre_C_Q)         0.128     1.530 r  u_aes_slave/u_aes_core/key_schedule_inst/key_state_reg_reg[8][210]/Q
                         net (fo=3, routed)           0.285     1.816    u_aes_slave/u_aes_core/key_schedule_inst/round_key[9]_36[82]
    SLICE_X45Y63         LUT6 (Prop_lut6_I5_O)        0.099     1.915 r  u_aes_slave/u_aes_core/key_schedule_inst/state_reg[9][82]_i_1/O
                         net (fo=1, routed)           0.000     1.915    u_aes_slave/u_aes_core/state_out[9]_8[82]
    SLICE_X45Y63         FDRE                                         r  u_aes_slave/u_aes_core/state_reg_reg[9][82]/D
  -------------------------------------------------------------------    -------------------

                         (clock CLK rise edge)        0.000     0.000 r  
    N15                                               0.000     0.000 r  clk (IN)
                         net (fo=0)                   0.000     0.000    clk
    N15                  IBUF (Prop_ibuf_I_O)         0.365     0.365 r  clk_IBUF_inst/O
                         net (fo=1, routed)           0.695     1.060    clk_IBUF
    BUFGCTRL_X0Y0        BUFG (Prop_bufg_I_O)         0.029     1.089 r  clk_IBUF_BUFG_inst/O
                         net (fo=11156, routed)       0.831     1.920    u_aes_slave/u_aes_core/clk_IBUF_BUFG
    SLICE_X45Y63         FDRE                                         r  u_aes_slave/u_aes_core/state_reg_reg[9][82]/C
                         clock pessimism             -0.251     1.668    
                         clock uncertainty            0.100     1.768    
    SLICE_X45Y63         FDRE (Hold_fdre_C_D)         0.092     1.860    u_aes_slave/u_aes_core/state_reg_reg[9][82]
  -------------------------------------------------------------------
                         required time                         -1.860    
                         arrival time                           1.915    
  -------------------------------------------------------------------
                         slack                                  0.054    

Slack (MET) :             0.054ns  (arrival time - required time)
  Source:                 u_aes_slave/u_aes_core/key_schedule_inst/key_state_reg_reg[10][62]/C
                            (rising edge-triggered cell FDRE clocked by CLK  {rise@0.000ns fall@10.000ns period=20.000ns})
  Destination:            u_aes_slave/u_aes_core/key_schedule_inst/key_state_reg_reg[11][94]/D
                            (rising edge-triggered cell FDRE clocked by CLK  {rise@0.000ns fall@10.000ns period=20.000ns})
  Path Group:             CLK
  Path Type:              Hold (Min at Fast Process Corner)
  Requirement:            0.000ns  (CLK rise@0.000ns - CLK rise@0.000ns)
  Data Path Delay:        0.288ns  (logic 0.186ns (64.513%)  route 0.102ns (35.487%))
  Logic Levels:           1  (LUT6=1)
  Clock Path Skew:        0.013ns (DCD - SCD - CPR)
    Destination Clock Delay (DCD):    1.918ns
    Source Clock Delay      (SCD):    1.403ns
    Clock Pessimism Removal (CPR):    0.501ns
  Clock Uncertainty:      0.100ns  ((TSJ^2 + TIJ^2)^1/2 + DJ) / 2 + PE + UU
    Total System Jitter     (TSJ):    0.000ns
    Total Input Jitter      (TIJ):    0.000ns
    Discrete Jitter          (DJ):    0.000ns
    Phase Error              (PE):    0.000ns
    User Uncertainty         (UU):    0.100ns

    Location             Delay type                Incr(ns)  Path(ns)    Netlist Resource(s)
  -------------------------------------------------------------------    -------------------
                         (clock CLK rise edge)        0.000     0.000 r  
    N15                                               0.000     0.000 r  clk (IN)
                         net (fo=0)                   0.000     0.000    clk
    N15                  IBUF (Prop_ibuf_I_O)         0.177     0.177 r  clk_IBUF_inst/O
                         net (fo=1, routed)           0.640     0.817    clk_IBUF
    BUFGCTRL_X0Y0        BUFG (Prop_bufg_I_O)         0.026     0.843 r  clk_IBUF_BUFG_inst/O
                         net (fo=11156, routed)       0.561     1.403    u_aes_slave/u_aes_core/key_schedule_inst/clk_IBUF_BUFG
    SLICE_X11Y76         FDRE                                         r  u_aes_slave/u_aes_core/key_schedule_inst/key_state_reg_reg[10][62]/C
  -------------------------------------------------------------------    -------------------
    SLICE_X11Y76         FDRE (Prop_fdre_C_Q)         0.141     1.544 r  u_aes_slave/u_aes_core/key_schedule_inst/key_state_reg_reg[10][62]/Q
                         net (fo=3, routed)           0.102     1.647    u_aes_slave/u_aes_core/key_schedule_inst/gen_key_expand[5].key_expand_inst/key_state_reg_reg[10][62]
    SLICE_X10Y76         LUT6 (Prop_lut6_I0_O)        0.045     1.692 r  u_aes_slave/u_aes_core/key_schedule_inst/gen_key_expand[5].key_expand_inst/key_state_reg[11][94]_i_1/O
                         net (fo=1, routed)           0.000     1.692    u_aes_slave/u_aes_core/key_schedule_inst/expanded_round_key[5]_22[94]
    SLICE_X10Y76         FDRE                                         r  u_aes_slave/u_aes_core/key_schedule_inst/key_state_reg_reg[11][94]/D
  -------------------------------------------------------------------    -------------------

                         (clock CLK rise edge)        0.000     0.000 r  
    N15                                               0.000     0.000 r  clk (IN)
                         net (fo=0)                   0.000     0.000    clk
    N15                  IBUF (Prop_ibuf_I_O)         0.365     0.365 r  clk_IBUF_inst/O
                         net (fo=1, routed)           0.695     1.060    clk_IBUF
    BUFGCTRL_X0Y0        BUFG (Prop_bufg_I_O)         0.029     1.089 r  clk_IBUF_BUFG_inst/O
                         net (fo=11156, routed)       0.829     1.918    u_aes_slave/u_aes_core/key_schedule_inst/clk_IBUF_BUFG
    SLICE_X10Y76         FDRE                                         r  u_aes_slave/u_aes_core/key_schedule_inst/key_state_reg_reg[11][94]/C
                         clock pessimism             -0.501     1.416    
                         clock uncertainty            0.100     1.516    
    SLICE_X10Y76         FDRE (Hold_fdre_C_D)         0.121     1.637    u_aes_slave/u_aes_core/key_schedule_inst/key_state_reg_reg[11][94]
  -------------------------------------------------------------------
                         required time                         -1.637    
                         arrival time                           1.692    
  -------------------------------------------------------------------
                         slack                                  0.054    

Slack (MET) :             0.055ns  (arrival time - required time)
  Source:                 u_aes_slave/u_aes_core/key_schedule_inst/key_state_reg_reg[8][181]/C
                            (rising edge-triggered cell FDRE clocked by CLK  {rise@0.000ns fall@10.000ns period=20.000ns})
  Destination:            u_aes_slave/u_aes_core/state_reg_reg[9][53]/D
                            (rising edge-triggered cell FDRE clocked by CLK  {rise@0.000ns fall@10.000ns period=20.000ns})
  Path Group:             CLK
  Path Type:              Hold (Min at Fast Process Corner)
  Requirement:            0.000ns  (CLK rise@0.000ns - CLK rise@0.000ns)
  Data Path Delay:        0.289ns  (logic 0.186ns (64.440%)  route 0.103ns (35.560%))
  Logic Levels:           1  (LUT6=1)
  Clock Path Skew:        0.013ns (DCD - SCD - CPR)
    Destination Clock Delay (DCD):    1.910ns
    Source Clock Delay      (SCD):    1.395ns
    Clock Pessimism Removal (CPR):    0.501ns
  Clock Uncertainty:      0.100ns  ((TSJ^2 + TIJ^2)^1/2 + DJ) / 2 + PE + UU
    Total System Jitter     (TSJ):    0.000ns
    Total Input Jitter      (TIJ):    0.000ns
    Discrete Jitter          (DJ):    0.000ns
    Phase Error              (PE):    0.000ns
    User Uncertainty         (UU):    0.100ns

    Location             Delay type                Incr(ns)  Path(ns)    Netlist Resource(s)
  -------------------------------------------------------------------    -------------------
                         (clock CLK rise edge)        0.000     0.000 r  
    N15                                               0.000     0.000 r  clk (IN)
                         net (fo=0)                   0.000     0.000    clk
    N15                  IBUF (Prop_ibuf_I_O)         0.177     0.177 r  clk_IBUF_inst/O
                         net (fo=1, routed)           0.640     0.817    clk_IBUF
    BUFGCTRL_X0Y0        BUFG (Prop_bufg_I_O)         0.026     0.843 r  clk_IBUF_BUFG_inst/O
                         net (fo=11156, routed)       0.553     1.395    u_aes_slave/u_aes_core/key_schedule_inst/clk_IBUF_BUFG
    SLICE_X55Y70         FDRE                                         r  u_aes_slave/u_aes_core/key_schedule_inst/key_state_reg_reg[8][181]/C
  -------------------------------------------------------------------    -------------------
    SLICE_X55Y70         FDRE (Prop_fdre_C_Q)         0.141     1.536 r  u_aes_slave/u_aes_core/key_schedule_inst/key_state_reg_reg[8][181]/Q
                         net (fo=4, routed)           0.103     1.639    u_aes_slave/u_aes_core/key_schedule_inst/round_key[9]_36[53]
    SLICE_X54Y70         LUT6 (Prop_lut6_I5_O)        0.045     1.684 r  u_aes_slave/u_aes_core/key_schedule_inst/state_reg[9][53]_i_1/O
                         net (fo=1, routed)           0.000     1.684    u_aes_slave/u_aes_core/state_out[9]_8[53]
    SLICE_X54Y70         FDRE                                         r  u_aes_slave/u_aes_core/state_reg_reg[9][53]/D
  -------------------------------------------------------------------    -------------------

                         (clock CLK rise edge)        0.000     0.000 r  
    N15                                               0.000     0.000 r  clk (IN)
                         net (fo=0)                   0.000     0.000    clk
    N15                  IBUF (Prop_ibuf_I_O)         0.365     0.365 r  clk_IBUF_inst/O
                         net (fo=1, routed)           0.695     1.060    clk_IBUF
    BUFGCTRL_X0Y0        BUFG (Prop_bufg_I_O)         0.029     1.089 r  clk_IBUF_BUFG_inst/O
                         net (fo=11156, routed)       0.821     1.910    u_aes_slave/u_aes_core/clk_IBUF_BUFG
    SLICE_X54Y70         FDRE                                         r  u_aes_slave/u_aes_core/state_reg_reg[9][53]/C
                         clock pessimism             -0.501     1.408    
                         clock uncertainty            0.100     1.508    
    SLICE_X54Y70         FDRE (Hold_fdre_C_D)         0.121     1.629    u_aes_slave/u_aes_core/state_reg_reg[9][53]
  -------------------------------------------------------------------
                         required time                         -1.629    
                         arrival time                           1.684    
  -------------------------------------------------------------------
                         slack                                  0.055    





Pulse Width Checks
--------------------------------------------------------------------------------------
Clock Name:         CLK
Waveform(ns):       { 0.000 10.000 }
Period(ns):         20.000
Sources:            { clk }

Check Type        Corner  Lib Pin     Reference Pin  Required(ns)  Actual(ns)  Slack(ns)  Location       Pin
Min Period        n/a     BUFG/I      n/a            2.155         20.000      17.845     BUFGCTRL_X0Y0  clk_IBUF_BUFG_inst/I
Min Period        n/a     FDRE/C      n/a            1.000         20.000      19.000     SLICE_X3Y26    u_aes_slave/aes_valid_in_q_reg/C
Min Period        n/a     FDRE/C      n/a            1.000         20.000      19.000     SLICE_X4Y24    u_aes_slave/aw_hold_q_reg/C
Min Period        n/a     FDRE/C      n/a            1.000         20.000      19.000     SLICE_X7Y23    u_aes_slave/awaddr_q_reg[10]/C
Min Period        n/a     FDRE/C      n/a            1.000         20.000      19.000     SLICE_X7Y23    u_aes_slave/awaddr_q_reg[11]/C
Min Period        n/a     FDRE/C      n/a            1.000         20.000      19.000     SLICE_X7Y24    u_aes_slave/awaddr_q_reg[2]/C
Min Period        n/a     FDRE/C      n/a            1.000         20.000      19.000     SLICE_X7Y24    u_aes_slave/awaddr_q_reg[3]/C
Min Period        n/a     FDRE/C      n/a            1.000         20.000      19.000     SLICE_X7Y24    u_aes_slave/awaddr_q_reg[4]/C
Min Period        n/a     FDRE/C      n/a            1.000         20.000      19.000     SLICE_X7Y24    u_aes_slave/awaddr_q_reg[5]/C
Min Period        n/a     FDRE/C      n/a            1.000         20.000      19.000     SLICE_X7Y23    u_aes_slave/awaddr_q_reg[6]/C
Min Period        n/a     FDRE/C      n/a            1.000         20.000      19.000     SLICE_X7Y23    u_aes_slave/awaddr_q_reg[7]/C
Min Period        n/a     FDRE/C      n/a            1.000         20.000      19.000     SLICE_X7Y23    u_aes_slave/awaddr_q_reg[8]/C
Min Period        n/a     FDRE/C      n/a            1.000         20.000      19.000     SLICE_X7Y23    u_aes_slave/awaddr_q_reg[9]/C
Min Period        n/a     FDRE/C      n/a            1.000         20.000      19.000     SLICE_X7Y24    u_aes_slave/awsize_q_reg[1]/C
Min Period        n/a     FDRE/C      n/a            1.000         20.000      19.000     SLICE_X3Y27    u_aes_slave/busy_q_reg/C
Min Period        n/a     FDRE/C      n/a            1.000         20.000      19.000     SLICE_X4Y24    u_aes_slave/bvalid_q_reg/C
Min Period        n/a     FDRE/C      n/a            1.000         20.000      19.000     SLICE_X4Y85    u_aes_slave/ct_q_reg[0][0]/C
Min Period        n/a     FDRE/C      n/a            1.000         20.000      19.000     SLICE_X40Y99   u_aes_slave/ct_q_reg[0][10]/C
Min Period        n/a     FDRE/C      n/a            1.000         20.000      19.000     SLICE_X32Y98   u_aes_slave/ct_q_reg[0][11]/C
Min Period        n/a     FDRE/C      n/a            1.000         20.000      19.000     SLICE_X32Y99   u_aes_slave/ct_q_reg[0][12]/C
Low Pulse Width   Slow    RAMD32/CLK  n/a            1.250         10.000      8.750      SLICE_X14Y4    u_cpu/dut_register_file/registers_reg_r1_0_31_0_5/RAMA/CLK
Low Pulse Width   Fast    RAMD32/CLK  n/a            1.250         10.000      8.750      SLICE_X14Y4    u_cpu/dut_register_file/registers_reg_r1_0_31_0_5/RAMA/CLK
Low Pulse Width   Slow    RAMD32/CLK  n/a            1.250         10.000      8.750      SLICE_X14Y4    u_cpu/dut_register_file/registers_reg_r1_0_31_0_5/RAMA_D1/CLK
Low Pulse Width   Fast    RAMD32/CLK  n/a            1.250         10.000      8.750      SLICE_X14Y4    u_cpu/dut_register_file/registers_reg_r1_0_31_0_5/RAMA_D1/CLK
Low Pulse Width   Slow    RAMD32/CLK  n/a            1.250         10.000      8.750      SLICE_X14Y4    u_cpu/dut_register_file/registers_reg_r1_0_31_0_5/RAMB/CLK
Low Pulse Width   Fast    RAMD32/CLK  n/a            1.250         10.000      8.750      SLICE_X14Y4    u_cpu/dut_register_file/registers_reg_r1_0_31_0_5/RAMB/CLK
Low Pulse Width   Slow    RAMD32/CLK  n/a            1.250         10.000      8.750      SLICE_X14Y4    u_cpu/dut_register_file/registers_reg_r1_0_31_0_5/RAMB_D1/CLK
Low Pulse Width   Fast    RAMD32/CLK  n/a            1.250         10.000      8.750      SLICE_X14Y4    u_cpu/dut_register_file/registers_reg_r1_0_31_0_5/RAMB_D1/CLK
Low Pulse Width   Slow    RAMD32/CLK  n/a            1.250         10.000      8.750      SLICE_X14Y4    u_cpu/dut_register_file/registers_reg_r1_0_31_0_5/RAMC/CLK
Low Pulse Width   Fast    RAMD32/CLK  n/a            1.250         10.000      8.750      SLICE_X14Y4    u_cpu/dut_register_file/registers_reg_r1_0_31_0_5/RAMC/CLK
Low Pulse Width   Slow    RAMD32/CLK  n/a            1.250         10.000      8.750      SLICE_X14Y4    u_cpu/dut_register_file/registers_reg_r1_0_31_0_5/RAMC_D1/CLK
Low Pulse Width   Fast    RAMD32/CLK  n/a            1.250         10.000      8.750      SLICE_X14Y4    u_cpu/dut_register_file/registers_reg_r1_0_31_0_5/RAMC_D1/CLK
Low Pulse Width   Slow    RAMS32/CLK  n/a            1.250         10.000      8.750      SLICE_X14Y4    u_cpu/dut_register_file/registers_reg_r1_0_31_0_5/RAMD/CLK
Low Pulse Width   Fast    RAMS32/CLK  n/a            1.250         10.000      8.750      SLICE_X14Y4    u_cpu/dut_register_file/registers_reg_r1_0_31_0_5/RAMD/CLK
Low Pulse Width   Slow    RAMS32/CLK  n/a            1.250         10.000      8.750      SLICE_X14Y4    u_cpu/dut_register_file/registers_reg_r1_0_31_0_5/RAMD_D1/CLK
Low Pulse Width   Fast    RAMS32/CLK  n/a            1.250         10.000      8.750      SLICE_X14Y4    u_cpu/dut_register_file/registers_reg_r1_0_31_0_5/RAMD_D1/CLK
Low Pulse Width   Slow    RAMD32/CLK  n/a            1.250         10.000      8.750      SLICE_X14Y6    u_cpu/dut_register_file/registers_reg_r1_0_31_12_17/RAMA/CLK
Low Pulse Width   Fast    RAMD32/CLK  n/a            1.250         10.000      8.750      SLICE_X14Y6    u_cpu/dut_register_file/registers_reg_r1_0_31_12_17/RAMA/CLK
Low Pulse Width   Slow    RAMD32/CLK  n/a            1.250         10.000      8.750      SLICE_X14Y6    u_cpu/dut_register_file/registers_reg_r1_0_31_12_17/RAMA_D1/CLK
Low Pulse Width   Fast    RAMD32/CLK  n/a            1.250         10.000      8.750      SLICE_X14Y6    u_cpu/dut_register_file/registers_reg_r1_0_31_12_17/RAMA_D1/CLK
High Pulse Width  Slow    RAMD32/CLK  n/a            1.250         10.000      8.750      SLICE_X14Y4    u_cpu/dut_register_file/registers_reg_r1_0_31_0_5/RAMA/CLK
High Pulse Width  Fast    RAMD32/CLK  n/a            1.250         10.000      8.750      SLICE_X14Y4    u_cpu/dut_register_file/registers_reg_r1_0_31_0_5/RAMA/CLK
High Pulse Width  Slow    RAMD32/CLK  n/a            1.250         10.000      8.750      SLICE_X14Y4    u_cpu/dut_register_file/registers_reg_r1_0_31_0_5/RAMA_D1/CLK
High Pulse Width  Fast    RAMD32/CLK  n/a            1.250         10.000      8.750      SLICE_X14Y4    u_cpu/dut_register_file/registers_reg_r1_0_31_0_5/RAMA_D1/CLK
High Pulse Width  Slow    RAMD32/CLK  n/a            1.250         10.000      8.750      SLICE_X14Y4    u_cpu/dut_register_file/registers_reg_r1_0_31_0_5/RAMB/CLK
High Pulse Width  Fast    RAMD32/CLK  n/a            1.250         10.000      8.750      SLICE_X14Y4    u_cpu/dut_register_file/registers_reg_r1_0_31_0_5/RAMB/CLK
High Pulse Width  Slow    RAMD32/CLK  n/a            1.250         10.000      8.750      SLICE_X14Y4    u_cpu/dut_register_file/registers_reg_r1_0_31_0_5/RAMB_D1/CLK
High Pulse Width  Fast    RAMD32/CLK  n/a            1.250         10.000      8.750      SLICE_X14Y4    u_cpu/dut_register_file/registers_reg_r1_0_31_0_5/RAMB_D1/CLK
High Pulse Width  Slow    RAMD32/CLK  n/a            1.250         10.000      8.750      SLICE_X14Y4    u_cpu/dut_register_file/registers_reg_r1_0_31_0_5/RAMC/CLK
High Pulse Width  Fast    RAMD32/CLK  n/a            1.250         10.000      8.750      SLICE_X14Y4    u_cpu/dut_register_file/registers_reg_r1_0_31_0_5/RAMC/CLK
High Pulse Width  Slow    RAMD32/CLK  n/a            1.250         10.000      8.750      SLICE_X14Y4    u_cpu/dut_register_file/registers_reg_r1_0_31_0_5/RAMC_D1/CLK
High Pulse Width  Fast    RAMD32/CLK  n/a            1.250         10.000      8.750      SLICE_X14Y4    u_cpu/dut_register_file/registers_reg_r1_0_31_0_5/RAMC_D1/CLK
High Pulse Width  Slow    RAMS32/CLK  n/a            1.250         10.000      8.750      SLICE_X14Y4    u_cpu/dut_register_file/registers_reg_r1_0_31_0_5/RAMD/CLK
High Pulse Width  Fast    RAMS32/CLK  n/a            1.250         10.000      8.750      SLICE_X14Y4    u_cpu/dut_register_file/registers_reg_r1_0_31_0_5/RAMD/CLK
High Pulse Width  Slow    RAMS32/CLK  n/a            1.250         10.000      8.750      SLICE_X14Y4    u_cpu/dut_register_file/registers_reg_r1_0_31_0_5/RAMD_D1/CLK
High Pulse Width  Fast    RAMS32/CLK  n/a            1.250         10.000      8.750      SLICE_X14Y4    u_cpu/dut_register_file/registers_reg_r1_0_31_0_5/RAMD_D1/CLK
High Pulse Width  Slow    RAMD32/CLK  n/a            1.250         10.000      8.750      SLICE_X14Y6    u_cpu/dut_register_file/registers_reg_r1_0_31_12_17/RAMA/CLK
High Pulse Width  Fast    RAMD32/CLK  n/a            1.250         10.000      8.750      SLICE_X14Y6    u_cpu/dut_register_file/registers_reg_r1_0_31_12_17/RAMA/CLK
High Pulse Width  Slow    RAMD32/CLK  n/a            1.250         10.000      8.750      SLICE_X14Y6    u_cpu/dut_register_file/registers_reg_r1_0_31_12_17/RAMA_D1/CLK
High Pulse Width  Fast    RAMD32/CLK  n/a            1.250         10.000      8.750      SLICE_X14Y6    u_cpu/dut_register_file/registers_reg_r1_0_31_12_17/RAMA_D1/CLK



--------------------------------------------------------------------------------------
Path Group:  (none)
From Clock:  
  To Clock:  

Max Delay             1 Endpoint
Min Delay             1 Endpoint
--------------------------------------------------------------------------------------


Max Delay Paths
--------------------------------------------------------------------------------------
Slack:                    inf
  Source:                 rstn
                            (input port)
  Destination:            cpu_stall_debug
                            (output port)
  Path Group:             (none)
  Path Type:              Max at Slow Process Corner
  Data Path Delay:        21.994ns  (logic 5.246ns (23.850%)  route 16.748ns (76.150%))
  Logic Levels:           13  (IBUF=1 LUT4=3 LUT5=3 LUT6=5 OBUF=1)
  Timing Exception:       False Path

    Location             Delay type                Incr(ns)  Path(ns)    Netlist Resource(s)
  -------------------------------------------------------------------    -------------------
    U13                                               0.000     0.000 f  rstn (IN)
                         net (fo=0)                   0.000     0.000    rstn
    U13                  IBUF (Prop_ibuf_I_O)         0.984     0.984 f  rstn_IBUF_inst/O
                         net (fo=198, routed)         5.466     6.450    u_cpu/dut_pc/rstn_IBUF
    SLICE_X21Y16         LUT6 (Prop_lut6_I5_O)        0.124     6.574 f  u_cpu/dut_pc/cpu_stall_debug_OBUF_inst_i_17/O
                         net (fo=2, routed)           0.700     7.273    u_cpu/dut_pc/cpu_stall_debug_OBUF_inst_i_17_n_0
    SLICE_X21Y15         LUT5 (Prop_lut5_I4_O)        0.124     7.397 f  u_cpu/dut_pc/cpu_stall_debug_OBUF_inst_i_4/O
                         net (fo=15, routed)          1.009     8.407    u_cpu/dut_pc/u_fetch_router/fetch_instr_o13_out
    SLICE_X25Y12         LUT5 (Prop_lut5_I1_O)        0.124     8.531 r  u_cpu/dut_pc/cpu_stall_debug_OBUF_inst_i_2/O
                         net (fo=49, routed)          0.927     9.458    u_cpu/dut_pc/state_q_reg_1
    SLICE_X26Y15         LUT6 (Prop_lut6_I0_O)        0.124     9.582 f  u_cpu/dut_pc/instruction_hold_q[4]_i_1/O
                         net (fo=4, routed)           0.649    10.230    u_cpu/dut_pc/pc_reg[6]_rep__3_13[4]
    SLICE_X20Y15         LUT4 (Prop_lut4_I3_O)        0.124    10.354 f  u_cpu/dut_pc/instr_debug[4]_i_1/O
                         net (fo=18, routed)          1.059    11.414    u_cpu/dut_pc/instruction_hold_q_reg[4]
    SLICE_X17Y17         LUT4 (Prop_lut4_I3_O)        0.150    11.564 r  u_cpu/dut_pc/cpu_stall_debug_OBUF_inst_i_18/O
                         net (fo=5, routed)           0.637    12.201    u_cpu/dut_pc/mem_read
    SLICE_X18Y18         LUT5 (Prop_lut5_I2_O)        0.326    12.527 r  u_cpu/dut_pc/FSM_onehot_current_state[4]_i_4/O
                         net (fo=75, routed)          0.795    13.321    u_cpu/dut_pc/u_cpu_axi_arbiter/select_data__0
    SLICE_X13Y16         LUT4 (Prop_lut4_I1_O)        0.124    13.445 r  u_cpu/dut_pc/FSM_onehot_current_state[4]_i_5/O
                         net (fo=5, routed)           0.631    14.076    u_cpu/dut_pc/axi_req_read
    SLICE_X10Y14         LUT6 (Prop_lut6_I3_O)        0.124    14.200 r  u_cpu/dut_pc/FSM_sequential_owner_q[1]_i_2/O
                         net (fo=10, routed)          0.826    15.026    u_cpu/dut_pc/FSM_onehot_current_state_reg[0]
    SLICE_X17Y18         LUT6 (Prop_lut6_I3_O)        0.124    15.150 r  u_cpu/dut_pc/cpu_stall_debug_OBUF_inst_i_5/O
                         net (fo=3, routed)           0.833    15.983    u_cpu/dut_pc/cpu_mem_stall
    SLICE_X19Y19         LUT6 (Prop_lut6_I5_O)        0.124    16.107 r  u_cpu/dut_pc/cpu_stall_debug_OBUF_inst_i_1/O
                         net (fo=1, routed)           3.217    19.324    cpu_stall_debug_OBUF
    T10                  OBUF (Prop_obuf_I_O)         2.670    21.994 r  cpu_stall_debug_OBUF_inst/O
                         net (fo=0)                   0.000    21.994    cpu_stall_debug
    T10                                                               r  cpu_stall_debug (OUT)
  -------------------------------------------------------------------    -------------------





Min Delay Paths
--------------------------------------------------------------------------------------
Slack:                    inf
  Source:                 rstn
                            (input port)
  Destination:            cpu_stall_debug
                            (output port)
  Path Group:             (none)
  Path Type:              Min at Fast Process Corner
  Data Path Delay:        3.868ns  (logic 1.444ns (37.324%)  route 2.424ns (62.676%))
  Logic Levels:           3  (IBUF=1 LUT6=1 OBUF=1)
  Timing Exception:       False Path

    Location             Delay type                Incr(ns)  Path(ns)    Netlist Resource(s)
  -------------------------------------------------------------------    -------------------
    U13                                               0.000     0.000 r  rstn (IN)
                         net (fo=0)                   0.000     0.000    rstn
    U13                  IBUF (Prop_ibuf_I_O)         0.212     0.212 r  rstn_IBUF_inst/O
                         net (fo=198, routed)         1.348     1.560    u_cpu/dut_pc/rstn_IBUF
    SLICE_X19Y19         LUT6 (Prop_lut6_I3_O)        0.045     1.605 r  u_cpu/dut_pc/cpu_stall_debug_OBUF_inst_i_1/O
                         net (fo=1, routed)           1.077     2.682    cpu_stall_debug_OBUF
    T10                  OBUF (Prop_obuf_I_O)         1.186     3.868 r  cpu_stall_debug_OBUF_inst/O
                         net (fo=0)                   0.000     3.868    cpu_stall_debug
    T10                                                               r  cpu_stall_debug (OUT)
  -------------------------------------------------------------------    -------------------





--------------------------------------------------------------------------------------
Path Group:  (none)
From Clock:  
  To Clock:  CLK

Max Delay         11701 Endpoints
Min Delay         11701 Endpoints
--------------------------------------------------------------------------------------


Max Delay Paths
--------------------------------------------------------------------------------------
Slack:                    inf
  Source:                 rstn
                            (input port)
  Destination:            u_aes_slave/u_aes_core/state_reg_reg[14][12]/R
                            (rising edge-triggered cell FDRE clocked by CLK  {rise@0.000ns fall@10.000ns period=20.000ns})
  Path Group:             (none)
  Path Type:              Setup (Max at Slow Process Corner)
  Data Path Delay:        45.486ns  (logic 1.136ns (2.497%)  route 44.351ns (97.503%))
  Logic Levels:           2  (IBUF=1 LUT1=1)
  Clock Path Skew:        4.333ns (DCD - SCD + CPR)
    Destination Clock Delay (DCD):    4.333ns
    Source Clock Delay      (SCD):    0.000ns
    Clock Pessimism Removal (CPR):    0.000ns
  Clock Uncertainty:      0.325ns  ((TSJ^2 + TIJ^2)^1/2 + DJ) / 2 + PE + UU
    Total System Jitter     (TSJ):    0.050ns
    Total Input Jitter      (TIJ):    0.000ns
    Discrete Jitter          (DJ):    0.000ns
    Phase Error              (PE):    0.000ns
    User Uncertainty         (UU):    0.300ns
  Timing Exception:       False Path

    Location             Delay type                Incr(ns)  Path(ns)    Netlist Resource(s)
  -------------------------------------------------------------------    -------------------
    U13                                               0.000     0.000 f  rstn (IN)
                         net (fo=0)                   0.000     0.000    rstn
    U13                  IBUF (Prop_ibuf_I_O)         0.984     0.984 f  rstn_IBUF_inst/O
                         net (fo=198, routed)         3.941     4.925    u_aes_slave/u_aes_core/key_schedule_inst/rstn_IBUF
    SLICE_X1Y12          LUT1 (Prop_lut1_I0_O)        0.152     5.077 r  u_aes_slave/u_aes_core/key_schedule_inst/key_state_reg[0][255]_i_1/O
                         net (fo=6481, routed)       40.409    45.486    u_aes_slave/u_aes_core/SR[0]
    SLICE_X41Y97         FDRE                                         r  u_aes_slave/u_aes_core/state_reg_reg[14][12]/R
  -------------------------------------------------------------------    -------------------

                         (clock CLK rise edge)        0.000     0.000 r  
    N15                                               0.000     0.000 r  clk (IN)
                         net (fo=0)                   0.000     0.000    clk
    N15                  IBUF (Prop_ibuf_I_O)         0.814     0.814 r  clk_IBUF_inst/O
                         net (fo=1, routed)           1.911     2.725    clk_IBUF
    BUFGCTRL_X0Y0        BUFG (Prop_bufg_I_O)         0.091     2.816 r  clk_IBUF_BUFG_inst/O
                         net (fo=11156, routed)       1.516     4.333    u_aes_slave/u_aes_core/clk_IBUF_BUFG
    SLICE_X41Y97         FDRE                                         r  u_aes_slave/u_aes_core/state_reg_reg[14][12]/C

Slack:                    inf
  Source:                 rstn
                            (input port)
  Destination:            u_aes_slave/u_aes_core/state_reg_reg[14][17]/R
                            (rising edge-triggered cell FDRE clocked by CLK  {rise@0.000ns fall@10.000ns period=20.000ns})
  Path Group:             (none)
  Path Type:              Setup (Max at Slow Process Corner)
  Data Path Delay:        45.486ns  (logic 1.136ns (2.497%)  route 44.351ns (97.503%))
  Logic Levels:           2  (IBUF=1 LUT1=1)
  Clock Path Skew:        4.333ns (DCD - SCD + CPR)
    Destination Clock Delay (DCD):    4.333ns
    Source Clock Delay      (SCD):    0.000ns
    Clock Pessimism Removal (CPR):    0.000ns
  Clock Uncertainty:      0.325ns  ((TSJ^2 + TIJ^2)^1/2 + DJ) / 2 + PE + UU
    Total System Jitter     (TSJ):    0.050ns
    Total Input Jitter      (TIJ):    0.000ns
    Discrete Jitter          (DJ):    0.000ns
    Phase Error              (PE):    0.000ns
    User Uncertainty         (UU):    0.300ns
  Timing Exception:       False Path

    Location             Delay type                Incr(ns)  Path(ns)    Netlist Resource(s)
  -------------------------------------------------------------------    -------------------
    U13                                               0.000     0.000 f  rstn (IN)
                         net (fo=0)                   0.000     0.000    rstn
    U13                  IBUF (Prop_ibuf_I_O)         0.984     0.984 f  rstn_IBUF_inst/O
                         net (fo=198, routed)         3.941     4.925    u_aes_slave/u_aes_core/key_schedule_inst/rstn_IBUF
    SLICE_X1Y12          LUT1 (Prop_lut1_I0_O)        0.152     5.077 r  u_aes_slave/u_aes_core/key_schedule_inst/key_state_reg[0][255]_i_1/O
                         net (fo=6481, routed)       40.409    45.486    u_aes_slave/u_aes_core/SR[0]
    SLICE_X41Y97         FDRE                                         r  u_aes_slave/u_aes_core/state_reg_reg[14][17]/R
  -------------------------------------------------------------------    -------------------

                         (clock CLK rise edge)        0.000     0.000 r  
    N15                                               0.000     0.000 r  clk (IN)
                         net (fo=0)                   0.000     0.000    clk
    N15                  IBUF (Prop_ibuf_I_O)         0.814     0.814 r  clk_IBUF_inst/O
                         net (fo=1, routed)           1.911     2.725    clk_IBUF
    BUFGCTRL_X0Y0        BUFG (Prop_bufg_I_O)         0.091     2.816 r  clk_IBUF_BUFG_inst/O
                         net (fo=11156, routed)       1.516     4.333    u_aes_slave/u_aes_core/clk_IBUF_BUFG
    SLICE_X41Y97         FDRE                                         r  u_aes_slave/u_aes_core/state_reg_reg[14][17]/C

Slack:                    inf
  Source:                 rstn
                            (input port)
  Destination:            u_aes_slave/u_aes_core/state_reg_reg[14][19]/R
                            (rising edge-triggered cell FDRE clocked by CLK  {rise@0.000ns fall@10.000ns period=20.000ns})
  Path Group:             (none)
  Path Type:              Setup (Max at Slow Process Corner)
  Data Path Delay:        45.486ns  (logic 1.136ns (2.497%)  route 44.351ns (97.503%))
  Logic Levels:           2  (IBUF=1 LUT1=1)
  Clock Path Skew:        4.333ns (DCD - SCD + CPR)
    Destination Clock Delay (DCD):    4.333ns
    Source Clock Delay      (SCD):    0.000ns
    Clock Pessimism Removal (CPR):    0.000ns
  Clock Uncertainty:      0.325ns  ((TSJ^2 + TIJ^2)^1/2 + DJ) / 2 + PE + UU
    Total System Jitter     (TSJ):    0.050ns
    Total Input Jitter      (TIJ):    0.000ns
    Discrete Jitter          (DJ):    0.000ns
    Phase Error              (PE):    0.000ns
    User Uncertainty         (UU):    0.300ns
  Timing Exception:       False Path

    Location             Delay type                Incr(ns)  Path(ns)    Netlist Resource(s)
  -------------------------------------------------------------------    -------------------
    U13                                               0.000     0.000 f  rstn (IN)
                         net (fo=0)                   0.000     0.000    rstn
    U13                  IBUF (Prop_ibuf_I_O)         0.984     0.984 f  rstn_IBUF_inst/O
                         net (fo=198, routed)         3.941     4.925    u_aes_slave/u_aes_core/key_schedule_inst/rstn_IBUF
    SLICE_X1Y12          LUT1 (Prop_lut1_I0_O)        0.152     5.077 r  u_aes_slave/u_aes_core/key_schedule_inst/key_state_reg[0][255]_i_1/O
                         net (fo=6481, routed)       40.409    45.486    u_aes_slave/u_aes_core/SR[0]
    SLICE_X41Y97         FDRE                                         r  u_aes_slave/u_aes_core/state_reg_reg[14][19]/R
  -------------------------------------------------------------------    -------------------

                         (clock CLK rise edge)        0.000     0.000 r  
    N15                                               0.000     0.000 r  clk (IN)
                         net (fo=0)                   0.000     0.000    clk
    N15                  IBUF (Prop_ibuf_I_O)         0.814     0.814 r  clk_IBUF_inst/O
                         net (fo=1, routed)           1.911     2.725    clk_IBUF
    BUFGCTRL_X0Y0        BUFG (Prop_bufg_I_O)         0.091     2.816 r  clk_IBUF_BUFG_inst/O
                         net (fo=11156, routed)       1.516     4.333    u_aes_slave/u_aes_core/clk_IBUF_BUFG
    SLICE_X41Y97         FDRE                                         r  u_aes_slave/u_aes_core/state_reg_reg[14][19]/C

Slack:                    inf
  Source:                 rstn
                            (input port)
  Destination:            u_aes_slave/u_aes_core/state_reg_reg[14][9]/R
                            (rising edge-triggered cell FDRE clocked by CLK  {rise@0.000ns fall@10.000ns period=20.000ns})
  Path Group:             (none)
  Path Type:              Setup (Max at Slow Process Corner)
  Data Path Delay:        45.486ns  (logic 1.136ns (2.497%)  route 44.351ns (97.503%))
  Logic Levels:           2  (IBUF=1 LUT1=1)
  Clock Path Skew:        4.333ns (DCD - SCD + CPR)
    Destination Clock Delay (DCD):    4.333ns
    Source Clock Delay      (SCD):    0.000ns
    Clock Pessimism Removal (CPR):    0.000ns
  Clock Uncertainty:      0.325ns  ((TSJ^2 + TIJ^2)^1/2 + DJ) / 2 + PE + UU
    Total System Jitter     (TSJ):    0.050ns
    Total Input Jitter      (TIJ):    0.000ns
    Discrete Jitter          (DJ):    0.000ns
    Phase Error              (PE):    0.000ns
    User Uncertainty         (UU):    0.300ns
  Timing Exception:       False Path

    Location             Delay type                Incr(ns)  Path(ns)    Netlist Resource(s)
  -------------------------------------------------------------------    -------------------
    U13                                               0.000     0.000 f  rstn (IN)
                         net (fo=0)                   0.000     0.000    rstn
    U13                  IBUF (Prop_ibuf_I_O)         0.984     0.984 f  rstn_IBUF_inst/O
                         net (fo=198, routed)         3.941     4.925    u_aes_slave/u_aes_core/key_schedule_inst/rstn_IBUF
    SLICE_X1Y12          LUT1 (Prop_lut1_I0_O)        0.152     5.077 r  u_aes_slave/u_aes_core/key_schedule_inst/key_state_reg[0][255]_i_1/O
                         net (fo=6481, routed)       40.409    45.486    u_aes_slave/u_aes_core/SR[0]
    SLICE_X41Y97         FDRE                                         r  u_aes_slave/u_aes_core/state_reg_reg[14][9]/R
  -------------------------------------------------------------------    -------------------

                         (clock CLK rise edge)        0.000     0.000 r  
    N15                                               0.000     0.000 r  clk (IN)
                         net (fo=0)                   0.000     0.000    clk
    N15                  IBUF (Prop_ibuf_I_O)         0.814     0.814 r  clk_IBUF_inst/O
                         net (fo=1, routed)           1.911     2.725    clk_IBUF
    BUFGCTRL_X0Y0        BUFG (Prop_bufg_I_O)         0.091     2.816 r  clk_IBUF_BUFG_inst/O
                         net (fo=11156, routed)       1.516     4.333    u_aes_slave/u_aes_core/clk_IBUF_BUFG
    SLICE_X41Y97         FDRE                                         r  u_aes_slave/u_aes_core/state_reg_reg[14][9]/C

Slack:                    inf
  Source:                 rstn
                            (input port)
  Destination:            u_aes_slave/u_aes_core/state_reg_reg[14][18]/R
                            (rising edge-triggered cell FDRE clocked by CLK  {rise@0.000ns fall@10.000ns period=20.000ns})
  Path Group:             (none)
  Path Type:              Setup (Max at Slow Process Corner)
  Data Path Delay:        45.479ns  (logic 1.136ns (2.497%)  route 44.343ns (97.503%))
  Logic Levels:           2  (IBUF=1 LUT1=1)
  Clock Path Skew:        4.333ns (DCD - SCD + CPR)
    Destination Clock Delay (DCD):    4.333ns
    Source Clock Delay      (SCD):    0.000ns
    Clock Pessimism Removal (CPR):    0.000ns
  Clock Uncertainty:      0.325ns  ((TSJ^2 + TIJ^2)^1/2 + DJ) / 2 + PE + UU
    Total System Jitter     (TSJ):    0.050ns
    Total Input Jitter      (TIJ):    0.000ns
    Discrete Jitter          (DJ):    0.000ns
    Phase Error              (PE):    0.000ns
    User Uncertainty         (UU):    0.300ns
  Timing Exception:       False Path

    Location             Delay type                Incr(ns)  Path(ns)    Netlist Resource(s)
  -------------------------------------------------------------------    -------------------
    U13                                               0.000     0.000 f  rstn (IN)
                         net (fo=0)                   0.000     0.000    rstn
    U13                  IBUF (Prop_ibuf_I_O)         0.984     0.984 f  rstn_IBUF_inst/O
                         net (fo=198, routed)         3.941     4.925    u_aes_slave/u_aes_core/key_schedule_inst/rstn_IBUF
    SLICE_X1Y12          LUT1 (Prop_lut1_I0_O)        0.152     5.077 r  u_aes_slave/u_aes_core/key_schedule_inst/key_state_reg[0][255]_i_1/O
                         net (fo=6481, routed)       40.402    45.479    u_aes_slave/u_aes_core/SR[0]
    SLICE_X39Y99         FDRE                                         r  u_aes_slave/u_aes_core/state_reg_reg[14][18]/R
  -------------------------------------------------------------------    -------------------

                         (clock CLK rise edge)        0.000     0.000 r  
    N15                                               0.000     0.000 r  clk (IN)
                         net (fo=0)                   0.000     0.000    clk
    N15                  IBUF (Prop_ibuf_I_O)         0.814     0.814 r  clk_IBUF_inst/O
                         net (fo=1, routed)           1.911     2.725    clk_IBUF
    BUFGCTRL_X0Y0        BUFG (Prop_bufg_I_O)         0.091     2.816 r  clk_IBUF_BUFG_inst/O
                         net (fo=11156, routed)       1.516     4.333    u_aes_slave/u_aes_core/clk_IBUF_BUFG
    SLICE_X39Y99         FDRE                                         r  u_aes_slave/u_aes_core/state_reg_reg[14][18]/C

Slack:                    inf
  Source:                 rstn
                            (input port)
  Destination:            u_aes_slave/u_aes_core/state_reg_reg[14][50]/R
                            (rising edge-triggered cell FDRE clocked by CLK  {rise@0.000ns fall@10.000ns period=20.000ns})
  Path Group:             (none)
  Path Type:              Setup (Max at Slow Process Corner)
  Data Path Delay:        45.479ns  (logic 1.136ns (2.497%)  route 44.343ns (97.503%))
  Logic Levels:           2  (IBUF=1 LUT1=1)
  Clock Path Skew:        4.333ns (DCD - SCD + CPR)
    Destination Clock Delay (DCD):    4.333ns
    Source Clock Delay      (SCD):    0.000ns
    Clock Pessimism Removal (CPR):    0.000ns
  Clock Uncertainty:      0.325ns  ((TSJ^2 + TIJ^2)^1/2 + DJ) / 2 + PE + UU
    Total System Jitter     (TSJ):    0.050ns
    Total Input Jitter      (TIJ):    0.000ns
    Discrete Jitter          (DJ):    0.000ns
    Phase Error              (PE):    0.000ns
    User Uncertainty         (UU):    0.300ns
  Timing Exception:       False Path

    Location             Delay type                Incr(ns)  Path(ns)    Netlist Resource(s)
  -------------------------------------------------------------------    -------------------
    U13                                               0.000     0.000 f  rstn (IN)
                         net (fo=0)                   0.000     0.000    rstn
    U13                  IBUF (Prop_ibuf_I_O)         0.984     0.984 f  rstn_IBUF_inst/O
                         net (fo=198, routed)         3.941     4.925    u_aes_slave/u_aes_core/key_schedule_inst/rstn_IBUF
    SLICE_X1Y12          LUT1 (Prop_lut1_I0_O)        0.152     5.077 r  u_aes_slave/u_aes_core/key_schedule_inst/key_state_reg[0][255]_i_1/O
                         net (fo=6481, routed)       40.402    45.479    u_aes_slave/u_aes_core/SR[0]
    SLICE_X39Y99         FDRE                                         r  u_aes_slave/u_aes_core/state_reg_reg[14][50]/R
  -------------------------------------------------------------------    -------------------

                         (clock CLK rise edge)        0.000     0.000 r  
    N15                                               0.000     0.000 r  clk (IN)
                         net (fo=0)                   0.000     0.000    clk
    N15                  IBUF (Prop_ibuf_I_O)         0.814     0.814 r  clk_IBUF_inst/O
                         net (fo=1, routed)           1.911     2.725    clk_IBUF
    BUFGCTRL_X0Y0        BUFG (Prop_bufg_I_O)         0.091     2.816 r  clk_IBUF_BUFG_inst/O
                         net (fo=11156, routed)       1.516     4.333    u_aes_slave/u_aes_core/clk_IBUF_BUFG
    SLICE_X39Y99         FDRE                                         r  u_aes_slave/u_aes_core/state_reg_reg[14][50]/C

Slack:                    inf
  Source:                 rstn
                            (input port)
  Destination:            u_aes_slave/u_aes_core/state_reg_reg[14][53]/R
                            (rising edge-triggered cell FDRE clocked by CLK  {rise@0.000ns fall@10.000ns period=20.000ns})
  Path Group:             (none)
  Path Type:              Setup (Max at Slow Process Corner)
  Data Path Delay:        45.479ns  (logic 1.136ns (2.497%)  route 44.343ns (97.503%))
  Logic Levels:           2  (IBUF=1 LUT1=1)
  Clock Path Skew:        4.333ns (DCD - SCD + CPR)
    Destination Clock Delay (DCD):    4.333ns
    Source Clock Delay      (SCD):    0.000ns
    Clock Pessimism Removal (CPR):    0.000ns
  Clock Uncertainty:      0.325ns  ((TSJ^2 + TIJ^2)^1/2 + DJ) / 2 + PE + UU
    Total System Jitter     (TSJ):    0.050ns
    Total Input Jitter      (TIJ):    0.000ns
    Discrete Jitter          (DJ):    0.000ns
    Phase Error              (PE):    0.000ns
    User Uncertainty         (UU):    0.300ns
  Timing Exception:       False Path

    Location             Delay type                Incr(ns)  Path(ns)    Netlist Resource(s)
  -------------------------------------------------------------------    -------------------
    U13                                               0.000     0.000 f  rstn (IN)
                         net (fo=0)                   0.000     0.000    rstn
    U13                  IBUF (Prop_ibuf_I_O)         0.984     0.984 f  rstn_IBUF_inst/O
                         net (fo=198, routed)         3.941     4.925    u_aes_slave/u_aes_core/key_schedule_inst/rstn_IBUF
    SLICE_X1Y12          LUT1 (Prop_lut1_I0_O)        0.152     5.077 r  u_aes_slave/u_aes_core/key_schedule_inst/key_state_reg[0][255]_i_1/O
                         net (fo=6481, routed)       40.402    45.479    u_aes_slave/u_aes_core/SR[0]
    SLICE_X39Y99         FDRE                                         r  u_aes_slave/u_aes_core/state_reg_reg[14][53]/R
  -------------------------------------------------------------------    -------------------

                         (clock CLK rise edge)        0.000     0.000 r  
    N15                                               0.000     0.000 r  clk (IN)
                         net (fo=0)                   0.000     0.000    clk
    N15                  IBUF (Prop_ibuf_I_O)         0.814     0.814 r  clk_IBUF_inst/O
                         net (fo=1, routed)           1.911     2.725    clk_IBUF
    BUFGCTRL_X0Y0        BUFG (Prop_bufg_I_O)         0.091     2.816 r  clk_IBUF_BUFG_inst/O
                         net (fo=11156, routed)       1.516     4.333    u_aes_slave/u_aes_core/clk_IBUF_BUFG
    SLICE_X39Y99         FDRE                                         r  u_aes_slave/u_aes_core/state_reg_reg[14][53]/C

Slack:                    inf
  Source:                 rstn
                            (input port)
  Destination:            u_aes_slave/u_aes_core/state_reg_reg[13][113]/R
                            (rising edge-triggered cell FDRE clocked by CLK  {rise@0.000ns fall@10.000ns period=20.000ns})
  Path Group:             (none)
  Path Type:              Setup (Max at Slow Process Corner)
  Data Path Delay:        45.200ns  (logic 1.136ns (2.512%)  route 44.064ns (97.488%))
  Logic Levels:           2  (IBUF=1 LUT1=1)
  Clock Path Skew:        4.333ns (DCD - SCD + CPR)
    Destination Clock Delay (DCD):    4.333ns
    Source Clock Delay      (SCD):    0.000ns
    Clock Pessimism Removal (CPR):    0.000ns
  Clock Uncertainty:      0.325ns  ((TSJ^2 + TIJ^2)^1/2 + DJ) / 2 + PE + UU
    Total System Jitter     (TSJ):    0.050ns
    Total Input Jitter      (TIJ):    0.000ns
    Discrete Jitter          (DJ):    0.000ns
    Phase Error              (PE):    0.000ns
    User Uncertainty         (UU):    0.300ns
  Timing Exception:       False Path

    Location             Delay type                Incr(ns)  Path(ns)    Netlist Resource(s)
  -------------------------------------------------------------------    -------------------
    U13                                               0.000     0.000 f  rstn (IN)
                         net (fo=0)                   0.000     0.000    rstn
    U13                  IBUF (Prop_ibuf_I_O)         0.984     0.984 f  rstn_IBUF_inst/O
                         net (fo=198, routed)         3.941     4.925    u_aes_slave/u_aes_core/key_schedule_inst/rstn_IBUF
    SLICE_X1Y12          LUT1 (Prop_lut1_I0_O)        0.152     5.077 r  u_aes_slave/u_aes_core/key_schedule_inst/key_state_reg[0][255]_i_1/O
                         net (fo=6481, routed)       40.123    45.200    u_aes_slave/u_aes_core/SR[0]
    SLICE_X38Y97         FDRE                                         r  u_aes_slave/u_aes_core/state_reg_reg[13][113]/R
  -------------------------------------------------------------------    -------------------

                         (clock CLK rise edge)        0.000     0.000 r  
    N15                                               0.000     0.000 r  clk (IN)
                         net (fo=0)                   0.000     0.000    clk
    N15                  IBUF (Prop_ibuf_I_O)         0.814     0.814 r  clk_IBUF_inst/O
                         net (fo=1, routed)           1.911     2.725    clk_IBUF
    BUFGCTRL_X0Y0        BUFG (Prop_bufg_I_O)         0.091     2.816 r  clk_IBUF_BUFG_inst/O
                         net (fo=11156, routed)       1.516     4.333    u_aes_slave/u_aes_core/clk_IBUF_BUFG
    SLICE_X38Y97         FDRE                                         r  u_aes_slave/u_aes_core/state_reg_reg[13][113]/C

Slack:                    inf
  Source:                 rstn
                            (input port)
  Destination:            u_aes_slave/u_aes_core/state_reg_reg[13][116]/R
                            (rising edge-triggered cell FDRE clocked by CLK  {rise@0.000ns fall@10.000ns period=20.000ns})
  Path Group:             (none)
  Path Type:              Setup (Max at Slow Process Corner)
  Data Path Delay:        45.200ns  (logic 1.136ns (2.512%)  route 44.064ns (97.488%))
  Logic Levels:           2  (IBUF=1 LUT1=1)
  Clock Path Skew:        4.333ns (DCD - SCD + CPR)
    Destination Clock Delay (DCD):    4.333ns
    Source Clock Delay      (SCD):    0.000ns
    Clock Pessimism Removal (CPR):    0.000ns
  Clock Uncertainty:      0.325ns  ((TSJ^2 + TIJ^2)^1/2 + DJ) / 2 + PE + UU
    Total System Jitter     (TSJ):    0.050ns
    Total Input Jitter      (TIJ):    0.000ns
    Discrete Jitter          (DJ):    0.000ns
    Phase Error              (PE):    0.000ns
    User Uncertainty         (UU):    0.300ns
  Timing Exception:       False Path

    Location             Delay type                Incr(ns)  Path(ns)    Netlist Resource(s)
  -------------------------------------------------------------------    -------------------
    U13                                               0.000     0.000 f  rstn (IN)
                         net (fo=0)                   0.000     0.000    rstn
    U13                  IBUF (Prop_ibuf_I_O)         0.984     0.984 f  rstn_IBUF_inst/O
                         net (fo=198, routed)         3.941     4.925    u_aes_slave/u_aes_core/key_schedule_inst/rstn_IBUF
    SLICE_X1Y12          LUT1 (Prop_lut1_I0_O)        0.152     5.077 r  u_aes_slave/u_aes_core/key_schedule_inst/key_state_reg[0][255]_i_1/O
                         net (fo=6481, routed)       40.123    45.200    u_aes_slave/u_aes_core/SR[0]
    SLICE_X38Y97         FDRE                                         r  u_aes_slave/u_aes_core/state_reg_reg[13][116]/R
  -------------------------------------------------------------------    -------------------

                         (clock CLK rise edge)        0.000     0.000 r  
    N15                                               0.000     0.000 r  clk (IN)
                         net (fo=0)                   0.000     0.000    clk
    N15                  IBUF (Prop_ibuf_I_O)         0.814     0.814 r  clk_IBUF_inst/O
                         net (fo=1, routed)           1.911     2.725    clk_IBUF
    BUFGCTRL_X0Y0        BUFG (Prop_bufg_I_O)         0.091     2.816 r  clk_IBUF_BUFG_inst/O
                         net (fo=11156, routed)       1.516     4.333    u_aes_slave/u_aes_core/clk_IBUF_BUFG
    SLICE_X38Y97         FDRE                                         r  u_aes_slave/u_aes_core/state_reg_reg[13][116]/C

Slack:                    inf
  Source:                 rstn
                            (input port)
  Destination:            u_aes_slave/u_aes_core/state_reg_reg[14][20]/R
                            (rising edge-triggered cell FDRE clocked by CLK  {rise@0.000ns fall@10.000ns period=20.000ns})
  Path Group:             (none)
  Path Type:              Setup (Max at Slow Process Corner)
  Data Path Delay:        45.200ns  (logic 1.136ns (2.512%)  route 44.064ns (97.488%))
  Logic Levels:           2  (IBUF=1 LUT1=1)
  Clock Path Skew:        4.333ns (DCD - SCD + CPR)
    Destination Clock Delay (DCD):    4.333ns
    Source Clock Delay      (SCD):    0.000ns
    Clock Pessimism Removal (CPR):    0.000ns
  Clock Uncertainty:      0.325ns  ((TSJ^2 + TIJ^2)^1/2 + DJ) / 2 + PE + UU
    Total System Jitter     (TSJ):    0.050ns
    Total Input Jitter      (TIJ):    0.000ns
    Discrete Jitter          (DJ):    0.000ns
    Phase Error              (PE):    0.000ns
    User Uncertainty         (UU):    0.300ns
  Timing Exception:       False Path

    Location             Delay type                Incr(ns)  Path(ns)    Netlist Resource(s)
  -------------------------------------------------------------------    -------------------
    U13                                               0.000     0.000 f  rstn (IN)
                         net (fo=0)                   0.000     0.000    rstn
    U13                  IBUF (Prop_ibuf_I_O)         0.984     0.984 f  rstn_IBUF_inst/O
                         net (fo=198, routed)         3.941     4.925    u_aes_slave/u_aes_core/key_schedule_inst/rstn_IBUF
    SLICE_X1Y12          LUT1 (Prop_lut1_I0_O)        0.152     5.077 r  u_aes_slave/u_aes_core/key_schedule_inst/key_state_reg[0][255]_i_1/O
                         net (fo=6481, routed)       40.123    45.200    u_aes_slave/u_aes_core/SR[0]
    SLICE_X39Y97         FDRE                                         r  u_aes_slave/u_aes_core/state_reg_reg[14][20]/R
  -------------------------------------------------------------------    -------------------

                         (clock CLK rise edge)        0.000     0.000 r  
    N15                                               0.000     0.000 r  clk (IN)
                         net (fo=0)                   0.000     0.000    clk
    N15                  IBUF (Prop_ibuf_I_O)         0.814     0.814 r  clk_IBUF_inst/O
                         net (fo=1, routed)           1.911     2.725    clk_IBUF
    BUFGCTRL_X0Y0        BUFG (Prop_bufg_I_O)         0.091     2.816 r  clk_IBUF_BUFG_inst/O
                         net (fo=11156, routed)       1.516     4.333    u_aes_slave/u_aes_core/clk_IBUF_BUFG
    SLICE_X39Y97         FDRE                                         r  u_aes_slave/u_aes_core/state_reg_reg[14][20]/C

Slack:                    inf
  Source:                 rstn
                            (input port)
  Destination:            u_aes_slave/u_aes_core/state_reg_reg[14][42]/R
                            (rising edge-triggered cell FDRE clocked by CLK  {rise@0.000ns fall@10.000ns period=20.000ns})
  Path Group:             (none)
  Path Type:              Setup (Max at Slow Process Corner)
  Data Path Delay:        45.200ns  (logic 1.136ns (2.512%)  route 44.064ns (97.488%))
  Logic Levels:           2  (IBUF=1 LUT1=1)
  Clock Path Skew:        4.333ns (DCD - SCD + CPR)
    Destination Clock Delay (DCD):    4.333ns
    Source Clock Delay      (SCD):    0.000ns
    Clock Pessimism Removal (CPR):    0.000ns
  Clock Uncertainty:      0.325ns  ((TSJ^2 + TIJ^2)^1/2 + DJ) / 2 + PE + UU
    Total System Jitter     (TSJ):    0.050ns
    Total Input Jitter      (TIJ):    0.000ns
    Discrete Jitter          (DJ):    0.000ns
    Phase Error              (PE):    0.000ns
    User Uncertainty         (UU):    0.300ns
  Timing Exception:       False Path

    Location             Delay type                Incr(ns)  Path(ns)    Netlist Resource(s)
  -------------------------------------------------------------------    -------------------
    U13                                               0.000     0.000 f  rstn (IN)
                         net (fo=0)                   0.000     0.000    rstn
    U13                  IBUF (Prop_ibuf_I_O)         0.984     0.984 f  rstn_IBUF_inst/O
                         net (fo=198, routed)         3.941     4.925    u_aes_slave/u_aes_core/key_schedule_inst/rstn_IBUF
    SLICE_X1Y12          LUT1 (Prop_lut1_I0_O)        0.152     5.077 r  u_aes_slave/u_aes_core/key_schedule_inst/key_state_reg[0][255]_i_1/O
                         net (fo=6481, routed)       40.123    45.200    u_aes_slave/u_aes_core/SR[0]
    SLICE_X38Y97         FDRE                                         r  u_aes_slave/u_aes_core/state_reg_reg[14][42]/R
  -------------------------------------------------------------------    -------------------

                         (clock CLK rise edge)        0.000     0.000 r  
    N15                                               0.000     0.000 r  clk (IN)
                         net (fo=0)                   0.000     0.000    clk
    N15                  IBUF (Prop_ibuf_I_O)         0.814     0.814 r  clk_IBUF_inst/O
                         net (fo=1, routed)           1.911     2.725    clk_IBUF
    BUFGCTRL_X0Y0        BUFG (Prop_bufg_I_O)         0.091     2.816 r  clk_IBUF_BUFG_inst/O
                         net (fo=11156, routed)       1.516     4.333    u_aes_slave/u_aes_core/clk_IBUF_BUFG
    SLICE_X38Y97         FDRE                                         r  u_aes_slave/u_aes_core/state_reg_reg[14][42]/C

Slack:                    inf
  Source:                 rstn
                            (input port)
  Destination:            u_aes_slave/u_aes_core/state_reg_reg[14][48]/R
                            (rising edge-triggered cell FDRE clocked by CLK  {rise@0.000ns fall@10.000ns period=20.000ns})
  Path Group:             (none)
  Path Type:              Setup (Max at Slow Process Corner)
  Data Path Delay:        45.200ns  (logic 1.136ns (2.512%)  route 44.064ns (97.488%))
  Logic Levels:           2  (IBUF=1 LUT1=1)
  Clock Path Skew:        4.333ns (DCD - SCD + CPR)
    Destination Clock Delay (DCD):    4.333ns
    Source Clock Delay      (SCD):    0.000ns
    Clock Pessimism Removal (CPR):    0.000ns
  Clock Uncertainty:      0.325ns  ((TSJ^2 + TIJ^2)^1/2 + DJ) / 2 + PE + UU
    Total System Jitter     (TSJ):    0.050ns
    Total Input Jitter      (TIJ):    0.000ns
    Discrete Jitter          (DJ):    0.000ns
    Phase Error              (PE):    0.000ns
    User Uncertainty         (UU):    0.300ns
  Timing Exception:       False Path

    Location             Delay type                Incr(ns)  Path(ns)    Netlist Resource(s)
  -------------------------------------------------------------------    -------------------
    U13                                               0.000     0.000 f  rstn (IN)
                         net (fo=0)                   0.000     0.000    rstn
    U13                  IBUF (Prop_ibuf_I_O)         0.984     0.984 f  rstn_IBUF_inst/O
                         net (fo=198, routed)         3.941     4.925    u_aes_slave/u_aes_core/key_schedule_inst/rstn_IBUF
    SLICE_X1Y12          LUT1 (Prop_lut1_I0_O)        0.152     5.077 r  u_aes_slave/u_aes_core/key_schedule_inst/key_state_reg[0][255]_i_1/O
                         net (fo=6481, routed)       40.123    45.200    u_aes_slave/u_aes_core/SR[0]
    SLICE_X39Y97         FDRE                                         r  u_aes_slave/u_aes_core/state_reg_reg[14][48]/R
  -------------------------------------------------------------------    -------------------

                         (clock CLK rise edge)        0.000     0.000 r  
    N15                                               0.000     0.000 r  clk (IN)
                         net (fo=0)                   0.000     0.000    clk
    N15                  IBUF (Prop_ibuf_I_O)         0.814     0.814 r  clk_IBUF_inst/O
                         net (fo=1, routed)           1.911     2.725    clk_IBUF
    BUFGCTRL_X0Y0        BUFG (Prop_bufg_I_O)         0.091     2.816 r  clk_IBUF_BUFG_inst/O
                         net (fo=11156, routed)       1.516     4.333    u_aes_slave/u_aes_core/clk_IBUF_BUFG
    SLICE_X39Y97         FDRE                                         r  u_aes_slave/u_aes_core/state_reg_reg[14][48]/C

Slack:                    inf
  Source:                 rstn
                            (input port)
  Destination:            u_aes_slave/ct_q_reg[0][10]/R
                            (rising edge-triggered cell FDRE clocked by CLK  {rise@0.000ns fall@10.000ns period=20.000ns})
  Path Group:             (none)
  Path Type:              Setup (Max at Slow Process Corner)
  Data Path Delay:        45.143ns  (logic 1.136ns (2.516%)  route 44.007ns (97.484%))
  Logic Levels:           2  (IBUF=1 LUT1=1)
  Clock Path Skew:        4.333ns (DCD - SCD + CPR)
    Destination Clock Delay (DCD):    4.333ns
    Source Clock Delay      (SCD):    0.000ns
    Clock Pessimism Removal (CPR):    0.000ns
  Clock Uncertainty:      0.325ns  ((TSJ^2 + TIJ^2)^1/2 + DJ) / 2 + PE + UU
    Total System Jitter     (TSJ):    0.050ns
    Total Input Jitter      (TIJ):    0.000ns
    Discrete Jitter          (DJ):    0.000ns
    Phase Error              (PE):    0.000ns
    User Uncertainty         (UU):    0.300ns
  Timing Exception:       False Path

    Location             Delay type                Incr(ns)  Path(ns)    Netlist Resource(s)
  -------------------------------------------------------------------    -------------------
    U13                                               0.000     0.000 f  rstn (IN)
                         net (fo=0)                   0.000     0.000    rstn
    U13                  IBUF (Prop_ibuf_I_O)         0.984     0.984 f  rstn_IBUF_inst/O
                         net (fo=198, routed)         3.941     4.925    u_aes_slave/u_aes_core/key_schedule_inst/rstn_IBUF
    SLICE_X1Y12          LUT1 (Prop_lut1_I0_O)        0.152     5.077 r  u_aes_slave/u_aes_core/key_schedule_inst/key_state_reg[0][255]_i_1/O
                         net (fo=6481, routed)       40.066    45.143    u_aes_slave/wb_debug__0[0]
    SLICE_X40Y99         FDRE                                         r  u_aes_slave/ct_q_reg[0][10]/R
  -------------------------------------------------------------------    -------------------

                         (clock CLK rise edge)        0.000     0.000 r  
    N15                                               0.000     0.000 r  clk (IN)
                         net (fo=0)                   0.000     0.000    clk
    N15                  IBUF (Prop_ibuf_I_O)         0.814     0.814 r  clk_IBUF_inst/O
                         net (fo=1, routed)           1.911     2.725    clk_IBUF
    BUFGCTRL_X0Y0        BUFG (Prop_bufg_I_O)         0.091     2.816 r  clk_IBUF_BUFG_inst/O
                         net (fo=11156, routed)       1.516     4.333    u_aes_slave/clk_IBUF_BUFG
    SLICE_X40Y99         FDRE                                         r  u_aes_slave/ct_q_reg[0][10]/C

Slack:                    inf
  Source:                 rstn
                            (input port)
  Destination:            u_aes_slave/ct_q_reg[1][10]/R
                            (rising edge-triggered cell FDRE clocked by CLK  {rise@0.000ns fall@10.000ns period=20.000ns})
  Path Group:             (none)
  Path Type:              Setup (Max at Slow Process Corner)
  Data Path Delay:        45.143ns  (logic 1.136ns (2.516%)  route 44.007ns (97.484%))
  Logic Levels:           2  (IBUF=1 LUT1=1)
  Clock Path Skew:        4.333ns (DCD - SCD + CPR)
    Destination Clock Delay (DCD):    4.333ns
    Source Clock Delay      (SCD):    0.000ns
    Clock Pessimism Removal (CPR):    0.000ns
  Clock Uncertainty:      0.325ns  ((TSJ^2 + TIJ^2)^1/2 + DJ) / 2 + PE + UU
    Total System Jitter     (TSJ):    0.050ns
    Total Input Jitter      (TIJ):    0.000ns
    Discrete Jitter          (DJ):    0.000ns
    Phase Error              (PE):    0.000ns
    User Uncertainty         (UU):    0.300ns
  Timing Exception:       False Path

    Location             Delay type                Incr(ns)  Path(ns)    Netlist Resource(s)
  -------------------------------------------------------------------    -------------------
    U13                                               0.000     0.000 f  rstn (IN)
                         net (fo=0)                   0.000     0.000    rstn
    U13                  IBUF (Prop_ibuf_I_O)         0.984     0.984 f  rstn_IBUF_inst/O
                         net (fo=198, routed)         3.941     4.925    u_aes_slave/u_aes_core/key_schedule_inst/rstn_IBUF
    SLICE_X1Y12          LUT1 (Prop_lut1_I0_O)        0.152     5.077 r  u_aes_slave/u_aes_core/key_schedule_inst/key_state_reg[0][255]_i_1/O
                         net (fo=6481, routed)       40.066    45.143    u_aes_slave/wb_debug__0[0]
    SLICE_X40Y99         FDRE                                         r  u_aes_slave/ct_q_reg[1][10]/R
  -------------------------------------------------------------------    -------------------

                         (clock CLK rise edge)        0.000     0.000 r  
    N15                                               0.000     0.000 r  clk (IN)
                         net (fo=0)                   0.000     0.000    clk
    N15                  IBUF (Prop_ibuf_I_O)         0.814     0.814 r  clk_IBUF_inst/O
                         net (fo=1, routed)           1.911     2.725    clk_IBUF
    BUFGCTRL_X0Y0        BUFG (Prop_bufg_I_O)         0.091     2.816 r  clk_IBUF_BUFG_inst/O
                         net (fo=11156, routed)       1.516     4.333    u_aes_slave/clk_IBUF_BUFG
    SLICE_X40Y99         FDRE                                         r  u_aes_slave/ct_q_reg[1][10]/C

Slack:                    inf
  Source:                 rstn
                            (input port)
  Destination:            u_aes_slave/ct_q_reg[2][10]/R
                            (rising edge-triggered cell FDRE clocked by CLK  {rise@0.000ns fall@10.000ns period=20.000ns})
  Path Group:             (none)
  Path Type:              Setup (Max at Slow Process Corner)
  Data Path Delay:        45.143ns  (logic 1.136ns (2.516%)  route 44.007ns (97.484%))
  Logic Levels:           2  (IBUF=1 LUT1=1)
  Clock Path Skew:        4.333ns (DCD - SCD + CPR)
    Destination Clock Delay (DCD):    4.333ns
    Source Clock Delay      (SCD):    0.000ns
    Clock Pessimism Removal (CPR):    0.000ns
  Clock Uncertainty:      0.325ns  ((TSJ^2 + TIJ^2)^1/2 + DJ) / 2 + PE + UU
    Total System Jitter     (TSJ):    0.050ns
    Total Input Jitter      (TIJ):    0.000ns
    Discrete Jitter          (DJ):    0.000ns
    Phase Error              (PE):    0.000ns
    User Uncertainty         (UU):    0.300ns
  Timing Exception:       False Path

    Location             Delay type                Incr(ns)  Path(ns)    Netlist Resource(s)
  -------------------------------------------------------------------    -------------------
    U13                                               0.000     0.000 f  rstn (IN)
                         net (fo=0)                   0.000     0.000    rstn
    U13                  IBUF (Prop_ibuf_I_O)         0.984     0.984 f  rstn_IBUF_inst/O
                         net (fo=198, routed)         3.941     4.925    u_aes_slave/u_aes_core/key_schedule_inst/rstn_IBUF
    SLICE_X1Y12          LUT1 (Prop_lut1_I0_O)        0.152     5.077 r  u_aes_slave/u_aes_core/key_schedule_inst/key_state_reg[0][255]_i_1/O
                         net (fo=6481, routed)       40.066    45.143    u_aes_slave/wb_debug__0[0]
    SLICE_X40Y99         FDRE                                         r  u_aes_slave/ct_q_reg[2][10]/R
  -------------------------------------------------------------------    -------------------

                         (clock CLK rise edge)        0.000     0.000 r  
    N15                                               0.000     0.000 r  clk (IN)
                         net (fo=0)                   0.000     0.000    clk
    N15                  IBUF (Prop_ibuf_I_O)         0.814     0.814 r  clk_IBUF_inst/O
                         net (fo=1, routed)           1.911     2.725    clk_IBUF
    BUFGCTRL_X0Y0        BUFG (Prop_bufg_I_O)         0.091     2.816 r  clk_IBUF_BUFG_inst/O
                         net (fo=11156, routed)       1.516     4.333    u_aes_slave/clk_IBUF_BUFG
    SLICE_X40Y99         FDRE                                         r  u_aes_slave/ct_q_reg[2][10]/C

Slack:                    inf
  Source:                 rstn
                            (input port)
  Destination:            u_aes_slave/ct_q_reg[3][10]/R
                            (rising edge-triggered cell FDRE clocked by CLK  {rise@0.000ns fall@10.000ns period=20.000ns})
  Path Group:             (none)
  Path Type:              Setup (Max at Slow Process Corner)
  Data Path Delay:        45.143ns  (logic 1.136ns (2.516%)  route 44.007ns (97.484%))
  Logic Levels:           2  (IBUF=1 LUT1=1)
  Clock Path Skew:        4.333ns (DCD - SCD + CPR)
    Destination Clock Delay (DCD):    4.333ns
    Source Clock Delay      (SCD):    0.000ns
    Clock Pessimism Removal (CPR):    0.000ns
  Clock Uncertainty:      0.325ns  ((TSJ^2 + TIJ^2)^1/2 + DJ) / 2 + PE + UU
    Total System Jitter     (TSJ):    0.050ns
    Total Input Jitter      (TIJ):    0.000ns
    Discrete Jitter          (DJ):    0.000ns
    Phase Error              (PE):    0.000ns
    User Uncertainty         (UU):    0.300ns
  Timing Exception:       False Path

    Location             Delay type                Incr(ns)  Path(ns)    Netlist Resource(s)
  -------------------------------------------------------------------    -------------------
    U13                                               0.000     0.000 f  rstn (IN)
                         net (fo=0)                   0.000     0.000    rstn
    U13                  IBUF (Prop_ibuf_I_O)         0.984     0.984 f  rstn_IBUF_inst/O
                         net (fo=198, routed)         3.941     4.925    u_aes_slave/u_aes_core/key_schedule_inst/rstn_IBUF
    SLICE_X1Y12          LUT1 (Prop_lut1_I0_O)        0.152     5.077 r  u_aes_slave/u_aes_core/key_schedule_inst/key_state_reg[0][255]_i_1/O
                         net (fo=6481, routed)       40.066    45.143    u_aes_slave/wb_debug__0[0]
    SLICE_X40Y99         FDRE                                         r  u_aes_slave/ct_q_reg[3][10]/R
  -------------------------------------------------------------------    -------------------

                         (clock CLK rise edge)        0.000     0.000 r  
    N15                                               0.000     0.000 r  clk (IN)
                         net (fo=0)                   0.000     0.000    clk
    N15                  IBUF (Prop_ibuf_I_O)         0.814     0.814 r  clk_IBUF_inst/O
                         net (fo=1, routed)           1.911     2.725    clk_IBUF
    BUFGCTRL_X0Y0        BUFG (Prop_bufg_I_O)         0.091     2.816 r  clk_IBUF_BUFG_inst/O
                         net (fo=11156, routed)       1.516     4.333    u_aes_slave/clk_IBUF_BUFG
    SLICE_X40Y99         FDRE                                         r  u_aes_slave/ct_q_reg[3][10]/C

Slack:                    inf
  Source:                 rstn
                            (input port)
  Destination:            u_aes_slave/u_aes_core/state_reg_reg[14][21]/R
                            (rising edge-triggered cell FDRE clocked by CLK  {rise@0.000ns fall@10.000ns period=20.000ns})
  Path Group:             (none)
  Path Type:              Setup (Max at Slow Process Corner)
  Data Path Delay:        45.139ns  (logic 1.136ns (2.516%)  route 44.003ns (97.484%))
  Logic Levels:           2  (IBUF=1 LUT1=1)
  Clock Path Skew:        4.333ns (DCD - SCD + CPR)
    Destination Clock Delay (DCD):    4.333ns
    Source Clock Delay      (SCD):    0.000ns
    Clock Pessimism Removal (CPR):    0.000ns
  Clock Uncertainty:      0.325ns  ((TSJ^2 + TIJ^2)^1/2 + DJ) / 2 + PE + UU
    Total System Jitter     (TSJ):    0.050ns
    Total Input Jitter      (TIJ):    0.000ns
    Discrete Jitter          (DJ):    0.000ns
    Phase Error              (PE):    0.000ns
    User Uncertainty         (UU):    0.300ns
  Timing Exception:       False Path

    Location             Delay type                Incr(ns)  Path(ns)    Netlist Resource(s)
  -------------------------------------------------------------------    -------------------
    U13                                               0.000     0.000 f  rstn (IN)
                         net (fo=0)                   0.000     0.000    rstn
    U13                  IBUF (Prop_ibuf_I_O)         0.984     0.984 f  rstn_IBUF_inst/O
                         net (fo=198, routed)         3.941     4.925    u_aes_slave/u_aes_core/key_schedule_inst/rstn_IBUF
    SLICE_X1Y12          LUT1 (Prop_lut1_I0_O)        0.152     5.077 r  u_aes_slave/u_aes_core/key_schedule_inst/key_state_reg[0][255]_i_1/O
                         net (fo=6481, routed)       40.062    45.139    u_aes_slave/u_aes_core/SR[0]
    SLICE_X41Y99         FDRE                                         r  u_aes_slave/u_aes_core/state_reg_reg[14][21]/R
  -------------------------------------------------------------------    -------------------

                         (clock CLK rise edge)        0.000     0.000 r  
    N15                                               0.000     0.000 r  clk (IN)
                         net (fo=0)                   0.000     0.000    clk
    N15                  IBUF (Prop_ibuf_I_O)         0.814     0.814 r  clk_IBUF_inst/O
                         net (fo=1, routed)           1.911     2.725    clk_IBUF
    BUFGCTRL_X0Y0        BUFG (Prop_bufg_I_O)         0.091     2.816 r  clk_IBUF_BUFG_inst/O
                         net (fo=11156, routed)       1.516     4.333    u_aes_slave/u_aes_core/clk_IBUF_BUFG
    SLICE_X41Y99         FDRE                                         r  u_aes_slave/u_aes_core/state_reg_reg[14][21]/C

Slack:                    inf
  Source:                 rstn
                            (input port)
  Destination:            u_aes_slave/u_aes_core/state_reg_reg[14][22]/R
                            (rising edge-triggered cell FDRE clocked by CLK  {rise@0.000ns fall@10.000ns period=20.000ns})
  Path Group:             (none)
  Path Type:              Setup (Max at Slow Process Corner)
  Data Path Delay:        45.139ns  (logic 1.136ns (2.516%)  route 44.003ns (97.484%))
  Logic Levels:           2  (IBUF=1 LUT1=1)
  Clock Path Skew:        4.333ns (DCD - SCD + CPR)
    Destination Clock Delay (DCD):    4.333ns
    Source Clock Delay      (SCD):    0.000ns
    Clock Pessimism Removal (CPR):    0.000ns
  Clock Uncertainty:      0.325ns  ((TSJ^2 + TIJ^2)^1/2 + DJ) / 2 + PE + UU
    Total System Jitter     (TSJ):    0.050ns
    Total Input Jitter      (TIJ):    0.000ns
    Discrete Jitter          (DJ):    0.000ns
    Phase Error              (PE):    0.000ns
    User Uncertainty         (UU):    0.300ns
  Timing Exception:       False Path

    Location             Delay type                Incr(ns)  Path(ns)    Netlist Resource(s)
  -------------------------------------------------------------------    -------------------
    U13                                               0.000     0.000 f  rstn (IN)
                         net (fo=0)                   0.000     0.000    rstn
    U13                  IBUF (Prop_ibuf_I_O)         0.984     0.984 f  rstn_IBUF_inst/O
                         net (fo=198, routed)         3.941     4.925    u_aes_slave/u_aes_core/key_schedule_inst/rstn_IBUF
    SLICE_X1Y12          LUT1 (Prop_lut1_I0_O)        0.152     5.077 r  u_aes_slave/u_aes_core/key_schedule_inst/key_state_reg[0][255]_i_1/O
                         net (fo=6481, routed)       40.062    45.139    u_aes_slave/u_aes_core/SR[0]
    SLICE_X41Y99         FDRE                                         r  u_aes_slave/u_aes_core/state_reg_reg[14][22]/R
  -------------------------------------------------------------------    -------------------

                         (clock CLK rise edge)        0.000     0.000 r  
    N15                                               0.000     0.000 r  clk (IN)
                         net (fo=0)                   0.000     0.000    clk
    N15                  IBUF (Prop_ibuf_I_O)         0.814     0.814 r  clk_IBUF_inst/O
                         net (fo=1, routed)           1.911     2.725    clk_IBUF
    BUFGCTRL_X0Y0        BUFG (Prop_bufg_I_O)         0.091     2.816 r  clk_IBUF_BUFG_inst/O
                         net (fo=11156, routed)       1.516     4.333    u_aes_slave/u_aes_core/clk_IBUF_BUFG
    SLICE_X41Y99         FDRE                                         r  u_aes_slave/u_aes_core/state_reg_reg[14][22]/C

Slack:                    inf
  Source:                 rstn
                            (input port)
  Destination:            u_aes_slave/u_aes_core/state_reg_reg[14][23]/R
                            (rising edge-triggered cell FDRE clocked by CLK  {rise@0.000ns fall@10.000ns period=20.000ns})
  Path Group:             (none)
  Path Type:              Setup (Max at Slow Process Corner)
  Data Path Delay:        45.139ns  (logic 1.136ns (2.516%)  route 44.003ns (97.484%))
  Logic Levels:           2  (IBUF=1 LUT1=1)
  Clock Path Skew:        4.333ns (DCD - SCD + CPR)
    Destination Clock Delay (DCD):    4.333ns
    Source Clock Delay      (SCD):    0.000ns
    Clock Pessimism Removal (CPR):    0.000ns
  Clock Uncertainty:      0.325ns  ((TSJ^2 + TIJ^2)^1/2 + DJ) / 2 + PE + UU
    Total System Jitter     (TSJ):    0.050ns
    Total Input Jitter      (TIJ):    0.000ns
    Discrete Jitter          (DJ):    0.000ns
    Phase Error              (PE):    0.000ns
    User Uncertainty         (UU):    0.300ns
  Timing Exception:       False Path

    Location             Delay type                Incr(ns)  Path(ns)    Netlist Resource(s)
  -------------------------------------------------------------------    -------------------
    U13                                               0.000     0.000 f  rstn (IN)
                         net (fo=0)                   0.000     0.000    rstn
    U13                  IBUF (Prop_ibuf_I_O)         0.984     0.984 f  rstn_IBUF_inst/O
                         net (fo=198, routed)         3.941     4.925    u_aes_slave/u_aes_core/key_schedule_inst/rstn_IBUF
    SLICE_X1Y12          LUT1 (Prop_lut1_I0_O)        0.152     5.077 r  u_aes_slave/u_aes_core/key_schedule_inst/key_state_reg[0][255]_i_1/O
                         net (fo=6481, routed)       40.062    45.139    u_aes_slave/u_aes_core/SR[0]
    SLICE_X41Y99         FDRE                                         r  u_aes_slave/u_aes_core/state_reg_reg[14][23]/R
  -------------------------------------------------------------------    -------------------

                         (clock CLK rise edge)        0.000     0.000 r  
    N15                                               0.000     0.000 r  clk (IN)
                         net (fo=0)                   0.000     0.000    clk
    N15                  IBUF (Prop_ibuf_I_O)         0.814     0.814 r  clk_IBUF_inst/O
                         net (fo=1, routed)           1.911     2.725    clk_IBUF
    BUFGCTRL_X0Y0        BUFG (Prop_bufg_I_O)         0.091     2.816 r  clk_IBUF_BUFG_inst/O
                         net (fo=11156, routed)       1.516     4.333    u_aes_slave/u_aes_core/clk_IBUF_BUFG
    SLICE_X41Y99         FDRE                                         r  u_aes_slave/u_aes_core/state_reg_reg[14][23]/C

Slack:                    inf
  Source:                 rstn
                            (input port)
  Destination:            u_aes_slave/u_aes_core/state_reg_reg[14][54]/R
                            (rising edge-triggered cell FDRE clocked by CLK  {rise@0.000ns fall@10.000ns period=20.000ns})
  Path Group:             (none)
  Path Type:              Setup (Max at Slow Process Corner)
  Data Path Delay:        45.139ns  (logic 1.136ns (2.516%)  route 44.003ns (97.484%))
  Logic Levels:           2  (IBUF=1 LUT1=1)
  Clock Path Skew:        4.333ns (DCD - SCD + CPR)
    Destination Clock Delay (DCD):    4.333ns
    Source Clock Delay      (SCD):    0.000ns
    Clock Pessimism Removal (CPR):    0.000ns
  Clock Uncertainty:      0.325ns  ((TSJ^2 + TIJ^2)^1/2 + DJ) / 2 + PE + UU
    Total System Jitter     (TSJ):    0.050ns
    Total Input Jitter      (TIJ):    0.000ns
    Discrete Jitter          (DJ):    0.000ns
    Phase Error              (PE):    0.000ns
    User Uncertainty         (UU):    0.300ns
  Timing Exception:       False Path

    Location             Delay type                Incr(ns)  Path(ns)    Netlist Resource(s)
  -------------------------------------------------------------------    -------------------
    U13                                               0.000     0.000 f  rstn (IN)
                         net (fo=0)                   0.000     0.000    rstn
    U13                  IBUF (Prop_ibuf_I_O)         0.984     0.984 f  rstn_IBUF_inst/O
                         net (fo=198, routed)         3.941     4.925    u_aes_slave/u_aes_core/key_schedule_inst/rstn_IBUF
    SLICE_X1Y12          LUT1 (Prop_lut1_I0_O)        0.152     5.077 r  u_aes_slave/u_aes_core/key_schedule_inst/key_state_reg[0][255]_i_1/O
                         net (fo=6481, routed)       40.062    45.139    u_aes_slave/u_aes_core/SR[0]
    SLICE_X41Y99         FDRE                                         r  u_aes_slave/u_aes_core/state_reg_reg[14][54]/R
  -------------------------------------------------------------------    -------------------

                         (clock CLK rise edge)        0.000     0.000 r  
    N15                                               0.000     0.000 r  clk (IN)
                         net (fo=0)                   0.000     0.000    clk
    N15                  IBUF (Prop_ibuf_I_O)         0.814     0.814 r  clk_IBUF_inst/O
                         net (fo=1, routed)           1.911     2.725    clk_IBUF
    BUFGCTRL_X0Y0        BUFG (Prop_bufg_I_O)         0.091     2.816 r  clk_IBUF_BUFG_inst/O
                         net (fo=11156, routed)       1.516     4.333    u_aes_slave/u_aes_core/clk_IBUF_BUFG
    SLICE_X41Y99         FDRE                                         r  u_aes_slave/u_aes_core/state_reg_reg[14][54]/C





Min Delay Paths
--------------------------------------------------------------------------------------
Slack:                    inf
  Source:                 rstn
                            (input port)
  Destination:            u_aes_slave/aes_valid_in_q_reg/D
                            (rising edge-triggered cell FDRE clocked by CLK  {rise@0.000ns fall@10.000ns period=20.000ns})
  Path Group:             (none)
  Path Type:              Hold (Min at Fast Process Corner)
  Data Path Delay:        1.075ns  (logic 0.257ns (23.935%)  route 0.818ns (76.065%))
  Logic Levels:           2  (IBUF=1 LUT2=1)
  Clock Path Skew:        2.019ns (DCD - SCD - CPR)
    Destination Clock Delay (DCD):    2.019ns
    Source Clock Delay      (SCD):    0.000ns
    Clock Pessimism Removal (CPR):    -0.000ns
  Timing Exception:       False Path

    Location             Delay type                Incr(ns)  Path(ns)    Netlist Resource(s)
  -------------------------------------------------------------------    -------------------
    U13                                               0.000     0.000 r  rstn (IN)
                         net (fo=0)                   0.000     0.000    rstn
    U13                  IBUF (Prop_ibuf_I_O)         0.212     0.212 r  rstn_IBUF_inst/O
                         net (fo=198, routed)         0.818     1.030    u_aes_slave/rstn_IBUF
    SLICE_X3Y26          LUT2 (Prop_lut2_I1_O)        0.045     1.075 r  u_aes_slave/aes_valid_in_q_i_1/O
                         net (fo=1, routed)           0.000     1.075    u_aes_slave/aes_valid_in_q_i_1_n_0
    SLICE_X3Y26          FDRE                                         r  u_aes_slave/aes_valid_in_q_reg/D
  -------------------------------------------------------------------    -------------------

                         (clock CLK rise edge)        0.000     0.000 r  
    N15                                               0.000     0.000 r  clk (IN)
                         net (fo=0)                   0.000     0.000    clk
    N15                  IBUF (Prop_ibuf_I_O)         0.365     0.365 r  clk_IBUF_inst/O
                         net (fo=1, routed)           0.695     1.060    clk_IBUF
    BUFGCTRL_X0Y0        BUFG (Prop_bufg_I_O)         0.029     1.089 r  clk_IBUF_BUFG_inst/O
                         net (fo=11156, routed)       0.930     2.019    u_aes_slave/clk_IBUF_BUFG
    SLICE_X3Y26          FDRE                                         r  u_aes_slave/aes_valid_in_q_reg/C

Slack:                    inf
  Source:                 rstn
                            (input port)
  Destination:            u_aes_slave/w_hold_q_reg/D
                            (rising edge-triggered cell FDRE clocked by CLK  {rise@0.000ns fall@10.000ns period=20.000ns})
  Path Group:             (none)
  Path Type:              Hold (Min at Fast Process Corner)
  Data Path Delay:        1.122ns  (logic 0.257ns (22.934%)  route 0.864ns (77.066%))
  Logic Levels:           2  (IBUF=1 LUT5=1)
  Clock Path Skew:        2.018ns (DCD - SCD - CPR)
    Destination Clock Delay (DCD):    2.018ns
    Source Clock Delay      (SCD):    0.000ns
    Clock Pessimism Removal (CPR):    -0.000ns
  Timing Exception:       False Path

    Location             Delay type                Incr(ns)  Path(ns)    Netlist Resource(s)
  -------------------------------------------------------------------    -------------------
    U13                                               0.000     0.000 r  rstn (IN)
                         net (fo=0)                   0.000     0.000    rstn
    U13                  IBUF (Prop_ibuf_I_O)         0.212     0.212 r  rstn_IBUF_inst/O
                         net (fo=198, routed)         0.864     1.077    u_aes_slave/rstn_IBUF
    SLICE_X3Y24          LUT5 (Prop_lut5_I4_O)        0.045     1.122 r  u_aes_slave/w_hold_q_i_1/O
                         net (fo=1, routed)           0.000     1.122    u_aes_slave/w_hold_q_i_1_n_0
    SLICE_X3Y24          FDRE                                         r  u_aes_slave/w_hold_q_reg/D
  -------------------------------------------------------------------    -------------------

                         (clock CLK rise edge)        0.000     0.000 r  
    N15                                               0.000     0.000 r  clk (IN)
                         net (fo=0)                   0.000     0.000    clk
    N15                  IBUF (Prop_ibuf_I_O)         0.365     0.365 r  clk_IBUF_inst/O
                         net (fo=1, routed)           0.695     1.060    clk_IBUF
    BUFGCTRL_X0Y0        BUFG (Prop_bufg_I_O)         0.029     1.089 r  clk_IBUF_BUFG_inst/O
                         net (fo=11156, routed)       0.929     2.018    u_aes_slave/clk_IBUF_BUFG
    SLICE_X3Y24          FDRE                                         r  u_aes_slave/w_hold_q_reg/C

Slack:                    inf
  Source:                 rstn
                            (input port)
  Destination:            u_aes_slave/aw_hold_q_reg/D
                            (rising edge-triggered cell FDRE clocked by CLK  {rise@0.000ns fall@10.000ns period=20.000ns})
  Path Group:             (none)
  Path Type:              Hold (Min at Fast Process Corner)
  Data Path Delay:        1.255ns  (logic 0.257ns (20.489%)  route 0.998ns (79.511%))
  Logic Levels:           2  (IBUF=1 LUT6=1)
  Clock Path Skew:        2.017ns (DCD - SCD - CPR)
    Destination Clock Delay (DCD):    2.017ns
    Source Clock Delay      (SCD):    0.000ns
    Clock Pessimism Removal (CPR):    -0.000ns
  Timing Exception:       False Path

    Location             Delay type                Incr(ns)  Path(ns)    Netlist Resource(s)
  -------------------------------------------------------------------    -------------------
    U13                                               0.000     0.000 r  rstn (IN)
                         net (fo=0)                   0.000     0.000    rstn
    U13                  IBUF (Prop_ibuf_I_O)         0.212     0.212 r  rstn_IBUF_inst/O
                         net (fo=198, routed)         0.998     1.210    u_aes_slave/rstn_IBUF
    SLICE_X4Y24          LUT6 (Prop_lut6_I5_O)        0.045     1.255 r  u_aes_slave/aw_hold_q_i_1__0/O
                         net (fo=1, routed)           0.000     1.255    u_aes_slave/aw_hold_q_i_1__0_n_0
    SLICE_X4Y24          FDRE                                         r  u_aes_slave/aw_hold_q_reg/D
  -------------------------------------------------------------------    -------------------

                         (clock CLK rise edge)        0.000     0.000 r  
    N15                                               0.000     0.000 r  clk (IN)
                         net (fo=0)                   0.000     0.000    clk
    N15                  IBUF (Prop_ibuf_I_O)         0.365     0.365 r  clk_IBUF_inst/O
                         net (fo=1, routed)           0.695     1.060    clk_IBUF
    BUFGCTRL_X0Y0        BUFG (Prop_bufg_I_O)         0.029     1.089 r  clk_IBUF_BUFG_inst/O
                         net (fo=11156, routed)       0.928     2.017    u_aes_slave/clk_IBUF_BUFG
    SLICE_X4Y24          FDRE                                         r  u_aes_slave/aw_hold_q_reg/C

Slack:                    inf
  Source:                 rstn
                            (input port)
  Destination:            u_shared_sram_slave/u_ctrl/w_captured_q_reg/D
                            (rising edge-triggered cell FDRE clocked by CLK  {rise@0.000ns fall@10.000ns period=20.000ns})
  Path Group:             (none)
  Path Type:              Hold (Min at Fast Process Corner)
  Data Path Delay:        1.266ns  (logic 0.257ns (20.315%)  route 1.009ns (79.685%))
  Logic Levels:           2  (IBUF=1 LUT6=1)
  Clock Path Skew:        2.025ns (DCD - SCD - CPR)
    Destination Clock Delay (DCD):    2.025ns
    Source Clock Delay      (SCD):    0.000ns
    Clock Pessimism Removal (CPR):    -0.000ns
  Timing Exception:       False Path

    Location             Delay type                Incr(ns)  Path(ns)    Netlist Resource(s)
  -------------------------------------------------------------------    -------------------
    U13                                               0.000     0.000 r  rstn (IN)
                         net (fo=0)                   0.000     0.000    rstn
    U13                  IBUF (Prop_ibuf_I_O)         0.212     0.212 r  rstn_IBUF_inst/O
                         net (fo=198, routed)         1.009     1.221    u_shared_sram_slave/u_ctrl/rstn_IBUF
    SLICE_X3Y18          LUT6 (Prop_lut6_I2_O)        0.045     1.266 r  u_shared_sram_slave/u_ctrl/w_captured_q_i_1__0/O
                         net (fo=1, routed)           0.000     1.266    u_shared_sram_slave/u_ctrl/w_captured_q_i_1__0_n_0
    SLICE_X3Y18          FDRE                                         r  u_shared_sram_slave/u_ctrl/w_captured_q_reg/D
  -------------------------------------------------------------------    -------------------

                         (clock CLK rise edge)        0.000     0.000 r  
    N15                                               0.000     0.000 r  clk (IN)
                         net (fo=0)                   0.000     0.000    clk
    N15                  IBUF (Prop_ibuf_I_O)         0.365     0.365 r  clk_IBUF_inst/O
                         net (fo=1, routed)           0.695     1.060    clk_IBUF
    BUFGCTRL_X0Y0        BUFG (Prop_bufg_I_O)         0.029     1.089 r  clk_IBUF_BUFG_inst/O
                         net (fo=11156, routed)       0.936     2.025    u_shared_sram_slave/u_ctrl/clk_IBUF_BUFG
    SLICE_X3Y18          FDRE                                         r  u_shared_sram_slave/u_ctrl/w_captured_q_reg/C

Slack:                    inf
  Source:                 uart_rx_i
                            (input port)
  Destination:            u_uart_slave/u_uart_core/rx_sync_inst/rx_capture_reg/D
                            (rising edge-triggered cell FDSE clocked by CLK  {rise@0.000ns fall@10.000ns period=20.000ns})
  Path Group:             (none)
  Path Type:              Hold (Min at Fast Process Corner)
  Data Path Delay:        1.348ns  (logic 0.216ns (16.002%)  route 1.132ns (83.998%))
  Logic Levels:           1  (IBUF=1)
  Clock Path Skew:        2.034ns (DCD - SCD - CPR)
    Destination Clock Delay (DCD):    2.034ns
    Source Clock Delay      (SCD):    0.000ns
    Clock Pessimism Removal (CPR):    -0.000ns
  Timing Exception:       False Path

    Location             Delay type                Incr(ns)  Path(ns)    Netlist Resource(s)
  -------------------------------------------------------------------    -------------------
    T13                                               0.000     0.000 r  uart_rx_i (IN)
                         net (fo=0)                   0.000     0.000    uart_rx_i
    T13                  IBUF (Prop_ibuf_I_O)         0.216     0.216 r  uart_rx_i_IBUF_inst/O
                         net (fo=1, routed)           1.132     1.348    u_uart_slave/u_uart_core/rx_sync_inst/uart_rx_i_IBUF
    SLICE_X2Y3           FDSE                                         r  u_uart_slave/u_uart_core/rx_sync_inst/rx_capture_reg/D
  -------------------------------------------------------------------    -------------------

                         (clock CLK rise edge)        0.000     0.000 r  
    N15                                               0.000     0.000 r  clk (IN)
                         net (fo=0)                   0.000     0.000    clk
    N15                  IBUF (Prop_ibuf_I_O)         0.365     0.365 r  clk_IBUF_inst/O
                         net (fo=1, routed)           0.695     1.060    clk_IBUF
    BUFGCTRL_X0Y0        BUFG (Prop_bufg_I_O)         0.029     1.089 r  clk_IBUF_BUFG_inst/O
                         net (fo=11156, routed)       0.945     2.034    u_uart_slave/u_uart_core/rx_sync_inst/clk_IBUF_BUFG
    SLICE_X2Y3           FDSE                                         r  u_uart_slave/u_uart_core/rx_sync_inst/rx_capture_reg/C

Slack:                    inf
  Source:                 rstn
                            (input port)
  Destination:            u_aes_slave/bvalid_q_reg/D
                            (rising edge-triggered cell FDRE clocked by CLK  {rise@0.000ns fall@10.000ns period=20.000ns})
  Path Group:             (none)
  Path Type:              Hold (Min at Fast Process Corner)
  Data Path Delay:        1.425ns  (logic 0.257ns (18.050%)  route 1.168ns (81.950%))
  Logic Levels:           2  (IBUF=1 LUT5=1)
  Clock Path Skew:        2.017ns (DCD - SCD - CPR)
    Destination Clock Delay (DCD):    2.017ns
    Source Clock Delay      (SCD):    0.000ns
    Clock Pessimism Removal (CPR):    -0.000ns
  Timing Exception:       False Path

    Location             Delay type                Incr(ns)  Path(ns)    Netlist Resource(s)
  -------------------------------------------------------------------    -------------------
    U13                                               0.000     0.000 r  rstn (IN)
                         net (fo=0)                   0.000     0.000    rstn
    U13                  IBUF (Prop_ibuf_I_O)         0.212     0.212 r  rstn_IBUF_inst/O
                         net (fo=198, routed)         0.989     1.201    u_aes_slave/rstn_IBUF
    SLICE_X4Y24          LUT5 (Prop_lut5_I1_O)        0.045     1.246 r  u_aes_slave/bvalid_q_i_1/O
                         net (fo=1, routed)           0.179     1.425    u_aes_slave/bvalid_q_i_1_n_0
    SLICE_X4Y24          FDRE                                         r  u_aes_slave/bvalid_q_reg/D
  -------------------------------------------------------------------    -------------------

                         (clock CLK rise edge)        0.000     0.000 r  
    N15                                               0.000     0.000 r  clk (IN)
                         net (fo=0)                   0.000     0.000    clk
    N15                  IBUF (Prop_ibuf_I_O)         0.365     0.365 r  clk_IBUF_inst/O
                         net (fo=1, routed)           0.695     1.060    clk_IBUF
    BUFGCTRL_X0Y0        BUFG (Prop_bufg_I_O)         0.029     1.089 r  clk_IBUF_BUFG_inst/O
                         net (fo=11156, routed)       0.928     2.017    u_aes_slave/clk_IBUF_BUFG
    SLICE_X4Y24          FDRE                                         r  u_aes_slave/bvalid_q_reg/C

Slack:                    inf
  Source:                 rstn
                            (input port)
  Destination:            u_interconnect/wr_err_bvalid_q_reg/D
                            (rising edge-triggered cell FDRE clocked by CLK  {rise@0.000ns fall@10.000ns period=20.000ns})
  Path Group:             (none)
  Path Type:              Hold (Min at Fast Process Corner)
  Data Path Delay:        1.513ns  (logic 0.257ns (17.003%)  route 1.256ns (82.997%))
  Logic Levels:           2  (IBUF=1 LUT6=1)
  Clock Path Skew:        2.025ns (DCD - SCD - CPR)
    Destination Clock Delay (DCD):    2.025ns
    Source Clock Delay      (SCD):    0.000ns
    Clock Pessimism Removal (CPR):    -0.000ns
  Timing Exception:       False Path

    Location             Delay type                Incr(ns)  Path(ns)    Netlist Resource(s)
  -------------------------------------------------------------------    -------------------
    U13                                               0.000     0.000 r  rstn (IN)
                         net (fo=0)                   0.000     0.000    rstn
    U13                  IBUF (Prop_ibuf_I_O)         0.212     0.212 r  rstn_IBUF_inst/O
                         net (fo=198, routed)         1.256     1.468    u_interconnect/rstn_IBUF
    SLICE_X5Y17          LUT6 (Prop_lut6_I1_O)        0.045     1.513 r  u_interconnect/wr_err_bvalid_q_i_1/O
                         net (fo=1, routed)           0.000     1.513    u_interconnect/wr_err_bvalid_q_i_1_n_0
    SLICE_X5Y17          FDRE                                         r  u_interconnect/wr_err_bvalid_q_reg/D
  -------------------------------------------------------------------    -------------------

                         (clock CLK rise edge)        0.000     0.000 r  
    N15                                               0.000     0.000 r  clk (IN)
                         net (fo=0)                   0.000     0.000    clk
    N15                  IBUF (Prop_ibuf_I_O)         0.365     0.365 r  clk_IBUF_inst/O
                         net (fo=1, routed)           0.695     1.060    clk_IBUF
    BUFGCTRL_X0Y0        BUFG (Prop_bufg_I_O)         0.029     1.089 r  clk_IBUF_BUFG_inst/O
                         net (fo=11156, routed)       0.936     2.025    u_interconnect/clk_IBUF_BUFG
    SLICE_X5Y17          FDRE                                         r  u_interconnect/wr_err_bvalid_q_reg/C

Slack:                    inf
  Source:                 rstn
                            (input port)
  Destination:            u_uart_slave/u_uart_core/baud_gen_inst/tx_baud_tick_reg/D
                            (rising edge-triggered cell FDRE clocked by CLK  {rise@0.000ns fall@10.000ns period=20.000ns})
  Path Group:             (none)
  Path Type:              Hold (Min at Fast Process Corner)
  Data Path Delay:        1.517ns  (logic 0.257ns (16.962%)  route 1.259ns (83.038%))
  Logic Levels:           2  (IBUF=1 LUT6=1)
  Clock Path Skew:        2.025ns (DCD - SCD - CPR)
    Destination Clock Delay (DCD):    2.025ns
    Source Clock Delay      (SCD):    0.000ns
    Clock Pessimism Removal (CPR):    -0.000ns
  Timing Exception:       False Path

    Location             Delay type                Incr(ns)  Path(ns)    Netlist Resource(s)
  -------------------------------------------------------------------    -------------------
    U13                                               0.000     0.000 r  rstn (IN)
                         net (fo=0)                   0.000     0.000    rstn
    U13                  IBUF (Prop_ibuf_I_O)         0.212     0.212 r  rstn_IBUF_inst/O
                         net (fo=198, routed)         1.259     1.472    u_uart_slave/u_uart_core/baud_gen_inst/rstn_IBUF
    SLICE_X4Y17          LUT6 (Prop_lut6_I5_O)        0.045     1.517 r  u_uart_slave/u_uart_core/baud_gen_inst/tx_baud_tick_i_1/O
                         net (fo=1, routed)           0.000     1.517    u_uart_slave/u_uart_core/baud_gen_inst/tx_baud_tick_i_1_n_0
    SLICE_X4Y17          FDRE                                         r  u_uart_slave/u_uart_core/baud_gen_inst/tx_baud_tick_reg/D
  -------------------------------------------------------------------    -------------------

                         (clock CLK rise edge)        0.000     0.000 r  
    N15                                               0.000     0.000 r  clk (IN)
                         net (fo=0)                   0.000     0.000    clk
    N15                  IBUF (Prop_ibuf_I_O)         0.365     0.365 r  clk_IBUF_inst/O
                         net (fo=1, routed)           0.695     1.060    clk_IBUF
    BUFGCTRL_X0Y0        BUFG (Prop_bufg_I_O)         0.029     1.089 r  clk_IBUF_BUFG_inst/O
                         net (fo=11156, routed)       0.936     2.025    u_uart_slave/u_uart_core/baud_gen_inst/clk_IBUF_BUFG
    SLICE_X4Y17          FDRE                                         r  u_uart_slave/u_uart_core/baud_gen_inst/tx_baud_tick_reg/C

Slack:                    inf
  Source:                 rstn
                            (input port)
  Destination:            u_shared_sram_slave/u_ctrl/aw_captured_q_reg/D
                            (rising edge-triggered cell FDRE clocked by CLK  {rise@0.000ns fall@10.000ns period=20.000ns})
  Path Group:             (none)
  Path Type:              Hold (Min at Fast Process Corner)
  Data Path Delay:        1.531ns  (logic 0.302ns (19.744%)  route 1.229ns (80.256%))
  Logic Levels:           3  (IBUF=1 LUT4=1 LUT6=1)
  Clock Path Skew:        2.024ns (DCD - SCD - CPR)
    Destination Clock Delay (DCD):    2.024ns
    Source Clock Delay      (SCD):    0.000ns
    Clock Pessimism Removal (CPR):    -0.000ns
  Timing Exception:       False Path

    Location             Delay type                Incr(ns)  Path(ns)    Netlist Resource(s)
  -------------------------------------------------------------------    -------------------
    U13                                               0.000     0.000 r  rstn (IN)
                         net (fo=0)                   0.000     0.000    rstn
    U13                  IBUF (Prop_ibuf_I_O)         0.212     0.212 r  rstn_IBUF_inst/O
                         net (fo=198, routed)         1.008     1.220    u_shared_sram_slave/u_ctrl/rstn_IBUF
    SLICE_X5Y18          LUT4 (Prop_lut4_I3_O)        0.045     1.265 f  u_shared_sram_slave/u_ctrl/aw_captured_q_i_2__0/O
                         net (fo=1, routed)           0.221     1.486    u_shared_sram_slave/u_ctrl/aw_captured_q_i_2__0_n_0
    SLICE_X5Y18          LUT6 (Prop_lut6_I5_O)        0.045     1.531 r  u_shared_sram_slave/u_ctrl/aw_captured_q_i_1__0/O
                         net (fo=1, routed)           0.000     1.531    u_shared_sram_slave/u_ctrl/aw_captured_q_i_1__0_n_0
    SLICE_X5Y18          FDRE                                         r  u_shared_sram_slave/u_ctrl/aw_captured_q_reg/D
  -------------------------------------------------------------------    -------------------

                         (clock CLK rise edge)        0.000     0.000 r  
    N15                                               0.000     0.000 r  clk (IN)
                         net (fo=0)                   0.000     0.000    clk
    N15                  IBUF (Prop_ibuf_I_O)         0.365     0.365 r  clk_IBUF_inst/O
                         net (fo=1, routed)           0.695     1.060    clk_IBUF
    BUFGCTRL_X0Y0        BUFG (Prop_bufg_I_O)         0.029     1.089 r  clk_IBUF_BUFG_inst/O
                         net (fo=11156, routed)       0.935     2.024    u_shared_sram_slave/u_ctrl/clk_IBUF_BUFG
    SLICE_X5Y18          FDRE                                         r  u_shared_sram_slave/u_ctrl/aw_captured_q_reg/C

Slack:                    inf
  Source:                 rstn
                            (input port)
  Destination:            u_uart_slave/w_hold_q_reg/D
                            (rising edge-triggered cell FDRE clocked by CLK  {rise@0.000ns fall@10.000ns period=20.000ns})
  Path Group:             (none)
  Path Type:              Hold (Min at Fast Process Corner)
  Data Path Delay:        1.582ns  (logic 0.257ns (16.259%)  route 1.325ns (83.741%))
  Logic Levels:           2  (IBUF=1 LUT6=1)
  Clock Path Skew:        2.027ns (DCD - SCD - CPR)
    Destination Clock Delay (DCD):    2.027ns
    Source Clock Delay      (SCD):    0.000ns
    Clock Pessimism Removal (CPR):    -0.000ns
  Timing Exception:       False Path

    Location             Delay type                Incr(ns)  Path(ns)    Netlist Resource(s)
  -------------------------------------------------------------------    -------------------
    U13                                               0.000     0.000 r  rstn (IN)
                         net (fo=0)                   0.000     0.000    rstn
    U13                  IBUF (Prop_ibuf_I_O)         0.212     0.212 r  rstn_IBUF_inst/O
                         net (fo=198, routed)         1.325     1.537    u_uart_slave/rstn_IBUF
    SLICE_X5Y15          LUT6 (Prop_lut6_I2_O)        0.045     1.582 r  u_uart_slave/w_hold_q_i_1__0/O
                         net (fo=1, routed)           0.000     1.582    u_uart_slave/w_hold_q_i_1__0_n_0
    SLICE_X5Y15          FDRE                                         r  u_uart_slave/w_hold_q_reg/D
  -------------------------------------------------------------------    -------------------

                         (clock CLK rise edge)        0.000     0.000 r  
    N15                                               0.000     0.000 r  clk (IN)
                         net (fo=0)                   0.000     0.000    clk
    N15                  IBUF (Prop_ibuf_I_O)         0.365     0.365 r  clk_IBUF_inst/O
                         net (fo=1, routed)           0.695     1.060    clk_IBUF
    BUFGCTRL_X0Y0        BUFG (Prop_bufg_I_O)         0.029     1.089 r  clk_IBUF_BUFG_inst/O
                         net (fo=11156, routed)       0.938     2.027    u_uart_slave/clk_IBUF_BUFG
    SLICE_X5Y15          FDRE                                         r  u_uart_slave/w_hold_q_reg/C

Slack:                    inf
  Source:                 rstn
                            (input port)
  Destination:            u_uart_slave/u_uart_core/baud_gen_inst/tx_div_cnt_reg[4]/R
                            (rising edge-triggered cell FDRE clocked by CLK  {rise@0.000ns fall@10.000ns period=20.000ns})
  Path Group:             (none)
  Path Type:              Hold (Min at Fast Process Corner)
  Data Path Delay:        1.587ns  (logic 0.257ns (16.206%)  route 1.330ns (83.794%))
  Logic Levels:           2  (IBUF=1 LUT3=1)
  Clock Path Skew:        2.029ns (DCD - SCD - CPR)
    Destination Clock Delay (DCD):    2.029ns
    Source Clock Delay      (SCD):    0.000ns
    Clock Pessimism Removal (CPR):    -0.000ns
  Timing Exception:       False Path

    Location             Delay type                Incr(ns)  Path(ns)    Netlist Resource(s)
  -------------------------------------------------------------------    -------------------
    U13                                               0.000     0.000 f  rstn (IN)
                         net (fo=0)                   0.000     0.000    rstn
    U13                  IBUF (Prop_ibuf_I_O)         0.212     0.212 f  rstn_IBUF_inst/O
                         net (fo=198, routed)         1.076     1.288    u_uart_slave/u_uart_core/baud_gen_inst/rstn_IBUF
    SLICE_X1Y17          LUT3 (Prop_lut3_I2_O)        0.045     1.333 r  u_uart_slave/u_uart_core/baud_gen_inst/tx_div_cnt[0]_i_1/O
                         net (fo=16, routed)          0.254     1.587    u_uart_slave/u_uart_core/baud_gen_inst/tx_div_cnt[0]_i_1_n_0
    SLICE_X1Y14          FDRE                                         r  u_uart_slave/u_uart_core/baud_gen_inst/tx_div_cnt_reg[4]/R
  -------------------------------------------------------------------    -------------------

                         (clock CLK rise edge)        0.000     0.000 r  
    N15                                               0.000     0.000 r  clk (IN)
                         net (fo=0)                   0.000     0.000    clk
    N15                  IBUF (Prop_ibuf_I_O)         0.365     0.365 r  clk_IBUF_inst/O
                         net (fo=1, routed)           0.695     1.060    clk_IBUF
    BUFGCTRL_X0Y0        BUFG (Prop_bufg_I_O)         0.029     1.089 r  clk_IBUF_BUFG_inst/O
                         net (fo=11156, routed)       0.940     2.029    u_uart_slave/u_uart_core/baud_gen_inst/clk_IBUF_BUFG
    SLICE_X1Y14          FDRE                                         r  u_uart_slave/u_uart_core/baud_gen_inst/tx_div_cnt_reg[4]/C

Slack:                    inf
  Source:                 rstn
                            (input port)
  Destination:            u_uart_slave/u_uart_core/baud_gen_inst/tx_div_cnt_reg[5]/R
                            (rising edge-triggered cell FDRE clocked by CLK  {rise@0.000ns fall@10.000ns period=20.000ns})
  Path Group:             (none)
  Path Type:              Hold (Min at Fast Process Corner)
  Data Path Delay:        1.587ns  (logic 0.257ns (16.206%)  route 1.330ns (83.794%))
  Logic Levels:           2  (IBUF=1 LUT3=1)
  Clock Path Skew:        2.029ns (DCD - SCD - CPR)
    Destination Clock Delay (DCD):    2.029ns
    Source Clock Delay      (SCD):    0.000ns
    Clock Pessimism Removal (CPR):    -0.000ns
  Timing Exception:       False Path

    Location             Delay type                Incr(ns)  Path(ns)    Netlist Resource(s)
  -------------------------------------------------------------------    -------------------
    U13                                               0.000     0.000 f  rstn (IN)
                         net (fo=0)                   0.000     0.000    rstn
    U13                  IBUF (Prop_ibuf_I_O)         0.212     0.212 f  rstn_IBUF_inst/O
                         net (fo=198, routed)         1.076     1.288    u_uart_slave/u_uart_core/baud_gen_inst/rstn_IBUF
    SLICE_X1Y17          LUT3 (Prop_lut3_I2_O)        0.045     1.333 r  u_uart_slave/u_uart_core/baud_gen_inst/tx_div_cnt[0]_i_1/O
                         net (fo=16, routed)          0.254     1.587    u_uart_slave/u_uart_core/baud_gen_inst/tx_div_cnt[0]_i_1_n_0
    SLICE_X1Y14          FDRE                                         r  u_uart_slave/u_uart_core/baud_gen_inst/tx_div_cnt_reg[5]/R
  -------------------------------------------------------------------    -------------------

                         (clock CLK rise edge)        0.000     0.000 r  
    N15                                               0.000     0.000 r  clk (IN)
                         net (fo=0)                   0.000     0.000    clk
    N15                  IBUF (Prop_ibuf_I_O)         0.365     0.365 r  clk_IBUF_inst/O
                         net (fo=1, routed)           0.695     1.060    clk_IBUF
    BUFGCTRL_X0Y0        BUFG (Prop_bufg_I_O)         0.029     1.089 r  clk_IBUF_BUFG_inst/O
                         net (fo=11156, routed)       0.940     2.029    u_uart_slave/u_uart_core/baud_gen_inst/clk_IBUF_BUFG
    SLICE_X1Y14          FDRE                                         r  u_uart_slave/u_uart_core/baud_gen_inst/tx_div_cnt_reg[5]/C

Slack:                    inf
  Source:                 rstn
                            (input port)
  Destination:            u_uart_slave/u_uart_core/baud_gen_inst/tx_div_cnt_reg[6]/R
                            (rising edge-triggered cell FDRE clocked by CLK  {rise@0.000ns fall@10.000ns period=20.000ns})
  Path Group:             (none)
  Path Type:              Hold (Min at Fast Process Corner)
  Data Path Delay:        1.587ns  (logic 0.257ns (16.206%)  route 1.330ns (83.794%))
  Logic Levels:           2  (IBUF=1 LUT3=1)
  Clock Path Skew:        2.029ns (DCD - SCD - CPR)
    Destination Clock Delay (DCD):    2.029ns
    Source Clock Delay      (SCD):    0.000ns
    Clock Pessimism Removal (CPR):    -0.000ns
  Timing Exception:       False Path

    Location             Delay type                Incr(ns)  Path(ns)    Netlist Resource(s)
  -------------------------------------------------------------------    -------------------
    U13                                               0.000     0.000 f  rstn (IN)
                         net (fo=0)                   0.000     0.000    rstn
    U13                  IBUF (Prop_ibuf_I_O)         0.212     0.212 f  rstn_IBUF_inst/O
                         net (fo=198, routed)         1.076     1.288    u_uart_slave/u_uart_core/baud_gen_inst/rstn_IBUF
    SLICE_X1Y17          LUT3 (Prop_lut3_I2_O)        0.045     1.333 r  u_uart_slave/u_uart_core/baud_gen_inst/tx_div_cnt[0]_i_1/O
                         net (fo=16, routed)          0.254     1.587    u_uart_slave/u_uart_core/baud_gen_inst/tx_div_cnt[0]_i_1_n_0
    SLICE_X1Y14          FDRE                                         r  u_uart_slave/u_uart_core/baud_gen_inst/tx_div_cnt_reg[6]/R
  -------------------------------------------------------------------    -------------------

                         (clock CLK rise edge)        0.000     0.000 r  
    N15                                               0.000     0.000 r  clk (IN)
                         net (fo=0)                   0.000     0.000    clk
    N15                  IBUF (Prop_ibuf_I_O)         0.365     0.365 r  clk_IBUF_inst/O
                         net (fo=1, routed)           0.695     1.060    clk_IBUF
    BUFGCTRL_X0Y0        BUFG (Prop_bufg_I_O)         0.029     1.089 r  clk_IBUF_BUFG_inst/O
                         net (fo=11156, routed)       0.940     2.029    u_uart_slave/u_uart_core/baud_gen_inst/clk_IBUF_BUFG
    SLICE_X1Y14          FDRE                                         r  u_uart_slave/u_uart_core/baud_gen_inst/tx_div_cnt_reg[6]/C

Slack:                    inf
  Source:                 rstn
                            (input port)
  Destination:            u_uart_slave/u_uart_core/baud_gen_inst/tx_div_cnt_reg[7]/R
                            (rising edge-triggered cell FDRE clocked by CLK  {rise@0.000ns fall@10.000ns period=20.000ns})
  Path Group:             (none)
  Path Type:              Hold (Min at Fast Process Corner)
  Data Path Delay:        1.587ns  (logic 0.257ns (16.206%)  route 1.330ns (83.794%))
  Logic Levels:           2  (IBUF=1 LUT3=1)
  Clock Path Skew:        2.029ns (DCD - SCD - CPR)
    Destination Clock Delay (DCD):    2.029ns
    Source Clock Delay      (SCD):    0.000ns
    Clock Pessimism Removal (CPR):    -0.000ns
  Timing Exception:       False Path

    Location             Delay type                Incr(ns)  Path(ns)    Netlist Resource(s)
  -------------------------------------------------------------------    -------------------
    U13                                               0.000     0.000 f  rstn (IN)
                         net (fo=0)                   0.000     0.000    rstn
    U13                  IBUF (Prop_ibuf_I_O)         0.212     0.212 f  rstn_IBUF_inst/O
                         net (fo=198, routed)         1.076     1.288    u_uart_slave/u_uart_core/baud_gen_inst/rstn_IBUF
    SLICE_X1Y17          LUT3 (Prop_lut3_I2_O)        0.045     1.333 r  u_uart_slave/u_uart_core/baud_gen_inst/tx_div_cnt[0]_i_1/O
                         net (fo=16, routed)          0.254     1.587    u_uart_slave/u_uart_core/baud_gen_inst/tx_div_cnt[0]_i_1_n_0
    SLICE_X1Y14          FDRE                                         r  u_uart_slave/u_uart_core/baud_gen_inst/tx_div_cnt_reg[7]/R
  -------------------------------------------------------------------    -------------------

                         (clock CLK rise edge)        0.000     0.000 r  
    N15                                               0.000     0.000 r  clk (IN)
                         net (fo=0)                   0.000     0.000    clk
    N15                  IBUF (Prop_ibuf_I_O)         0.365     0.365 r  clk_IBUF_inst/O
                         net (fo=1, routed)           0.695     1.060    clk_IBUF
    BUFGCTRL_X0Y0        BUFG (Prop_bufg_I_O)         0.029     1.089 r  clk_IBUF_BUFG_inst/O
                         net (fo=11156, routed)       0.940     2.029    u_uart_slave/u_uart_core/baud_gen_inst/clk_IBUF_BUFG
    SLICE_X1Y14          FDRE                                         r  u_uart_slave/u_uart_core/baud_gen_inst/tx_div_cnt_reg[7]/C

Slack:                    inf
  Source:                 rstn
                            (input port)
  Destination:            u_uart_slave/u_uart_core/baud_gen_inst/tx_div_cnt_reg[0]/R
                            (rising edge-triggered cell FDRE clocked by CLK  {rise@0.000ns fall@10.000ns period=20.000ns})
  Path Group:             (none)
  Path Type:              Hold (Min at Fast Process Corner)
  Data Path Delay:        1.607ns  (logic 0.257ns (16.004%)  route 1.350ns (83.996%))
  Logic Levels:           2  (IBUF=1 LUT3=1)
  Clock Path Skew:        2.029ns (DCD - SCD - CPR)
    Destination Clock Delay (DCD):    2.029ns
    Source Clock Delay      (SCD):    0.000ns
    Clock Pessimism Removal (CPR):    -0.000ns
  Timing Exception:       False Path

    Location             Delay type                Incr(ns)  Path(ns)    Netlist Resource(s)
  -------------------------------------------------------------------    -------------------
    U13                                               0.000     0.000 f  rstn (IN)
                         net (fo=0)                   0.000     0.000    rstn
    U13                  IBUF (Prop_ibuf_I_O)         0.212     0.212 f  rstn_IBUF_inst/O
                         net (fo=198, routed)         1.076     1.288    u_uart_slave/u_uart_core/baud_gen_inst/rstn_IBUF
    SLICE_X1Y17          LUT3 (Prop_lut3_I2_O)        0.045     1.333 r  u_uart_slave/u_uart_core/baud_gen_inst/tx_div_cnt[0]_i_1/O
                         net (fo=16, routed)          0.274     1.607    u_uart_slave/u_uart_core/baud_gen_inst/tx_div_cnt[0]_i_1_n_0
    SLICE_X1Y13          FDRE                                         r  u_uart_slave/u_uart_core/baud_gen_inst/tx_div_cnt_reg[0]/R
  -------------------------------------------------------------------    -------------------

                         (clock CLK rise edge)        0.000     0.000 r  
    N15                                               0.000     0.000 r  clk (IN)
                         net (fo=0)                   0.000     0.000    clk
    N15                  IBUF (Prop_ibuf_I_O)         0.365     0.365 r  clk_IBUF_inst/O
                         net (fo=1, routed)           0.695     1.060    clk_IBUF
    BUFGCTRL_X0Y0        BUFG (Prop_bufg_I_O)         0.029     1.089 r  clk_IBUF_BUFG_inst/O
                         net (fo=11156, routed)       0.940     2.029    u_uart_slave/u_uart_core/baud_gen_inst/clk_IBUF_BUFG
    SLICE_X1Y13          FDRE                                         r  u_uart_slave/u_uart_core/baud_gen_inst/tx_div_cnt_reg[0]/C

Slack:                    inf
  Source:                 rstn
                            (input port)
  Destination:            u_uart_slave/u_uart_core/baud_gen_inst/tx_div_cnt_reg[1]/R
                            (rising edge-triggered cell FDRE clocked by CLK  {rise@0.000ns fall@10.000ns period=20.000ns})
  Path Group:             (none)
  Path Type:              Hold (Min at Fast Process Corner)
  Data Path Delay:        1.607ns  (logic 0.257ns (16.004%)  route 1.350ns (83.996%))
  Logic Levels:           2  (IBUF=1 LUT3=1)
  Clock Path Skew:        2.029ns (DCD - SCD - CPR)
    Destination Clock Delay (DCD):    2.029ns
    Source Clock Delay      (SCD):    0.000ns
    Clock Pessimism Removal (CPR):    -0.000ns
  Timing Exception:       False Path

    Location             Delay type                Incr(ns)  Path(ns)    Netlist Resource(s)
  -------------------------------------------------------------------    -------------------
    U13                                               0.000     0.000 f  rstn (IN)
                         net (fo=0)                   0.000     0.000    rstn
    U13                  IBUF (Prop_ibuf_I_O)         0.212     0.212 f  rstn_IBUF_inst/O
                         net (fo=198, routed)         1.076     1.288    u_uart_slave/u_uart_core/baud_gen_inst/rstn_IBUF
    SLICE_X1Y17          LUT3 (Prop_lut3_I2_O)        0.045     1.333 r  u_uart_slave/u_uart_core/baud_gen_inst/tx_div_cnt[0]_i_1/O
                         net (fo=16, routed)          0.274     1.607    u_uart_slave/u_uart_core/baud_gen_inst/tx_div_cnt[0]_i_1_n_0
    SLICE_X1Y13          FDRE                                         r  u_uart_slave/u_uart_core/baud_gen_inst/tx_div_cnt_reg[1]/R
  -------------------------------------------------------------------    -------------------

                         (clock CLK rise edge)        0.000     0.000 r  
    N15                                               0.000     0.000 r  clk (IN)
                         net (fo=0)                   0.000     0.000    clk
    N15                  IBUF (Prop_ibuf_I_O)         0.365     0.365 r  clk_IBUF_inst/O
                         net (fo=1, routed)           0.695     1.060    clk_IBUF
    BUFGCTRL_X0Y0        BUFG (Prop_bufg_I_O)         0.029     1.089 r  clk_IBUF_BUFG_inst/O
                         net (fo=11156, routed)       0.940     2.029    u_uart_slave/u_uart_core/baud_gen_inst/clk_IBUF_BUFG
    SLICE_X1Y13          FDRE                                         r  u_uart_slave/u_uart_core/baud_gen_inst/tx_div_cnt_reg[1]/C

Slack:                    inf
  Source:                 rstn
                            (input port)
  Destination:            u_uart_slave/u_uart_core/baud_gen_inst/tx_div_cnt_reg[2]/R
                            (rising edge-triggered cell FDRE clocked by CLK  {rise@0.000ns fall@10.000ns period=20.000ns})
  Path Group:             (none)
  Path Type:              Hold (Min at Fast Process Corner)
  Data Path Delay:        1.607ns  (logic 0.257ns (16.004%)  route 1.350ns (83.996%))
  Logic Levels:           2  (IBUF=1 LUT3=1)
  Clock Path Skew:        2.029ns (DCD - SCD - CPR)
    Destination Clock Delay (DCD):    2.029ns
    Source Clock Delay      (SCD):    0.000ns
    Clock Pessimism Removal (CPR):    -0.000ns
  Timing Exception:       False Path

    Location             Delay type                Incr(ns)  Path(ns)    Netlist Resource(s)
  -------------------------------------------------------------------    -------------------
    U13                                               0.000     0.000 f  rstn (IN)
                         net (fo=0)                   0.000     0.000    rstn
    U13                  IBUF (Prop_ibuf_I_O)         0.212     0.212 f  rstn_IBUF_inst/O
                         net (fo=198, routed)         1.076     1.288    u_uart_slave/u_uart_core/baud_gen_inst/rstn_IBUF
    SLICE_X1Y17          LUT3 (Prop_lut3_I2_O)        0.045     1.333 r  u_uart_slave/u_uart_core/baud_gen_inst/tx_div_cnt[0]_i_1/O
                         net (fo=16, routed)          0.274     1.607    u_uart_slave/u_uart_core/baud_gen_inst/tx_div_cnt[0]_i_1_n_0
    SLICE_X1Y13          FDRE                                         r  u_uart_slave/u_uart_core/baud_gen_inst/tx_div_cnt_reg[2]/R
  -------------------------------------------------------------------    -------------------

                         (clock CLK rise edge)        0.000     0.000 r  
    N15                                               0.000     0.000 r  clk (IN)
                         net (fo=0)                   0.000     0.000    clk
    N15                  IBUF (Prop_ibuf_I_O)         0.365     0.365 r  clk_IBUF_inst/O
                         net (fo=1, routed)           0.695     1.060    clk_IBUF
    BUFGCTRL_X0Y0        BUFG (Prop_bufg_I_O)         0.029     1.089 r  clk_IBUF_BUFG_inst/O
                         net (fo=11156, routed)       0.940     2.029    u_uart_slave/u_uart_core/baud_gen_inst/clk_IBUF_BUFG
    SLICE_X1Y13          FDRE                                         r  u_uart_slave/u_uart_core/baud_gen_inst/tx_div_cnt_reg[2]/C

Slack:                    inf
  Source:                 rstn
                            (input port)
  Destination:            u_uart_slave/u_uart_core/baud_gen_inst/tx_div_cnt_reg[3]/R
                            (rising edge-triggered cell FDRE clocked by CLK  {rise@0.000ns fall@10.000ns period=20.000ns})
  Path Group:             (none)
  Path Type:              Hold (Min at Fast Process Corner)
  Data Path Delay:        1.607ns  (logic 0.257ns (16.004%)  route 1.350ns (83.996%))
  Logic Levels:           2  (IBUF=1 LUT3=1)
  Clock Path Skew:        2.029ns (DCD - SCD - CPR)
    Destination Clock Delay (DCD):    2.029ns
    Source Clock Delay      (SCD):    0.000ns
    Clock Pessimism Removal (CPR):    -0.000ns
  Timing Exception:       False Path

    Location             Delay type                Incr(ns)  Path(ns)    Netlist Resource(s)
  -------------------------------------------------------------------    -------------------
    U13                                               0.000     0.000 f  rstn (IN)
                         net (fo=0)                   0.000     0.000    rstn
    U13                  IBUF (Prop_ibuf_I_O)         0.212     0.212 f  rstn_IBUF_inst/O
                         net (fo=198, routed)         1.076     1.288    u_uart_slave/u_uart_core/baud_gen_inst/rstn_IBUF
    SLICE_X1Y17          LUT3 (Prop_lut3_I2_O)        0.045     1.333 r  u_uart_slave/u_uart_core/baud_gen_inst/tx_div_cnt[0]_i_1/O
                         net (fo=16, routed)          0.274     1.607    u_uart_slave/u_uart_core/baud_gen_inst/tx_div_cnt[0]_i_1_n_0
    SLICE_X1Y13          FDRE                                         r  u_uart_slave/u_uart_core/baud_gen_inst/tx_div_cnt_reg[3]/R
  -------------------------------------------------------------------    -------------------

                         (clock CLK rise edge)        0.000     0.000 r  
    N15                                               0.000     0.000 r  clk (IN)
                         net (fo=0)                   0.000     0.000    clk
    N15                  IBUF (Prop_ibuf_I_O)         0.365     0.365 r  clk_IBUF_inst/O
                         net (fo=1, routed)           0.695     1.060    clk_IBUF
    BUFGCTRL_X0Y0        BUFG (Prop_bufg_I_O)         0.029     1.089 r  clk_IBUF_BUFG_inst/O
                         net (fo=11156, routed)       0.940     2.029    u_uart_slave/u_uart_core/baud_gen_inst/clk_IBUF_BUFG
    SLICE_X1Y13          FDRE                                         r  u_uart_slave/u_uart_core/baud_gen_inst/tx_div_cnt_reg[3]/C

Slack:                    inf
  Source:                 rstn
                            (input port)
  Destination:            u_instruction_sram_slave/u_ctrl/w_captured_q_reg/D
                            (rising edge-triggered cell FDRE clocked by CLK  {rise@0.000ns fall@10.000ns period=20.000ns})
  Path Group:             (none)
  Path Type:              Hold (Min at Fast Process Corner)
  Data Path Delay:        1.608ns  (logic 0.257ns (15.997%)  route 1.351ns (84.003%))
  Logic Levels:           2  (IBUF=1 LUT6=1)
  Clock Path Skew:        2.029ns (DCD - SCD - CPR)
    Destination Clock Delay (DCD):    2.029ns
    Source Clock Delay      (SCD):    0.000ns
    Clock Pessimism Removal (CPR):    -0.000ns
  Timing Exception:       False Path

    Location             Delay type                Incr(ns)  Path(ns)    Netlist Resource(s)
  -------------------------------------------------------------------    -------------------
    U13                                               0.000     0.000 r  rstn (IN)
                         net (fo=0)                   0.000     0.000    rstn
    U13                  IBUF (Prop_ibuf_I_O)         0.212     0.212 r  rstn_IBUF_inst/O
                         net (fo=198, routed)         1.351     1.563    u_instruction_sram_slave/u_ctrl/rstn_IBUF
    SLICE_X7Y12          LUT6 (Prop_lut6_I2_O)        0.045     1.608 r  u_instruction_sram_slave/u_ctrl/w_captured_q_i_1/O
                         net (fo=1, routed)           0.000     1.608    u_instruction_sram_slave/u_ctrl/w_captured_q_i_1_n_0
    SLICE_X7Y12          FDRE                                         r  u_instruction_sram_slave/u_ctrl/w_captured_q_reg/D
  -------------------------------------------------------------------    -------------------

                         (clock CLK rise edge)        0.000     0.000 r  
    N15                                               0.000     0.000 r  clk (IN)
                         net (fo=0)                   0.000     0.000    clk
    N15                  IBUF (Prop_ibuf_I_O)         0.365     0.365 r  clk_IBUF_inst/O
                         net (fo=1, routed)           0.695     1.060    clk_IBUF
    BUFGCTRL_X0Y0        BUFG (Prop_bufg_I_O)         0.029     1.089 r  clk_IBUF_BUFG_inst/O
                         net (fo=11156, routed)       0.940     2.029    u_instruction_sram_slave/u_ctrl/clk_IBUF_BUFG
    SLICE_X7Y12          FDRE                                         r  u_instruction_sram_slave/u_ctrl/w_captured_q_reg/C

Slack:                    inf
  Source:                 rstn
                            (input port)
  Destination:            u_uart_slave/u_uart_core/baud_gen_inst/tx_div_cnt_reg[10]/R
                            (rising edge-triggered cell FDRE clocked by CLK  {rise@0.000ns fall@10.000ns period=20.000ns})
  Path Group:             (none)
  Path Type:              Hold (Min at Fast Process Corner)
  Data Path Delay:        1.651ns  (logic 0.257ns (15.585%)  route 1.393ns (84.415%))
  Logic Levels:           2  (IBUF=1 LUT3=1)
  Clock Path Skew:        2.028ns (DCD - SCD - CPR)
    Destination Clock Delay (DCD):    2.028ns
    Source Clock Delay      (SCD):    0.000ns
    Clock Pessimism Removal (CPR):    -0.000ns
  Timing Exception:       False Path

    Location             Delay type                Incr(ns)  Path(ns)    Netlist Resource(s)
  -------------------------------------------------------------------    -------------------
    U13                                               0.000     0.000 f  rstn (IN)
                         net (fo=0)                   0.000     0.000    rstn
    U13                  IBUF (Prop_ibuf_I_O)         0.212     0.212 f  rstn_IBUF_inst/O
                         net (fo=198, routed)         1.076     1.288    u_uart_slave/u_uart_core/baud_gen_inst/rstn_IBUF
    SLICE_X1Y17          LUT3 (Prop_lut3_I2_O)        0.045     1.333 r  u_uart_slave/u_uart_core/baud_gen_inst/tx_div_cnt[0]_i_1/O
                         net (fo=16, routed)          0.317     1.651    u_uart_slave/u_uart_core/baud_gen_inst/tx_div_cnt[0]_i_1_n_0
    SLICE_X1Y15          FDRE                                         r  u_uart_slave/u_uart_core/baud_gen_inst/tx_div_cnt_reg[10]/R
  -------------------------------------------------------------------    -------------------

                         (clock CLK rise edge)        0.000     0.000 r  
    N15                                               0.000     0.000 r  clk (IN)
                         net (fo=0)                   0.000     0.000    clk
    N15                  IBUF (Prop_ibuf_I_O)         0.365     0.365 r  clk_IBUF_inst/O
                         net (fo=1, routed)           0.695     1.060    clk_IBUF
    BUFGCTRL_X0Y0        BUFG (Prop_bufg_I_O)         0.029     1.089 r  clk_IBUF_BUFG_inst/O
                         net (fo=11156, routed)       0.939     2.028    u_uart_slave/u_uart_core/baud_gen_inst/clk_IBUF_BUFG
    SLICE_X1Y15          FDRE                                         r  u_uart_slave/u_uart_core/baud_gen_inst/tx_div_cnt_reg[10]/C





--------------------------------------------------------------------------------------
Path Group:  (none)
From Clock:  CLK
  To Clock:  

Max Delay             3 Endpoints
Min Delay             3 Endpoints
--------------------------------------------------------------------------------------


Max Delay Paths
--------------------------------------------------------------------------------------
Slack:                    inf
  Source:                 u_cpu/dut_pc/pc_reg[5]/C
                            (rising edge-triggered cell FDRE clocked by CLK  {rise@0.000ns fall@10.000ns period=20.000ns})
  Destination:            cpu_stall_debug
                            (output port)
  Path Group:             (none)
  Path Type:              Max at Slow Process Corner
  Data Path Delay:        18.265ns  (logic 5.482ns (30.014%)  route 12.783ns (69.986%))
  Logic Levels:           14  (CARRY4=2 LUT4=2 LUT5=1 LUT6=7 OBUF=1 RAMD32=1)
  Clock Uncertainty:      0.325ns  ((TSJ^2 + TIJ^2)^1/2 + DJ) / 2 + PE + UU
    Total System Jitter     (TSJ):    0.050ns
    Total Input Jitter      (TIJ):    0.000ns
    Discrete Jitter          (DJ):    0.000ns
    Phase Error              (PE):    0.000ns
    User Uncertainty         (UU):    0.300ns

    Location             Delay type                Incr(ns)  Path(ns)    Netlist Resource(s)
  -------------------------------------------------------------------    -------------------
                         (clock CLK rise edge)        0.000     0.000 r  
    N15                                               0.000     0.000 r  clk (IN)
                         net (fo=0)                   0.000     0.000    clk
    N15                  IBUF (Prop_ibuf_I_O)         0.948     0.948 r  clk_IBUF_inst/O
                         net (fo=1, routed)           2.016     2.963    clk_IBUF
    BUFGCTRL_X0Y0        BUFG (Prop_bufg_I_O)         0.096     3.059 r  clk_IBUF_BUFG_inst/O
                         net (fo=11156, routed)       1.812     4.872    u_cpu/dut_pc/clk_IBUF_BUFG
    SLICE_X31Y8          FDRE                                         r  u_cpu/dut_pc/pc_reg[5]/C
  -------------------------------------------------------------------    -------------------
    SLICE_X31Y8          FDRE (Prop_fdre_C_Q)         0.456     5.328 r  u_cpu/dut_pc/pc_reg[5]/Q
                         net (fo=165, routed)         1.287     6.614    u_l1_icache/tag_array_reg_0_31_6_11/ADDRB1
    SLICE_X30Y6          RAMD32 (Prop_ramd32_RADR1_O)
                                                      0.152     6.766 r  u_l1_icache/tag_array_reg_0_31_6_11/RAMB/O
                         net (fo=1, routed)           0.992     7.758    u_cpu/dut_pc/lookup_hit1[8]
    SLICE_X24Y8          LUT6 (Prop_lut6_I3_O)        0.348     8.106 r  u_cpu/dut_pc/cpu_stall_debug_OBUF_inst_i_37/O
                         net (fo=1, routed)           0.000     8.106    u_cpu/dut_pc/cpu_stall_debug_OBUF_inst_i_37_n_0
    SLICE_X24Y8          CARRY4 (Prop_carry4_S[2]_CO[3])
                                                      0.398     8.504 r  u_cpu/dut_pc/cpu_stall_debug_OBUF_inst_i_23/CO[3]
                         net (fo=1, routed)           0.000     8.504    u_cpu/dut_pc/cpu_stall_debug_OBUF_inst_i_23_n_0
    SLICE_X24Y9          CARRY4 (Prop_carry4_CI_CO[3])
                                                      0.114     8.618 f  u_cpu/dut_pc/cpu_stall_debug_OBUF_inst_i_7/CO[3]
                         net (fo=4, routed)           1.531    10.149    u_cpu/dut_pc/u_l1_icache/lookup_hit0
    SLICE_X23Y14         LUT6 (Prop_lut6_I1_O)        0.124    10.273 f  u_cpu/dut_pc/FSM_onehot_current_state[4]_i_3/O
                         net (fo=18, routed)          0.766    11.039    u_cpu/dut_pc/FSM_onehot_current_state[4]_i_3_n_0
    SLICE_X20Y16         LUT6 (Prop_lut6_I0_O)        0.124    11.163 r  u_cpu/dut_pc/instr_debug[0]_i_1/O
                         net (fo=2, routed)           0.510    11.673    u_cpu/dut_pc/instruction_hold_q_reg[1][0]
    SLICE_X20Y15         LUT6 (Prop_lut6_I4_O)        0.124    11.797 r  u_cpu/dut_pc/FSM_onehot_current_state[4]_i_6/O
                         net (fo=6, routed)           0.760    12.557    u_cpu/dut_pc/FSM_onehot_current_state[4]_i_6_n_0
    SLICE_X17Y17         LUT4 (Prop_lut4_I2_O)        0.150    12.707 r  u_cpu/dut_pc/cpu_stall_debug_OBUF_inst_i_18/O
                         net (fo=5, routed)           0.637    13.344    u_cpu/dut_pc/mem_read
    SLICE_X18Y18         LUT5 (Prop_lut5_I2_O)        0.326    13.670 r  u_cpu/dut_pc/FSM_onehot_current_state[4]_i_4/O
                         net (fo=75, routed)          0.795    14.464    u_cpu/dut_pc/u_cpu_axi_arbiter/select_data__0
    SLICE_X13Y16         LUT4 (Prop_lut4_I1_O)        0.124    14.588 r  u_cpu/dut_pc/FSM_onehot_current_state[4]_i_5/O
                         net (fo=5, routed)           0.631    15.219    u_cpu/dut_pc/axi_req_read
    SLICE_X10Y14         LUT6 (Prop_lut6_I3_O)        0.124    15.343 r  u_cpu/dut_pc/FSM_sequential_owner_q[1]_i_2/O
                         net (fo=10, routed)          0.826    16.169    u_cpu/dut_pc/FSM_onehot_current_state_reg[0]
    SLICE_X17Y18         LUT6 (Prop_lut6_I3_O)        0.124    16.293 r  u_cpu/dut_pc/cpu_stall_debug_OBUF_inst_i_5/O
                         net (fo=3, routed)           0.833    17.126    u_cpu/dut_pc/cpu_mem_stall
    SLICE_X19Y19         LUT6 (Prop_lut6_I5_O)        0.124    17.250 r  u_cpu/dut_pc/cpu_stall_debug_OBUF_inst_i_1/O
                         net (fo=1, routed)           3.217    20.467    cpu_stall_debug_OBUF
    T10                  OBUF (Prop_obuf_I_O)         2.670    23.137 r  cpu_stall_debug_OBUF_inst/O
                         net (fo=0)                   0.000    23.137    cpu_stall_debug
    T10                                                               r  cpu_stall_debug (OUT)
  -------------------------------------------------------------------    -------------------

Slack:                    inf
  Source:                 u_uart_slave/u_uart_core/uart_tx_inst/tx_hold_buffer_reg[4]/C
                            (rising edge-triggered cell FDRE clocked by CLK  {rise@0.000ns fall@10.000ns period=20.000ns})
  Destination:            uart_tx_o
                            (output port)
  Path Group:             (none)
  Path Type:              Max at Slow Process Corner
  Data Path Delay:        8.840ns  (logic 3.952ns (44.711%)  route 4.887ns (55.289%))
  Logic Levels:           4  (LUT5=1 LUT6=1 MUXF7=1 OBUF=1)
  Clock Uncertainty:      0.325ns  ((TSJ^2 + TIJ^2)^1/2 + DJ) / 2 + PE + UU
    Total System Jitter     (TSJ):    0.050ns
    Total Input Jitter      (TIJ):    0.000ns
    Discrete Jitter          (DJ):    0.000ns
    Phase Error              (PE):    0.000ns
    User Uncertainty         (UU):    0.300ns

    Location             Delay type                Incr(ns)  Path(ns)    Netlist Resource(s)
  -------------------------------------------------------------------    -------------------
                         (clock CLK rise edge)        0.000     0.000 r  
    N15                                               0.000     0.000 r  clk (IN)
                         net (fo=0)                   0.000     0.000    clk
    N15                  IBUF (Prop_ibuf_I_O)         0.948     0.948 r  clk_IBUF_inst/O
                         net (fo=1, routed)           2.016     2.963    clk_IBUF
    BUFGCTRL_X0Y0        BUFG (Prop_bufg_I_O)         0.096     3.059 r  clk_IBUF_BUFG_inst/O
                         net (fo=11156, routed)       1.895     4.955    u_uart_slave/u_uart_core/uart_tx_inst/clk_IBUF_BUFG
    SLICE_X2Y9           FDRE                                         r  u_uart_slave/u_uart_core/uart_tx_inst/tx_hold_buffer_reg[4]/C
  -------------------------------------------------------------------    -------------------
    SLICE_X2Y9           FDRE (Prop_fdre_C_Q)         0.478     5.433 r  u_uart_slave/u_uart_core/uart_tx_inst/tx_hold_buffer_reg[4]/Q
                         net (fo=1, routed)           0.964     6.396    u_uart_slave/u_uart_core/uart_tx_inst/tx_hold_buffer[4]
    SLICE_X2Y9           LUT6 (Prop_lut6_I5_O)        0.296     6.692 r  u_uart_slave/u_uart_core/uart_tx_inst/uart_tx_o_OBUF_inst_i_4/O
                         net (fo=1, routed)           0.000     6.692    u_uart_slave/u_uart_core/uart_tx_inst/uart_tx_o_OBUF_inst_i_4_n_0
    SLICE_X2Y9           MUXF7 (Prop_muxf7_I1_O)      0.214     6.906 r  u_uart_slave/u_uart_core/uart_tx_inst/uart_tx_o_OBUF_inst_i_2/O
                         net (fo=1, routed)           0.941     7.847    u_uart_slave/u_uart_core/uart_tx_inst/uart_tx_o_OBUF_inst_i_2_n_0
    SLICE_X1Y9           LUT5 (Prop_lut5_I2_O)        0.297     8.144 r  u_uart_slave/u_uart_core/uart_tx_inst/uart_tx_o_OBUF_inst_i_1/O
                         net (fo=1, routed)           2.983    11.127    uart_tx_o_OBUF
    T9                   OBUF (Prop_obuf_I_O)         2.667    13.794 r  uart_tx_o_OBUF_inst/O
                         net (fo=0)                   0.000    13.794    uart_tx_o
    T9                                                                r  uart_tx_o (OUT)
  -------------------------------------------------------------------    -------------------

Slack:                    inf
  Source:                 u_aes_slave/done_q_reg/C
                            (rising edge-triggered cell FDRE clocked by CLK  {rise@0.000ns fall@10.000ns period=20.000ns})
  Destination:            aes_done_debug
                            (output port)
  Path Group:             (none)
  Path Type:              Max at Slow Process Corner
  Data Path Delay:        5.740ns  (logic 3.242ns (56.487%)  route 2.498ns (43.513%))
  Logic Levels:           1  (OBUF=1)
  Clock Uncertainty:      0.325ns  ((TSJ^2 + TIJ^2)^1/2 + DJ) / 2 + PE + UU
    Total System Jitter     (TSJ):    0.050ns
    Total Input Jitter      (TIJ):    0.000ns
    Discrete Jitter          (DJ):    0.000ns
    Phase Error              (PE):    0.000ns
    User Uncertainty         (UU):    0.300ns

    Location             Delay type                Incr(ns)  Path(ns)    Netlist Resource(s)
  -------------------------------------------------------------------    -------------------
                         (clock CLK rise edge)        0.000     0.000 r  
    N15                                               0.000     0.000 r  clk (IN)
                         net (fo=0)                   0.000     0.000    clk
    N15                  IBUF (Prop_ibuf_I_O)         0.948     0.948 r  clk_IBUF_inst/O
                         net (fo=1, routed)           2.016     2.963    clk_IBUF
    BUFGCTRL_X0Y0        BUFG (Prop_bufg_I_O)         0.096     3.059 r  clk_IBUF_BUFG_inst/O
                         net (fo=11156, routed)       1.880     4.940    u_aes_slave/clk_IBUF_BUFG
    SLICE_X3Y27          FDRE                                         r  u_aes_slave/done_q_reg/C
  -------------------------------------------------------------------    -------------------
    SLICE_X3Y27          FDRE (Prop_fdre_C_Q)         0.419     5.359 r  u_aes_slave/done_q_reg/Q
                         net (fo=3, routed)           2.498     7.856    aes_done_debug_OBUF
    R10                  OBUF (Prop_obuf_I_O)         2.823    10.680 r  aes_done_debug_OBUF_inst/O
                         net (fo=0)                   0.000    10.680    aes_done_debug
    R10                                                               r  aes_done_debug (OUT)
  -------------------------------------------------------------------    -------------------





Min Delay Paths
--------------------------------------------------------------------------------------
Slack:                    inf
  Source:                 u_aes_slave/done_q_reg/C
                            (rising edge-triggered cell FDRE clocked by CLK  {rise@0.000ns fall@10.000ns period=20.000ns})
  Destination:            aes_done_debug
                            (output port)
  Path Group:             (none)
  Path Type:              Min at Fast Process Corner
  Data Path Delay:        2.034ns  (logic 1.347ns (66.236%)  route 0.687ns (33.764%))
  Logic Levels:           1  (OBUF=1)
  Clock Uncertainty:      0.125ns  ((TSJ^2 + TIJ^2)^1/2 + DJ) / 2 + PE + UU
    Total System Jitter     (TSJ):    0.050ns
    Total Input Jitter      (TIJ):    0.000ns
    Discrete Jitter          (DJ):    0.000ns
    Phase Error              (PE):    0.000ns
    User Uncertainty         (UU):    0.100ns

    Location             Delay type                Incr(ns)  Path(ns)    Netlist Resource(s)
  -------------------------------------------------------------------    -------------------
                         (clock CLK rise edge)        0.000     0.000 r  
    N15                                               0.000     0.000 r  clk (IN)
                         net (fo=0)                   0.000     0.000    clk
    N15                  IBUF (Prop_ibuf_I_O)         0.177     0.177 r  clk_IBUF_inst/O
                         net (fo=1, routed)           0.640     0.817    clk_IBUF
    BUFGCTRL_X0Y0        BUFG (Prop_bufg_I_O)         0.026     0.843 r  clk_IBUF_BUFG_inst/O
                         net (fo=11156, routed)       0.658     1.501    u_aes_slave/clk_IBUF_BUFG
    SLICE_X3Y27          FDRE                                         r  u_aes_slave/done_q_reg/C
  -------------------------------------------------------------------    -------------------
    SLICE_X3Y27          FDRE (Prop_fdre_C_Q)         0.128     1.629 r  u_aes_slave/done_q_reg/Q
                         net (fo=3, routed)           0.687     2.316    aes_done_debug_OBUF
    R10                  OBUF (Prop_obuf_I_O)         1.219     3.535 r  aes_done_debug_OBUF_inst/O
                         net (fo=0)                   0.000     3.535    aes_done_debug
    R10                                                               r  aes_done_debug (OUT)
  -------------------------------------------------------------------    -------------------

Slack:                    inf
  Source:                 u_uart_slave/u_uart_core/uart_tx_inst/parity_bit_reg/C
                            (rising edge-triggered cell FDRE clocked by CLK  {rise@0.000ns fall@10.000ns period=20.000ns})
  Destination:            uart_tx_o
                            (output port)
  Path Group:             (none)
  Path Type:              Min at Fast Process Corner
  Data Path Delay:        2.371ns  (logic 1.370ns (57.785%)  route 1.001ns (42.215%))
  Logic Levels:           2  (LUT5=1 OBUF=1)
  Clock Uncertainty:      0.125ns  ((TSJ^2 + TIJ^2)^1/2 + DJ) / 2 + PE + UU
    Total System Jitter     (TSJ):    0.050ns
    Total Input Jitter      (TIJ):    0.000ns
    Discrete Jitter          (DJ):    0.000ns
    Phase Error              (PE):    0.000ns
    User Uncertainty         (UU):    0.100ns

    Location             Delay type                Incr(ns)  Path(ns)    Netlist Resource(s)
  -------------------------------------------------------------------    -------------------
                         (clock CLK rise edge)        0.000     0.000 r  
    N15                                               0.000     0.000 r  clk (IN)
                         net (fo=0)                   0.000     0.000    clk
    N15                  IBUF (Prop_ibuf_I_O)         0.177     0.177 r  clk_IBUF_inst/O
                         net (fo=1, routed)           0.640     0.817    clk_IBUF
    BUFGCTRL_X0Y0        BUFG (Prop_bufg_I_O)         0.026     0.843 r  clk_IBUF_BUFG_inst/O
                         net (fo=11156, routed)       0.667     1.510    u_uart_slave/u_uart_core/uart_tx_inst/clk_IBUF_BUFG
    SLICE_X1Y9           FDRE                                         r  u_uart_slave/u_uart_core/uart_tx_inst/parity_bit_reg/C
  -------------------------------------------------------------------    -------------------
    SLICE_X1Y9           FDRE (Prop_fdre_C_Q)         0.141     1.651 r  u_uart_slave/u_uart_core/uart_tx_inst/parity_bit_reg/Q
                         net (fo=1, routed)           0.136     1.787    u_uart_slave/u_uart_core/uart_tx_inst/parity_bit
    SLICE_X1Y9           LUT5 (Prop_lut5_I4_O)        0.045     1.832 r  u_uart_slave/u_uart_core/uart_tx_inst/uart_tx_o_OBUF_inst_i_1/O
                         net (fo=1, routed)           0.865     2.697    uart_tx_o_OBUF
    T9                   OBUF (Prop_obuf_I_O)         1.184     3.881 r  uart_tx_o_OBUF_inst/O
                         net (fo=0)                   0.000     3.881    uart_tx_o
    T9                                                                r  uart_tx_o (OUT)
  -------------------------------------------------------------------    -------------------

Slack:                    inf
  Source:                 u_cpu_axi_arbiter/FSM_sequential_owner_q_reg[0]/C
                            (rising edge-triggered cell FDRE clocked by CLK  {rise@0.000ns fall@10.000ns period=20.000ns})
  Destination:            cpu_stall_debug
                            (output port)
  Path Group:             (none)
  Path Type:              Min at Fast Process Corner
  Data Path Delay:        3.015ns  (logic 1.417ns (47.010%)  route 1.598ns (52.990%))
  Logic Levels:           3  (LUT6=2 OBUF=1)
  Clock Uncertainty:      0.125ns  ((TSJ^2 + TIJ^2)^1/2 + DJ) / 2 + PE + UU
    Total System Jitter     (TSJ):    0.050ns
    Total Input Jitter      (TIJ):    0.000ns
    Discrete Jitter          (DJ):    0.000ns
    Phase Error              (PE):    0.000ns
    User Uncertainty         (UU):    0.100ns

    Location             Delay type                Incr(ns)  Path(ns)    Netlist Resource(s)
  -------------------------------------------------------------------    -------------------
                         (clock CLK rise edge)        0.000     0.000 r  
    N15                                               0.000     0.000 r  clk (IN)
                         net (fo=0)                   0.000     0.000    clk
    N15                  IBUF (Prop_ibuf_I_O)         0.177     0.177 r  clk_IBUF_inst/O
                         net (fo=1, routed)           0.640     0.817    clk_IBUF
    BUFGCTRL_X0Y0        BUFG (Prop_bufg_I_O)         0.026     0.843 r  clk_IBUF_BUFG_inst/O
                         net (fo=11156, routed)       0.631     1.474    u_cpu_axi_arbiter/clk_IBUF_BUFG
    SLICE_X17Y18         FDRE                                         r  u_cpu_axi_arbiter/FSM_sequential_owner_q_reg[0]/C
  -------------------------------------------------------------------    -------------------
    SLICE_X17Y18         FDRE (Prop_fdre_C_Q)         0.141     1.615 r  u_cpu_axi_arbiter/FSM_sequential_owner_q_reg[0]/Q
                         net (fo=12, routed)          0.233     1.848    u_cpu/dut_pc/owner_q[0]
    SLICE_X17Y18         LUT6 (Prop_lut6_I5_O)        0.045     1.893 r  u_cpu/dut_pc/cpu_stall_debug_OBUF_inst_i_5/O
                         net (fo=3, routed)           0.288     2.181    u_cpu/dut_pc/cpu_mem_stall
    SLICE_X19Y19         LUT6 (Prop_lut6_I5_O)        0.045     2.226 r  u_cpu/dut_pc/cpu_stall_debug_OBUF_inst_i_1/O
                         net (fo=1, routed)           1.077     3.303    cpu_stall_debug_OBUF
    T10                  OBUF (Prop_obuf_I_O)         1.186     4.489 r  cpu_stall_debug_OBUF_inst/O
                         net (fo=0)                   0.000     4.489    cpu_stall_debug
    T10                                                               r  cpu_stall_debug (OUT)
  -------------------------------------------------------------------    -------------------





