Copyright 1986-2022 Xilinx, Inc. All Rights Reserved. Copyright 2022-2025 Advanced Micro Devices, Inc. All Rights Reserved.
------------------------------------------------------------------------------------------------------------------------------------------------------------------------------------------
| Tool Version : Vivado v.2025.2 (lin64) Build 6299465 Fri Nov 14 12:34:56 MST 2025
| Date         : Thu Sep 10 18:55:40 2026
| Host         : trungp1412 running 64-bit Red Hat Enterprise Linux 10.2 (Coughlan)"
RELEASE_TYPE=stable
| Command      : report_timing_summary -delay_type max -max_paths 20 -report_unconstrained -file /home/trungpham/PROJECT/KLTN/vivado_fmax_arty_a7_100t_20ns/post_synth_timing_summary.rpt
| Design       : soc_top
| Device       : 7a100t-csg324
| Speed File   : -1  PRODUCTION 1.23 2018-06-13
| Design State : Synthesized
------------------------------------------------------------------------------------------------------------------------------------------------------------------------------------------

Timing Summary Report

------------------------------------------------------------------------------------------------
| Timer Settings
| --------------
------------------------------------------------------------------------------------------------

  Enable Multi Corner Analysis               :  Yes
  Enable Pessimism Removal                   :  Yes
  Pessimism Removal Resolution               :  Nearest Common Node
  Enable Input Delay Default Clock           :  No
  Enable Preset / Clear Arcs                 :  No
  Disable Flight Delays                      :  No
  Ignore I/O Paths                           :  No
  Timing Early Launch at Borrowing Latches   :  No
  Borrow Time for Max Delay Exceptions       :  Yes
  Merge Timing Exceptions                    :  Yes
  Inter-SLR Compensation                     :  Conservative

  Corner  Analyze    Analyze    
  Name    Max Paths  Min Paths  
  ------  ---------  ---------  
  Slow    Yes        Yes        
  Fast    Yes        Yes        


------------------------------------------------------------------------------------------------
| Report Methodology
| ------------------
------------------------------------------------------------------------------------------------

No report available as report_methodology has not been run prior. Run report_methodology on the current design for the summary of methodology violations.



check_timing report

Table of Contents
-----------------
1. checking no_clock (0)
2. checking constant_clock (0)
3. checking pulse_width_clock (0)
4. checking unconstrained_internal_endpoints (0)
5. checking no_input_delay (2)
6. checking no_output_delay (3)
7. checking multiple_clock (0)
8. checking generated_clocks (0)
9. checking loops (0)
10. checking partial_input_delay (0)
11. checking partial_output_delay (0)
12. checking latch_loops (0)

1. checking no_clock (0)
------------------------
 There are 0 register/latch pins with no clock.


2. checking constant_clock (0)
------------------------------
 There are 0 register/latch pins with constant_clock.


3. checking pulse_width_clock (0)
---------------------------------
 There are 0 register/latch pins which need pulse_width check


4. checking unconstrained_internal_endpoints (0)
------------------------------------------------
 There are 0 pins that are not constrained for maximum delay.

 There are 0 pins that are not constrained for maximum delay due to constant clock.


5. checking no_input_delay (2)
------------------------------
 There are 0 input ports with no input delay specified.

 There are 2 input ports with no input delay but user has a false path constraint. (MEDIUM)


6. checking no_output_delay (3)
-------------------------------
 There are 3 ports with no output delay specified. (HIGH)

 There are 0 ports with no output delay but user has a false path constraint

 There are 0 ports with no output delay but with a timing clock defined on it or propagating through it


7. checking multiple_clock (0)
------------------------------
 There are 0 register/latch pins with multiple clocks.


8. checking generated_clocks (0)
--------------------------------
 There are 0 generated clocks that are not connected to a clock source.


9. checking loops (0)
---------------------
 There are 0 combinational loops in the design.


10. checking partial_input_delay (0)
------------------------------------
 There are 0 input ports with partial input delay specified.


11. checking partial_output_delay (0)
-------------------------------------
 There are 0 ports with partial output delay specified.


12. checking latch_loops (0)
----------------------------
 There are 0 combinational latch loops in the design through latch input



------------------------------------------------------------------------------------------------
| Design Timing Summary
| ---------------------
------------------------------------------------------------------------------------------------

    WNS(ns)      TNS(ns)  TNS Failing Endpoints  TNS Total Endpoints     WPWS(ns)     TPWS(ns)  TPWS Failing Endpoints  TPWS Total Endpoints  
    -------      -------  ---------------------  -------------------     --------     --------  ----------------------  --------------------  
      2.393        0.000                      0                19442        8.750        0.000                       0                 11259  


All user specified timing constraints are met.


------------------------------------------------------------------------------------------------
| Clock Summary
| -------------
------------------------------------------------------------------------------------------------

Clock  Waveform(ns)       Period(ns)      Frequency(MHz)
-----  ------------       ----------      --------------
CLK    {0.000 10.000}     20.000          50.000          


------------------------------------------------------------------------------------------------
| Intra Clock Table
| -----------------
------------------------------------------------------------------------------------------------

Clock             WNS(ns)      TNS(ns)  TNS Failing Endpoints  TNS Total Endpoints     WPWS(ns)     TPWS(ns)  TPWS Failing Endpoints  TPWS Total Endpoints  
-----             -------      -------  ---------------------  -------------------     --------     --------  ----------------------  --------------------  
CLK                 2.393        0.000                      0                19442        8.750        0.000                       0                 11259  


------------------------------------------------------------------------------------------------
| Inter Clock Table
| -----------------
------------------------------------------------------------------------------------------------

From Clock    To Clock          WNS(ns)      TNS(ns)  TNS Failing Endpoints  TNS Total Endpoints  
----------    --------          -------      -------  ---------------------  -------------------  


------------------------------------------------------------------------------------------------
| Other Path Groups Table
| -----------------------
------------------------------------------------------------------------------------------------

Path Group    From Clock    To Clock          WNS(ns)      TNS(ns)  TNS Failing Endpoints  TNS Total Endpoints  
----------    ----------    --------          -------      -------  ---------------------  -------------------  


------------------------------------------------------------------------------------------------
| User Ignored Path Table
| -----------------------
------------------------------------------------------------------------------------------------

Path Group    From Clock    To Clock    
----------    ----------    --------    
(none)                                    
(none)                      CLK           


------------------------------------------------------------------------------------------------
| Unconstrained Path Table
| ------------------------
------------------------------------------------------------------------------------------------

Path Group    From Clock    To Clock    
----------    ----------    --------    
(none)        CLK                         


------------------------------------------------------------------------------------------------
| Timing Details
| --------------
------------------------------------------------------------------------------------------------


---------------------------------------------------------------------------------------------------
From Clock:  CLK
  To Clock:  CLK

Setup :            0  Failing Endpoints,  Worst Slack        2.393ns,  Total Violation        0.000ns
Hold  :           NA  Failing Endpoints,  Worst Slack           NA  ,  Total Violation           NA
PW    :            0  Failing Endpoints,  Worst Slack        8.750ns,  Total Violation        0.000ns
---------------------------------------------------------------------------------------------------


Max Delay Paths
--------------------------------------------------------------------------------------
Slack (MET) :             2.393ns  (required time - arrival time)
  Source:                 u_cpu/dut_pc/pc_reg[4]_rep__8/C
                            (rising edge-triggered cell FDRE clocked by CLK  {rise@0.000ns fall@10.000ns period=20.000ns})
  Destination:            u_l1_icache/tag_array_reg_0_31_0_5/RAMA/WE
                            (rising edge-triggered cell RAMD32 clocked by CLK  {rise@0.000ns fall@10.000ns period=20.000ns})
  Path Group:             CLK
  Path Type:              Setup (Max at Slow Process Corner)
  Requirement:            20.000ns  (CLK rise@20.000ns - CLK rise@0.000ns)
  Data Path Delay:        16.599ns  (logic 4.740ns (28.556%)  route 11.859ns (71.444%))
  Logic Levels:           23  (CARRY4=6 LUT2=1 LUT4=3 LUT5=5 LUT6=7 RAMD32=1)
  Clock Path Skew:        -0.145ns (DCD - SCD + CPR)
    Destination Clock Delay (DCD):    2.130ns = ( 22.130 - 20.000 ) 
    Source Clock Delay      (SCD):    2.454ns
    Clock Pessimism Removal (CPR):    0.179ns
  Clock Uncertainty:      0.335ns  ((TSJ^2 + TIJ^2)^1/2 + DJ) / 2 + PE + UU
    Total System Jitter     (TSJ):    0.071ns
    Total Input Jitter      (TIJ):    0.000ns
    Discrete Jitter          (DJ):    0.000ns
    Phase Error              (PE):    0.000ns
    User Uncertainty         (UU):    0.300ns

    Location             Delay type                Incr(ns)  Path(ns)    Netlist Resource(s)
  -------------------------------------------------------------------    -------------------
                         (clock CLK rise edge)        0.000     0.000 r  
                                                      0.000     0.000 r  clk (IN)
                         net (fo=0)                   0.000     0.000    clk
                         IBUF (Prop_ibuf_I_O)         0.971     0.971 r  clk_IBUF_inst/O
                         net (fo=1, unplaced)         0.803     1.774    clk_IBUF
                         BUFG (Prop_bufg_I_O)         0.096     1.870 r  clk_IBUF_BUFG_inst/O
                         net (fo=11258, unplaced)     0.584     2.454    u_cpu/dut_pc/clk_IBUF_BUFG
                         FDRE                                         r  u_cpu/dut_pc/pc_reg[4]_rep__8/C
  -------------------------------------------------------------------    -------------------
                         FDRE (Prop_fdre_C_Q)         0.478     2.932 r  u_cpu/dut_pc/pc_reg[4]_rep__8/Q
                         net (fo=130, unplaced)       1.071     4.003    u_l1_icache/tag_array_reg_0_31_0_5/ADDRC0
                         RAMD32 (Prop_ramd32_RADR0_O)
                                                      0.324     4.327 r  u_l1_icache/tag_array_reg_0_31_0_5/RAMC/O
                         net (fo=1, unplaced)         0.941     5.268    u_cpu/dut_pc/lookup_hit1[4]
                         LUT6 (Prop_lut6_I1_O)        0.124     5.392 r  u_cpu/dut_pc/cpu_stall_debug_OBUF_inst_i_38/O
                         net (fo=1, unplaced)         0.000     5.392    u_cpu/dut_pc/cpu_stall_debug_OBUF_inst_i_38_n_0
                         CARRY4 (Prop_carry4_S[1]_CO[3])
                                                      0.533     5.925 r  u_cpu/dut_pc/cpu_stall_debug_OBUF_inst_i_23/CO[3]
                         net (fo=1, unplaced)         0.000     5.925    u_cpu/dut_pc/cpu_stall_debug_OBUF_inst_i_23_n_0
                         CARRY4 (Prop_carry4_CI_CO[3])
                                                      0.117     6.042 r  u_cpu/dut_pc/cpu_stall_debug_OBUF_inst_i_7/CO[3]
                         net (fo=4, unplaced)         0.772     6.814    u_cpu/dut_pc/u_l1_icache/lookup_hit0
                         LUT5 (Prop_lut5_I4_O)        0.124     6.938 r  u_cpu/dut_pc/cpu_stall_debug_OBUF_inst_i_2/O
                         net (fo=49, unplaced)        0.814     7.752    u_cpu/dut_pc/state_q_reg_1
                         LUT6 (Prop_lut6_I1_O)        0.124     7.876 r  u_cpu/dut_pc/instr_debug[3]_i_1/O
                         net (fo=11, unplaced)        0.778     8.654    u_cpu/dut_pc/state_q_reg_3
                         LUT6 (Prop_lut6_I3_O)        0.124     8.778 f  u_cpu/dut_pc/FSM_onehot_current_state[4]_i_6/O
                         net (fo=6, unplaced)         0.973     9.751    u_cpu/dut_pc/FSM_onehot_current_state[4]_i_6_n_0
                         LUT6 (Prop_lut6_I0_O)        0.124     9.875 f  u_cpu/dut_pc/pc_target1_carry_i_11/O
                         net (fo=38, unplaced)        1.016    10.891    u_cpu/dut_pc/imm_sel[1]
                         LUT6 (Prop_lut6_I0_O)        0.124    11.015 r  u_cpu/dut_pc/pc_target1_carry__0_i_10/O
                         net (fo=12, unplaced)        0.497    11.512    u_cpu/dut_pc/pc_target1_carry__0_i_10_n_0
                         LUT5 (Prop_lut5_I3_O)        0.124    11.636 r  u_cpu/dut_pc/pc_target1_carry__0_i_13/O
                         net (fo=6, unplaced)         0.481    12.117    u_cpu/dut_pc/imm_ext[5]
                         LUT4 (Prop_lut4_I3_O)        0.116    12.233 r  u_cpu/dut_pc/result0_carry__0_i_11/O
                         net (fo=6, unplaced)         0.481    12.714    u_cpu/dut_pc/src_b[5]
                         LUT2 (Prop_lut2_I1_O)        0.124    12.838 r  u_cpu/dut_pc/result0_carry__0_i_7/O
                         net (fo=1, unplaced)         0.000    12.838    u_cpu/dut_alu/mem_addr_q[4]_i_7[1]
                         CARRY4 (Prop_carry4_S[1]_CO[3])
                                                      0.533    13.371 r  u_cpu/dut_alu/result0_carry__0/CO[3]
                         net (fo=1, unplaced)         0.000    13.371    u_cpu/dut_alu/result0_carry__0_n_0
                         CARRY4 (Prop_carry4_CI_CO[3])
                                                      0.117    13.488 r  u_cpu/dut_alu/result0_carry__1/CO[3]
                         net (fo=1, unplaced)         0.000    13.488    u_cpu/dut_alu/result0_carry__1_n_0
                         CARRY4 (Prop_carry4_CI_CO[3])
                                                      0.117    13.605 r  u_cpu/dut_alu/result0_carry__2/CO[3]
                         net (fo=1, unplaced)         0.000    13.605    u_cpu/dut_alu/result0_carry__2_n_0
                         CARRY4 (Prop_carry4_CI_O[1])
                                                      0.337    13.942 r  u_cpu/dut_alu/result0_carry__3/O[1]
                         net (fo=1, unplaced)         0.611    14.553    u_cpu/dut_alu/data0[17]
                         LUT4 (Prop_lut4_I0_O)        0.306    14.859 r  u_cpu/dut_alu/mem_addr_q[17]_i_11/O
                         net (fo=1, unplaced)         0.449    15.308    u_cpu/dut_pc/mem_addr_q[17]_i_2_0
                         LUT6 (Prop_lut6_I5_O)        0.124    15.432 r  u_cpu/dut_pc/mem_addr_q[17]_i_6/O
                         net (fo=1, unplaced)         0.449    15.881    u_cpu/dut_pc/mem_addr_q[17]_i_6_n_0
                         LUT6 (Prop_lut6_I5_O)        0.124    16.005 r  u_cpu/dut_pc/mem_addr_q[17]_i_2/O
                         net (fo=5, unplaced)         0.447    16.452    u_cpu/dut_pc/cpu_mem_addr[17]
                         LUT4 (Prop_lut4_I0_O)        0.150    16.602 f  u_cpu/dut_pc/refill_word_q[1]_i_11/O
                         net (fo=1, unplaced)         0.449    17.051    u_cpu/dut_pc/refill_word_q[1]_i_11_n_0
                         LUT5 (Prop_lut5_I4_O)        0.124    17.175 f  u_cpu/dut_pc/refill_word_q[1]_i_7/O
                         net (fo=1, unplaced)         0.665    17.840    u_cpu/dut_pc/refill_word_q[1]_i_7_n_0
                         LUT5 (Prop_lut5_I2_O)        0.124    17.964 f  u_cpu/dut_pc/refill_word_q[1]_i_4/O
                         net (fo=165, unplaced)       0.561    18.525    u_l1_icache/icache_invalidate
                         LUT5 (Prop_lut5_I0_O)        0.124    18.649 r  u_l1_icache/tag_array_reg_0_31_0_5_i_1/O
                         net (fo=32, unplaced)        0.404    19.053    u_l1_icache/tag_array_reg_0_31_0_5/WE
                         RAMD32                                       r  u_l1_icache/tag_array_reg_0_31_0_5/RAMA/WE
  -------------------------------------------------------------------    -------------------

                         (clock CLK rise edge)       20.000    20.000 r  
                                                      0.000    20.000 r  clk (IN)
                         net (fo=0)                   0.000    20.000    clk
                         IBUF (Prop_ibuf_I_O)         0.838    20.838 r  clk_IBUF_inst/O
                         net (fo=1, unplaced)         0.763    21.600    clk_IBUF
                         BUFG (Prop_bufg_I_O)         0.091    21.691 r  clk_IBUF_BUFG_inst/O
                         net (fo=11258, unplaced)     0.439    22.130    u_l1_icache/tag_array_reg_0_31_0_5/WCLK
                         RAMD32                                       r  u_l1_icache/tag_array_reg_0_31_0_5/RAMA/CLK
                         clock pessimism              0.179    22.309    
                         clock uncertainty           -0.335    21.974    
                         RAMD32 (Setup_ramd32_CLK_WE)
                                                     -0.528    21.446    u_l1_icache/tag_array_reg_0_31_0_5/RAMA
  -------------------------------------------------------------------
                         required time                         21.446    
                         arrival time                         -19.053    
  -------------------------------------------------------------------
                         slack                                  2.393    

Slack (MET) :             2.393ns  (required time - arrival time)
  Source:                 u_cpu/dut_pc/pc_reg[4]_rep__8/C
                            (rising edge-triggered cell FDRE clocked by CLK  {rise@0.000ns fall@10.000ns period=20.000ns})
  Destination:            u_l1_icache/tag_array_reg_0_31_0_5/RAMA_D1/WE
                            (rising edge-triggered cell RAMD32 clocked by CLK  {rise@0.000ns fall@10.000ns period=20.000ns})
  Path Group:             CLK
  Path Type:              Setup (Max at Slow Process Corner)
  Requirement:            20.000ns  (CLK rise@20.000ns - CLK rise@0.000ns)
  Data Path Delay:        16.599ns  (logic 4.740ns (28.556%)  route 11.859ns (71.444%))
  Logic Levels:           23  (CARRY4=6 LUT2=1 LUT4=3 LUT5=5 LUT6=7 RAMD32=1)
  Clock Path Skew:        -0.145ns (DCD - SCD + CPR)
    Destination Clock Delay (DCD):    2.130ns = ( 22.130 - 20.000 ) 
    Source Clock Delay      (SCD):    2.454ns
    Clock Pessimism Removal (CPR):    0.179ns
  Clock Uncertainty:      0.335ns  ((TSJ^2 + TIJ^2)^1/2 + DJ) / 2 + PE + UU
    Total System Jitter     (TSJ):    0.071ns
    Total Input Jitter      (TIJ):    0.000ns
    Discrete Jitter          (DJ):    0.000ns
    Phase Error              (PE):    0.000ns
    User Uncertainty         (UU):    0.300ns

    Location             Delay type                Incr(ns)  Path(ns)    Netlist Resource(s)
  -------------------------------------------------------------------    -------------------
                         (clock CLK rise edge)        0.000     0.000 r  
                                                      0.000     0.000 r  clk (IN)
                         net (fo=0)                   0.000     0.000    clk
                         IBUF (Prop_ibuf_I_O)         0.971     0.971 r  clk_IBUF_inst/O
                         net (fo=1, unplaced)         0.803     1.774    clk_IBUF
                         BUFG (Prop_bufg_I_O)         0.096     1.870 r  clk_IBUF_BUFG_inst/O
                         net (fo=11258, unplaced)     0.584     2.454    u_cpu/dut_pc/clk_IBUF_BUFG
                         FDRE                                         r  u_cpu/dut_pc/pc_reg[4]_rep__8/C
  -------------------------------------------------------------------    -------------------
                         FDRE (Prop_fdre_C_Q)         0.478     2.932 r  u_cpu/dut_pc/pc_reg[4]_rep__8/Q
                         net (fo=130, unplaced)       1.071     4.003    u_l1_icache/tag_array_reg_0_31_0_5/ADDRC0
                         RAMD32 (Prop_ramd32_RADR0_O)
                                                      0.324     4.327 r  u_l1_icache/tag_array_reg_0_31_0_5/RAMC/O
                         net (fo=1, unplaced)         0.941     5.268    u_cpu/dut_pc/lookup_hit1[4]
                         LUT6 (Prop_lut6_I1_O)        0.124     5.392 r  u_cpu/dut_pc/cpu_stall_debug_OBUF_inst_i_38/O
                         net (fo=1, unplaced)         0.000     5.392    u_cpu/dut_pc/cpu_stall_debug_OBUF_inst_i_38_n_0
                         CARRY4 (Prop_carry4_S[1]_CO[3])
                                                      0.533     5.925 r  u_cpu/dut_pc/cpu_stall_debug_OBUF_inst_i_23/CO[3]
                         net (fo=1, unplaced)         0.000     5.925    u_cpu/dut_pc/cpu_stall_debug_OBUF_inst_i_23_n_0
                         CARRY4 (Prop_carry4_CI_CO[3])
                                                      0.117     6.042 r  u_cpu/dut_pc/cpu_stall_debug_OBUF_inst_i_7/CO[3]
                         net (fo=4, unplaced)         0.772     6.814    u_cpu/dut_pc/u_l1_icache/lookup_hit0
                         LUT5 (Prop_lut5_I4_O)        0.124     6.938 r  u_cpu/dut_pc/cpu_stall_debug_OBUF_inst_i_2/O
                         net (fo=49, unplaced)        0.814     7.752    u_cpu/dut_pc/state_q_reg_1
                         LUT6 (Prop_lut6_I1_O)        0.124     7.876 r  u_cpu/dut_pc/instr_debug[3]_i_1/O
                         net (fo=11, unplaced)        0.778     8.654    u_cpu/dut_pc/state_q_reg_3
                         LUT6 (Prop_lut6_I3_O)        0.124     8.778 f  u_cpu/dut_pc/FSM_onehot_current_state[4]_i_6/O
                         net (fo=6, unplaced)         0.973     9.751    u_cpu/dut_pc/FSM_onehot_current_state[4]_i_6_n_0
                         LUT6 (Prop_lut6_I0_O)        0.124     9.875 f  u_cpu/dut_pc/pc_target1_carry_i_11/O
                         net (fo=38, unplaced)        1.016    10.891    u_cpu/dut_pc/imm_sel[1]
                         LUT6 (Prop_lut6_I0_O)        0.124    11.015 r  u_cpu/dut_pc/pc_target1_carry__0_i_10/O
                         net (fo=12, unplaced)        0.497    11.512    u_cpu/dut_pc/pc_target1_carry__0_i_10_n_0
                         LUT5 (Prop_lut5_I3_O)        0.124    11.636 r  u_cpu/dut_pc/pc_target1_carry__0_i_13/O
                         net (fo=6, unplaced)         0.481    12.117    u_cpu/dut_pc/imm_ext[5]
                         LUT4 (Prop_lut4_I3_O)        0.116    12.233 r  u_cpu/dut_pc/result0_carry__0_i_11/O
                         net (fo=6, unplaced)         0.481    12.714    u_cpu/dut_pc/src_b[5]
                         LUT2 (Prop_lut2_I1_O)        0.124    12.838 r  u_cpu/dut_pc/result0_carry__0_i_7/O
                         net (fo=1, unplaced)         0.000    12.838    u_cpu/dut_alu/mem_addr_q[4]_i_7[1]
                         CARRY4 (Prop_carry4_S[1]_CO[3])
                                                      0.533    13.371 r  u_cpu/dut_alu/result0_carry__0/CO[3]
                         net (fo=1, unplaced)         0.000    13.371    u_cpu/dut_alu/result0_carry__0_n_0
                         CARRY4 (Prop_carry4_CI_CO[3])
                                                      0.117    13.488 r  u_cpu/dut_alu/result0_carry__1/CO[3]
                         net (fo=1, unplaced)         0.000    13.488    u_cpu/dut_alu/result0_carry__1_n_0
                         CARRY4 (Prop_carry4_CI_CO[3])
                                                      0.117    13.605 r  u_cpu/dut_alu/result0_carry__2/CO[3]
                         net (fo=1, unplaced)         0.000    13.605    u_cpu/dut_alu/result0_carry__2_n_0
                         CARRY4 (Prop_carry4_CI_O[1])
                                                      0.337    13.942 r  u_cpu/dut_alu/result0_carry__3/O[1]
                         net (fo=1, unplaced)         0.611    14.553    u_cpu/dut_alu/data0[17]
                         LUT4 (Prop_lut4_I0_O)        0.306    14.859 r  u_cpu/dut_alu/mem_addr_q[17]_i_11/O
                         net (fo=1, unplaced)         0.449    15.308    u_cpu/dut_pc/mem_addr_q[17]_i_2_0
                         LUT6 (Prop_lut6_I5_O)        0.124    15.432 r  u_cpu/dut_pc/mem_addr_q[17]_i_6/O
                         net (fo=1, unplaced)         0.449    15.881    u_cpu/dut_pc/mem_addr_q[17]_i_6_n_0
                         LUT6 (Prop_lut6_I5_O)        0.124    16.005 r  u_cpu/dut_pc/mem_addr_q[17]_i_2/O
                         net (fo=5, unplaced)         0.447    16.452    u_cpu/dut_pc/cpu_mem_addr[17]
                         LUT4 (Prop_lut4_I0_O)        0.150    16.602 f  u_cpu/dut_pc/refill_word_q[1]_i_11/O
                         net (fo=1, unplaced)         0.449    17.051    u_cpu/dut_pc/refill_word_q[1]_i_11_n_0
                         LUT5 (Prop_lut5_I4_O)        0.124    17.175 f  u_cpu/dut_pc/refill_word_q[1]_i_7/O
                         net (fo=1, unplaced)         0.665    17.840    u_cpu/dut_pc/refill_word_q[1]_i_7_n_0
                         LUT5 (Prop_lut5_I2_O)        0.124    17.964 f  u_cpu/dut_pc/refill_word_q[1]_i_4/O
                         net (fo=165, unplaced)       0.561    18.525    u_l1_icache/icache_invalidate
                         LUT5 (Prop_lut5_I0_O)        0.124    18.649 r  u_l1_icache/tag_array_reg_0_31_0_5_i_1/O
                         net (fo=32, unplaced)        0.404    19.053    u_l1_icache/tag_array_reg_0_31_0_5/WE
                         RAMD32                                       r  u_l1_icache/tag_array_reg_0_31_0_5/RAMA_D1/WE
  -------------------------------------------------------------------    -------------------

                         (clock CLK rise edge)       20.000    20.000 r  
                                                      0.000    20.000 r  clk (IN)
                         net (fo=0)                   0.000    20.000    clk
                         IBUF (Prop_ibuf_I_O)         0.838    20.838 r  clk_IBUF_inst/O
                         net (fo=1, unplaced)         0.763    21.600    clk_IBUF
                         BUFG (Prop_bufg_I_O)         0.091    21.691 r  clk_IBUF_BUFG_inst/O
                         net (fo=11258, unplaced)     0.439    22.130    u_l1_icache/tag_array_reg_0_31_0_5/WCLK
                         RAMD32                                       r  u_l1_icache/tag_array_reg_0_31_0_5/RAMA_D1/CLK
                         clock pessimism              0.179    22.309    
                         clock uncertainty           -0.335    21.974    
                         RAMD32 (Setup_ramd32_CLK_WE)
                                                     -0.528    21.446    u_l1_icache/tag_array_reg_0_31_0_5/RAMA_D1
  -------------------------------------------------------------------
                         required time                         21.446    
                         arrival time                         -19.053    
  -------------------------------------------------------------------
                         slack                                  2.393    

Slack (MET) :             2.393ns  (required time - arrival time)
  Source:                 u_cpu/dut_pc/pc_reg[4]_rep__8/C
                            (rising edge-triggered cell FDRE clocked by CLK  {rise@0.000ns fall@10.000ns period=20.000ns})
  Destination:            u_l1_icache/tag_array_reg_0_31_0_5/RAMB/WE
                            (rising edge-triggered cell RAMD32 clocked by CLK  {rise@0.000ns fall@10.000ns period=20.000ns})
  Path Group:             CLK
  Path Type:              Setup (Max at Slow Process Corner)
  Requirement:            20.000ns  (CLK rise@20.000ns - CLK rise@0.000ns)
  Data Path Delay:        16.599ns  (logic 4.740ns (28.556%)  route 11.859ns (71.444%))
  Logic Levels:           23  (CARRY4=6 LUT2=1 LUT4=3 LUT5=5 LUT6=7 RAMD32=1)
  Clock Path Skew:        -0.145ns (DCD - SCD + CPR)
    Destination Clock Delay (DCD):    2.130ns = ( 22.130 - 20.000 ) 
    Source Clock Delay      (SCD):    2.454ns
    Clock Pessimism Removal (CPR):    0.179ns
  Clock Uncertainty:      0.335ns  ((TSJ^2 + TIJ^2)^1/2 + DJ) / 2 + PE + UU
    Total System Jitter     (TSJ):    0.071ns
    Total Input Jitter      (TIJ):    0.000ns
    Discrete Jitter          (DJ):    0.000ns
    Phase Error              (PE):    0.000ns
    User Uncertainty         (UU):    0.300ns

    Location             Delay type                Incr(ns)  Path(ns)    Netlist Resource(s)
  -------------------------------------------------------------------    -------------------
                         (clock CLK rise edge)        0.000     0.000 r  
                                                      0.000     0.000 r  clk (IN)
                         net (fo=0)                   0.000     0.000    clk
                         IBUF (Prop_ibuf_I_O)         0.971     0.971 r  clk_IBUF_inst/O
                         net (fo=1, unplaced)         0.803     1.774    clk_IBUF
                         BUFG (Prop_bufg_I_O)         0.096     1.870 r  clk_IBUF_BUFG_inst/O
                         net (fo=11258, unplaced)     0.584     2.454    u_cpu/dut_pc/clk_IBUF_BUFG
                         FDRE                                         r  u_cpu/dut_pc/pc_reg[4]_rep__8/C
  -------------------------------------------------------------------    -------------------
                         FDRE (Prop_fdre_C_Q)         0.478     2.932 r  u_cpu/dut_pc/pc_reg[4]_rep__8/Q
                         net (fo=130, unplaced)       1.071     4.003    u_l1_icache/tag_array_reg_0_31_0_5/ADDRC0
                         RAMD32 (Prop_ramd32_RADR0_O)
                                                      0.324     4.327 r  u_l1_icache/tag_array_reg_0_31_0_5/RAMC/O
                         net (fo=1, unplaced)         0.941     5.268    u_cpu/dut_pc/lookup_hit1[4]
                         LUT6 (Prop_lut6_I1_O)        0.124     5.392 r  u_cpu/dut_pc/cpu_stall_debug_OBUF_inst_i_38/O
                         net (fo=1, unplaced)         0.000     5.392    u_cpu/dut_pc/cpu_stall_debug_OBUF_inst_i_38_n_0
                         CARRY4 (Prop_carry4_S[1]_CO[3])
                                                      0.533     5.925 r  u_cpu/dut_pc/cpu_stall_debug_OBUF_inst_i_23/CO[3]
                         net (fo=1, unplaced)         0.000     5.925    u_cpu/dut_pc/cpu_stall_debug_OBUF_inst_i_23_n_0
                         CARRY4 (Prop_carry4_CI_CO[3])
                                                      0.117     6.042 r  u_cpu/dut_pc/cpu_stall_debug_OBUF_inst_i_7/CO[3]
                         net (fo=4, unplaced)         0.772     6.814    u_cpu/dut_pc/u_l1_icache/lookup_hit0
                         LUT5 (Prop_lut5_I4_O)        0.124     6.938 r  u_cpu/dut_pc/cpu_stall_debug_OBUF_inst_i_2/O
                         net (fo=49, unplaced)        0.814     7.752    u_cpu/dut_pc/state_q_reg_1
                         LUT6 (Prop_lut6_I1_O)        0.124     7.876 r  u_cpu/dut_pc/instr_debug[3]_i_1/O
                         net (fo=11, unplaced)        0.778     8.654    u_cpu/dut_pc/state_q_reg_3
                         LUT6 (Prop_lut6_I3_O)        0.124     8.778 f  u_cpu/dut_pc/FSM_onehot_current_state[4]_i_6/O
                         net (fo=6, unplaced)         0.973     9.751    u_cpu/dut_pc/FSM_onehot_current_state[4]_i_6_n_0
                         LUT6 (Prop_lut6_I0_O)        0.124     9.875 f  u_cpu/dut_pc/pc_target1_carry_i_11/O
                         net (fo=38, unplaced)        1.016    10.891    u_cpu/dut_pc/imm_sel[1]
                         LUT6 (Prop_lut6_I0_O)        0.124    11.015 r  u_cpu/dut_pc/pc_target1_carry__0_i_10/O
                         net (fo=12, unplaced)        0.497    11.512    u_cpu/dut_pc/pc_target1_carry__0_i_10_n_0
                         LUT5 (Prop_lut5_I3_O)        0.124    11.636 r  u_cpu/dut_pc/pc_target1_carry__0_i_13/O
                         net (fo=6, unplaced)         0.481    12.117    u_cpu/dut_pc/imm_ext[5]
                         LUT4 (Prop_lut4_I3_O)        0.116    12.233 r  u_cpu/dut_pc/result0_carry__0_i_11/O
                         net (fo=6, unplaced)         0.481    12.714    u_cpu/dut_pc/src_b[5]
                         LUT2 (Prop_lut2_I1_O)        0.124    12.838 r  u_cpu/dut_pc/result0_carry__0_i_7/O
                         net (fo=1, unplaced)         0.000    12.838    u_cpu/dut_alu/mem_addr_q[4]_i_7[1]
                         CARRY4 (Prop_carry4_S[1]_CO[3])
                                                      0.533    13.371 r  u_cpu/dut_alu/result0_carry__0/CO[3]
                         net (fo=1, unplaced)         0.000    13.371    u_cpu/dut_alu/result0_carry__0_n_0
                         CARRY4 (Prop_carry4_CI_CO[3])
                                                      0.117    13.488 r  u_cpu/dut_alu/result0_carry__1/CO[3]
                         net (fo=1, unplaced)         0.000    13.488    u_cpu/dut_alu/result0_carry__1_n_0
                         CARRY4 (Prop_carry4_CI_CO[3])
                                                      0.117    13.605 r  u_cpu/dut_alu/result0_carry__2/CO[3]
                         net (fo=1, unplaced)         0.000    13.605    u_cpu/dut_alu/result0_carry__2_n_0
                         CARRY4 (Prop_carry4_CI_O[1])
                                                      0.337    13.942 r  u_cpu/dut_alu/result0_carry__3/O[1]
                         net (fo=1, unplaced)         0.611    14.553    u_cpu/dut_alu/data0[17]
                         LUT4 (Prop_lut4_I0_O)        0.306    14.859 r  u_cpu/dut_alu/mem_addr_q[17]_i_11/O
                         net (fo=1, unplaced)         0.449    15.308    u_cpu/dut_pc/mem_addr_q[17]_i_2_0
                         LUT6 (Prop_lut6_I5_O)        0.124    15.432 r  u_cpu/dut_pc/mem_addr_q[17]_i_6/O
                         net (fo=1, unplaced)         0.449    15.881    u_cpu/dut_pc/mem_addr_q[17]_i_6_n_0
                         LUT6 (Prop_lut6_I5_O)        0.124    16.005 r  u_cpu/dut_pc/mem_addr_q[17]_i_2/O
                         net (fo=5, unplaced)         0.447    16.452    u_cpu/dut_pc/cpu_mem_addr[17]
                         LUT4 (Prop_lut4_I0_O)        0.150    16.602 f  u_cpu/dut_pc/refill_word_q[1]_i_11/O
                         net (fo=1, unplaced)         0.449    17.051    u_cpu/dut_pc/refill_word_q[1]_i_11_n_0
                         LUT5 (Prop_lut5_I4_O)        0.124    17.175 f  u_cpu/dut_pc/refill_word_q[1]_i_7/O
                         net (fo=1, unplaced)         0.665    17.840    u_cpu/dut_pc/refill_word_q[1]_i_7_n_0
                         LUT5 (Prop_lut5_I2_O)        0.124    17.964 f  u_cpu/dut_pc/refill_word_q[1]_i_4/O
                         net (fo=165, unplaced)       0.561    18.525    u_l1_icache/icache_invalidate
                         LUT5 (Prop_lut5_I0_O)        0.124    18.649 r  u_l1_icache/tag_array_reg_0_31_0_5_i_1/O
                         net (fo=32, unplaced)        0.404    19.053    u_l1_icache/tag_array_reg_0_31_0_5/WE
                         RAMD32                                       r  u_l1_icache/tag_array_reg_0_31_0_5/RAMB/WE
  -------------------------------------------------------------------    -------------------

                         (clock CLK rise edge)       20.000    20.000 r  
                                                      0.000    20.000 r  clk (IN)
                         net (fo=0)                   0.000    20.000    clk
                         IBUF (Prop_ibuf_I_O)         0.838    20.838 r  clk_IBUF_inst/O
                         net (fo=1, unplaced)         0.763    21.600    clk_IBUF
                         BUFG (Prop_bufg_I_O)         0.091    21.691 r  clk_IBUF_BUFG_inst/O
                         net (fo=11258, unplaced)     0.439    22.130    u_l1_icache/tag_array_reg_0_31_0_5/WCLK
                         RAMD32                                       r  u_l1_icache/tag_array_reg_0_31_0_5/RAMB/CLK
                         clock pessimism              0.179    22.309    
                         clock uncertainty           -0.335    21.974    
                         RAMD32 (Setup_ramd32_CLK_WE)
                                                     -0.528    21.446    u_l1_icache/tag_array_reg_0_31_0_5/RAMB
  -------------------------------------------------------------------
                         required time                         21.446    
                         arrival time                         -19.053    
  -------------------------------------------------------------------
                         slack                                  2.393    

Slack (MET) :             2.393ns  (required time - arrival time)
  Source:                 u_cpu/dut_pc/pc_reg[4]_rep__8/C
                            (rising edge-triggered cell FDRE clocked by CLK  {rise@0.000ns fall@10.000ns period=20.000ns})
  Destination:            u_l1_icache/tag_array_reg_0_31_0_5/RAMB_D1/WE
                            (rising edge-triggered cell RAMD32 clocked by CLK  {rise@0.000ns fall@10.000ns period=20.000ns})
  Path Group:             CLK
  Path Type:              Setup (Max at Slow Process Corner)
  Requirement:            20.000ns  (CLK rise@20.000ns - CLK rise@0.000ns)
  Data Path Delay:        16.599ns  (logic 4.740ns (28.556%)  route 11.859ns (71.444%))
  Logic Levels:           23  (CARRY4=6 LUT2=1 LUT4=3 LUT5=5 LUT6=7 RAMD32=1)
  Clock Path Skew:        -0.145ns (DCD - SCD + CPR)
    Destination Clock Delay (DCD):    2.130ns = ( 22.130 - 20.000 ) 
    Source Clock Delay      (SCD):    2.454ns
    Clock Pessimism Removal (CPR):    0.179ns
  Clock Uncertainty:      0.335ns  ((TSJ^2 + TIJ^2)^1/2 + DJ) / 2 + PE + UU
    Total System Jitter     (TSJ):    0.071ns
    Total Input Jitter      (TIJ):    0.000ns
    Discrete Jitter          (DJ):    0.000ns
    Phase Error              (PE):    0.000ns
    User Uncertainty         (UU):    0.300ns

    Location             Delay type                Incr(ns)  Path(ns)    Netlist Resource(s)
  -------------------------------------------------------------------    -------------------
                         (clock CLK rise edge)        0.000     0.000 r  
                                                      0.000     0.000 r  clk (IN)
                         net (fo=0)                   0.000     0.000    clk
                         IBUF (Prop_ibuf_I_O)         0.971     0.971 r  clk_IBUF_inst/O
                         net (fo=1, unplaced)         0.803     1.774    clk_IBUF
                         BUFG (Prop_bufg_I_O)         0.096     1.870 r  clk_IBUF_BUFG_inst/O
                         net (fo=11258, unplaced)     0.584     2.454    u_cpu/dut_pc/clk_IBUF_BUFG
                         FDRE                                         r  u_cpu/dut_pc/pc_reg[4]_rep__8/C
  -------------------------------------------------------------------    -------------------
                         FDRE (Prop_fdre_C_Q)         0.478     2.932 r  u_cpu/dut_pc/pc_reg[4]_rep__8/Q
                         net (fo=130, unplaced)       1.071     4.003    u_l1_icache/tag_array_reg_0_31_0_5/ADDRC0
                         RAMD32 (Prop_ramd32_RADR0_O)
                                                      0.324     4.327 r  u_l1_icache/tag_array_reg_0_31_0_5/RAMC/O
                         net (fo=1, unplaced)         0.941     5.268    u_cpu/dut_pc/lookup_hit1[4]
                         LUT6 (Prop_lut6_I1_O)        0.124     5.392 r  u_cpu/dut_pc/cpu_stall_debug_OBUF_inst_i_38/O
                         net (fo=1, unplaced)         0.000     5.392    u_cpu/dut_pc/cpu_stall_debug_OBUF_inst_i_38_n_0
                         CARRY4 (Prop_carry4_S[1]_CO[3])
                                                      0.533     5.925 r  u_cpu/dut_pc/cpu_stall_debug_OBUF_inst_i_23/CO[3]
                         net (fo=1, unplaced)         0.000     5.925    u_cpu/dut_pc/cpu_stall_debug_OBUF_inst_i_23_n_0
                         CARRY4 (Prop_carry4_CI_CO[3])
                                                      0.117     6.042 r  u_cpu/dut_pc/cpu_stall_debug_OBUF_inst_i_7/CO[3]
                         net (fo=4, unplaced)         0.772     6.814    u_cpu/dut_pc/u_l1_icache/lookup_hit0
                         LUT5 (Prop_lut5_I4_O)        0.124     6.938 r  u_cpu/dut_pc/cpu_stall_debug_OBUF_inst_i_2/O
                         net (fo=49, unplaced)        0.814     7.752    u_cpu/dut_pc/state_q_reg_1
                         LUT6 (Prop_lut6_I1_O)        0.124     7.876 r  u_cpu/dut_pc/instr_debug[3]_i_1/O
                         net (fo=11, unplaced)        0.778     8.654    u_cpu/dut_pc/state_q_reg_3
                         LUT6 (Prop_lut6_I3_O)        0.124     8.778 f  u_cpu/dut_pc/FSM_onehot_current_state[4]_i_6/O
                         net (fo=6, unplaced)         0.973     9.751    u_cpu/dut_pc/FSM_onehot_current_state[4]_i_6_n_0
                         LUT6 (Prop_lut6_I0_O)        0.124     9.875 f  u_cpu/dut_pc/pc_target1_carry_i_11/O
                         net (fo=38, unplaced)        1.016    10.891    u_cpu/dut_pc/imm_sel[1]
                         LUT6 (Prop_lut6_I0_O)        0.124    11.015 r  u_cpu/dut_pc/pc_target1_carry__0_i_10/O
                         net (fo=12, unplaced)        0.497    11.512    u_cpu/dut_pc/pc_target1_carry__0_i_10_n_0
                         LUT5 (Prop_lut5_I3_O)        0.124    11.636 r  u_cpu/dut_pc/pc_target1_carry__0_i_13/O
                         net (fo=6, unplaced)         0.481    12.117    u_cpu/dut_pc/imm_ext[5]
                         LUT4 (Prop_lut4_I3_O)        0.116    12.233 r  u_cpu/dut_pc/result0_carry__0_i_11/O
                         net (fo=6, unplaced)         0.481    12.714    u_cpu/dut_pc/src_b[5]
                         LUT2 (Prop_lut2_I1_O)        0.124    12.838 r  u_cpu/dut_pc/result0_carry__0_i_7/O
                         net (fo=1, unplaced)         0.000    12.838    u_cpu/dut_alu/mem_addr_q[4]_i_7[1]
                         CARRY4 (Prop_carry4_S[1]_CO[3])
                                                      0.533    13.371 r  u_cpu/dut_alu/result0_carry__0/CO[3]
                         net (fo=1, unplaced)         0.000    13.371    u_cpu/dut_alu/result0_carry__0_n_0
                         CARRY4 (Prop_carry4_CI_CO[3])
                                                      0.117    13.488 r  u_cpu/dut_alu/result0_carry__1/CO[3]
                         net (fo=1, unplaced)         0.000    13.488    u_cpu/dut_alu/result0_carry__1_n_0
                         CARRY4 (Prop_carry4_CI_CO[3])
                                                      0.117    13.605 r  u_cpu/dut_alu/result0_carry__2/CO[3]
                         net (fo=1, unplaced)         0.000    13.605    u_cpu/dut_alu/result0_carry__2_n_0
                         CARRY4 (Prop_carry4_CI_O[1])
                                                      0.337    13.942 r  u_cpu/dut_alu/result0_carry__3/O[1]
                         net (fo=1, unplaced)         0.611    14.553    u_cpu/dut_alu/data0[17]
                         LUT4 (Prop_lut4_I0_O)        0.306    14.859 r  u_cpu/dut_alu/mem_addr_q[17]_i_11/O
                         net (fo=1, unplaced)         0.449    15.308    u_cpu/dut_pc/mem_addr_q[17]_i_2_0
                         LUT6 (Prop_lut6_I5_O)        0.124    15.432 r  u_cpu/dut_pc/mem_addr_q[17]_i_6/O
                         net (fo=1, unplaced)         0.449    15.881    u_cpu/dut_pc/mem_addr_q[17]_i_6_n_0
                         LUT6 (Prop_lut6_I5_O)        0.124    16.005 r  u_cpu/dut_pc/mem_addr_q[17]_i_2/O
                         net (fo=5, unplaced)         0.447    16.452    u_cpu/dut_pc/cpu_mem_addr[17]
                         LUT4 (Prop_lut4_I0_O)        0.150    16.602 f  u_cpu/dut_pc/refill_word_q[1]_i_11/O
                         net (fo=1, unplaced)         0.449    17.051    u_cpu/dut_pc/refill_word_q[1]_i_11_n_0
                         LUT5 (Prop_lut5_I4_O)        0.124    17.175 f  u_cpu/dut_pc/refill_word_q[1]_i_7/O
                         net (fo=1, unplaced)         0.665    17.840    u_cpu/dut_pc/refill_word_q[1]_i_7_n_0
                         LUT5 (Prop_lut5_I2_O)        0.124    17.964 f  u_cpu/dut_pc/refill_word_q[1]_i_4/O
                         net (fo=165, unplaced)       0.561    18.525    u_l1_icache/icache_invalidate
                         LUT5 (Prop_lut5_I0_O)        0.124    18.649 r  u_l1_icache/tag_array_reg_0_31_0_5_i_1/O
                         net (fo=32, unplaced)        0.404    19.053    u_l1_icache/tag_array_reg_0_31_0_5/WE
                         RAMD32                                       r  u_l1_icache/tag_array_reg_0_31_0_5/RAMB_D1/WE
  -------------------------------------------------------------------    -------------------

                         (clock CLK rise edge)       20.000    20.000 r  
                                                      0.000    20.000 r  clk (IN)
                         net (fo=0)                   0.000    20.000    clk
                         IBUF (Prop_ibuf_I_O)         0.838    20.838 r  clk_IBUF_inst/O
                         net (fo=1, unplaced)         0.763    21.600    clk_IBUF
                         BUFG (Prop_bufg_I_O)         0.091    21.691 r  clk_IBUF_BUFG_inst/O
                         net (fo=11258, unplaced)     0.439    22.130    u_l1_icache/tag_array_reg_0_31_0_5/WCLK
                         RAMD32                                       r  u_l1_icache/tag_array_reg_0_31_0_5/RAMB_D1/CLK
                         clock pessimism              0.179    22.309    
                         clock uncertainty           -0.335    21.974    
                         RAMD32 (Setup_ramd32_CLK_WE)
                                                     -0.528    21.446    u_l1_icache/tag_array_reg_0_31_0_5/RAMB_D1
  -------------------------------------------------------------------
                         required time                         21.446    
                         arrival time                         -19.053    
  -------------------------------------------------------------------
                         slack                                  2.393    

Slack (MET) :             2.393ns  (required time - arrival time)
  Source:                 u_cpu/dut_pc/pc_reg[4]_rep__8/C
                            (rising edge-triggered cell FDRE clocked by CLK  {rise@0.000ns fall@10.000ns period=20.000ns})
  Destination:            u_l1_icache/tag_array_reg_0_31_0_5/RAMC/WE
                            (rising edge-triggered cell RAMD32 clocked by CLK  {rise@0.000ns fall@10.000ns period=20.000ns})
  Path Group:             CLK
  Path Type:              Setup (Max at Slow Process Corner)
  Requirement:            20.000ns  (CLK rise@20.000ns - CLK rise@0.000ns)
  Data Path Delay:        16.599ns  (logic 4.740ns (28.556%)  route 11.859ns (71.444%))
  Logic Levels:           23  (CARRY4=6 LUT2=1 LUT4=3 LUT5=5 LUT6=7 RAMD32=1)
  Clock Path Skew:        -0.145ns (DCD - SCD + CPR)
    Destination Clock Delay (DCD):    2.130ns = ( 22.130 - 20.000 ) 
    Source Clock Delay      (SCD):    2.454ns
    Clock Pessimism Removal (CPR):    0.179ns
  Clock Uncertainty:      0.335ns  ((TSJ^2 + TIJ^2)^1/2 + DJ) / 2 + PE + UU
    Total System Jitter     (TSJ):    0.071ns
    Total Input Jitter      (TIJ):    0.000ns
    Discrete Jitter          (DJ):    0.000ns
    Phase Error              (PE):    0.000ns
    User Uncertainty         (UU):    0.300ns

    Location             Delay type                Incr(ns)  Path(ns)    Netlist Resource(s)
  -------------------------------------------------------------------    -------------------
                         (clock CLK rise edge)        0.000     0.000 r  
                                                      0.000     0.000 r  clk (IN)
                         net (fo=0)                   0.000     0.000    clk
                         IBUF (Prop_ibuf_I_O)         0.971     0.971 r  clk_IBUF_inst/O
                         net (fo=1, unplaced)         0.803     1.774    clk_IBUF
                         BUFG (Prop_bufg_I_O)         0.096     1.870 r  clk_IBUF_BUFG_inst/O
                         net (fo=11258, unplaced)     0.584     2.454    u_cpu/dut_pc/clk_IBUF_BUFG
                         FDRE                                         r  u_cpu/dut_pc/pc_reg[4]_rep__8/C
  -------------------------------------------------------------------    -------------------
                         FDRE (Prop_fdre_C_Q)         0.478     2.932 r  u_cpu/dut_pc/pc_reg[4]_rep__8/Q
                         net (fo=130, unplaced)       1.071     4.003    u_l1_icache/tag_array_reg_0_31_0_5/ADDRC0
                         RAMD32 (Prop_ramd32_RADR0_O)
                                                      0.324     4.327 r  u_l1_icache/tag_array_reg_0_31_0_5/RAMC/O
                         net (fo=1, unplaced)         0.941     5.268    u_cpu/dut_pc/lookup_hit1[4]
                         LUT6 (Prop_lut6_I1_O)        0.124     5.392 r  u_cpu/dut_pc/cpu_stall_debug_OBUF_inst_i_38/O
                         net (fo=1, unplaced)         0.000     5.392    u_cpu/dut_pc/cpu_stall_debug_OBUF_inst_i_38_n_0
                         CARRY4 (Prop_carry4_S[1]_CO[3])
                                                      0.533     5.925 r  u_cpu/dut_pc/cpu_stall_debug_OBUF_inst_i_23/CO[3]
                         net (fo=1, unplaced)         0.000     5.925    u_cpu/dut_pc/cpu_stall_debug_OBUF_inst_i_23_n_0
                         CARRY4 (Prop_carry4_CI_CO[3])
                                                      0.117     6.042 r  u_cpu/dut_pc/cpu_stall_debug_OBUF_inst_i_7/CO[3]
                         net (fo=4, unplaced)         0.772     6.814    u_cpu/dut_pc/u_l1_icache/lookup_hit0
                         LUT5 (Prop_lut5_I4_O)        0.124     6.938 r  u_cpu/dut_pc/cpu_stall_debug_OBUF_inst_i_2/O
                         net (fo=49, unplaced)        0.814     7.752    u_cpu/dut_pc/state_q_reg_1
                         LUT6 (Prop_lut6_I1_O)        0.124     7.876 r  u_cpu/dut_pc/instr_debug[3]_i_1/O
                         net (fo=11, unplaced)        0.778     8.654    u_cpu/dut_pc/state_q_reg_3
                         LUT6 (Prop_lut6_I3_O)        0.124     8.778 f  u_cpu/dut_pc/FSM_onehot_current_state[4]_i_6/O
                         net (fo=6, unplaced)         0.973     9.751    u_cpu/dut_pc/FSM_onehot_current_state[4]_i_6_n_0
                         LUT6 (Prop_lut6_I0_O)        0.124     9.875 f  u_cpu/dut_pc/pc_target1_carry_i_11/O
                         net (fo=38, unplaced)        1.016    10.891    u_cpu/dut_pc/imm_sel[1]
                         LUT6 (Prop_lut6_I0_O)        0.124    11.015 r  u_cpu/dut_pc/pc_target1_carry__0_i_10/O
                         net (fo=12, unplaced)        0.497    11.512    u_cpu/dut_pc/pc_target1_carry__0_i_10_n_0
                         LUT5 (Prop_lut5_I3_O)        0.124    11.636 r  u_cpu/dut_pc/pc_target1_carry__0_i_13/O
                         net (fo=6, unplaced)         0.481    12.117    u_cpu/dut_pc/imm_ext[5]
                         LUT4 (Prop_lut4_I3_O)        0.116    12.233 r  u_cpu/dut_pc/result0_carry__0_i_11/O
                         net (fo=6, unplaced)         0.481    12.714    u_cpu/dut_pc/src_b[5]
                         LUT2 (Prop_lut2_I1_O)        0.124    12.838 r  u_cpu/dut_pc/result0_carry__0_i_7/O
                         net (fo=1, unplaced)         0.000    12.838    u_cpu/dut_alu/mem_addr_q[4]_i_7[1]
                         CARRY4 (Prop_carry4_S[1]_CO[3])
                                                      0.533    13.371 r  u_cpu/dut_alu/result0_carry__0/CO[3]
                         net (fo=1, unplaced)         0.000    13.371    u_cpu/dut_alu/result0_carry__0_n_0
                         CARRY4 (Prop_carry4_CI_CO[3])
                                                      0.117    13.488 r  u_cpu/dut_alu/result0_carry__1/CO[3]
                         net (fo=1, unplaced)         0.000    13.488    u_cpu/dut_alu/result0_carry__1_n_0
                         CARRY4 (Prop_carry4_CI_CO[3])
                                                      0.117    13.605 r  u_cpu/dut_alu/result0_carry__2/CO[3]
                         net (fo=1, unplaced)         0.000    13.605    u_cpu/dut_alu/result0_carry__2_n_0
                         CARRY4 (Prop_carry4_CI_O[1])
                                                      0.337    13.942 r  u_cpu/dut_alu/result0_carry__3/O[1]
                         net (fo=1, unplaced)         0.611    14.553    u_cpu/dut_alu/data0[17]
                         LUT4 (Prop_lut4_I0_O)        0.306    14.859 r  u_cpu/dut_alu/mem_addr_q[17]_i_11/O
                         net (fo=1, unplaced)         0.449    15.308    u_cpu/dut_pc/mem_addr_q[17]_i_2_0
                         LUT6 (Prop_lut6_I5_O)        0.124    15.432 r  u_cpu/dut_pc/mem_addr_q[17]_i_6/O
                         net (fo=1, unplaced)         0.449    15.881    u_cpu/dut_pc/mem_addr_q[17]_i_6_n_0
                         LUT6 (Prop_lut6_I5_O)        0.124    16.005 r  u_cpu/dut_pc/mem_addr_q[17]_i_2/O
                         net (fo=5, unplaced)         0.447    16.452    u_cpu/dut_pc/cpu_mem_addr[17]
                         LUT4 (Prop_lut4_I0_O)        0.150    16.602 f  u_cpu/dut_pc/refill_word_q[1]_i_11/O
                         net (fo=1, unplaced)         0.449    17.051    u_cpu/dut_pc/refill_word_q[1]_i_11_n_0
                         LUT5 (Prop_lut5_I4_O)        0.124    17.175 f  u_cpu/dut_pc/refill_word_q[1]_i_7/O
                         net (fo=1, unplaced)         0.665    17.840    u_cpu/dut_pc/refill_word_q[1]_i_7_n_0
                         LUT5 (Prop_lut5_I2_O)        0.124    17.964 f  u_cpu/dut_pc/refill_word_q[1]_i_4/O
                         net (fo=165, unplaced)       0.561    18.525    u_l1_icache/icache_invalidate
                         LUT5 (Prop_lut5_I0_O)        0.124    18.649 r  u_l1_icache/tag_array_reg_0_31_0_5_i_1/O
                         net (fo=32, unplaced)        0.404    19.053    u_l1_icache/tag_array_reg_0_31_0_5/WE
                         RAMD32                                       r  u_l1_icache/tag_array_reg_0_31_0_5/RAMC/WE
  -------------------------------------------------------------------    -------------------

                         (clock CLK rise edge)       20.000    20.000 r  
                                                      0.000    20.000 r  clk (IN)
                         net (fo=0)                   0.000    20.000    clk
                         IBUF (Prop_ibuf_I_O)         0.838    20.838 r  clk_IBUF_inst/O
                         net (fo=1, unplaced)         0.763    21.600    clk_IBUF
                         BUFG (Prop_bufg_I_O)         0.091    21.691 r  clk_IBUF_BUFG_inst/O
                         net (fo=11258, unplaced)     0.439    22.130    u_l1_icache/tag_array_reg_0_31_0_5/WCLK
                         RAMD32                                       r  u_l1_icache/tag_array_reg_0_31_0_5/RAMC/CLK
                         clock pessimism              0.179    22.309    
                         clock uncertainty           -0.335    21.974    
                         RAMD32 (Setup_ramd32_CLK_WE)
                                                     -0.528    21.446    u_l1_icache/tag_array_reg_0_31_0_5/RAMC
  -------------------------------------------------------------------
                         required time                         21.446    
                         arrival time                         -19.053    
  -------------------------------------------------------------------
                         slack                                  2.393    

Slack (MET) :             2.393ns  (required time - arrival time)
  Source:                 u_cpu/dut_pc/pc_reg[4]_rep__8/C
                            (rising edge-triggered cell FDRE clocked by CLK  {rise@0.000ns fall@10.000ns period=20.000ns})
  Destination:            u_l1_icache/tag_array_reg_0_31_0_5/RAMC_D1/WE
                            (rising edge-triggered cell RAMD32 clocked by CLK  {rise@0.000ns fall@10.000ns period=20.000ns})
  Path Group:             CLK
  Path Type:              Setup (Max at Slow Process Corner)
  Requirement:            20.000ns  (CLK rise@20.000ns - CLK rise@0.000ns)
  Data Path Delay:        16.599ns  (logic 4.740ns (28.556%)  route 11.859ns (71.444%))
  Logic Levels:           23  (CARRY4=6 LUT2=1 LUT4=3 LUT5=5 LUT6=7 RAMD32=1)
  Clock Path Skew:        -0.145ns (DCD - SCD + CPR)
    Destination Clock Delay (DCD):    2.130ns = ( 22.130 - 20.000 ) 
    Source Clock Delay      (SCD):    2.454ns
    Clock Pessimism Removal (CPR):    0.179ns
  Clock Uncertainty:      0.335ns  ((TSJ^2 + TIJ^2)^1/2 + DJ) / 2 + PE + UU
    Total System Jitter     (TSJ):    0.071ns
    Total Input Jitter      (TIJ):    0.000ns
    Discrete Jitter          (DJ):    0.000ns
    Phase Error              (PE):    0.000ns
    User Uncertainty         (UU):    0.300ns

    Location             Delay type                Incr(ns)  Path(ns)    Netlist Resource(s)
  -------------------------------------------------------------------    -------------------
                         (clock CLK rise edge)        0.000     0.000 r  
                                                      0.000     0.000 r  clk (IN)
                         net (fo=0)                   0.000     0.000    clk
                         IBUF (Prop_ibuf_I_O)         0.971     0.971 r  clk_IBUF_inst/O
                         net (fo=1, unplaced)         0.803     1.774    clk_IBUF
                         BUFG (Prop_bufg_I_O)         0.096     1.870 r  clk_IBUF_BUFG_inst/O
                         net (fo=11258, unplaced)     0.584     2.454    u_cpu/dut_pc/clk_IBUF_BUFG
                         FDRE                                         r  u_cpu/dut_pc/pc_reg[4]_rep__8/C
  -------------------------------------------------------------------    -------------------
                         FDRE (Prop_fdre_C_Q)         0.478     2.932 r  u_cpu/dut_pc/pc_reg[4]_rep__8/Q
                         net (fo=130, unplaced)       1.071     4.003    u_l1_icache/tag_array_reg_0_31_0_5/ADDRC0
                         RAMD32 (Prop_ramd32_RADR0_O)
                                                      0.324     4.327 r  u_l1_icache/tag_array_reg_0_31_0_5/RAMC/O
                         net (fo=1, unplaced)         0.941     5.268    u_cpu/dut_pc/lookup_hit1[4]
                         LUT6 (Prop_lut6_I1_O)        0.124     5.392 r  u_cpu/dut_pc/cpu_stall_debug_OBUF_inst_i_38/O
                         net (fo=1, unplaced)         0.000     5.392    u_cpu/dut_pc/cpu_stall_debug_OBUF_inst_i_38_n_0
                         CARRY4 (Prop_carry4_S[1]_CO[3])
                                                      0.533     5.925 r  u_cpu/dut_pc/cpu_stall_debug_OBUF_inst_i_23/CO[3]
                         net (fo=1, unplaced)         0.000     5.925    u_cpu/dut_pc/cpu_stall_debug_OBUF_inst_i_23_n_0
                         CARRY4 (Prop_carry4_CI_CO[3])
                                                      0.117     6.042 r  u_cpu/dut_pc/cpu_stall_debug_OBUF_inst_i_7/CO[3]
                         net (fo=4, unplaced)         0.772     6.814    u_cpu/dut_pc/u_l1_icache/lookup_hit0
                         LUT5 (Prop_lut5_I4_O)        0.124     6.938 r  u_cpu/dut_pc/cpu_stall_debug_OBUF_inst_i_2/O
                         net (fo=49, unplaced)        0.814     7.752    u_cpu/dut_pc/state_q_reg_1
                         LUT6 (Prop_lut6_I1_O)        0.124     7.876 r  u_cpu/dut_pc/instr_debug[3]_i_1/O
                         net (fo=11, unplaced)        0.778     8.654    u_cpu/dut_pc/state_q_reg_3
                         LUT6 (Prop_lut6_I3_O)        0.124     8.778 f  u_cpu/dut_pc/FSM_onehot_current_state[4]_i_6/O
                         net (fo=6, unplaced)         0.973     9.751    u_cpu/dut_pc/FSM_onehot_current_state[4]_i_6_n_0
                         LUT6 (Prop_lut6_I0_O)        0.124     9.875 f  u_cpu/dut_pc/pc_target1_carry_i_11/O
                         net (fo=38, unplaced)        1.016    10.891    u_cpu/dut_pc/imm_sel[1]
                         LUT6 (Prop_lut6_I0_O)        0.124    11.015 r  u_cpu/dut_pc/pc_target1_carry__0_i_10/O
                         net (fo=12, unplaced)        0.497    11.512    u_cpu/dut_pc/pc_target1_carry__0_i_10_n_0
                         LUT5 (Prop_lut5_I3_O)        0.124    11.636 r  u_cpu/dut_pc/pc_target1_carry__0_i_13/O
                         net (fo=6, unplaced)         0.481    12.117    u_cpu/dut_pc/imm_ext[5]
                         LUT4 (Prop_lut4_I3_O)        0.116    12.233 r  u_cpu/dut_pc/result0_carry__0_i_11/O
                         net (fo=6, unplaced)         0.481    12.714    u_cpu/dut_pc/src_b[5]
                         LUT2 (Prop_lut2_I1_O)        0.124    12.838 r  u_cpu/dut_pc/result0_carry__0_i_7/O
                         net (fo=1, unplaced)         0.000    12.838    u_cpu/dut_alu/mem_addr_q[4]_i_7[1]
                         CARRY4 (Prop_carry4_S[1]_CO[3])
                                                      0.533    13.371 r  u_cpu/dut_alu/result0_carry__0/CO[3]
                         net (fo=1, unplaced)         0.000    13.371    u_cpu/dut_alu/result0_carry__0_n_0
                         CARRY4 (Prop_carry4_CI_CO[3])
                                                      0.117    13.488 r  u_cpu/dut_alu/result0_carry__1/CO[3]
                         net (fo=1, unplaced)         0.000    13.488    u_cpu/dut_alu/result0_carry__1_n_0
                         CARRY4 (Prop_carry4_CI_CO[3])
                                                      0.117    13.605 r  u_cpu/dut_alu/result0_carry__2/CO[3]
                         net (fo=1, unplaced)         0.000    13.605    u_cpu/dut_alu/result0_carry__2_n_0
                         CARRY4 (Prop_carry4_CI_O[1])
                                                      0.337    13.942 r  u_cpu/dut_alu/result0_carry__3/O[1]
                         net (fo=1, unplaced)         0.611    14.553    u_cpu/dut_alu/data0[17]
                         LUT4 (Prop_lut4_I0_O)        0.306    14.859 r  u_cpu/dut_alu/mem_addr_q[17]_i_11/O
                         net (fo=1, unplaced)         0.449    15.308    u_cpu/dut_pc/mem_addr_q[17]_i_2_0
                         LUT6 (Prop_lut6_I5_O)        0.124    15.432 r  u_cpu/dut_pc/mem_addr_q[17]_i_6/O
                         net (fo=1, unplaced)         0.449    15.881    u_cpu/dut_pc/mem_addr_q[17]_i_6_n_0
                         LUT6 (Prop_lut6_I5_O)        0.124    16.005 r  u_cpu/dut_pc/mem_addr_q[17]_i_2/O
                         net (fo=5, unplaced)         0.447    16.452    u_cpu/dut_pc/cpu_mem_addr[17]
                         LUT4 (Prop_lut4_I0_O)        0.150    16.602 f  u_cpu/dut_pc/refill_word_q[1]_i_11/O
                         net (fo=1, unplaced)         0.449    17.051    u_cpu/dut_pc/refill_word_q[1]_i_11_n_0
                         LUT5 (Prop_lut5_I4_O)        0.124    17.175 f  u_cpu/dut_pc/refill_word_q[1]_i_7/O
                         net (fo=1, unplaced)         0.665    17.840    u_cpu/dut_pc/refill_word_q[1]_i_7_n_0
                         LUT5 (Prop_lut5_I2_O)        0.124    17.964 f  u_cpu/dut_pc/refill_word_q[1]_i_4/O
                         net (fo=165, unplaced)       0.561    18.525    u_l1_icache/icache_invalidate
                         LUT5 (Prop_lut5_I0_O)        0.124    18.649 r  u_l1_icache/tag_array_reg_0_31_0_5_i_1/O
                         net (fo=32, unplaced)        0.404    19.053    u_l1_icache/tag_array_reg_0_31_0_5/WE
                         RAMD32                                       r  u_l1_icache/tag_array_reg_0_31_0_5/RAMC_D1/WE
  -------------------------------------------------------------------    -------------------

                         (clock CLK rise edge)       20.000    20.000 r  
                                                      0.000    20.000 r  clk (IN)
                         net (fo=0)                   0.000    20.000    clk
                         IBUF (Prop_ibuf_I_O)         0.838    20.838 r  clk_IBUF_inst/O
                         net (fo=1, unplaced)         0.763    21.600    clk_IBUF
                         BUFG (Prop_bufg_I_O)         0.091    21.691 r  clk_IBUF_BUFG_inst/O
                         net (fo=11258, unplaced)     0.439    22.130    u_l1_icache/tag_array_reg_0_31_0_5/WCLK
                         RAMD32                                       r  u_l1_icache/tag_array_reg_0_31_0_5/RAMC_D1/CLK
                         clock pessimism              0.179    22.309    
                         clock uncertainty           -0.335    21.974    
                         RAMD32 (Setup_ramd32_CLK_WE)
                                                     -0.528    21.446    u_l1_icache/tag_array_reg_0_31_0_5/RAMC_D1
  -------------------------------------------------------------------
                         required time                         21.446    
                         arrival time                         -19.053    
  -------------------------------------------------------------------
                         slack                                  2.393    

Slack (MET) :             2.393ns  (required time - arrival time)
  Source:                 u_cpu/dut_pc/pc_reg[4]_rep__8/C
                            (rising edge-triggered cell FDRE clocked by CLK  {rise@0.000ns fall@10.000ns period=20.000ns})
  Destination:            u_l1_icache/tag_array_reg_0_31_0_5/RAMD/WE
                            (rising edge-triggered cell RAMS32 clocked by CLK  {rise@0.000ns fall@10.000ns period=20.000ns})
  Path Group:             CLK
  Path Type:              Setup (Max at Slow Process Corner)
  Requirement:            20.000ns  (CLK rise@20.000ns - CLK rise@0.000ns)
  Data Path Delay:        16.599ns  (logic 4.740ns (28.556%)  route 11.859ns (71.444%))
  Logic Levels:           23  (CARRY4=6 LUT2=1 LUT4=3 LUT5=5 LUT6=7 RAMD32=1)
  Clock Path Skew:        -0.145ns (DCD - SCD + CPR)
    Destination Clock Delay (DCD):    2.130ns = ( 22.130 - 20.000 ) 
    Source Clock Delay      (SCD):    2.454ns
    Clock Pessimism Removal (CPR):    0.179ns
  Clock Uncertainty:      0.335ns  ((TSJ^2 + TIJ^2)^1/2 + DJ) / 2 + PE + UU
    Total System Jitter     (TSJ):    0.071ns
    Total Input Jitter      (TIJ):    0.000ns
    Discrete Jitter          (DJ):    0.000ns
    Phase Error              (PE):    0.000ns
    User Uncertainty         (UU):    0.300ns

    Location             Delay type                Incr(ns)  Path(ns)    Netlist Resource(s)
  -------------------------------------------------------------------    -------------------
                         (clock CLK rise edge)        0.000     0.000 r  
                                                      0.000     0.000 r  clk (IN)
                         net (fo=0)                   0.000     0.000    clk
                         IBUF (Prop_ibuf_I_O)         0.971     0.971 r  clk_IBUF_inst/O
                         net (fo=1, unplaced)         0.803     1.774    clk_IBUF
                         BUFG (Prop_bufg_I_O)         0.096     1.870 r  clk_IBUF_BUFG_inst/O
                         net (fo=11258, unplaced)     0.584     2.454    u_cpu/dut_pc/clk_IBUF_BUFG
                         FDRE                                         r  u_cpu/dut_pc/pc_reg[4]_rep__8/C
  -------------------------------------------------------------------    -------------------
                         FDRE (Prop_fdre_C_Q)         0.478     2.932 r  u_cpu/dut_pc/pc_reg[4]_rep__8/Q
                         net (fo=130, unplaced)       1.071     4.003    u_l1_icache/tag_array_reg_0_31_0_5/ADDRC0
                         RAMD32 (Prop_ramd32_RADR0_O)
                                                      0.324     4.327 r  u_l1_icache/tag_array_reg_0_31_0_5/RAMC/O
                         net (fo=1, unplaced)         0.941     5.268    u_cpu/dut_pc/lookup_hit1[4]
                         LUT6 (Prop_lut6_I1_O)        0.124     5.392 r  u_cpu/dut_pc/cpu_stall_debug_OBUF_inst_i_38/O
                         net (fo=1, unplaced)         0.000     5.392    u_cpu/dut_pc/cpu_stall_debug_OBUF_inst_i_38_n_0
                         CARRY4 (Prop_carry4_S[1]_CO[3])
                                                      0.533     5.925 r  u_cpu/dut_pc/cpu_stall_debug_OBUF_inst_i_23/CO[3]
                         net (fo=1, unplaced)         0.000     5.925    u_cpu/dut_pc/cpu_stall_debug_OBUF_inst_i_23_n_0
                         CARRY4 (Prop_carry4_CI_CO[3])
                                                      0.117     6.042 r  u_cpu/dut_pc/cpu_stall_debug_OBUF_inst_i_7/CO[3]
                         net (fo=4, unplaced)         0.772     6.814    u_cpu/dut_pc/u_l1_icache/lookup_hit0
                         LUT5 (Prop_lut5_I4_O)        0.124     6.938 r  u_cpu/dut_pc/cpu_stall_debug_OBUF_inst_i_2/O
                         net (fo=49, unplaced)        0.814     7.752    u_cpu/dut_pc/state_q_reg_1
                         LUT6 (Prop_lut6_I1_O)        0.124     7.876 r  u_cpu/dut_pc/instr_debug[3]_i_1/O
                         net (fo=11, unplaced)        0.778     8.654    u_cpu/dut_pc/state_q_reg_3
                         LUT6 (Prop_lut6_I3_O)        0.124     8.778 f  u_cpu/dut_pc/FSM_onehot_current_state[4]_i_6/O
                         net (fo=6, unplaced)         0.973     9.751    u_cpu/dut_pc/FSM_onehot_current_state[4]_i_6_n_0
                         LUT6 (Prop_lut6_I0_O)        0.124     9.875 f  u_cpu/dut_pc/pc_target1_carry_i_11/O
                         net (fo=38, unplaced)        1.016    10.891    u_cpu/dut_pc/imm_sel[1]
                         LUT6 (Prop_lut6_I0_O)        0.124    11.015 r  u_cpu/dut_pc/pc_target1_carry__0_i_10/O
                         net (fo=12, unplaced)        0.497    11.512    u_cpu/dut_pc/pc_target1_carry__0_i_10_n_0
                         LUT5 (Prop_lut5_I3_O)        0.124    11.636 r  u_cpu/dut_pc/pc_target1_carry__0_i_13/O
                         net (fo=6, unplaced)         0.481    12.117    u_cpu/dut_pc/imm_ext[5]
                         LUT4 (Prop_lut4_I3_O)        0.116    12.233 r  u_cpu/dut_pc/result0_carry__0_i_11/O
                         net (fo=6, unplaced)         0.481    12.714    u_cpu/dut_pc/src_b[5]
                         LUT2 (Prop_lut2_I1_O)        0.124    12.838 r  u_cpu/dut_pc/result0_carry__0_i_7/O
                         net (fo=1, unplaced)         0.000    12.838    u_cpu/dut_alu/mem_addr_q[4]_i_7[1]
                         CARRY4 (Prop_carry4_S[1]_CO[3])
                                                      0.533    13.371 r  u_cpu/dut_alu/result0_carry__0/CO[3]
                         net (fo=1, unplaced)         0.000    13.371    u_cpu/dut_alu/result0_carry__0_n_0
                         CARRY4 (Prop_carry4_CI_CO[3])
                                                      0.117    13.488 r  u_cpu/dut_alu/result0_carry__1/CO[3]
                         net (fo=1, unplaced)         0.000    13.488    u_cpu/dut_alu/result0_carry__1_n_0
                         CARRY4 (Prop_carry4_CI_CO[3])
                                                      0.117    13.605 r  u_cpu/dut_alu/result0_carry__2/CO[3]
                         net (fo=1, unplaced)         0.000    13.605    u_cpu/dut_alu/result0_carry__2_n_0
                         CARRY4 (Prop_carry4_CI_O[1])
                                                      0.337    13.942 r  u_cpu/dut_alu/result0_carry__3/O[1]
                         net (fo=1, unplaced)         0.611    14.553    u_cpu/dut_alu/data0[17]
                         LUT4 (Prop_lut4_I0_O)        0.306    14.859 r  u_cpu/dut_alu/mem_addr_q[17]_i_11/O
                         net (fo=1, unplaced)         0.449    15.308    u_cpu/dut_pc/mem_addr_q[17]_i_2_0
                         LUT6 (Prop_lut6_I5_O)        0.124    15.432 r  u_cpu/dut_pc/mem_addr_q[17]_i_6/O
                         net (fo=1, unplaced)         0.449    15.881    u_cpu/dut_pc/mem_addr_q[17]_i_6_n_0
                         LUT6 (Prop_lut6_I5_O)        0.124    16.005 r  u_cpu/dut_pc/mem_addr_q[17]_i_2/O
                         net (fo=5, unplaced)         0.447    16.452    u_cpu/dut_pc/cpu_mem_addr[17]
                         LUT4 (Prop_lut4_I0_O)        0.150    16.602 f  u_cpu/dut_pc/refill_word_q[1]_i_11/O
                         net (fo=1, unplaced)         0.449    17.051    u_cpu/dut_pc/refill_word_q[1]_i_11_n_0
                         LUT5 (Prop_lut5_I4_O)        0.124    17.175 f  u_cpu/dut_pc/refill_word_q[1]_i_7/O
                         net (fo=1, unplaced)         0.665    17.840    u_cpu/dut_pc/refill_word_q[1]_i_7_n_0
                         LUT5 (Prop_lut5_I2_O)        0.124    17.964 f  u_cpu/dut_pc/refill_word_q[1]_i_4/O
                         net (fo=165, unplaced)       0.561    18.525    u_l1_icache/icache_invalidate
                         LUT5 (Prop_lut5_I0_O)        0.124    18.649 r  u_l1_icache/tag_array_reg_0_31_0_5_i_1/O
                         net (fo=32, unplaced)        0.404    19.053    u_l1_icache/tag_array_reg_0_31_0_5/WE
                         RAMS32                                       r  u_l1_icache/tag_array_reg_0_31_0_5/RAMD/WE
  -------------------------------------------------------------------    -------------------

                         (clock CLK rise edge)       20.000    20.000 r  
                                                      0.000    20.000 r  clk (IN)
                         net (fo=0)                   0.000    20.000    clk
                         IBUF (Prop_ibuf_I_O)         0.838    20.838 r  clk_IBUF_inst/O
                         net (fo=1, unplaced)         0.763    21.600    clk_IBUF
                         BUFG (Prop_bufg_I_O)         0.091    21.691 r  clk_IBUF_BUFG_inst/O
                         net (fo=11258, unplaced)     0.439    22.130    u_l1_icache/tag_array_reg_0_31_0_5/WCLK
                         RAMS32                                       r  u_l1_icache/tag_array_reg_0_31_0_5/RAMD/CLK
                         clock pessimism              0.179    22.309    
                         clock uncertainty           -0.335    21.974    
                         RAMS32 (Setup_rams32_CLK_WE)
                                                     -0.528    21.446    u_l1_icache/tag_array_reg_0_31_0_5/RAMD
  -------------------------------------------------------------------
                         required time                         21.446    
                         arrival time                         -19.053    
  -------------------------------------------------------------------
                         slack                                  2.393    

Slack (MET) :             2.393ns  (required time - arrival time)
  Source:                 u_cpu/dut_pc/pc_reg[4]_rep__8/C
                            (rising edge-triggered cell FDRE clocked by CLK  {rise@0.000ns fall@10.000ns period=20.000ns})
  Destination:            u_l1_icache/tag_array_reg_0_31_0_5/RAMD_D1/WE
                            (rising edge-triggered cell RAMS32 clocked by CLK  {rise@0.000ns fall@10.000ns period=20.000ns})
  Path Group:             CLK
  Path Type:              Setup (Max at Slow Process Corner)
  Requirement:            20.000ns  (CLK rise@20.000ns - CLK rise@0.000ns)
  Data Path Delay:        16.599ns  (logic 4.740ns (28.556%)  route 11.859ns (71.444%))
  Logic Levels:           23  (CARRY4=6 LUT2=1 LUT4=3 LUT5=5 LUT6=7 RAMD32=1)
  Clock Path Skew:        -0.145ns (DCD - SCD + CPR)
    Destination Clock Delay (DCD):    2.130ns = ( 22.130 - 20.000 ) 
    Source Clock Delay      (SCD):    2.454ns
    Clock Pessimism Removal (CPR):    0.179ns
  Clock Uncertainty:      0.335ns  ((TSJ^2 + TIJ^2)^1/2 + DJ) / 2 + PE + UU
    Total System Jitter     (TSJ):    0.071ns
    Total Input Jitter      (TIJ):    0.000ns
    Discrete Jitter          (DJ):    0.000ns
    Phase Error              (PE):    0.000ns
    User Uncertainty         (UU):    0.300ns

    Location             Delay type                Incr(ns)  Path(ns)    Netlist Resource(s)
  -------------------------------------------------------------------    -------------------
                         (clock CLK rise edge)        0.000     0.000 r  
                                                      0.000     0.000 r  clk (IN)
                         net (fo=0)                   0.000     0.000    clk
                         IBUF (Prop_ibuf_I_O)         0.971     0.971 r  clk_IBUF_inst/O
                         net (fo=1, unplaced)         0.803     1.774    clk_IBUF
                         BUFG (Prop_bufg_I_O)         0.096     1.870 r  clk_IBUF_BUFG_inst/O
                         net (fo=11258, unplaced)     0.584     2.454    u_cpu/dut_pc/clk_IBUF_BUFG
                         FDRE                                         r  u_cpu/dut_pc/pc_reg[4]_rep__8/C
  -------------------------------------------------------------------    -------------------
                         FDRE (Prop_fdre_C_Q)         0.478     2.932 r  u_cpu/dut_pc/pc_reg[4]_rep__8/Q
                         net (fo=130, unplaced)       1.071     4.003    u_l1_icache/tag_array_reg_0_31_0_5/ADDRC0
                         RAMD32 (Prop_ramd32_RADR0_O)
                                                      0.324     4.327 r  u_l1_icache/tag_array_reg_0_31_0_5/RAMC/O
                         net (fo=1, unplaced)         0.941     5.268    u_cpu/dut_pc/lookup_hit1[4]
                         LUT6 (Prop_lut6_I1_O)        0.124     5.392 r  u_cpu/dut_pc/cpu_stall_debug_OBUF_inst_i_38/O
                         net (fo=1, unplaced)         0.000     5.392    u_cpu/dut_pc/cpu_stall_debug_OBUF_inst_i_38_n_0
                         CARRY4 (Prop_carry4_S[1]_CO[3])
                                                      0.533     5.925 r  u_cpu/dut_pc/cpu_stall_debug_OBUF_inst_i_23/CO[3]
                         net (fo=1, unplaced)         0.000     5.925    u_cpu/dut_pc/cpu_stall_debug_OBUF_inst_i_23_n_0
                         CARRY4 (Prop_carry4_CI_CO[3])
                                                      0.117     6.042 r  u_cpu/dut_pc/cpu_stall_debug_OBUF_inst_i_7/CO[3]
                         net (fo=4, unplaced)         0.772     6.814    u_cpu/dut_pc/u_l1_icache/lookup_hit0
                         LUT5 (Prop_lut5_I4_O)        0.124     6.938 r  u_cpu/dut_pc/cpu_stall_debug_OBUF_inst_i_2/O
                         net (fo=49, unplaced)        0.814     7.752    u_cpu/dut_pc/state_q_reg_1
                         LUT6 (Prop_lut6_I1_O)        0.124     7.876 r  u_cpu/dut_pc/instr_debug[3]_i_1/O
                         net (fo=11, unplaced)        0.778     8.654    u_cpu/dut_pc/state_q_reg_3
                         LUT6 (Prop_lut6_I3_O)        0.124     8.778 f  u_cpu/dut_pc/FSM_onehot_current_state[4]_i_6/O
                         net (fo=6, unplaced)         0.973     9.751    u_cpu/dut_pc/FSM_onehot_current_state[4]_i_6_n_0
                         LUT6 (Prop_lut6_I0_O)        0.124     9.875 f  u_cpu/dut_pc/pc_target1_carry_i_11/O
                         net (fo=38, unplaced)        1.016    10.891    u_cpu/dut_pc/imm_sel[1]
                         LUT6 (Prop_lut6_I0_O)        0.124    11.015 r  u_cpu/dut_pc/pc_target1_carry__0_i_10/O
                         net (fo=12, unplaced)        0.497    11.512    u_cpu/dut_pc/pc_target1_carry__0_i_10_n_0
                         LUT5 (Prop_lut5_I3_O)        0.124    11.636 r  u_cpu/dut_pc/pc_target1_carry__0_i_13/O
                         net (fo=6, unplaced)         0.481    12.117    u_cpu/dut_pc/imm_ext[5]
                         LUT4 (Prop_lut4_I3_O)        0.116    12.233 r  u_cpu/dut_pc/result0_carry__0_i_11/O
                         net (fo=6, unplaced)         0.481    12.714    u_cpu/dut_pc/src_b[5]
                         LUT2 (Prop_lut2_I1_O)        0.124    12.838 r  u_cpu/dut_pc/result0_carry__0_i_7/O
                         net (fo=1, unplaced)         0.000    12.838    u_cpu/dut_alu/mem_addr_q[4]_i_7[1]
                         CARRY4 (Prop_carry4_S[1]_CO[3])
                                                      0.533    13.371 r  u_cpu/dut_alu/result0_carry__0/CO[3]
                         net (fo=1, unplaced)         0.000    13.371    u_cpu/dut_alu/result0_carry__0_n_0
                         CARRY4 (Prop_carry4_CI_CO[3])
                                                      0.117    13.488 r  u_cpu/dut_alu/result0_carry__1/CO[3]
                         net (fo=1, unplaced)         0.000    13.488    u_cpu/dut_alu/result0_carry__1_n_0
                         CARRY4 (Prop_carry4_CI_CO[3])
                                                      0.117    13.605 r  u_cpu/dut_alu/result0_carry__2/CO[3]
                         net (fo=1, unplaced)         0.000    13.605    u_cpu/dut_alu/result0_carry__2_n_0
                         CARRY4 (Prop_carry4_CI_O[1])
                                                      0.337    13.942 r  u_cpu/dut_alu/result0_carry__3/O[1]
                         net (fo=1, unplaced)         0.611    14.553    u_cpu/dut_alu/data0[17]
                         LUT4 (Prop_lut4_I0_O)        0.306    14.859 r  u_cpu/dut_alu/mem_addr_q[17]_i_11/O
                         net (fo=1, unplaced)         0.449    15.308    u_cpu/dut_pc/mem_addr_q[17]_i_2_0
                         LUT6 (Prop_lut6_I5_O)        0.124    15.432 r  u_cpu/dut_pc/mem_addr_q[17]_i_6/O
                         net (fo=1, unplaced)         0.449    15.881    u_cpu/dut_pc/mem_addr_q[17]_i_6_n_0
                         LUT6 (Prop_lut6_I5_O)        0.124    16.005 r  u_cpu/dut_pc/mem_addr_q[17]_i_2/O
                         net (fo=5, unplaced)         0.447    16.452    u_cpu/dut_pc/cpu_mem_addr[17]
                         LUT4 (Prop_lut4_I0_O)        0.150    16.602 f  u_cpu/dut_pc/refill_word_q[1]_i_11/O
                         net (fo=1, unplaced)         0.449    17.051    u_cpu/dut_pc/refill_word_q[1]_i_11_n_0
                         LUT5 (Prop_lut5_I4_O)        0.124    17.175 f  u_cpu/dut_pc/refill_word_q[1]_i_7/O
                         net (fo=1, unplaced)         0.665    17.840    u_cpu/dut_pc/refill_word_q[1]_i_7_n_0
                         LUT5 (Prop_lut5_I2_O)        0.124    17.964 f  u_cpu/dut_pc/refill_word_q[1]_i_4/O
                         net (fo=165, unplaced)       0.561    18.525    u_l1_icache/icache_invalidate
                         LUT5 (Prop_lut5_I0_O)        0.124    18.649 r  u_l1_icache/tag_array_reg_0_31_0_5_i_1/O
                         net (fo=32, unplaced)        0.404    19.053    u_l1_icache/tag_array_reg_0_31_0_5/WE
                         RAMS32                                       r  u_l1_icache/tag_array_reg_0_31_0_5/RAMD_D1/WE
  -------------------------------------------------------------------    -------------------

                         (clock CLK rise edge)       20.000    20.000 r  
                                                      0.000    20.000 r  clk (IN)
                         net (fo=0)                   0.000    20.000    clk
                         IBUF (Prop_ibuf_I_O)         0.838    20.838 r  clk_IBUF_inst/O
                         net (fo=1, unplaced)         0.763    21.600    clk_IBUF
                         BUFG (Prop_bufg_I_O)         0.091    21.691 r  clk_IBUF_BUFG_inst/O
                         net (fo=11258, unplaced)     0.439    22.130    u_l1_icache/tag_array_reg_0_31_0_5/WCLK
                         RAMS32                                       r  u_l1_icache/tag_array_reg_0_31_0_5/RAMD_D1/CLK
                         clock pessimism              0.179    22.309    
                         clock uncertainty           -0.335    21.974    
                         RAMS32 (Setup_rams32_CLK_WE)
                                                     -0.528    21.446    u_l1_icache/tag_array_reg_0_31_0_5/RAMD_D1
  -------------------------------------------------------------------
                         required time                         21.446    
                         arrival time                         -19.053    
  -------------------------------------------------------------------
                         slack                                  2.393    

Slack (MET) :             2.393ns  (required time - arrival time)
  Source:                 u_cpu/dut_pc/pc_reg[4]_rep__8/C
                            (rising edge-triggered cell FDRE clocked by CLK  {rise@0.000ns fall@10.000ns period=20.000ns})
  Destination:            u_l1_icache/tag_array_reg_0_31_12_17/RAMA/WE
                            (rising edge-triggered cell RAMD32 clocked by CLK  {rise@0.000ns fall@10.000ns period=20.000ns})
  Path Group:             CLK
  Path Type:              Setup (Max at Slow Process Corner)
  Requirement:            20.000ns  (CLK rise@20.000ns - CLK rise@0.000ns)
  Data Path Delay:        16.599ns  (logic 4.740ns (28.556%)  route 11.859ns (71.444%))
  Logic Levels:           23  (CARRY4=6 LUT2=1 LUT4=3 LUT5=5 LUT6=7 RAMD32=1)
  Clock Path Skew:        -0.145ns (DCD - SCD + CPR)
    Destination Clock Delay (DCD):    2.130ns = ( 22.130 - 20.000 ) 
    Source Clock Delay      (SCD):    2.454ns
    Clock Pessimism Removal (CPR):    0.179ns
  Clock Uncertainty:      0.335ns  ((TSJ^2 + TIJ^2)^1/2 + DJ) / 2 + PE + UU
    Total System Jitter     (TSJ):    0.071ns
    Total Input Jitter      (TIJ):    0.000ns
    Discrete Jitter          (DJ):    0.000ns
    Phase Error              (PE):    0.000ns
    User Uncertainty         (UU):    0.300ns

    Location             Delay type                Incr(ns)  Path(ns)    Netlist Resource(s)
  -------------------------------------------------------------------    -------------------
                         (clock CLK rise edge)        0.000     0.000 r  
                                                      0.000     0.000 r  clk (IN)
                         net (fo=0)                   0.000     0.000    clk
                         IBUF (Prop_ibuf_I_O)         0.971     0.971 r  clk_IBUF_inst/O
                         net (fo=1, unplaced)         0.803     1.774    clk_IBUF
                         BUFG (Prop_bufg_I_O)         0.096     1.870 r  clk_IBUF_BUFG_inst/O
                         net (fo=11258, unplaced)     0.584     2.454    u_cpu/dut_pc/clk_IBUF_BUFG
                         FDRE                                         r  u_cpu/dut_pc/pc_reg[4]_rep__8/C
  -------------------------------------------------------------------    -------------------
                         FDRE (Prop_fdre_C_Q)         0.478     2.932 r  u_cpu/dut_pc/pc_reg[4]_rep__8/Q
                         net (fo=130, unplaced)       1.071     4.003    u_l1_icache/tag_array_reg_0_31_0_5/ADDRC0
                         RAMD32 (Prop_ramd32_RADR0_O)
                                                      0.324     4.327 r  u_l1_icache/tag_array_reg_0_31_0_5/RAMC/O
                         net (fo=1, unplaced)         0.941     5.268    u_cpu/dut_pc/lookup_hit1[4]
                         LUT6 (Prop_lut6_I1_O)        0.124     5.392 r  u_cpu/dut_pc/cpu_stall_debug_OBUF_inst_i_38/O
                         net (fo=1, unplaced)         0.000     5.392    u_cpu/dut_pc/cpu_stall_debug_OBUF_inst_i_38_n_0
                         CARRY4 (Prop_carry4_S[1]_CO[3])
                                                      0.533     5.925 r  u_cpu/dut_pc/cpu_stall_debug_OBUF_inst_i_23/CO[3]
                         net (fo=1, unplaced)         0.000     5.925    u_cpu/dut_pc/cpu_stall_debug_OBUF_inst_i_23_n_0
                         CARRY4 (Prop_carry4_CI_CO[3])
                                                      0.117     6.042 r  u_cpu/dut_pc/cpu_stall_debug_OBUF_inst_i_7/CO[3]
                         net (fo=4, unplaced)         0.772     6.814    u_cpu/dut_pc/u_l1_icache/lookup_hit0
                         LUT5 (Prop_lut5_I4_O)        0.124     6.938 r  u_cpu/dut_pc/cpu_stall_debug_OBUF_inst_i_2/O
                         net (fo=49, unplaced)        0.814     7.752    u_cpu/dut_pc/state_q_reg_1
                         LUT6 (Prop_lut6_I1_O)        0.124     7.876 r  u_cpu/dut_pc/instr_debug[3]_i_1/O
                         net (fo=11, unplaced)        0.778     8.654    u_cpu/dut_pc/state_q_reg_3
                         LUT6 (Prop_lut6_I3_O)        0.124     8.778 f  u_cpu/dut_pc/FSM_onehot_current_state[4]_i_6/O
                         net (fo=6, unplaced)         0.973     9.751    u_cpu/dut_pc/FSM_onehot_current_state[4]_i_6_n_0
                         LUT6 (Prop_lut6_I0_O)        0.124     9.875 f  u_cpu/dut_pc/pc_target1_carry_i_11/O
                         net (fo=38, unplaced)        1.016    10.891    u_cpu/dut_pc/imm_sel[1]
                         LUT6 (Prop_lut6_I0_O)        0.124    11.015 r  u_cpu/dut_pc/pc_target1_carry__0_i_10/O
                         net (fo=12, unplaced)        0.497    11.512    u_cpu/dut_pc/pc_target1_carry__0_i_10_n_0
                         LUT5 (Prop_lut5_I3_O)        0.124    11.636 r  u_cpu/dut_pc/pc_target1_carry__0_i_13/O
                         net (fo=6, unplaced)         0.481    12.117    u_cpu/dut_pc/imm_ext[5]
                         LUT4 (Prop_lut4_I3_O)        0.116    12.233 r  u_cpu/dut_pc/result0_carry__0_i_11/O
                         net (fo=6, unplaced)         0.481    12.714    u_cpu/dut_pc/src_b[5]
                         LUT2 (Prop_lut2_I1_O)        0.124    12.838 r  u_cpu/dut_pc/result0_carry__0_i_7/O
                         net (fo=1, unplaced)         0.000    12.838    u_cpu/dut_alu/mem_addr_q[4]_i_7[1]
                         CARRY4 (Prop_carry4_S[1]_CO[3])
                                                      0.533    13.371 r  u_cpu/dut_alu/result0_carry__0/CO[3]
                         net (fo=1, unplaced)         0.000    13.371    u_cpu/dut_alu/result0_carry__0_n_0
                         CARRY4 (Prop_carry4_CI_CO[3])
                                                      0.117    13.488 r  u_cpu/dut_alu/result0_carry__1/CO[3]
                         net (fo=1, unplaced)         0.000    13.488    u_cpu/dut_alu/result0_carry__1_n_0
                         CARRY4 (Prop_carry4_CI_CO[3])
                                                      0.117    13.605 r  u_cpu/dut_alu/result0_carry__2/CO[3]
                         net (fo=1, unplaced)         0.000    13.605    u_cpu/dut_alu/result0_carry__2_n_0
                         CARRY4 (Prop_carry4_CI_O[1])
                                                      0.337    13.942 r  u_cpu/dut_alu/result0_carry__3/O[1]
                         net (fo=1, unplaced)         0.611    14.553    u_cpu/dut_alu/data0[17]
                         LUT4 (Prop_lut4_I0_O)        0.306    14.859 r  u_cpu/dut_alu/mem_addr_q[17]_i_11/O
                         net (fo=1, unplaced)         0.449    15.308    u_cpu/dut_pc/mem_addr_q[17]_i_2_0
                         LUT6 (Prop_lut6_I5_O)        0.124    15.432 r  u_cpu/dut_pc/mem_addr_q[17]_i_6/O
                         net (fo=1, unplaced)         0.449    15.881    u_cpu/dut_pc/mem_addr_q[17]_i_6_n_0
                         LUT6 (Prop_lut6_I5_O)        0.124    16.005 r  u_cpu/dut_pc/mem_addr_q[17]_i_2/O
                         net (fo=5, unplaced)         0.447    16.452    u_cpu/dut_pc/cpu_mem_addr[17]
                         LUT4 (Prop_lut4_I0_O)        0.150    16.602 f  u_cpu/dut_pc/refill_word_q[1]_i_11/O
                         net (fo=1, unplaced)         0.449    17.051    u_cpu/dut_pc/refill_word_q[1]_i_11_n_0
                         LUT5 (Prop_lut5_I4_O)        0.124    17.175 f  u_cpu/dut_pc/refill_word_q[1]_i_7/O
                         net (fo=1, unplaced)         0.665    17.840    u_cpu/dut_pc/refill_word_q[1]_i_7_n_0
                         LUT5 (Prop_lut5_I2_O)        0.124    17.964 f  u_cpu/dut_pc/refill_word_q[1]_i_4/O
                         net (fo=165, unplaced)       0.561    18.525    u_l1_icache/icache_invalidate
                         LUT5 (Prop_lut5_I0_O)        0.124    18.649 r  u_l1_icache/tag_array_reg_0_31_0_5_i_1/O
                         net (fo=32, unplaced)        0.404    19.053    u_l1_icache/tag_array_reg_0_31_12_17/WE
                         RAMD32                                       r  u_l1_icache/tag_array_reg_0_31_12_17/RAMA/WE
  -------------------------------------------------------------------    -------------------

                         (clock CLK rise edge)       20.000    20.000 r  
                                                      0.000    20.000 r  clk (IN)
                         net (fo=0)                   0.000    20.000    clk
                         IBUF (Prop_ibuf_I_O)         0.838    20.838 r  clk_IBUF_inst/O
                         net (fo=1, unplaced)         0.763    21.600    clk_IBUF
                         BUFG (Prop_bufg_I_O)         0.091    21.691 r  clk_IBUF_BUFG_inst/O
                         net (fo=11258, unplaced)     0.439    22.130    u_l1_icache/tag_array_reg_0_31_12_17/WCLK
                         RAMD32                                       r  u_l1_icache/tag_array_reg_0_31_12_17/RAMA/CLK
                         clock pessimism              0.179    22.309    
                         clock uncertainty           -0.335    21.974    
                         RAMD32 (Setup_ramd32_CLK_WE)
                                                     -0.528    21.446    u_l1_icache/tag_array_reg_0_31_12_17/RAMA
  -------------------------------------------------------------------
                         required time                         21.446    
                         arrival time                         -19.053    
  -------------------------------------------------------------------
                         slack                                  2.393    

Slack (MET) :             2.393ns  (required time - arrival time)
  Source:                 u_cpu/dut_pc/pc_reg[4]_rep__8/C
                            (rising edge-triggered cell FDRE clocked by CLK  {rise@0.000ns fall@10.000ns period=20.000ns})
  Destination:            u_l1_icache/tag_array_reg_0_31_12_17/RAMA_D1/WE
                            (rising edge-triggered cell RAMD32 clocked by CLK  {rise@0.000ns fall@10.000ns period=20.000ns})
  Path Group:             CLK
  Path Type:              Setup (Max at Slow Process Corner)
  Requirement:            20.000ns  (CLK rise@20.000ns - CLK rise@0.000ns)
  Data Path Delay:        16.599ns  (logic 4.740ns (28.556%)  route 11.859ns (71.444%))
  Logic Levels:           23  (CARRY4=6 LUT2=1 LUT4=3 LUT5=5 LUT6=7 RAMD32=1)
  Clock Path Skew:        -0.145ns (DCD - SCD + CPR)
    Destination Clock Delay (DCD):    2.130ns = ( 22.130 - 20.000 ) 
    Source Clock Delay      (SCD):    2.454ns
    Clock Pessimism Removal (CPR):    0.179ns
  Clock Uncertainty:      0.335ns  ((TSJ^2 + TIJ^2)^1/2 + DJ) / 2 + PE + UU
    Total System Jitter     (TSJ):    0.071ns
    Total Input Jitter      (TIJ):    0.000ns
    Discrete Jitter          (DJ):    0.000ns
    Phase Error              (PE):    0.000ns
    User Uncertainty         (UU):    0.300ns

    Location             Delay type                Incr(ns)  Path(ns)    Netlist Resource(s)
  -------------------------------------------------------------------    -------------------
                         (clock CLK rise edge)        0.000     0.000 r  
                                                      0.000     0.000 r  clk (IN)
                         net (fo=0)                   0.000     0.000    clk
                         IBUF (Prop_ibuf_I_O)         0.971     0.971 r  clk_IBUF_inst/O
                         net (fo=1, unplaced)         0.803     1.774    clk_IBUF
                         BUFG (Prop_bufg_I_O)         0.096     1.870 r  clk_IBUF_BUFG_inst/O
                         net (fo=11258, unplaced)     0.584     2.454    u_cpu/dut_pc/clk_IBUF_BUFG
                         FDRE                                         r  u_cpu/dut_pc/pc_reg[4]_rep__8/C
  -------------------------------------------------------------------    -------------------
                         FDRE (Prop_fdre_C_Q)         0.478     2.932 r  u_cpu/dut_pc/pc_reg[4]_rep__8/Q
                         net (fo=130, unplaced)       1.071     4.003    u_l1_icache/tag_array_reg_0_31_0_5/ADDRC0
                         RAMD32 (Prop_ramd32_RADR0_O)
                                                      0.324     4.327 r  u_l1_icache/tag_array_reg_0_31_0_5/RAMC/O
                         net (fo=1, unplaced)         0.941     5.268    u_cpu/dut_pc/lookup_hit1[4]
                         LUT6 (Prop_lut6_I1_O)        0.124     5.392 r  u_cpu/dut_pc/cpu_stall_debug_OBUF_inst_i_38/O
                         net (fo=1, unplaced)         0.000     5.392    u_cpu/dut_pc/cpu_stall_debug_OBUF_inst_i_38_n_0
                         CARRY4 (Prop_carry4_S[1]_CO[3])
                                                      0.533     5.925 r  u_cpu/dut_pc/cpu_stall_debug_OBUF_inst_i_23/CO[3]
                         net (fo=1, unplaced)         0.000     5.925    u_cpu/dut_pc/cpu_stall_debug_OBUF_inst_i_23_n_0
                         CARRY4 (Prop_carry4_CI_CO[3])
                                                      0.117     6.042 r  u_cpu/dut_pc/cpu_stall_debug_OBUF_inst_i_7/CO[3]
                         net (fo=4, unplaced)         0.772     6.814    u_cpu/dut_pc/u_l1_icache/lookup_hit0
                         LUT5 (Prop_lut5_I4_O)        0.124     6.938 r  u_cpu/dut_pc/cpu_stall_debug_OBUF_inst_i_2/O
                         net (fo=49, unplaced)        0.814     7.752    u_cpu/dut_pc/state_q_reg_1
                         LUT6 (Prop_lut6_I1_O)        0.124     7.876 r  u_cpu/dut_pc/instr_debug[3]_i_1/O
                         net (fo=11, unplaced)        0.778     8.654    u_cpu/dut_pc/state_q_reg_3
                         LUT6 (Prop_lut6_I3_O)        0.124     8.778 f  u_cpu/dut_pc/FSM_onehot_current_state[4]_i_6/O
                         net (fo=6, unplaced)         0.973     9.751    u_cpu/dut_pc/FSM_onehot_current_state[4]_i_6_n_0
                         LUT6 (Prop_lut6_I0_O)        0.124     9.875 f  u_cpu/dut_pc/pc_target1_carry_i_11/O
                         net (fo=38, unplaced)        1.016    10.891    u_cpu/dut_pc/imm_sel[1]
                         LUT6 (Prop_lut6_I0_O)        0.124    11.015 r  u_cpu/dut_pc/pc_target1_carry__0_i_10/O
                         net (fo=12, unplaced)        0.497    11.512    u_cpu/dut_pc/pc_target1_carry__0_i_10_n_0
                         LUT5 (Prop_lut5_I3_O)        0.124    11.636 r  u_cpu/dut_pc/pc_target1_carry__0_i_13/O
                         net (fo=6, unplaced)         0.481    12.117    u_cpu/dut_pc/imm_ext[5]
                         LUT4 (Prop_lut4_I3_O)        0.116    12.233 r  u_cpu/dut_pc/result0_carry__0_i_11/O
                         net (fo=6, unplaced)         0.481    12.714    u_cpu/dut_pc/src_b[5]
                         LUT2 (Prop_lut2_I1_O)        0.124    12.838 r  u_cpu/dut_pc/result0_carry__0_i_7/O
                         net (fo=1, unplaced)         0.000    12.838    u_cpu/dut_alu/mem_addr_q[4]_i_7[1]
                         CARRY4 (Prop_carry4_S[1]_CO[3])
                                                      0.533    13.371 r  u_cpu/dut_alu/result0_carry__0/CO[3]
                         net (fo=1, unplaced)         0.000    13.371    u_cpu/dut_alu/result0_carry__0_n_0
                         CARRY4 (Prop_carry4_CI_CO[3])
                                                      0.117    13.488 r  u_cpu/dut_alu/result0_carry__1/CO[3]
                         net (fo=1, unplaced)         0.000    13.488    u_cpu/dut_alu/result0_carry__1_n_0
                         CARRY4 (Prop_carry4_CI_CO[3])
                                                      0.117    13.605 r  u_cpu/dut_alu/result0_carry__2/CO[3]
                         net (fo=1, unplaced)         0.000    13.605    u_cpu/dut_alu/result0_carry__2_n_0
                         CARRY4 (Prop_carry4_CI_O[1])
                                                      0.337    13.942 r  u_cpu/dut_alu/result0_carry__3/O[1]
                         net (fo=1, unplaced)         0.611    14.553    u_cpu/dut_alu/data0[17]
                         LUT4 (Prop_lut4_I0_O)        0.306    14.859 r  u_cpu/dut_alu/mem_addr_q[17]_i_11/O
                         net (fo=1, unplaced)         0.449    15.308    u_cpu/dut_pc/mem_addr_q[17]_i_2_0
                         LUT6 (Prop_lut6_I5_O)        0.124    15.432 r  u_cpu/dut_pc/mem_addr_q[17]_i_6/O
                         net (fo=1, unplaced)         0.449    15.881    u_cpu/dut_pc/mem_addr_q[17]_i_6_n_0
                         LUT6 (Prop_lut6_I5_O)        0.124    16.005 r  u_cpu/dut_pc/mem_addr_q[17]_i_2/O
                         net (fo=5, unplaced)         0.447    16.452    u_cpu/dut_pc/cpu_mem_addr[17]
                         LUT4 (Prop_lut4_I0_O)        0.150    16.602 f  u_cpu/dut_pc/refill_word_q[1]_i_11/O
                         net (fo=1, unplaced)         0.449    17.051    u_cpu/dut_pc/refill_word_q[1]_i_11_n_0
                         LUT5 (Prop_lut5_I4_O)        0.124    17.175 f  u_cpu/dut_pc/refill_word_q[1]_i_7/O
                         net (fo=1, unplaced)         0.665    17.840    u_cpu/dut_pc/refill_word_q[1]_i_7_n_0
                         LUT5 (Prop_lut5_I2_O)        0.124    17.964 f  u_cpu/dut_pc/refill_word_q[1]_i_4/O
                         net (fo=165, unplaced)       0.561    18.525    u_l1_icache/icache_invalidate
                         LUT5 (Prop_lut5_I0_O)        0.124    18.649 r  u_l1_icache/tag_array_reg_0_31_0_5_i_1/O
                         net (fo=32, unplaced)        0.404    19.053    u_l1_icache/tag_array_reg_0_31_12_17/WE
                         RAMD32                                       r  u_l1_icache/tag_array_reg_0_31_12_17/RAMA_D1/WE
  -------------------------------------------------------------------    -------------------

                         (clock CLK rise edge)       20.000    20.000 r  
                                                      0.000    20.000 r  clk (IN)
                         net (fo=0)                   0.000    20.000    clk
                         IBUF (Prop_ibuf_I_O)         0.838    20.838 r  clk_IBUF_inst/O
                         net (fo=1, unplaced)         0.763    21.600    clk_IBUF
                         BUFG (Prop_bufg_I_O)         0.091    21.691 r  clk_IBUF_BUFG_inst/O
                         net (fo=11258, unplaced)     0.439    22.130    u_l1_icache/tag_array_reg_0_31_12_17/WCLK
                         RAMD32                                       r  u_l1_icache/tag_array_reg_0_31_12_17/RAMA_D1/CLK
                         clock pessimism              0.179    22.309    
                         clock uncertainty           -0.335    21.974    
                         RAMD32 (Setup_ramd32_CLK_WE)
                                                     -0.528    21.446    u_l1_icache/tag_array_reg_0_31_12_17/RAMA_D1
  -------------------------------------------------------------------
                         required time                         21.446    
                         arrival time                         -19.053    
  -------------------------------------------------------------------
                         slack                                  2.393    

Slack (MET) :             2.393ns  (required time - arrival time)
  Source:                 u_cpu/dut_pc/pc_reg[4]_rep__8/C
                            (rising edge-triggered cell FDRE clocked by CLK  {rise@0.000ns fall@10.000ns period=20.000ns})
  Destination:            u_l1_icache/tag_array_reg_0_31_12_17/RAMB/WE
                            (rising edge-triggered cell RAMD32 clocked by CLK  {rise@0.000ns fall@10.000ns period=20.000ns})
  Path Group:             CLK
  Path Type:              Setup (Max at Slow Process Corner)
  Requirement:            20.000ns  (CLK rise@20.000ns - CLK rise@0.000ns)
  Data Path Delay:        16.599ns  (logic 4.740ns (28.556%)  route 11.859ns (71.444%))
  Logic Levels:           23  (CARRY4=6 LUT2=1 LUT4=3 LUT5=5 LUT6=7 RAMD32=1)
  Clock Path Skew:        -0.145ns (DCD - SCD + CPR)
    Destination Clock Delay (DCD):    2.130ns = ( 22.130 - 20.000 ) 
    Source Clock Delay      (SCD):    2.454ns
    Clock Pessimism Removal (CPR):    0.179ns
  Clock Uncertainty:      0.335ns  ((TSJ^2 + TIJ^2)^1/2 + DJ) / 2 + PE + UU
    Total System Jitter     (TSJ):    0.071ns
    Total Input Jitter      (TIJ):    0.000ns
    Discrete Jitter          (DJ):    0.000ns
    Phase Error              (PE):    0.000ns
    User Uncertainty         (UU):    0.300ns

    Location             Delay type                Incr(ns)  Path(ns)    Netlist Resource(s)
  -------------------------------------------------------------------    -------------------
                         (clock CLK rise edge)        0.000     0.000 r  
                                                      0.000     0.000 r  clk (IN)
                         net (fo=0)                   0.000     0.000    clk
                         IBUF (Prop_ibuf_I_O)         0.971     0.971 r  clk_IBUF_inst/O
                         net (fo=1, unplaced)         0.803     1.774    clk_IBUF
                         BUFG (Prop_bufg_I_O)         0.096     1.870 r  clk_IBUF_BUFG_inst/O
                         net (fo=11258, unplaced)     0.584     2.454    u_cpu/dut_pc/clk_IBUF_BUFG
                         FDRE                                         r  u_cpu/dut_pc/pc_reg[4]_rep__8/C
  -------------------------------------------------------------------    -------------------
                         FDRE (Prop_fdre_C_Q)         0.478     2.932 r  u_cpu/dut_pc/pc_reg[4]_rep__8/Q
                         net (fo=130, unplaced)       1.071     4.003    u_l1_icache/tag_array_reg_0_31_0_5/ADDRC0
                         RAMD32 (Prop_ramd32_RADR0_O)
                                                      0.324     4.327 r  u_l1_icache/tag_array_reg_0_31_0_5/RAMC/O
                         net (fo=1, unplaced)         0.941     5.268    u_cpu/dut_pc/lookup_hit1[4]
                         LUT6 (Prop_lut6_I1_O)        0.124     5.392 r  u_cpu/dut_pc/cpu_stall_debug_OBUF_inst_i_38/O
                         net (fo=1, unplaced)         0.000     5.392    u_cpu/dut_pc/cpu_stall_debug_OBUF_inst_i_38_n_0
                         CARRY4 (Prop_carry4_S[1]_CO[3])
                                                      0.533     5.925 r  u_cpu/dut_pc/cpu_stall_debug_OBUF_inst_i_23/CO[3]
                         net (fo=1, unplaced)         0.000     5.925    u_cpu/dut_pc/cpu_stall_debug_OBUF_inst_i_23_n_0
                         CARRY4 (Prop_carry4_CI_CO[3])
                                                      0.117     6.042 r  u_cpu/dut_pc/cpu_stall_debug_OBUF_inst_i_7/CO[3]
                         net (fo=4, unplaced)         0.772     6.814    u_cpu/dut_pc/u_l1_icache/lookup_hit0
                         LUT5 (Prop_lut5_I4_O)        0.124     6.938 r  u_cpu/dut_pc/cpu_stall_debug_OBUF_inst_i_2/O
                         net (fo=49, unplaced)        0.814     7.752    u_cpu/dut_pc/state_q_reg_1
                         LUT6 (Prop_lut6_I1_O)        0.124     7.876 r  u_cpu/dut_pc/instr_debug[3]_i_1/O
                         net (fo=11, unplaced)        0.778     8.654    u_cpu/dut_pc/state_q_reg_3
                         LUT6 (Prop_lut6_I3_O)        0.124     8.778 f  u_cpu/dut_pc/FSM_onehot_current_state[4]_i_6/O
                         net (fo=6, unplaced)         0.973     9.751    u_cpu/dut_pc/FSM_onehot_current_state[4]_i_6_n_0
                         LUT6 (Prop_lut6_I0_O)        0.124     9.875 f  u_cpu/dut_pc/pc_target1_carry_i_11/O
                         net (fo=38, unplaced)        1.016    10.891    u_cpu/dut_pc/imm_sel[1]
                         LUT6 (Prop_lut6_I0_O)        0.124    11.015 r  u_cpu/dut_pc/pc_target1_carry__0_i_10/O
                         net (fo=12, unplaced)        0.497    11.512    u_cpu/dut_pc/pc_target1_carry__0_i_10_n_0
                         LUT5 (Prop_lut5_I3_O)        0.124    11.636 r  u_cpu/dut_pc/pc_target1_carry__0_i_13/O
                         net (fo=6, unplaced)         0.481    12.117    u_cpu/dut_pc/imm_ext[5]
                         LUT4 (Prop_lut4_I3_O)        0.116    12.233 r  u_cpu/dut_pc/result0_carry__0_i_11/O
                         net (fo=6, unplaced)         0.481    12.714    u_cpu/dut_pc/src_b[5]
                         LUT2 (Prop_lut2_I1_O)        0.124    12.838 r  u_cpu/dut_pc/result0_carry__0_i_7/O
                         net (fo=1, unplaced)         0.000    12.838    u_cpu/dut_alu/mem_addr_q[4]_i_7[1]
                         CARRY4 (Prop_carry4_S[1]_CO[3])
                                                      0.533    13.371 r  u_cpu/dut_alu/result0_carry__0/CO[3]
                         net (fo=1, unplaced)         0.000    13.371    u_cpu/dut_alu/result0_carry__0_n_0
                         CARRY4 (Prop_carry4_CI_CO[3])
                                                      0.117    13.488 r  u_cpu/dut_alu/result0_carry__1/CO[3]
                         net (fo=1, unplaced)         0.000    13.488    u_cpu/dut_alu/result0_carry__1_n_0
                         CARRY4 (Prop_carry4_CI_CO[3])
                                                      0.117    13.605 r  u_cpu/dut_alu/result0_carry__2/CO[3]
                         net (fo=1, unplaced)         0.000    13.605    u_cpu/dut_alu/result0_carry__2_n_0
                         CARRY4 (Prop_carry4_CI_O[1])
                                                      0.337    13.942 r  u_cpu/dut_alu/result0_carry__3/O[1]
                         net (fo=1, unplaced)         0.611    14.553    u_cpu/dut_alu/data0[17]
                         LUT4 (Prop_lut4_I0_O)        0.306    14.859 r  u_cpu/dut_alu/mem_addr_q[17]_i_11/O
                         net (fo=1, unplaced)         0.449    15.308    u_cpu/dut_pc/mem_addr_q[17]_i_2_0
                         LUT6 (Prop_lut6_I5_O)        0.124    15.432 r  u_cpu/dut_pc/mem_addr_q[17]_i_6/O
                         net (fo=1, unplaced)         0.449    15.881    u_cpu/dut_pc/mem_addr_q[17]_i_6_n_0
                         LUT6 (Prop_lut6_I5_O)        0.124    16.005 r  u_cpu/dut_pc/mem_addr_q[17]_i_2/O
                         net (fo=5, unplaced)         0.447    16.452    u_cpu/dut_pc/cpu_mem_addr[17]
                         LUT4 (Prop_lut4_I0_O)        0.150    16.602 f  u_cpu/dut_pc/refill_word_q[1]_i_11/O
                         net (fo=1, unplaced)         0.449    17.051    u_cpu/dut_pc/refill_word_q[1]_i_11_n_0
                         LUT5 (Prop_lut5_I4_O)        0.124    17.175 f  u_cpu/dut_pc/refill_word_q[1]_i_7/O
                         net (fo=1, unplaced)         0.665    17.840    u_cpu/dut_pc/refill_word_q[1]_i_7_n_0
                         LUT5 (Prop_lut5_I2_O)        0.124    17.964 f  u_cpu/dut_pc/refill_word_q[1]_i_4/O
                         net (fo=165, unplaced)       0.561    18.525    u_l1_icache/icache_invalidate
                         LUT5 (Prop_lut5_I0_O)        0.124    18.649 r  u_l1_icache/tag_array_reg_0_31_0_5_i_1/O
                         net (fo=32, unplaced)        0.404    19.053    u_l1_icache/tag_array_reg_0_31_12_17/WE
                         RAMD32                                       r  u_l1_icache/tag_array_reg_0_31_12_17/RAMB/WE
  -------------------------------------------------------------------    -------------------

                         (clock CLK rise edge)       20.000    20.000 r  
                                                      0.000    20.000 r  clk (IN)
                         net (fo=0)                   0.000    20.000    clk
                         IBUF (Prop_ibuf_I_O)         0.838    20.838 r  clk_IBUF_inst/O
                         net (fo=1, unplaced)         0.763    21.600    clk_IBUF
                         BUFG (Prop_bufg_I_O)         0.091    21.691 r  clk_IBUF_BUFG_inst/O
                         net (fo=11258, unplaced)     0.439    22.130    u_l1_icache/tag_array_reg_0_31_12_17/WCLK
                         RAMD32                                       r  u_l1_icache/tag_array_reg_0_31_12_17/RAMB/CLK
                         clock pessimism              0.179    22.309    
                         clock uncertainty           -0.335    21.974    
                         RAMD32 (Setup_ramd32_CLK_WE)
                                                     -0.528    21.446    u_l1_icache/tag_array_reg_0_31_12_17/RAMB
  -------------------------------------------------------------------
                         required time                         21.446    
                         arrival time                         -19.053    
  -------------------------------------------------------------------
                         slack                                  2.393    

Slack (MET) :             2.393ns  (required time - arrival time)
  Source:                 u_cpu/dut_pc/pc_reg[4]_rep__8/C
                            (rising edge-triggered cell FDRE clocked by CLK  {rise@0.000ns fall@10.000ns period=20.000ns})
  Destination:            u_l1_icache/tag_array_reg_0_31_12_17/RAMB_D1/WE
                            (rising edge-triggered cell RAMD32 clocked by CLK  {rise@0.000ns fall@10.000ns period=20.000ns})
  Path Group:             CLK
  Path Type:              Setup (Max at Slow Process Corner)
  Requirement:            20.000ns  (CLK rise@20.000ns - CLK rise@0.000ns)
  Data Path Delay:        16.599ns  (logic 4.740ns (28.556%)  route 11.859ns (71.444%))
  Logic Levels:           23  (CARRY4=6 LUT2=1 LUT4=3 LUT5=5 LUT6=7 RAMD32=1)
  Clock Path Skew:        -0.145ns (DCD - SCD + CPR)
    Destination Clock Delay (DCD):    2.130ns = ( 22.130 - 20.000 ) 
    Source Clock Delay      (SCD):    2.454ns
    Clock Pessimism Removal (CPR):    0.179ns
  Clock Uncertainty:      0.335ns  ((TSJ^2 + TIJ^2)^1/2 + DJ) / 2 + PE + UU
    Total System Jitter     (TSJ):    0.071ns
    Total Input Jitter      (TIJ):    0.000ns
    Discrete Jitter          (DJ):    0.000ns
    Phase Error              (PE):    0.000ns
    User Uncertainty         (UU):    0.300ns

    Location             Delay type                Incr(ns)  Path(ns)    Netlist Resource(s)
  -------------------------------------------------------------------    -------------------
                         (clock CLK rise edge)        0.000     0.000 r  
                                                      0.000     0.000 r  clk (IN)
                         net (fo=0)                   0.000     0.000    clk
                         IBUF (Prop_ibuf_I_O)         0.971     0.971 r  clk_IBUF_inst/O
                         net (fo=1, unplaced)         0.803     1.774    clk_IBUF
                         BUFG (Prop_bufg_I_O)         0.096     1.870 r  clk_IBUF_BUFG_inst/O
                         net (fo=11258, unplaced)     0.584     2.454    u_cpu/dut_pc/clk_IBUF_BUFG
                         FDRE                                         r  u_cpu/dut_pc/pc_reg[4]_rep__8/C
  -------------------------------------------------------------------    -------------------
                         FDRE (Prop_fdre_C_Q)         0.478     2.932 r  u_cpu/dut_pc/pc_reg[4]_rep__8/Q
                         net (fo=130, unplaced)       1.071     4.003    u_l1_icache/tag_array_reg_0_31_0_5/ADDRC0
                         RAMD32 (Prop_ramd32_RADR0_O)
                                                      0.324     4.327 r  u_l1_icache/tag_array_reg_0_31_0_5/RAMC/O
                         net (fo=1, unplaced)         0.941     5.268    u_cpu/dut_pc/lookup_hit1[4]
                         LUT6 (Prop_lut6_I1_O)        0.124     5.392 r  u_cpu/dut_pc/cpu_stall_debug_OBUF_inst_i_38/O
                         net (fo=1, unplaced)         0.000     5.392    u_cpu/dut_pc/cpu_stall_debug_OBUF_inst_i_38_n_0
                         CARRY4 (Prop_carry4_S[1]_CO[3])
                                                      0.533     5.925 r  u_cpu/dut_pc/cpu_stall_debug_OBUF_inst_i_23/CO[3]
                         net (fo=1, unplaced)         0.000     5.925    u_cpu/dut_pc/cpu_stall_debug_OBUF_inst_i_23_n_0
                         CARRY4 (Prop_carry4_CI_CO[3])
                                                      0.117     6.042 r  u_cpu/dut_pc/cpu_stall_debug_OBUF_inst_i_7/CO[3]
                         net (fo=4, unplaced)         0.772     6.814    u_cpu/dut_pc/u_l1_icache/lookup_hit0
                         LUT5 (Prop_lut5_I4_O)        0.124     6.938 r  u_cpu/dut_pc/cpu_stall_debug_OBUF_inst_i_2/O
                         net (fo=49, unplaced)        0.814     7.752    u_cpu/dut_pc/state_q_reg_1
                         LUT6 (Prop_lut6_I1_O)        0.124     7.876 r  u_cpu/dut_pc/instr_debug[3]_i_1/O
                         net (fo=11, unplaced)        0.778     8.654    u_cpu/dut_pc/state_q_reg_3
                         LUT6 (Prop_lut6_I3_O)        0.124     8.778 f  u_cpu/dut_pc/FSM_onehot_current_state[4]_i_6/O
                         net (fo=6, unplaced)         0.973     9.751    u_cpu/dut_pc/FSM_onehot_current_state[4]_i_6_n_0
                         LUT6 (Prop_lut6_I0_O)        0.124     9.875 f  u_cpu/dut_pc/pc_target1_carry_i_11/O
                         net (fo=38, unplaced)        1.016    10.891    u_cpu/dut_pc/imm_sel[1]
                         LUT6 (Prop_lut6_I0_O)        0.124    11.015 r  u_cpu/dut_pc/pc_target1_carry__0_i_10/O
                         net (fo=12, unplaced)        0.497    11.512    u_cpu/dut_pc/pc_target1_carry__0_i_10_n_0
                         LUT5 (Prop_lut5_I3_O)        0.124    11.636 r  u_cpu/dut_pc/pc_target1_carry__0_i_13/O
                         net (fo=6, unplaced)         0.481    12.117    u_cpu/dut_pc/imm_ext[5]
                         LUT4 (Prop_lut4_I3_O)        0.116    12.233 r  u_cpu/dut_pc/result0_carry__0_i_11/O
                         net (fo=6, unplaced)         0.481    12.714    u_cpu/dut_pc/src_b[5]
                         LUT2 (Prop_lut2_I1_O)        0.124    12.838 r  u_cpu/dut_pc/result0_carry__0_i_7/O
                         net (fo=1, unplaced)         0.000    12.838    u_cpu/dut_alu/mem_addr_q[4]_i_7[1]
                         CARRY4 (Prop_carry4_S[1]_CO[3])
                                                      0.533    13.371 r  u_cpu/dut_alu/result0_carry__0/CO[3]
                         net (fo=1, unplaced)         0.000    13.371    u_cpu/dut_alu/result0_carry__0_n_0
                         CARRY4 (Prop_carry4_CI_CO[3])
                                                      0.117    13.488 r  u_cpu/dut_alu/result0_carry__1/CO[3]
                         net (fo=1, unplaced)         0.000    13.488    u_cpu/dut_alu/result0_carry__1_n_0
                         CARRY4 (Prop_carry4_CI_CO[3])
                                                      0.117    13.605 r  u_cpu/dut_alu/result0_carry__2/CO[3]
                         net (fo=1, unplaced)         0.000    13.605    u_cpu/dut_alu/result0_carry__2_n_0
                         CARRY4 (Prop_carry4_CI_O[1])
                                                      0.337    13.942 r  u_cpu/dut_alu/result0_carry__3/O[1]
                         net (fo=1, unplaced)         0.611    14.553    u_cpu/dut_alu/data0[17]
                         LUT4 (Prop_lut4_I0_O)        0.306    14.859 r  u_cpu/dut_alu/mem_addr_q[17]_i_11/O
                         net (fo=1, unplaced)         0.449    15.308    u_cpu/dut_pc/mem_addr_q[17]_i_2_0
                         LUT6 (Prop_lut6_I5_O)        0.124    15.432 r  u_cpu/dut_pc/mem_addr_q[17]_i_6/O
                         net (fo=1, unplaced)         0.449    15.881    u_cpu/dut_pc/mem_addr_q[17]_i_6_n_0
                         LUT6 (Prop_lut6_I5_O)        0.124    16.005 r  u_cpu/dut_pc/mem_addr_q[17]_i_2/O
                         net (fo=5, unplaced)         0.447    16.452    u_cpu/dut_pc/cpu_mem_addr[17]
                         LUT4 (Prop_lut4_I0_O)        0.150    16.602 f  u_cpu/dut_pc/refill_word_q[1]_i_11/O
                         net (fo=1, unplaced)         0.449    17.051    u_cpu/dut_pc/refill_word_q[1]_i_11_n_0
                         LUT5 (Prop_lut5_I4_O)        0.124    17.175 f  u_cpu/dut_pc/refill_word_q[1]_i_7/O
                         net (fo=1, unplaced)         0.665    17.840    u_cpu/dut_pc/refill_word_q[1]_i_7_n_0
                         LUT5 (Prop_lut5_I2_O)        0.124    17.964 f  u_cpu/dut_pc/refill_word_q[1]_i_4/O
                         net (fo=165, unplaced)       0.561    18.525    u_l1_icache/icache_invalidate
                         LUT5 (Prop_lut5_I0_O)        0.124    18.649 r  u_l1_icache/tag_array_reg_0_31_0_5_i_1/O
                         net (fo=32, unplaced)        0.404    19.053    u_l1_icache/tag_array_reg_0_31_12_17/WE
                         RAMD32                                       r  u_l1_icache/tag_array_reg_0_31_12_17/RAMB_D1/WE
  -------------------------------------------------------------------    -------------------

                         (clock CLK rise edge)       20.000    20.000 r  
                                                      0.000    20.000 r  clk (IN)
                         net (fo=0)                   0.000    20.000    clk
                         IBUF (Prop_ibuf_I_O)         0.838    20.838 r  clk_IBUF_inst/O
                         net (fo=1, unplaced)         0.763    21.600    clk_IBUF
                         BUFG (Prop_bufg_I_O)         0.091    21.691 r  clk_IBUF_BUFG_inst/O
                         net (fo=11258, unplaced)     0.439    22.130    u_l1_icache/tag_array_reg_0_31_12_17/WCLK
                         RAMD32                                       r  u_l1_icache/tag_array_reg_0_31_12_17/RAMB_D1/CLK
                         clock pessimism              0.179    22.309    
                         clock uncertainty           -0.335    21.974    
                         RAMD32 (Setup_ramd32_CLK_WE)
                                                     -0.528    21.446    u_l1_icache/tag_array_reg_0_31_12_17/RAMB_D1
  -------------------------------------------------------------------
                         required time                         21.446    
                         arrival time                         -19.053    
  -------------------------------------------------------------------
                         slack                                  2.393    

Slack (MET) :             2.393ns  (required time - arrival time)
  Source:                 u_cpu/dut_pc/pc_reg[4]_rep__8/C
                            (rising edge-triggered cell FDRE clocked by CLK  {rise@0.000ns fall@10.000ns period=20.000ns})
  Destination:            u_l1_icache/tag_array_reg_0_31_12_17/RAMC/WE
                            (rising edge-triggered cell RAMD32 clocked by CLK  {rise@0.000ns fall@10.000ns period=20.000ns})
  Path Group:             CLK
  Path Type:              Setup (Max at Slow Process Corner)
  Requirement:            20.000ns  (CLK rise@20.000ns - CLK rise@0.000ns)
  Data Path Delay:        16.599ns  (logic 4.740ns (28.556%)  route 11.859ns (71.444%))
  Logic Levels:           23  (CARRY4=6 LUT2=1 LUT4=3 LUT5=5 LUT6=7 RAMD32=1)
  Clock Path Skew:        -0.145ns (DCD - SCD + CPR)
    Destination Clock Delay (DCD):    2.130ns = ( 22.130 - 20.000 ) 
    Source Clock Delay      (SCD):    2.454ns
    Clock Pessimism Removal (CPR):    0.179ns
  Clock Uncertainty:      0.335ns  ((TSJ^2 + TIJ^2)^1/2 + DJ) / 2 + PE + UU
    Total System Jitter     (TSJ):    0.071ns
    Total Input Jitter      (TIJ):    0.000ns
    Discrete Jitter          (DJ):    0.000ns
    Phase Error              (PE):    0.000ns
    User Uncertainty         (UU):    0.300ns

    Location             Delay type                Incr(ns)  Path(ns)    Netlist Resource(s)
  -------------------------------------------------------------------    -------------------
                         (clock CLK rise edge)        0.000     0.000 r  
                                                      0.000     0.000 r  clk (IN)
                         net (fo=0)                   0.000     0.000    clk
                         IBUF (Prop_ibuf_I_O)         0.971     0.971 r  clk_IBUF_inst/O
                         net (fo=1, unplaced)         0.803     1.774    clk_IBUF
                         BUFG (Prop_bufg_I_O)         0.096     1.870 r  clk_IBUF_BUFG_inst/O
                         net (fo=11258, unplaced)     0.584     2.454    u_cpu/dut_pc/clk_IBUF_BUFG
                         FDRE                                         r  u_cpu/dut_pc/pc_reg[4]_rep__8/C
  -------------------------------------------------------------------    -------------------
                         FDRE (Prop_fdre_C_Q)         0.478     2.932 r  u_cpu/dut_pc/pc_reg[4]_rep__8/Q
                         net (fo=130, unplaced)       1.071     4.003    u_l1_icache/tag_array_reg_0_31_0_5/ADDRC0
                         RAMD32 (Prop_ramd32_RADR0_O)
                                                      0.324     4.327 r  u_l1_icache/tag_array_reg_0_31_0_5/RAMC/O
                         net (fo=1, unplaced)         0.941     5.268    u_cpu/dut_pc/lookup_hit1[4]
                         LUT6 (Prop_lut6_I1_O)        0.124     5.392 r  u_cpu/dut_pc/cpu_stall_debug_OBUF_inst_i_38/O
                         net (fo=1, unplaced)         0.000     5.392    u_cpu/dut_pc/cpu_stall_debug_OBUF_inst_i_38_n_0
                         CARRY4 (Prop_carry4_S[1]_CO[3])
                                                      0.533     5.925 r  u_cpu/dut_pc/cpu_stall_debug_OBUF_inst_i_23/CO[3]
                         net (fo=1, unplaced)         0.000     5.925    u_cpu/dut_pc/cpu_stall_debug_OBUF_inst_i_23_n_0
                         CARRY4 (Prop_carry4_CI_CO[3])
                                                      0.117     6.042 r  u_cpu/dut_pc/cpu_stall_debug_OBUF_inst_i_7/CO[3]
                         net (fo=4, unplaced)         0.772     6.814    u_cpu/dut_pc/u_l1_icache/lookup_hit0
                         LUT5 (Prop_lut5_I4_O)        0.124     6.938 r  u_cpu/dut_pc/cpu_stall_debug_OBUF_inst_i_2/O
                         net (fo=49, unplaced)        0.814     7.752    u_cpu/dut_pc/state_q_reg_1
                         LUT6 (Prop_lut6_I1_O)        0.124     7.876 r  u_cpu/dut_pc/instr_debug[3]_i_1/O
                         net (fo=11, unplaced)        0.778     8.654    u_cpu/dut_pc/state_q_reg_3
                         LUT6 (Prop_lut6_I3_O)        0.124     8.778 f  u_cpu/dut_pc/FSM_onehot_current_state[4]_i_6/O
                         net (fo=6, unplaced)         0.973     9.751    u_cpu/dut_pc/FSM_onehot_current_state[4]_i_6_n_0
                         LUT6 (Prop_lut6_I0_O)        0.124     9.875 f  u_cpu/dut_pc/pc_target1_carry_i_11/O
                         net (fo=38, unplaced)        1.016    10.891    u_cpu/dut_pc/imm_sel[1]
                         LUT6 (Prop_lut6_I0_O)        0.124    11.015 r  u_cpu/dut_pc/pc_target1_carry__0_i_10/O
                         net (fo=12, unplaced)        0.497    11.512    u_cpu/dut_pc/pc_target1_carry__0_i_10_n_0
                         LUT5 (Prop_lut5_I3_O)        0.124    11.636 r  u_cpu/dut_pc/pc_target1_carry__0_i_13/O
                         net (fo=6, unplaced)         0.481    12.117    u_cpu/dut_pc/imm_ext[5]
                         LUT4 (Prop_lut4_I3_O)        0.116    12.233 r  u_cpu/dut_pc/result0_carry__0_i_11/O
                         net (fo=6, unplaced)         0.481    12.714    u_cpu/dut_pc/src_b[5]
                         LUT2 (Prop_lut2_I1_O)        0.124    12.838 r  u_cpu/dut_pc/result0_carry__0_i_7/O
                         net (fo=1, unplaced)         0.000    12.838    u_cpu/dut_alu/mem_addr_q[4]_i_7[1]
                         CARRY4 (Prop_carry4_S[1]_CO[3])
                                                      0.533    13.371 r  u_cpu/dut_alu/result0_carry__0/CO[3]
                         net (fo=1, unplaced)         0.000    13.371    u_cpu/dut_alu/result0_carry__0_n_0
                         CARRY4 (Prop_carry4_CI_CO[3])
                                                      0.117    13.488 r  u_cpu/dut_alu/result0_carry__1/CO[3]
                         net (fo=1, unplaced)         0.000    13.488    u_cpu/dut_alu/result0_carry__1_n_0
                         CARRY4 (Prop_carry4_CI_CO[3])
                                                      0.117    13.605 r  u_cpu/dut_alu/result0_carry__2/CO[3]
                         net (fo=1, unplaced)         0.000    13.605    u_cpu/dut_alu/result0_carry__2_n_0
                         CARRY4 (Prop_carry4_CI_O[1])
                                                      0.337    13.942 r  u_cpu/dut_alu/result0_carry__3/O[1]
                         net (fo=1, unplaced)         0.611    14.553    u_cpu/dut_alu/data0[17]
                         LUT4 (Prop_lut4_I0_O)        0.306    14.859 r  u_cpu/dut_alu/mem_addr_q[17]_i_11/O
                         net (fo=1, unplaced)         0.449    15.308    u_cpu/dut_pc/mem_addr_q[17]_i_2_0
                         LUT6 (Prop_lut6_I5_O)        0.124    15.432 r  u_cpu/dut_pc/mem_addr_q[17]_i_6/O
                         net (fo=1, unplaced)         0.449    15.881    u_cpu/dut_pc/mem_addr_q[17]_i_6_n_0
                         LUT6 (Prop_lut6_I5_O)        0.124    16.005 r  u_cpu/dut_pc/mem_addr_q[17]_i_2/O
                         net (fo=5, unplaced)         0.447    16.452    u_cpu/dut_pc/cpu_mem_addr[17]
                         LUT4 (Prop_lut4_I0_O)        0.150    16.602 f  u_cpu/dut_pc/refill_word_q[1]_i_11/O
                         net (fo=1, unplaced)         0.449    17.051    u_cpu/dut_pc/refill_word_q[1]_i_11_n_0
                         LUT5 (Prop_lut5_I4_O)        0.124    17.175 f  u_cpu/dut_pc/refill_word_q[1]_i_7/O
                         net (fo=1, unplaced)         0.665    17.840    u_cpu/dut_pc/refill_word_q[1]_i_7_n_0
                         LUT5 (Prop_lut5_I2_O)        0.124    17.964 f  u_cpu/dut_pc/refill_word_q[1]_i_4/O
                         net (fo=165, unplaced)       0.561    18.525    u_l1_icache/icache_invalidate
                         LUT5 (Prop_lut5_I0_O)        0.124    18.649 r  u_l1_icache/tag_array_reg_0_31_0_5_i_1/O
                         net (fo=32, unplaced)        0.404    19.053    u_l1_icache/tag_array_reg_0_31_12_17/WE
                         RAMD32                                       r  u_l1_icache/tag_array_reg_0_31_12_17/RAMC/WE
  -------------------------------------------------------------------    -------------------

                         (clock CLK rise edge)       20.000    20.000 r  
                                                      0.000    20.000 r  clk (IN)
                         net (fo=0)                   0.000    20.000    clk
                         IBUF (Prop_ibuf_I_O)         0.838    20.838 r  clk_IBUF_inst/O
                         net (fo=1, unplaced)         0.763    21.600    clk_IBUF
                         BUFG (Prop_bufg_I_O)         0.091    21.691 r  clk_IBUF_BUFG_inst/O
                         net (fo=11258, unplaced)     0.439    22.130    u_l1_icache/tag_array_reg_0_31_12_17/WCLK
                         RAMD32                                       r  u_l1_icache/tag_array_reg_0_31_12_17/RAMC/CLK
                         clock pessimism              0.179    22.309    
                         clock uncertainty           -0.335    21.974    
                         RAMD32 (Setup_ramd32_CLK_WE)
                                                     -0.528    21.446    u_l1_icache/tag_array_reg_0_31_12_17/RAMC
  -------------------------------------------------------------------
                         required time                         21.446    
                         arrival time                         -19.053    
  -------------------------------------------------------------------
                         slack                                  2.393    

Slack (MET) :             2.393ns  (required time - arrival time)
  Source:                 u_cpu/dut_pc/pc_reg[4]_rep__8/C
                            (rising edge-triggered cell FDRE clocked by CLK  {rise@0.000ns fall@10.000ns period=20.000ns})
  Destination:            u_l1_icache/tag_array_reg_0_31_12_17/RAMC_D1/WE
                            (rising edge-triggered cell RAMD32 clocked by CLK  {rise@0.000ns fall@10.000ns period=20.000ns})
  Path Group:             CLK
  Path Type:              Setup (Max at Slow Process Corner)
  Requirement:            20.000ns  (CLK rise@20.000ns - CLK rise@0.000ns)
  Data Path Delay:        16.599ns  (logic 4.740ns (28.556%)  route 11.859ns (71.444%))
  Logic Levels:           23  (CARRY4=6 LUT2=1 LUT4=3 LUT5=5 LUT6=7 RAMD32=1)
  Clock Path Skew:        -0.145ns (DCD - SCD + CPR)
    Destination Clock Delay (DCD):    2.130ns = ( 22.130 - 20.000 ) 
    Source Clock Delay      (SCD):    2.454ns
    Clock Pessimism Removal (CPR):    0.179ns
  Clock Uncertainty:      0.335ns  ((TSJ^2 + TIJ^2)^1/2 + DJ) / 2 + PE + UU
    Total System Jitter     (TSJ):    0.071ns
    Total Input Jitter      (TIJ):    0.000ns
    Discrete Jitter          (DJ):    0.000ns
    Phase Error              (PE):    0.000ns
    User Uncertainty         (UU):    0.300ns

    Location             Delay type                Incr(ns)  Path(ns)    Netlist Resource(s)
  -------------------------------------------------------------------    -------------------
                         (clock CLK rise edge)        0.000     0.000 r  
                                                      0.000     0.000 r  clk (IN)
                         net (fo=0)                   0.000     0.000    clk
                         IBUF (Prop_ibuf_I_O)         0.971     0.971 r  clk_IBUF_inst/O
                         net (fo=1, unplaced)         0.803     1.774    clk_IBUF
                         BUFG (Prop_bufg_I_O)         0.096     1.870 r  clk_IBUF_BUFG_inst/O
                         net (fo=11258, unplaced)     0.584     2.454    u_cpu/dut_pc/clk_IBUF_BUFG
                         FDRE                                         r  u_cpu/dut_pc/pc_reg[4]_rep__8/C
  -------------------------------------------------------------------    -------------------
                         FDRE (Prop_fdre_C_Q)         0.478     2.932 r  u_cpu/dut_pc/pc_reg[4]_rep__8/Q
                         net (fo=130, unplaced)       1.071     4.003    u_l1_icache/tag_array_reg_0_31_0_5/ADDRC0
                         RAMD32 (Prop_ramd32_RADR0_O)
                                                      0.324     4.327 r  u_l1_icache/tag_array_reg_0_31_0_5/RAMC/O
                         net (fo=1, unplaced)         0.941     5.268    u_cpu/dut_pc/lookup_hit1[4]
                         LUT6 (Prop_lut6_I1_O)        0.124     5.392 r  u_cpu/dut_pc/cpu_stall_debug_OBUF_inst_i_38/O
                         net (fo=1, unplaced)         0.000     5.392    u_cpu/dut_pc/cpu_stall_debug_OBUF_inst_i_38_n_0
                         CARRY4 (Prop_carry4_S[1]_CO[3])
                                                      0.533     5.925 r  u_cpu/dut_pc/cpu_stall_debug_OBUF_inst_i_23/CO[3]
                         net (fo=1, unplaced)         0.000     5.925    u_cpu/dut_pc/cpu_stall_debug_OBUF_inst_i_23_n_0
                         CARRY4 (Prop_carry4_CI_CO[3])
                                                      0.117     6.042 r  u_cpu/dut_pc/cpu_stall_debug_OBUF_inst_i_7/CO[3]
                         net (fo=4, unplaced)         0.772     6.814    u_cpu/dut_pc/u_l1_icache/lookup_hit0
                         LUT5 (Prop_lut5_I4_O)        0.124     6.938 r  u_cpu/dut_pc/cpu_stall_debug_OBUF_inst_i_2/O
                         net (fo=49, unplaced)        0.814     7.752    u_cpu/dut_pc/state_q_reg_1
                         LUT6 (Prop_lut6_I1_O)        0.124     7.876 r  u_cpu/dut_pc/instr_debug[3]_i_1/O
                         net (fo=11, unplaced)        0.778     8.654    u_cpu/dut_pc/state_q_reg_3
                         LUT6 (Prop_lut6_I3_O)        0.124     8.778 f  u_cpu/dut_pc/FSM_onehot_current_state[4]_i_6/O
                         net (fo=6, unplaced)         0.973     9.751    u_cpu/dut_pc/FSM_onehot_current_state[4]_i_6_n_0
                         LUT6 (Prop_lut6_I0_O)        0.124     9.875 f  u_cpu/dut_pc/pc_target1_carry_i_11/O
                         net (fo=38, unplaced)        1.016    10.891    u_cpu/dut_pc/imm_sel[1]
                         LUT6 (Prop_lut6_I0_O)        0.124    11.015 r  u_cpu/dut_pc/pc_target1_carry__0_i_10/O
                         net (fo=12, unplaced)        0.497    11.512    u_cpu/dut_pc/pc_target1_carry__0_i_10_n_0
                         LUT5 (Prop_lut5_I3_O)        0.124    11.636 r  u_cpu/dut_pc/pc_target1_carry__0_i_13/O
                         net (fo=6, unplaced)         0.481    12.117    u_cpu/dut_pc/imm_ext[5]
                         LUT4 (Prop_lut4_I3_O)        0.116    12.233 r  u_cpu/dut_pc/result0_carry__0_i_11/O
                         net (fo=6, unplaced)         0.481    12.714    u_cpu/dut_pc/src_b[5]
                         LUT2 (Prop_lut2_I1_O)        0.124    12.838 r  u_cpu/dut_pc/result0_carry__0_i_7/O
                         net (fo=1, unplaced)         0.000    12.838    u_cpu/dut_alu/mem_addr_q[4]_i_7[1]
                         CARRY4 (Prop_carry4_S[1]_CO[3])
                                                      0.533    13.371 r  u_cpu/dut_alu/result0_carry__0/CO[3]
                         net (fo=1, unplaced)         0.000    13.371    u_cpu/dut_alu/result0_carry__0_n_0
                         CARRY4 (Prop_carry4_CI_CO[3])
                                                      0.117    13.488 r  u_cpu/dut_alu/result0_carry__1/CO[3]
                         net (fo=1, unplaced)         0.000    13.488    u_cpu/dut_alu/result0_carry__1_n_0
                         CARRY4 (Prop_carry4_CI_CO[3])
                                                      0.117    13.605 r  u_cpu/dut_alu/result0_carry__2/CO[3]
                         net (fo=1, unplaced)         0.000    13.605    u_cpu/dut_alu/result0_carry__2_n_0
                         CARRY4 (Prop_carry4_CI_O[1])
                                                      0.337    13.942 r  u_cpu/dut_alu/result0_carry__3/O[1]
                         net (fo=1, unplaced)         0.611    14.553    u_cpu/dut_alu/data0[17]
                         LUT4 (Prop_lut4_I0_O)        0.306    14.859 r  u_cpu/dut_alu/mem_addr_q[17]_i_11/O
                         net (fo=1, unplaced)         0.449    15.308    u_cpu/dut_pc/mem_addr_q[17]_i_2_0
                         LUT6 (Prop_lut6_I5_O)        0.124    15.432 r  u_cpu/dut_pc/mem_addr_q[17]_i_6/O
                         net (fo=1, unplaced)         0.449    15.881    u_cpu/dut_pc/mem_addr_q[17]_i_6_n_0
                         LUT6 (Prop_lut6_I5_O)        0.124    16.005 r  u_cpu/dut_pc/mem_addr_q[17]_i_2/O
                         net (fo=5, unplaced)         0.447    16.452    u_cpu/dut_pc/cpu_mem_addr[17]
                         LUT4 (Prop_lut4_I0_O)        0.150    16.602 f  u_cpu/dut_pc/refill_word_q[1]_i_11/O
                         net (fo=1, unplaced)         0.449    17.051    u_cpu/dut_pc/refill_word_q[1]_i_11_n_0
                         LUT5 (Prop_lut5_I4_O)        0.124    17.175 f  u_cpu/dut_pc/refill_word_q[1]_i_7/O
                         net (fo=1, unplaced)         0.665    17.840    u_cpu/dut_pc/refill_word_q[1]_i_7_n_0
                         LUT5 (Prop_lut5_I2_O)        0.124    17.964 f  u_cpu/dut_pc/refill_word_q[1]_i_4/O
                         net (fo=165, unplaced)       0.561    18.525    u_l1_icache/icache_invalidate
                         LUT5 (Prop_lut5_I0_O)        0.124    18.649 r  u_l1_icache/tag_array_reg_0_31_0_5_i_1/O
                         net (fo=32, unplaced)        0.404    19.053    u_l1_icache/tag_array_reg_0_31_12_17/WE
                         RAMD32                                       r  u_l1_icache/tag_array_reg_0_31_12_17/RAMC_D1/WE
  -------------------------------------------------------------------    -------------------

                         (clock CLK rise edge)       20.000    20.000 r  
                                                      0.000    20.000 r  clk (IN)
                         net (fo=0)                   0.000    20.000    clk
                         IBUF (Prop_ibuf_I_O)         0.838    20.838 r  clk_IBUF_inst/O
                         net (fo=1, unplaced)         0.763    21.600    clk_IBUF
                         BUFG (Prop_bufg_I_O)         0.091    21.691 r  clk_IBUF_BUFG_inst/O
                         net (fo=11258, unplaced)     0.439    22.130    u_l1_icache/tag_array_reg_0_31_12_17/WCLK
                         RAMD32                                       r  u_l1_icache/tag_array_reg_0_31_12_17/RAMC_D1/CLK
                         clock pessimism              0.179    22.309    
                         clock uncertainty           -0.335    21.974    
                         RAMD32 (Setup_ramd32_CLK_WE)
                                                     -0.528    21.446    u_l1_icache/tag_array_reg_0_31_12_17/RAMC_D1
  -------------------------------------------------------------------
                         required time                         21.446    
                         arrival time                         -19.053    
  -------------------------------------------------------------------
                         slack                                  2.393    

Slack (MET) :             2.393ns  (required time - arrival time)
  Source:                 u_cpu/dut_pc/pc_reg[4]_rep__8/C
                            (rising edge-triggered cell FDRE clocked by CLK  {rise@0.000ns fall@10.000ns period=20.000ns})
  Destination:            u_l1_icache/tag_array_reg_0_31_12_17/RAMD/WE
                            (rising edge-triggered cell RAMS32 clocked by CLK  {rise@0.000ns fall@10.000ns period=20.000ns})
  Path Group:             CLK
  Path Type:              Setup (Max at Slow Process Corner)
  Requirement:            20.000ns  (CLK rise@20.000ns - CLK rise@0.000ns)
  Data Path Delay:        16.599ns  (logic 4.740ns (28.556%)  route 11.859ns (71.444%))
  Logic Levels:           23  (CARRY4=6 LUT2=1 LUT4=3 LUT5=5 LUT6=7 RAMD32=1)
  Clock Path Skew:        -0.145ns (DCD - SCD + CPR)
    Destination Clock Delay (DCD):    2.130ns = ( 22.130 - 20.000 ) 
    Source Clock Delay      (SCD):    2.454ns
    Clock Pessimism Removal (CPR):    0.179ns
  Clock Uncertainty:      0.335ns  ((TSJ^2 + TIJ^2)^1/2 + DJ) / 2 + PE + UU
    Total System Jitter     (TSJ):    0.071ns
    Total Input Jitter      (TIJ):    0.000ns
    Discrete Jitter          (DJ):    0.000ns
    Phase Error              (PE):    0.000ns
    User Uncertainty         (UU):    0.300ns

    Location             Delay type                Incr(ns)  Path(ns)    Netlist Resource(s)
  -------------------------------------------------------------------    -------------------
                         (clock CLK rise edge)        0.000     0.000 r  
                                                      0.000     0.000 r  clk (IN)
                         net (fo=0)                   0.000     0.000    clk
                         IBUF (Prop_ibuf_I_O)         0.971     0.971 r  clk_IBUF_inst/O
                         net (fo=1, unplaced)         0.803     1.774    clk_IBUF
                         BUFG (Prop_bufg_I_O)         0.096     1.870 r  clk_IBUF_BUFG_inst/O
                         net (fo=11258, unplaced)     0.584     2.454    u_cpu/dut_pc/clk_IBUF_BUFG
                         FDRE                                         r  u_cpu/dut_pc/pc_reg[4]_rep__8/C
  -------------------------------------------------------------------    -------------------
                         FDRE (Prop_fdre_C_Q)         0.478     2.932 r  u_cpu/dut_pc/pc_reg[4]_rep__8/Q
                         net (fo=130, unplaced)       1.071     4.003    u_l1_icache/tag_array_reg_0_31_0_5/ADDRC0
                         RAMD32 (Prop_ramd32_RADR0_O)
                                                      0.324     4.327 r  u_l1_icache/tag_array_reg_0_31_0_5/RAMC/O
                         net (fo=1, unplaced)         0.941     5.268    u_cpu/dut_pc/lookup_hit1[4]
                         LUT6 (Prop_lut6_I1_O)        0.124     5.392 r  u_cpu/dut_pc/cpu_stall_debug_OBUF_inst_i_38/O
                         net (fo=1, unplaced)         0.000     5.392    u_cpu/dut_pc/cpu_stall_debug_OBUF_inst_i_38_n_0
                         CARRY4 (Prop_carry4_S[1]_CO[3])
                                                      0.533     5.925 r  u_cpu/dut_pc/cpu_stall_debug_OBUF_inst_i_23/CO[3]
                         net (fo=1, unplaced)         0.000     5.925    u_cpu/dut_pc/cpu_stall_debug_OBUF_inst_i_23_n_0
                         CARRY4 (Prop_carry4_CI_CO[3])
                                                      0.117     6.042 r  u_cpu/dut_pc/cpu_stall_debug_OBUF_inst_i_7/CO[3]
                         net (fo=4, unplaced)         0.772     6.814    u_cpu/dut_pc/u_l1_icache/lookup_hit0
                         LUT5 (Prop_lut5_I4_O)        0.124     6.938 r  u_cpu/dut_pc/cpu_stall_debug_OBUF_inst_i_2/O
                         net (fo=49, unplaced)        0.814     7.752    u_cpu/dut_pc/state_q_reg_1
                         LUT6 (Prop_lut6_I1_O)        0.124     7.876 r  u_cpu/dut_pc/instr_debug[3]_i_1/O
                         net (fo=11, unplaced)        0.778     8.654    u_cpu/dut_pc/state_q_reg_3
                         LUT6 (Prop_lut6_I3_O)        0.124     8.778 f  u_cpu/dut_pc/FSM_onehot_current_state[4]_i_6/O
                         net (fo=6, unplaced)         0.973     9.751    u_cpu/dut_pc/FSM_onehot_current_state[4]_i_6_n_0
                         LUT6 (Prop_lut6_I0_O)        0.124     9.875 f  u_cpu/dut_pc/pc_target1_carry_i_11/O
                         net (fo=38, unplaced)        1.016    10.891    u_cpu/dut_pc/imm_sel[1]
                         LUT6 (Prop_lut6_I0_O)        0.124    11.015 r  u_cpu/dut_pc/pc_target1_carry__0_i_10/O
                         net (fo=12, unplaced)        0.497    11.512    u_cpu/dut_pc/pc_target1_carry__0_i_10_n_0
                         LUT5 (Prop_lut5_I3_O)        0.124    11.636 r  u_cpu/dut_pc/pc_target1_carry__0_i_13/O
                         net (fo=6, unplaced)         0.481    12.117    u_cpu/dut_pc/imm_ext[5]
                         LUT4 (Prop_lut4_I3_O)        0.116    12.233 r  u_cpu/dut_pc/result0_carry__0_i_11/O
                         net (fo=6, unplaced)         0.481    12.714    u_cpu/dut_pc/src_b[5]
                         LUT2 (Prop_lut2_I1_O)        0.124    12.838 r  u_cpu/dut_pc/result0_carry__0_i_7/O
                         net (fo=1, unplaced)         0.000    12.838    u_cpu/dut_alu/mem_addr_q[4]_i_7[1]
                         CARRY4 (Prop_carry4_S[1]_CO[3])
                                                      0.533    13.371 r  u_cpu/dut_alu/result0_carry__0/CO[3]
                         net (fo=1, unplaced)         0.000    13.371    u_cpu/dut_alu/result0_carry__0_n_0
                         CARRY4 (Prop_carry4_CI_CO[3])
                                                      0.117    13.488 r  u_cpu/dut_alu/result0_carry__1/CO[3]
                         net (fo=1, unplaced)         0.000    13.488    u_cpu/dut_alu/result0_carry__1_n_0
                         CARRY4 (Prop_carry4_CI_CO[3])
                                                      0.117    13.605 r  u_cpu/dut_alu/result0_carry__2/CO[3]
                         net (fo=1, unplaced)         0.000    13.605    u_cpu/dut_alu/result0_carry__2_n_0
                         CARRY4 (Prop_carry4_CI_O[1])
                                                      0.337    13.942 r  u_cpu/dut_alu/result0_carry__3/O[1]
                         net (fo=1, unplaced)         0.611    14.553    u_cpu/dut_alu/data0[17]
                         LUT4 (Prop_lut4_I0_O)        0.306    14.859 r  u_cpu/dut_alu/mem_addr_q[17]_i_11/O
                         net (fo=1, unplaced)         0.449    15.308    u_cpu/dut_pc/mem_addr_q[17]_i_2_0
                         LUT6 (Prop_lut6_I5_O)        0.124    15.432 r  u_cpu/dut_pc/mem_addr_q[17]_i_6/O
                         net (fo=1, unplaced)         0.449    15.881    u_cpu/dut_pc/mem_addr_q[17]_i_6_n_0
                         LUT6 (Prop_lut6_I5_O)        0.124    16.005 r  u_cpu/dut_pc/mem_addr_q[17]_i_2/O
                         net (fo=5, unplaced)         0.447    16.452    u_cpu/dut_pc/cpu_mem_addr[17]
                         LUT4 (Prop_lut4_I0_O)        0.150    16.602 f  u_cpu/dut_pc/refill_word_q[1]_i_11/O
                         net (fo=1, unplaced)         0.449    17.051    u_cpu/dut_pc/refill_word_q[1]_i_11_n_0
                         LUT5 (Prop_lut5_I4_O)        0.124    17.175 f  u_cpu/dut_pc/refill_word_q[1]_i_7/O
                         net (fo=1, unplaced)         0.665    17.840    u_cpu/dut_pc/refill_word_q[1]_i_7_n_0
                         LUT5 (Prop_lut5_I2_O)        0.124    17.964 f  u_cpu/dut_pc/refill_word_q[1]_i_4/O
                         net (fo=165, unplaced)       0.561    18.525    u_l1_icache/icache_invalidate
                         LUT5 (Prop_lut5_I0_O)        0.124    18.649 r  u_l1_icache/tag_array_reg_0_31_0_5_i_1/O
                         net (fo=32, unplaced)        0.404    19.053    u_l1_icache/tag_array_reg_0_31_12_17/WE
                         RAMS32                                       r  u_l1_icache/tag_array_reg_0_31_12_17/RAMD/WE
  -------------------------------------------------------------------    -------------------

                         (clock CLK rise edge)       20.000    20.000 r  
                                                      0.000    20.000 r  clk (IN)
                         net (fo=0)                   0.000    20.000    clk
                         IBUF (Prop_ibuf_I_O)         0.838    20.838 r  clk_IBUF_inst/O
                         net (fo=1, unplaced)         0.763    21.600    clk_IBUF
                         BUFG (Prop_bufg_I_O)         0.091    21.691 r  clk_IBUF_BUFG_inst/O
                         net (fo=11258, unplaced)     0.439    22.130    u_l1_icache/tag_array_reg_0_31_12_17/WCLK
                         RAMS32                                       r  u_l1_icache/tag_array_reg_0_31_12_17/RAMD/CLK
                         clock pessimism              0.179    22.309    
                         clock uncertainty           -0.335    21.974    
                         RAMS32 (Setup_rams32_CLK_WE)
                                                     -0.528    21.446    u_l1_icache/tag_array_reg_0_31_12_17/RAMD
  -------------------------------------------------------------------
                         required time                         21.446    
                         arrival time                         -19.053    
  -------------------------------------------------------------------
                         slack                                  2.393    

Slack (MET) :             2.393ns  (required time - arrival time)
  Source:                 u_cpu/dut_pc/pc_reg[4]_rep__8/C
                            (rising edge-triggered cell FDRE clocked by CLK  {rise@0.000ns fall@10.000ns period=20.000ns})
  Destination:            u_l1_icache/tag_array_reg_0_31_12_17/RAMD_D1/WE
                            (rising edge-triggered cell RAMS32 clocked by CLK  {rise@0.000ns fall@10.000ns period=20.000ns})
  Path Group:             CLK
  Path Type:              Setup (Max at Slow Process Corner)
  Requirement:            20.000ns  (CLK rise@20.000ns - CLK rise@0.000ns)
  Data Path Delay:        16.599ns  (logic 4.740ns (28.556%)  route 11.859ns (71.444%))
  Logic Levels:           23  (CARRY4=6 LUT2=1 LUT4=3 LUT5=5 LUT6=7 RAMD32=1)
  Clock Path Skew:        -0.145ns (DCD - SCD + CPR)
    Destination Clock Delay (DCD):    2.130ns = ( 22.130 - 20.000 ) 
    Source Clock Delay      (SCD):    2.454ns
    Clock Pessimism Removal (CPR):    0.179ns
  Clock Uncertainty:      0.335ns  ((TSJ^2 + TIJ^2)^1/2 + DJ) / 2 + PE + UU
    Total System Jitter     (TSJ):    0.071ns
    Total Input Jitter      (TIJ):    0.000ns
    Discrete Jitter          (DJ):    0.000ns
    Phase Error              (PE):    0.000ns
    User Uncertainty         (UU):    0.300ns

    Location             Delay type                Incr(ns)  Path(ns)    Netlist Resource(s)
  -------------------------------------------------------------------    -------------------
                         (clock CLK rise edge)        0.000     0.000 r  
                                                      0.000     0.000 r  clk (IN)
                         net (fo=0)                   0.000     0.000    clk
                         IBUF (Prop_ibuf_I_O)         0.971     0.971 r  clk_IBUF_inst/O
                         net (fo=1, unplaced)         0.803     1.774    clk_IBUF
                         BUFG (Prop_bufg_I_O)         0.096     1.870 r  clk_IBUF_BUFG_inst/O
                         net (fo=11258, unplaced)     0.584     2.454    u_cpu/dut_pc/clk_IBUF_BUFG
                         FDRE                                         r  u_cpu/dut_pc/pc_reg[4]_rep__8/C
  -------------------------------------------------------------------    -------------------
                         FDRE (Prop_fdre_C_Q)         0.478     2.932 r  u_cpu/dut_pc/pc_reg[4]_rep__8/Q
                         net (fo=130, unplaced)       1.071     4.003    u_l1_icache/tag_array_reg_0_31_0_5/ADDRC0
                         RAMD32 (Prop_ramd32_RADR0_O)
                                                      0.324     4.327 r  u_l1_icache/tag_array_reg_0_31_0_5/RAMC/O
                         net (fo=1, unplaced)         0.941     5.268    u_cpu/dut_pc/lookup_hit1[4]
                         LUT6 (Prop_lut6_I1_O)        0.124     5.392 r  u_cpu/dut_pc/cpu_stall_debug_OBUF_inst_i_38/O
                         net (fo=1, unplaced)         0.000     5.392    u_cpu/dut_pc/cpu_stall_debug_OBUF_inst_i_38_n_0
                         CARRY4 (Prop_carry4_S[1]_CO[3])
                                                      0.533     5.925 r  u_cpu/dut_pc/cpu_stall_debug_OBUF_inst_i_23/CO[3]
                         net (fo=1, unplaced)         0.000     5.925    u_cpu/dut_pc/cpu_stall_debug_OBUF_inst_i_23_n_0
                         CARRY4 (Prop_carry4_CI_CO[3])
                                                      0.117     6.042 r  u_cpu/dut_pc/cpu_stall_debug_OBUF_inst_i_7/CO[3]
                         net (fo=4, unplaced)         0.772     6.814    u_cpu/dut_pc/u_l1_icache/lookup_hit0
                         LUT5 (Prop_lut5_I4_O)        0.124     6.938 r  u_cpu/dut_pc/cpu_stall_debug_OBUF_inst_i_2/O
                         net (fo=49, unplaced)        0.814     7.752    u_cpu/dut_pc/state_q_reg_1
                         LUT6 (Prop_lut6_I1_O)        0.124     7.876 r  u_cpu/dut_pc/instr_debug[3]_i_1/O
                         net (fo=11, unplaced)        0.778     8.654    u_cpu/dut_pc/state_q_reg_3
                         LUT6 (Prop_lut6_I3_O)        0.124     8.778 f  u_cpu/dut_pc/FSM_onehot_current_state[4]_i_6/O
                         net (fo=6, unplaced)         0.973     9.751    u_cpu/dut_pc/FSM_onehot_current_state[4]_i_6_n_0
                         LUT6 (Prop_lut6_I0_O)        0.124     9.875 f  u_cpu/dut_pc/pc_target1_carry_i_11/O
                         net (fo=38, unplaced)        1.016    10.891    u_cpu/dut_pc/imm_sel[1]
                         LUT6 (Prop_lut6_I0_O)        0.124    11.015 r  u_cpu/dut_pc/pc_target1_carry__0_i_10/O
                         net (fo=12, unplaced)        0.497    11.512    u_cpu/dut_pc/pc_target1_carry__0_i_10_n_0
                         LUT5 (Prop_lut5_I3_O)        0.124    11.636 r  u_cpu/dut_pc/pc_target1_carry__0_i_13/O
                         net (fo=6, unplaced)         0.481    12.117    u_cpu/dut_pc/imm_ext[5]
                         LUT4 (Prop_lut4_I3_O)        0.116    12.233 r  u_cpu/dut_pc/result0_carry__0_i_11/O
                         net (fo=6, unplaced)         0.481    12.714    u_cpu/dut_pc/src_b[5]
                         LUT2 (Prop_lut2_I1_O)        0.124    12.838 r  u_cpu/dut_pc/result0_carry__0_i_7/O
                         net (fo=1, unplaced)         0.000    12.838    u_cpu/dut_alu/mem_addr_q[4]_i_7[1]
                         CARRY4 (Prop_carry4_S[1]_CO[3])
                                                      0.533    13.371 r  u_cpu/dut_alu/result0_carry__0/CO[3]
                         net (fo=1, unplaced)         0.000    13.371    u_cpu/dut_alu/result0_carry__0_n_0
                         CARRY4 (Prop_carry4_CI_CO[3])
                                                      0.117    13.488 r  u_cpu/dut_alu/result0_carry__1/CO[3]
                         net (fo=1, unplaced)         0.000    13.488    u_cpu/dut_alu/result0_carry__1_n_0
                         CARRY4 (Prop_carry4_CI_CO[3])
                                                      0.117    13.605 r  u_cpu/dut_alu/result0_carry__2/CO[3]
                         net (fo=1, unplaced)         0.000    13.605    u_cpu/dut_alu/result0_carry__2_n_0
                         CARRY4 (Prop_carry4_CI_O[1])
                                                      0.337    13.942 r  u_cpu/dut_alu/result0_carry__3/O[1]
                         net (fo=1, unplaced)         0.611    14.553    u_cpu/dut_alu/data0[17]
                         LUT4 (Prop_lut4_I0_O)        0.306    14.859 r  u_cpu/dut_alu/mem_addr_q[17]_i_11/O
                         net (fo=1, unplaced)         0.449    15.308    u_cpu/dut_pc/mem_addr_q[17]_i_2_0
                         LUT6 (Prop_lut6_I5_O)        0.124    15.432 r  u_cpu/dut_pc/mem_addr_q[17]_i_6/O
                         net (fo=1, unplaced)         0.449    15.881    u_cpu/dut_pc/mem_addr_q[17]_i_6_n_0
                         LUT6 (Prop_lut6_I5_O)        0.124    16.005 r  u_cpu/dut_pc/mem_addr_q[17]_i_2/O
                         net (fo=5, unplaced)         0.447    16.452    u_cpu/dut_pc/cpu_mem_addr[17]
                         LUT4 (Prop_lut4_I0_O)        0.150    16.602 f  u_cpu/dut_pc/refill_word_q[1]_i_11/O
                         net (fo=1, unplaced)         0.449    17.051    u_cpu/dut_pc/refill_word_q[1]_i_11_n_0
                         LUT5 (Prop_lut5_I4_O)        0.124    17.175 f  u_cpu/dut_pc/refill_word_q[1]_i_7/O
                         net (fo=1, unplaced)         0.665    17.840    u_cpu/dut_pc/refill_word_q[1]_i_7_n_0
                         LUT5 (Prop_lut5_I2_O)        0.124    17.964 f  u_cpu/dut_pc/refill_word_q[1]_i_4/O
                         net (fo=165, unplaced)       0.561    18.525    u_l1_icache/icache_invalidate
                         LUT5 (Prop_lut5_I0_O)        0.124    18.649 r  u_l1_icache/tag_array_reg_0_31_0_5_i_1/O
                         net (fo=32, unplaced)        0.404    19.053    u_l1_icache/tag_array_reg_0_31_12_17/WE
                         RAMS32                                       r  u_l1_icache/tag_array_reg_0_31_12_17/RAMD_D1/WE
  -------------------------------------------------------------------    -------------------

                         (clock CLK rise edge)       20.000    20.000 r  
                                                      0.000    20.000 r  clk (IN)
                         net (fo=0)                   0.000    20.000    clk
                         IBUF (Prop_ibuf_I_O)         0.838    20.838 r  clk_IBUF_inst/O
                         net (fo=1, unplaced)         0.763    21.600    clk_IBUF
                         BUFG (Prop_bufg_I_O)         0.091    21.691 r  clk_IBUF_BUFG_inst/O
                         net (fo=11258, unplaced)     0.439    22.130    u_l1_icache/tag_array_reg_0_31_12_17/WCLK
                         RAMS32                                       r  u_l1_icache/tag_array_reg_0_31_12_17/RAMD_D1/CLK
                         clock pessimism              0.179    22.309    
                         clock uncertainty           -0.335    21.974    
                         RAMS32 (Setup_rams32_CLK_WE)
                                                     -0.528    21.446    u_l1_icache/tag_array_reg_0_31_12_17/RAMD_D1
  -------------------------------------------------------------------
                         required time                         21.446    
                         arrival time                         -19.053    
  -------------------------------------------------------------------
                         slack                                  2.393    

Slack (MET) :             2.393ns  (required time - arrival time)
  Source:                 u_cpu/dut_pc/pc_reg[4]_rep__8/C
                            (rising edge-triggered cell FDRE clocked by CLK  {rise@0.000ns fall@10.000ns period=20.000ns})
  Destination:            u_l1_icache/tag_array_reg_0_31_18_22/RAMA/WE
                            (rising edge-triggered cell RAMD32 clocked by CLK  {rise@0.000ns fall@10.000ns period=20.000ns})
  Path Group:             CLK
  Path Type:              Setup (Max at Slow Process Corner)
  Requirement:            20.000ns  (CLK rise@20.000ns - CLK rise@0.000ns)
  Data Path Delay:        16.599ns  (logic 4.740ns (28.556%)  route 11.859ns (71.444%))
  Logic Levels:           23  (CARRY4=6 LUT2=1 LUT4=3 LUT5=5 LUT6=7 RAMD32=1)
  Clock Path Skew:        -0.145ns (DCD - SCD + CPR)
    Destination Clock Delay (DCD):    2.130ns = ( 22.130 - 20.000 ) 
    Source Clock Delay      (SCD):    2.454ns
    Clock Pessimism Removal (CPR):    0.179ns
  Clock Uncertainty:      0.335ns  ((TSJ^2 + TIJ^2)^1/2 + DJ) / 2 + PE + UU
    Total System Jitter     (TSJ):    0.071ns
    Total Input Jitter      (TIJ):    0.000ns
    Discrete Jitter          (DJ):    0.000ns
    Phase Error              (PE):    0.000ns
    User Uncertainty         (UU):    0.300ns

    Location             Delay type                Incr(ns)  Path(ns)    Netlist Resource(s)
  -------------------------------------------------------------------    -------------------
                         (clock CLK rise edge)        0.000     0.000 r  
                                                      0.000     0.000 r  clk (IN)
                         net (fo=0)                   0.000     0.000    clk
                         IBUF (Prop_ibuf_I_O)         0.971     0.971 r  clk_IBUF_inst/O
                         net (fo=1, unplaced)         0.803     1.774    clk_IBUF
                         BUFG (Prop_bufg_I_O)         0.096     1.870 r  clk_IBUF_BUFG_inst/O
                         net (fo=11258, unplaced)     0.584     2.454    u_cpu/dut_pc/clk_IBUF_BUFG
                         FDRE                                         r  u_cpu/dut_pc/pc_reg[4]_rep__8/C
  -------------------------------------------------------------------    -------------------
                         FDRE (Prop_fdre_C_Q)         0.478     2.932 r  u_cpu/dut_pc/pc_reg[4]_rep__8/Q
                         net (fo=130, unplaced)       1.071     4.003    u_l1_icache/tag_array_reg_0_31_0_5/ADDRC0
                         RAMD32 (Prop_ramd32_RADR0_O)
                                                      0.324     4.327 r  u_l1_icache/tag_array_reg_0_31_0_5/RAMC/O
                         net (fo=1, unplaced)         0.941     5.268    u_cpu/dut_pc/lookup_hit1[4]
                         LUT6 (Prop_lut6_I1_O)        0.124     5.392 r  u_cpu/dut_pc/cpu_stall_debug_OBUF_inst_i_38/O
                         net (fo=1, unplaced)         0.000     5.392    u_cpu/dut_pc/cpu_stall_debug_OBUF_inst_i_38_n_0
                         CARRY4 (Prop_carry4_S[1]_CO[3])
                                                      0.533     5.925 r  u_cpu/dut_pc/cpu_stall_debug_OBUF_inst_i_23/CO[3]
                         net (fo=1, unplaced)         0.000     5.925    u_cpu/dut_pc/cpu_stall_debug_OBUF_inst_i_23_n_0
                         CARRY4 (Prop_carry4_CI_CO[3])
                                                      0.117     6.042 r  u_cpu/dut_pc/cpu_stall_debug_OBUF_inst_i_7/CO[3]
                         net (fo=4, unplaced)         0.772     6.814    u_cpu/dut_pc/u_l1_icache/lookup_hit0
                         LUT5 (Prop_lut5_I4_O)        0.124     6.938 r  u_cpu/dut_pc/cpu_stall_debug_OBUF_inst_i_2/O
                         net (fo=49, unplaced)        0.814     7.752    u_cpu/dut_pc/state_q_reg_1
                         LUT6 (Prop_lut6_I1_O)        0.124     7.876 r  u_cpu/dut_pc/instr_debug[3]_i_1/O
                         net (fo=11, unplaced)        0.778     8.654    u_cpu/dut_pc/state_q_reg_3
                         LUT6 (Prop_lut6_I3_O)        0.124     8.778 f  u_cpu/dut_pc/FSM_onehot_current_state[4]_i_6/O
                         net (fo=6, unplaced)         0.973     9.751    u_cpu/dut_pc/FSM_onehot_current_state[4]_i_6_n_0
                         LUT6 (Prop_lut6_I0_O)        0.124     9.875 f  u_cpu/dut_pc/pc_target1_carry_i_11/O
                         net (fo=38, unplaced)        1.016    10.891    u_cpu/dut_pc/imm_sel[1]
                         LUT6 (Prop_lut6_I0_O)        0.124    11.015 r  u_cpu/dut_pc/pc_target1_carry__0_i_10/O
                         net (fo=12, unplaced)        0.497    11.512    u_cpu/dut_pc/pc_target1_carry__0_i_10_n_0
                         LUT5 (Prop_lut5_I3_O)        0.124    11.636 r  u_cpu/dut_pc/pc_target1_carry__0_i_13/O
                         net (fo=6, unplaced)         0.481    12.117    u_cpu/dut_pc/imm_ext[5]
                         LUT4 (Prop_lut4_I3_O)        0.116    12.233 r  u_cpu/dut_pc/result0_carry__0_i_11/O
                         net (fo=6, unplaced)         0.481    12.714    u_cpu/dut_pc/src_b[5]
                         LUT2 (Prop_lut2_I1_O)        0.124    12.838 r  u_cpu/dut_pc/result0_carry__0_i_7/O
                         net (fo=1, unplaced)         0.000    12.838    u_cpu/dut_alu/mem_addr_q[4]_i_7[1]
                         CARRY4 (Prop_carry4_S[1]_CO[3])
                                                      0.533    13.371 r  u_cpu/dut_alu/result0_carry__0/CO[3]
                         net (fo=1, unplaced)         0.000    13.371    u_cpu/dut_alu/result0_carry__0_n_0
                         CARRY4 (Prop_carry4_CI_CO[3])
                                                      0.117    13.488 r  u_cpu/dut_alu/result0_carry__1/CO[3]
                         net (fo=1, unplaced)         0.000    13.488    u_cpu/dut_alu/result0_carry__1_n_0
                         CARRY4 (Prop_carry4_CI_CO[3])
                                                      0.117    13.605 r  u_cpu/dut_alu/result0_carry__2/CO[3]
                         net (fo=1, unplaced)         0.000    13.605    u_cpu/dut_alu/result0_carry__2_n_0
                         CARRY4 (Prop_carry4_CI_O[1])
                                                      0.337    13.942 r  u_cpu/dut_alu/result0_carry__3/O[1]
                         net (fo=1, unplaced)         0.611    14.553    u_cpu/dut_alu/data0[17]
                         LUT4 (Prop_lut4_I0_O)        0.306    14.859 r  u_cpu/dut_alu/mem_addr_q[17]_i_11/O
                         net (fo=1, unplaced)         0.449    15.308    u_cpu/dut_pc/mem_addr_q[17]_i_2_0
                         LUT6 (Prop_lut6_I5_O)        0.124    15.432 r  u_cpu/dut_pc/mem_addr_q[17]_i_6/O
                         net (fo=1, unplaced)         0.449    15.881    u_cpu/dut_pc/mem_addr_q[17]_i_6_n_0
                         LUT6 (Prop_lut6_I5_O)        0.124    16.005 r  u_cpu/dut_pc/mem_addr_q[17]_i_2/O
                         net (fo=5, unplaced)         0.447    16.452    u_cpu/dut_pc/cpu_mem_addr[17]
                         LUT4 (Prop_lut4_I0_O)        0.150    16.602 f  u_cpu/dut_pc/refill_word_q[1]_i_11/O
                         net (fo=1, unplaced)         0.449    17.051    u_cpu/dut_pc/refill_word_q[1]_i_11_n_0
                         LUT5 (Prop_lut5_I4_O)        0.124    17.175 f  u_cpu/dut_pc/refill_word_q[1]_i_7/O
                         net (fo=1, unplaced)         0.665    17.840    u_cpu/dut_pc/refill_word_q[1]_i_7_n_0
                         LUT5 (Prop_lut5_I2_O)        0.124    17.964 f  u_cpu/dut_pc/refill_word_q[1]_i_4/O
                         net (fo=165, unplaced)       0.561    18.525    u_l1_icache/icache_invalidate
                         LUT5 (Prop_lut5_I0_O)        0.124    18.649 r  u_l1_icache/tag_array_reg_0_31_0_5_i_1/O
                         net (fo=32, unplaced)        0.404    19.053    u_l1_icache/tag_array_reg_0_31_18_22/WE
                         RAMD32                                       r  u_l1_icache/tag_array_reg_0_31_18_22/RAMA/WE
  -------------------------------------------------------------------    -------------------

                         (clock CLK rise edge)       20.000    20.000 r  
                                                      0.000    20.000 r  clk (IN)
                         net (fo=0)                   0.000    20.000    clk
                         IBUF (Prop_ibuf_I_O)         0.838    20.838 r  clk_IBUF_inst/O
                         net (fo=1, unplaced)         0.763    21.600    clk_IBUF
                         BUFG (Prop_bufg_I_O)         0.091    21.691 r  clk_IBUF_BUFG_inst/O
                         net (fo=11258, unplaced)     0.439    22.130    u_l1_icache/tag_array_reg_0_31_18_22/WCLK
                         RAMD32                                       r  u_l1_icache/tag_array_reg_0_31_18_22/RAMA/CLK
                         clock pessimism              0.179    22.309    
                         clock uncertainty           -0.335    21.974    
                         RAMD32 (Setup_ramd32_CLK_WE)
                                                     -0.528    21.446    u_l1_icache/tag_array_reg_0_31_18_22/RAMA
  -------------------------------------------------------------------
                         required time                         21.446    
                         arrival time                         -19.053    
  -------------------------------------------------------------------
                         slack                                  2.393    

Slack (MET) :             2.393ns  (required time - arrival time)
  Source:                 u_cpu/dut_pc/pc_reg[4]_rep__8/C
                            (rising edge-triggered cell FDRE clocked by CLK  {rise@0.000ns fall@10.000ns period=20.000ns})
  Destination:            u_l1_icache/tag_array_reg_0_31_18_22/RAMA_D1/WE
                            (rising edge-triggered cell RAMD32 clocked by CLK  {rise@0.000ns fall@10.000ns period=20.000ns})
  Path Group:             CLK
  Path Type:              Setup (Max at Slow Process Corner)
  Requirement:            20.000ns  (CLK rise@20.000ns - CLK rise@0.000ns)
  Data Path Delay:        16.599ns  (logic 4.740ns (28.556%)  route 11.859ns (71.444%))
  Logic Levels:           23  (CARRY4=6 LUT2=1 LUT4=3 LUT5=5 LUT6=7 RAMD32=1)
  Clock Path Skew:        -0.145ns (DCD - SCD + CPR)
    Destination Clock Delay (DCD):    2.130ns = ( 22.130 - 20.000 ) 
    Source Clock Delay      (SCD):    2.454ns
    Clock Pessimism Removal (CPR):    0.179ns
  Clock Uncertainty:      0.335ns  ((TSJ^2 + TIJ^2)^1/2 + DJ) / 2 + PE + UU
    Total System Jitter     (TSJ):    0.071ns
    Total Input Jitter      (TIJ):    0.000ns
    Discrete Jitter          (DJ):    0.000ns
    Phase Error              (PE):    0.000ns
    User Uncertainty         (UU):    0.300ns

    Location             Delay type                Incr(ns)  Path(ns)    Netlist Resource(s)
  -------------------------------------------------------------------    -------------------
                         (clock CLK rise edge)        0.000     0.000 r  
                                                      0.000     0.000 r  clk (IN)
                         net (fo=0)                   0.000     0.000    clk
                         IBUF (Prop_ibuf_I_O)         0.971     0.971 r  clk_IBUF_inst/O
                         net (fo=1, unplaced)         0.803     1.774    clk_IBUF
                         BUFG (Prop_bufg_I_O)         0.096     1.870 r  clk_IBUF_BUFG_inst/O
                         net (fo=11258, unplaced)     0.584     2.454    u_cpu/dut_pc/clk_IBUF_BUFG
                         FDRE                                         r  u_cpu/dut_pc/pc_reg[4]_rep__8/C
  -------------------------------------------------------------------    -------------------
                         FDRE (Prop_fdre_C_Q)         0.478     2.932 r  u_cpu/dut_pc/pc_reg[4]_rep__8/Q
                         net (fo=130, unplaced)       1.071     4.003    u_l1_icache/tag_array_reg_0_31_0_5/ADDRC0
                         RAMD32 (Prop_ramd32_RADR0_O)
                                                      0.324     4.327 r  u_l1_icache/tag_array_reg_0_31_0_5/RAMC/O
                         net (fo=1, unplaced)         0.941     5.268    u_cpu/dut_pc/lookup_hit1[4]
                         LUT6 (Prop_lut6_I1_O)        0.124     5.392 r  u_cpu/dut_pc/cpu_stall_debug_OBUF_inst_i_38/O
                         net (fo=1, unplaced)         0.000     5.392    u_cpu/dut_pc/cpu_stall_debug_OBUF_inst_i_38_n_0
                         CARRY4 (Prop_carry4_S[1]_CO[3])
                                                      0.533     5.925 r  u_cpu/dut_pc/cpu_stall_debug_OBUF_inst_i_23/CO[3]
                         net (fo=1, unplaced)         0.000     5.925    u_cpu/dut_pc/cpu_stall_debug_OBUF_inst_i_23_n_0
                         CARRY4 (Prop_carry4_CI_CO[3])
                                                      0.117     6.042 r  u_cpu/dut_pc/cpu_stall_debug_OBUF_inst_i_7/CO[3]
                         net (fo=4, unplaced)         0.772     6.814    u_cpu/dut_pc/u_l1_icache/lookup_hit0
                         LUT5 (Prop_lut5_I4_O)        0.124     6.938 r  u_cpu/dut_pc/cpu_stall_debug_OBUF_inst_i_2/O
                         net (fo=49, unplaced)        0.814     7.752    u_cpu/dut_pc/state_q_reg_1
                         LUT6 (Prop_lut6_I1_O)        0.124     7.876 r  u_cpu/dut_pc/instr_debug[3]_i_1/O
                         net (fo=11, unplaced)        0.778     8.654    u_cpu/dut_pc/state_q_reg_3
                         LUT6 (Prop_lut6_I3_O)        0.124     8.778 f  u_cpu/dut_pc/FSM_onehot_current_state[4]_i_6/O
                         net (fo=6, unplaced)         0.973     9.751    u_cpu/dut_pc/FSM_onehot_current_state[4]_i_6_n_0
                         LUT6 (Prop_lut6_I0_O)        0.124     9.875 f  u_cpu/dut_pc/pc_target1_carry_i_11/O
                         net (fo=38, unplaced)        1.016    10.891    u_cpu/dut_pc/imm_sel[1]
                         LUT6 (Prop_lut6_I0_O)        0.124    11.015 r  u_cpu/dut_pc/pc_target1_carry__0_i_10/O
                         net (fo=12, unplaced)        0.497    11.512    u_cpu/dut_pc/pc_target1_carry__0_i_10_n_0
                         LUT5 (Prop_lut5_I3_O)        0.124    11.636 r  u_cpu/dut_pc/pc_target1_carry__0_i_13/O
                         net (fo=6, unplaced)         0.481    12.117    u_cpu/dut_pc/imm_ext[5]
                         LUT4 (Prop_lut4_I3_O)        0.116    12.233 r  u_cpu/dut_pc/result0_carry__0_i_11/O
                         net (fo=6, unplaced)         0.481    12.714    u_cpu/dut_pc/src_b[5]
                         LUT2 (Prop_lut2_I1_O)        0.124    12.838 r  u_cpu/dut_pc/result0_carry__0_i_7/O
                         net (fo=1, unplaced)         0.000    12.838    u_cpu/dut_alu/mem_addr_q[4]_i_7[1]
                         CARRY4 (Prop_carry4_S[1]_CO[3])
                                                      0.533    13.371 r  u_cpu/dut_alu/result0_carry__0/CO[3]
                         net (fo=1, unplaced)         0.000    13.371    u_cpu/dut_alu/result0_carry__0_n_0
                         CARRY4 (Prop_carry4_CI_CO[3])
                                                      0.117    13.488 r  u_cpu/dut_alu/result0_carry__1/CO[3]
                         net (fo=1, unplaced)         0.000    13.488    u_cpu/dut_alu/result0_carry__1_n_0
                         CARRY4 (Prop_carry4_CI_CO[3])
                                                      0.117    13.605 r  u_cpu/dut_alu/result0_carry__2/CO[3]
                         net (fo=1, unplaced)         0.000    13.605    u_cpu/dut_alu/result0_carry__2_n_0
                         CARRY4 (Prop_carry4_CI_O[1])
                                                      0.337    13.942 r  u_cpu/dut_alu/result0_carry__3/O[1]
                         net (fo=1, unplaced)         0.611    14.553    u_cpu/dut_alu/data0[17]
                         LUT4 (Prop_lut4_I0_O)        0.306    14.859 r  u_cpu/dut_alu/mem_addr_q[17]_i_11/O
                         net (fo=1, unplaced)         0.449    15.308    u_cpu/dut_pc/mem_addr_q[17]_i_2_0
                         LUT6 (Prop_lut6_I5_O)        0.124    15.432 r  u_cpu/dut_pc/mem_addr_q[17]_i_6/O
                         net (fo=1, unplaced)         0.449    15.881    u_cpu/dut_pc/mem_addr_q[17]_i_6_n_0
                         LUT6 (Prop_lut6_I5_O)        0.124    16.005 r  u_cpu/dut_pc/mem_addr_q[17]_i_2/O
                         net (fo=5, unplaced)         0.447    16.452    u_cpu/dut_pc/cpu_mem_addr[17]
                         LUT4 (Prop_lut4_I0_O)        0.150    16.602 f  u_cpu/dut_pc/refill_word_q[1]_i_11/O
                         net (fo=1, unplaced)         0.449    17.051    u_cpu/dut_pc/refill_word_q[1]_i_11_n_0
                         LUT5 (Prop_lut5_I4_O)        0.124    17.175 f  u_cpu/dut_pc/refill_word_q[1]_i_7/O
                         net (fo=1, unplaced)         0.665    17.840    u_cpu/dut_pc/refill_word_q[1]_i_7_n_0
                         LUT5 (Prop_lut5_I2_O)        0.124    17.964 f  u_cpu/dut_pc/refill_word_q[1]_i_4/O
                         net (fo=165, unplaced)       0.561    18.525    u_l1_icache/icache_invalidate
                         LUT5 (Prop_lut5_I0_O)        0.124    18.649 r  u_l1_icache/tag_array_reg_0_31_0_5_i_1/O
                         net (fo=32, unplaced)        0.404    19.053    u_l1_icache/tag_array_reg_0_31_18_22/WE
                         RAMD32                                       r  u_l1_icache/tag_array_reg_0_31_18_22/RAMA_D1/WE
  -------------------------------------------------------------------    -------------------

                         (clock CLK rise edge)       20.000    20.000 r  
                                                      0.000    20.000 r  clk (IN)
                         net (fo=0)                   0.000    20.000    clk
                         IBUF (Prop_ibuf_I_O)         0.838    20.838 r  clk_IBUF_inst/O
                         net (fo=1, unplaced)         0.763    21.600    clk_IBUF
                         BUFG (Prop_bufg_I_O)         0.091    21.691 r  clk_IBUF_BUFG_inst/O
                         net (fo=11258, unplaced)     0.439    22.130    u_l1_icache/tag_array_reg_0_31_18_22/WCLK
                         RAMD32                                       r  u_l1_icache/tag_array_reg_0_31_18_22/RAMA_D1/CLK
                         clock pessimism              0.179    22.309    
                         clock uncertainty           -0.335    21.974    
                         RAMD32 (Setup_ramd32_CLK_WE)
                                                     -0.528    21.446    u_l1_icache/tag_array_reg_0_31_18_22/RAMA_D1
  -------------------------------------------------------------------
                         required time                         21.446    
                         arrival time                         -19.053    
  -------------------------------------------------------------------
                         slack                                  2.393    

Slack (MET) :             2.393ns  (required time - arrival time)
  Source:                 u_cpu/dut_pc/pc_reg[4]_rep__8/C
                            (rising edge-triggered cell FDRE clocked by CLK  {rise@0.000ns fall@10.000ns period=20.000ns})
  Destination:            u_l1_icache/tag_array_reg_0_31_18_22/RAMB/WE
                            (rising edge-triggered cell RAMD32 clocked by CLK  {rise@0.000ns fall@10.000ns period=20.000ns})
  Path Group:             CLK
  Path Type:              Setup (Max at Slow Process Corner)
  Requirement:            20.000ns  (CLK rise@20.000ns - CLK rise@0.000ns)
  Data Path Delay:        16.599ns  (logic 4.740ns (28.556%)  route 11.859ns (71.444%))
  Logic Levels:           23  (CARRY4=6 LUT2=1 LUT4=3 LUT5=5 LUT6=7 RAMD32=1)
  Clock Path Skew:        -0.145ns (DCD - SCD + CPR)
    Destination Clock Delay (DCD):    2.130ns = ( 22.130 - 20.000 ) 
    Source Clock Delay      (SCD):    2.454ns
    Clock Pessimism Removal (CPR):    0.179ns
  Clock Uncertainty:      0.335ns  ((TSJ^2 + TIJ^2)^1/2 + DJ) / 2 + PE + UU
    Total System Jitter     (TSJ):    0.071ns
    Total Input Jitter      (TIJ):    0.000ns
    Discrete Jitter          (DJ):    0.000ns
    Phase Error              (PE):    0.000ns
    User Uncertainty         (UU):    0.300ns

    Location             Delay type                Incr(ns)  Path(ns)    Netlist Resource(s)
  -------------------------------------------------------------------    -------------------
                         (clock CLK rise edge)        0.000     0.000 r  
                                                      0.000     0.000 r  clk (IN)
                         net (fo=0)                   0.000     0.000    clk
                         IBUF (Prop_ibuf_I_O)         0.971     0.971 r  clk_IBUF_inst/O
                         net (fo=1, unplaced)         0.803     1.774    clk_IBUF
                         BUFG (Prop_bufg_I_O)         0.096     1.870 r  clk_IBUF_BUFG_inst/O
                         net (fo=11258, unplaced)     0.584     2.454    u_cpu/dut_pc/clk_IBUF_BUFG
                         FDRE                                         r  u_cpu/dut_pc/pc_reg[4]_rep__8/C
  -------------------------------------------------------------------    -------------------
                         FDRE (Prop_fdre_C_Q)         0.478     2.932 r  u_cpu/dut_pc/pc_reg[4]_rep__8/Q
                         net (fo=130, unplaced)       1.071     4.003    u_l1_icache/tag_array_reg_0_31_0_5/ADDRC0
                         RAMD32 (Prop_ramd32_RADR0_O)
                                                      0.324     4.327 r  u_l1_icache/tag_array_reg_0_31_0_5/RAMC/O
                         net (fo=1, unplaced)         0.941     5.268    u_cpu/dut_pc/lookup_hit1[4]
                         LUT6 (Prop_lut6_I1_O)        0.124     5.392 r  u_cpu/dut_pc/cpu_stall_debug_OBUF_inst_i_38/O
                         net (fo=1, unplaced)         0.000     5.392    u_cpu/dut_pc/cpu_stall_debug_OBUF_inst_i_38_n_0
                         CARRY4 (Prop_carry4_S[1]_CO[3])
                                                      0.533     5.925 r  u_cpu/dut_pc/cpu_stall_debug_OBUF_inst_i_23/CO[3]
                         net (fo=1, unplaced)         0.000     5.925    u_cpu/dut_pc/cpu_stall_debug_OBUF_inst_i_23_n_0
                         CARRY4 (Prop_carry4_CI_CO[3])
                                                      0.117     6.042 r  u_cpu/dut_pc/cpu_stall_debug_OBUF_inst_i_7/CO[3]
                         net (fo=4, unplaced)         0.772     6.814    u_cpu/dut_pc/u_l1_icache/lookup_hit0
                         LUT5 (Prop_lut5_I4_O)        0.124     6.938 r  u_cpu/dut_pc/cpu_stall_debug_OBUF_inst_i_2/O
                         net (fo=49, unplaced)        0.814     7.752    u_cpu/dut_pc/state_q_reg_1
                         LUT6 (Prop_lut6_I1_O)        0.124     7.876 r  u_cpu/dut_pc/instr_debug[3]_i_1/O
                         net (fo=11, unplaced)        0.778     8.654    u_cpu/dut_pc/state_q_reg_3
                         LUT6 (Prop_lut6_I3_O)        0.124     8.778 f  u_cpu/dut_pc/FSM_onehot_current_state[4]_i_6/O
                         net (fo=6, unplaced)         0.973     9.751    u_cpu/dut_pc/FSM_onehot_current_state[4]_i_6_n_0
                         LUT6 (Prop_lut6_I0_O)        0.124     9.875 f  u_cpu/dut_pc/pc_target1_carry_i_11/O
                         net (fo=38, unplaced)        1.016    10.891    u_cpu/dut_pc/imm_sel[1]
                         LUT6 (Prop_lut6_I0_O)        0.124    11.015 r  u_cpu/dut_pc/pc_target1_carry__0_i_10/O
                         net (fo=12, unplaced)        0.497    11.512    u_cpu/dut_pc/pc_target1_carry__0_i_10_n_0
                         LUT5 (Prop_lut5_I3_O)        0.124    11.636 r  u_cpu/dut_pc/pc_target1_carry__0_i_13/O
                         net (fo=6, unplaced)         0.481    12.117    u_cpu/dut_pc/imm_ext[5]
                         LUT4 (Prop_lut4_I3_O)        0.116    12.233 r  u_cpu/dut_pc/result0_carry__0_i_11/O
                         net (fo=6, unplaced)         0.481    12.714    u_cpu/dut_pc/src_b[5]
                         LUT2 (Prop_lut2_I1_O)        0.124    12.838 r  u_cpu/dut_pc/result0_carry__0_i_7/O
                         net (fo=1, unplaced)         0.000    12.838    u_cpu/dut_alu/mem_addr_q[4]_i_7[1]
                         CARRY4 (Prop_carry4_S[1]_CO[3])
                                                      0.533    13.371 r  u_cpu/dut_alu/result0_carry__0/CO[3]
                         net (fo=1, unplaced)         0.000    13.371    u_cpu/dut_alu/result0_carry__0_n_0
                         CARRY4 (Prop_carry4_CI_CO[3])
                                                      0.117    13.488 r  u_cpu/dut_alu/result0_carry__1/CO[3]
                         net (fo=1, unplaced)         0.000    13.488    u_cpu/dut_alu/result0_carry__1_n_0
                         CARRY4 (Prop_carry4_CI_CO[3])
                                                      0.117    13.605 r  u_cpu/dut_alu/result0_carry__2/CO[3]
                         net (fo=1, unplaced)         0.000    13.605    u_cpu/dut_alu/result0_carry__2_n_0
                         CARRY4 (Prop_carry4_CI_O[1])
                                                      0.337    13.942 r  u_cpu/dut_alu/result0_carry__3/O[1]
                         net (fo=1, unplaced)         0.611    14.553    u_cpu/dut_alu/data0[17]
                         LUT4 (Prop_lut4_I0_O)        0.306    14.859 r  u_cpu/dut_alu/mem_addr_q[17]_i_11/O
                         net (fo=1, unplaced)         0.449    15.308    u_cpu/dut_pc/mem_addr_q[17]_i_2_0
                         LUT6 (Prop_lut6_I5_O)        0.124    15.432 r  u_cpu/dut_pc/mem_addr_q[17]_i_6/O
                         net (fo=1, unplaced)         0.449    15.881    u_cpu/dut_pc/mem_addr_q[17]_i_6_n_0
                         LUT6 (Prop_lut6_I5_O)        0.124    16.005 r  u_cpu/dut_pc/mem_addr_q[17]_i_2/O
                         net (fo=5, unplaced)         0.447    16.452    u_cpu/dut_pc/cpu_mem_addr[17]
                         LUT4 (Prop_lut4_I0_O)        0.150    16.602 f  u_cpu/dut_pc/refill_word_q[1]_i_11/O
                         net (fo=1, unplaced)         0.449    17.051    u_cpu/dut_pc/refill_word_q[1]_i_11_n_0
                         LUT5 (Prop_lut5_I4_O)        0.124    17.175 f  u_cpu/dut_pc/refill_word_q[1]_i_7/O
                         net (fo=1, unplaced)         0.665    17.840    u_cpu/dut_pc/refill_word_q[1]_i_7_n_0
                         LUT5 (Prop_lut5_I2_O)        0.124    17.964 f  u_cpu/dut_pc/refill_word_q[1]_i_4/O
                         net (fo=165, unplaced)       0.561    18.525    u_l1_icache/icache_invalidate
                         LUT5 (Prop_lut5_I0_O)        0.124    18.649 r  u_l1_icache/tag_array_reg_0_31_0_5_i_1/O
                         net (fo=32, unplaced)        0.404    19.053    u_l1_icache/tag_array_reg_0_31_18_22/WE
                         RAMD32                                       r  u_l1_icache/tag_array_reg_0_31_18_22/RAMB/WE
  -------------------------------------------------------------------    -------------------

                         (clock CLK rise edge)       20.000    20.000 r  
                                                      0.000    20.000 r  clk (IN)
                         net (fo=0)                   0.000    20.000    clk
                         IBUF (Prop_ibuf_I_O)         0.838    20.838 r  clk_IBUF_inst/O
                         net (fo=1, unplaced)         0.763    21.600    clk_IBUF
                         BUFG (Prop_bufg_I_O)         0.091    21.691 r  clk_IBUF_BUFG_inst/O
                         net (fo=11258, unplaced)     0.439    22.130    u_l1_icache/tag_array_reg_0_31_18_22/WCLK
                         RAMD32                                       r  u_l1_icache/tag_array_reg_0_31_18_22/RAMB/CLK
                         clock pessimism              0.179    22.309    
                         clock uncertainty           -0.335    21.974    
                         RAMD32 (Setup_ramd32_CLK_WE)
                                                     -0.528    21.446    u_l1_icache/tag_array_reg_0_31_18_22/RAMB
  -------------------------------------------------------------------
                         required time                         21.446    
                         arrival time                         -19.053    
  -------------------------------------------------------------------
                         slack                                  2.393    

Slack (MET) :             2.393ns  (required time - arrival time)
  Source:                 u_cpu/dut_pc/pc_reg[4]_rep__8/C
                            (rising edge-triggered cell FDRE clocked by CLK  {rise@0.000ns fall@10.000ns period=20.000ns})
  Destination:            u_l1_icache/tag_array_reg_0_31_18_22/RAMB_D1/WE
                            (rising edge-triggered cell RAMD32 clocked by CLK  {rise@0.000ns fall@10.000ns period=20.000ns})
  Path Group:             CLK
  Path Type:              Setup (Max at Slow Process Corner)
  Requirement:            20.000ns  (CLK rise@20.000ns - CLK rise@0.000ns)
  Data Path Delay:        16.599ns  (logic 4.740ns (28.556%)  route 11.859ns (71.444%))
  Logic Levels:           23  (CARRY4=6 LUT2=1 LUT4=3 LUT5=5 LUT6=7 RAMD32=1)
  Clock Path Skew:        -0.145ns (DCD - SCD + CPR)
    Destination Clock Delay (DCD):    2.130ns = ( 22.130 - 20.000 ) 
    Source Clock Delay      (SCD):    2.454ns
    Clock Pessimism Removal (CPR):    0.179ns
  Clock Uncertainty:      0.335ns  ((TSJ^2 + TIJ^2)^1/2 + DJ) / 2 + PE + UU
    Total System Jitter     (TSJ):    0.071ns
    Total Input Jitter      (TIJ):    0.000ns
    Discrete Jitter          (DJ):    0.000ns
    Phase Error              (PE):    0.000ns
    User Uncertainty         (UU):    0.300ns

    Location             Delay type                Incr(ns)  Path(ns)    Netlist Resource(s)
  -------------------------------------------------------------------    -------------------
                         (clock CLK rise edge)        0.000     0.000 r  
                                                      0.000     0.000 r  clk (IN)
                         net (fo=0)                   0.000     0.000    clk
                         IBUF (Prop_ibuf_I_O)         0.971     0.971 r  clk_IBUF_inst/O
                         net (fo=1, unplaced)         0.803     1.774    clk_IBUF
                         BUFG (Prop_bufg_I_O)         0.096     1.870 r  clk_IBUF_BUFG_inst/O
                         net (fo=11258, unplaced)     0.584     2.454    u_cpu/dut_pc/clk_IBUF_BUFG
                         FDRE                                         r  u_cpu/dut_pc/pc_reg[4]_rep__8/C
  -------------------------------------------------------------------    -------------------
                         FDRE (Prop_fdre_C_Q)         0.478     2.932 r  u_cpu/dut_pc/pc_reg[4]_rep__8/Q
                         net (fo=130, unplaced)       1.071     4.003    u_l1_icache/tag_array_reg_0_31_0_5/ADDRC0
                         RAMD32 (Prop_ramd32_RADR0_O)
                                                      0.324     4.327 r  u_l1_icache/tag_array_reg_0_31_0_5/RAMC/O
                         net (fo=1, unplaced)         0.941     5.268    u_cpu/dut_pc/lookup_hit1[4]
                         LUT6 (Prop_lut6_I1_O)        0.124     5.392 r  u_cpu/dut_pc/cpu_stall_debug_OBUF_inst_i_38/O
                         net (fo=1, unplaced)         0.000     5.392    u_cpu/dut_pc/cpu_stall_debug_OBUF_inst_i_38_n_0
                         CARRY4 (Prop_carry4_S[1]_CO[3])
                                                      0.533     5.925 r  u_cpu/dut_pc/cpu_stall_debug_OBUF_inst_i_23/CO[3]
                         net (fo=1, unplaced)         0.000     5.925    u_cpu/dut_pc/cpu_stall_debug_OBUF_inst_i_23_n_0
                         CARRY4 (Prop_carry4_CI_CO[3])
                                                      0.117     6.042 r  u_cpu/dut_pc/cpu_stall_debug_OBUF_inst_i_7/CO[3]
                         net (fo=4, unplaced)         0.772     6.814    u_cpu/dut_pc/u_l1_icache/lookup_hit0
                         LUT5 (Prop_lut5_I4_O)        0.124     6.938 r  u_cpu/dut_pc/cpu_stall_debug_OBUF_inst_i_2/O
                         net (fo=49, unplaced)        0.814     7.752    u_cpu/dut_pc/state_q_reg_1
                         LUT6 (Prop_lut6_I1_O)        0.124     7.876 r  u_cpu/dut_pc/instr_debug[3]_i_1/O
                         net (fo=11, unplaced)        0.778     8.654    u_cpu/dut_pc/state_q_reg_3
                         LUT6 (Prop_lut6_I3_O)        0.124     8.778 f  u_cpu/dut_pc/FSM_onehot_current_state[4]_i_6/O
                         net (fo=6, unplaced)         0.973     9.751    u_cpu/dut_pc/FSM_onehot_current_state[4]_i_6_n_0
                         LUT6 (Prop_lut6_I0_O)        0.124     9.875 f  u_cpu/dut_pc/pc_target1_carry_i_11/O
                         net (fo=38, unplaced)        1.016    10.891    u_cpu/dut_pc/imm_sel[1]
                         LUT6 (Prop_lut6_I0_O)        0.124    11.015 r  u_cpu/dut_pc/pc_target1_carry__0_i_10/O
                         net (fo=12, unplaced)        0.497    11.512    u_cpu/dut_pc/pc_target1_carry__0_i_10_n_0
                         LUT5 (Prop_lut5_I3_O)        0.124    11.636 r  u_cpu/dut_pc/pc_target1_carry__0_i_13/O
                         net (fo=6, unplaced)         0.481    12.117    u_cpu/dut_pc/imm_ext[5]
                         LUT4 (Prop_lut4_I3_O)        0.116    12.233 r  u_cpu/dut_pc/result0_carry__0_i_11/O
                         net (fo=6, unplaced)         0.481    12.714    u_cpu/dut_pc/src_b[5]
                         LUT2 (Prop_lut2_I1_O)        0.124    12.838 r  u_cpu/dut_pc/result0_carry__0_i_7/O
                         net (fo=1, unplaced)         0.000    12.838    u_cpu/dut_alu/mem_addr_q[4]_i_7[1]
                         CARRY4 (Prop_carry4_S[1]_CO[3])
                                                      0.533    13.371 r  u_cpu/dut_alu/result0_carry__0/CO[3]
                         net (fo=1, unplaced)         0.000    13.371    u_cpu/dut_alu/result0_carry__0_n_0
                         CARRY4 (Prop_carry4_CI_CO[3])
                                                      0.117    13.488 r  u_cpu/dut_alu/result0_carry__1/CO[3]
                         net (fo=1, unplaced)         0.000    13.488    u_cpu/dut_alu/result0_carry__1_n_0
                         CARRY4 (Prop_carry4_CI_CO[3])
                                                      0.117    13.605 r  u_cpu/dut_alu/result0_carry__2/CO[3]
                         net (fo=1, unplaced)         0.000    13.605    u_cpu/dut_alu/result0_carry__2_n_0
                         CARRY4 (Prop_carry4_CI_O[1])
                                                      0.337    13.942 r  u_cpu/dut_alu/result0_carry__3/O[1]
                         net (fo=1, unplaced)         0.611    14.553    u_cpu/dut_alu/data0[17]
                         LUT4 (Prop_lut4_I0_O)        0.306    14.859 r  u_cpu/dut_alu/mem_addr_q[17]_i_11/O
                         net (fo=1, unplaced)         0.449    15.308    u_cpu/dut_pc/mem_addr_q[17]_i_2_0
                         LUT6 (Prop_lut6_I5_O)        0.124    15.432 r  u_cpu/dut_pc/mem_addr_q[17]_i_6/O
                         net (fo=1, unplaced)         0.449    15.881    u_cpu/dut_pc/mem_addr_q[17]_i_6_n_0
                         LUT6 (Prop_lut6_I5_O)        0.124    16.005 r  u_cpu/dut_pc/mem_addr_q[17]_i_2/O
                         net (fo=5, unplaced)         0.447    16.452    u_cpu/dut_pc/cpu_mem_addr[17]
                         LUT4 (Prop_lut4_I0_O)        0.150    16.602 f  u_cpu/dut_pc/refill_word_q[1]_i_11/O
                         net (fo=1, unplaced)         0.449    17.051    u_cpu/dut_pc/refill_word_q[1]_i_11_n_0
                         LUT5 (Prop_lut5_I4_O)        0.124    17.175 f  u_cpu/dut_pc/refill_word_q[1]_i_7/O
                         net (fo=1, unplaced)         0.665    17.840    u_cpu/dut_pc/refill_word_q[1]_i_7_n_0
                         LUT5 (Prop_lut5_I2_O)        0.124    17.964 f  u_cpu/dut_pc/refill_word_q[1]_i_4/O
                         net (fo=165, unplaced)       0.561    18.525    u_l1_icache/icache_invalidate
                         LUT5 (Prop_lut5_I0_O)        0.124    18.649 r  u_l1_icache/tag_array_reg_0_31_0_5_i_1/O
                         net (fo=32, unplaced)        0.404    19.053    u_l1_icache/tag_array_reg_0_31_18_22/WE
                         RAMD32                                       r  u_l1_icache/tag_array_reg_0_31_18_22/RAMB_D1/WE
  -------------------------------------------------------------------    -------------------

                         (clock CLK rise edge)       20.000    20.000 r  
                                                      0.000    20.000 r  clk (IN)
                         net (fo=0)                   0.000    20.000    clk
                         IBUF (Prop_ibuf_I_O)         0.838    20.838 r  clk_IBUF_inst/O
                         net (fo=1, unplaced)         0.763    21.600    clk_IBUF
                         BUFG (Prop_bufg_I_O)         0.091    21.691 r  clk_IBUF_BUFG_inst/O
                         net (fo=11258, unplaced)     0.439    22.130    u_l1_icache/tag_array_reg_0_31_18_22/WCLK
                         RAMD32                                       r  u_l1_icache/tag_array_reg_0_31_18_22/RAMB_D1/CLK
                         clock pessimism              0.179    22.309    
                         clock uncertainty           -0.335    21.974    
                         RAMD32 (Setup_ramd32_CLK_WE)
                                                     -0.528    21.446    u_l1_icache/tag_array_reg_0_31_18_22/RAMB_D1
  -------------------------------------------------------------------
                         required time                         21.446    
                         arrival time                         -19.053    
  -------------------------------------------------------------------
                         slack                                  2.393    





Pulse Width Checks
--------------------------------------------------------------------------------------
Clock Name:         CLK
Waveform(ns):       { 0.000 10.000 }
Period(ns):         20.000
Sources:            { clk }

Check Type        Corner  Lib Pin     Reference Pin  Required(ns)  Actual(ns)  Slack(ns)  Location  Pin
Min Period        n/a     BUFG/I      n/a            2.155         20.000      17.845               clk_IBUF_BUFG_inst/I
Min Period        n/a     FDRE/C      n/a            1.000         20.000      19.000               u_aes_slave/aes_valid_in_q_reg/C
Min Period        n/a     FDRE/C      n/a            1.000         20.000      19.000               u_aes_slave/aw_hold_q_reg/C
Min Period        n/a     FDRE/C      n/a            1.000         20.000      19.000               u_aes_slave/awaddr_q_reg[10]/C
Min Period        n/a     FDRE/C      n/a            1.000         20.000      19.000               u_aes_slave/awaddr_q_reg[11]/C
Min Period        n/a     FDRE/C      n/a            1.000         20.000      19.000               u_aes_slave/awaddr_q_reg[2]/C
Min Period        n/a     FDRE/C      n/a            1.000         20.000      19.000               u_aes_slave/awaddr_q_reg[3]/C
Min Period        n/a     FDRE/C      n/a            1.000         20.000      19.000               u_aes_slave/awaddr_q_reg[4]/C
Min Period        n/a     FDRE/C      n/a            1.000         20.000      19.000               u_aes_slave/awaddr_q_reg[5]/C
Min Period        n/a     FDRE/C      n/a            1.000         20.000      19.000               u_aes_slave/awaddr_q_reg[6]/C
Min Period        n/a     FDRE/C      n/a            1.000         20.000      19.000               u_aes_slave/awaddr_q_reg[7]/C
Min Period        n/a     FDRE/C      n/a            1.000         20.000      19.000               u_aes_slave/awaddr_q_reg[8]/C
Min Period        n/a     FDRE/C      n/a            1.000         20.000      19.000               u_aes_slave/awaddr_q_reg[9]/C
Min Period        n/a     FDRE/C      n/a            1.000         20.000      19.000               u_aes_slave/awsize_q_reg[1]/C
Min Period        n/a     FDRE/C      n/a            1.000         20.000      19.000               u_aes_slave/busy_q_reg/C
Min Period        n/a     FDRE/C      n/a            1.000         20.000      19.000               u_aes_slave/bvalid_q_reg/C
Min Period        n/a     FDRE/C      n/a            1.000         20.000      19.000               u_aes_slave/ct_q_reg[0][0]/C
Min Period        n/a     FDRE/C      n/a            1.000         20.000      19.000               u_aes_slave/ct_q_reg[0][10]/C
Min Period        n/a     FDRE/C      n/a            1.000         20.000      19.000               u_aes_slave/ct_q_reg[0][11]/C
Min Period        n/a     FDRE/C      n/a            1.000         20.000      19.000               u_aes_slave/ct_q_reg[0][12]/C
Low Pulse Width   Slow    RAMD32/CLK  n/a            1.250         10.000      8.750                u_cpu/dut_register_file/registers_reg_r1_0_31_0_5/RAMA/CLK
Low Pulse Width   Fast    RAMD32/CLK  n/a            1.250         10.000      8.750                u_cpu/dut_register_file/registers_reg_r1_0_31_0_5/RAMA/CLK
Low Pulse Width   Slow    RAMD32/CLK  n/a            1.250         10.000      8.750                u_cpu/dut_register_file/registers_reg_r1_0_31_0_5/RAMA_D1/CLK
Low Pulse Width   Fast    RAMD32/CLK  n/a            1.250         10.000      8.750                u_cpu/dut_register_file/registers_reg_r1_0_31_0_5/RAMA_D1/CLK
Low Pulse Width   Slow    RAMD32/CLK  n/a            1.250         10.000      8.750                u_cpu/dut_register_file/registers_reg_r1_0_31_0_5/RAMB/CLK
Low Pulse Width   Fast    RAMD32/CLK  n/a            1.250         10.000      8.750                u_cpu/dut_register_file/registers_reg_r1_0_31_0_5/RAMB/CLK
Low Pulse Width   Slow    RAMD32/CLK  n/a            1.250         10.000      8.750                u_cpu/dut_register_file/registers_reg_r1_0_31_0_5/RAMB_D1/CLK
Low Pulse Width   Fast    RAMD32/CLK  n/a            1.250         10.000      8.750                u_cpu/dut_register_file/registers_reg_r1_0_31_0_5/RAMB_D1/CLK
Low Pulse Width   Slow    RAMD32/CLK  n/a            1.250         10.000      8.750                u_cpu/dut_register_file/registers_reg_r1_0_31_0_5/RAMC/CLK
Low Pulse Width   Fast    RAMD32/CLK  n/a            1.250         10.000      8.750                u_cpu/dut_register_file/registers_reg_r1_0_31_0_5/RAMC/CLK
Low Pulse Width   Slow    RAMD32/CLK  n/a            1.250         10.000      8.750                u_cpu/dut_register_file/registers_reg_r1_0_31_0_5/RAMC_D1/CLK
Low Pulse Width   Fast    RAMD32/CLK  n/a            1.250         10.000      8.750                u_cpu/dut_register_file/registers_reg_r1_0_31_0_5/RAMC_D1/CLK
Low Pulse Width   Slow    RAMS32/CLK  n/a            1.250         10.000      8.750                u_cpu/dut_register_file/registers_reg_r1_0_31_0_5/RAMD/CLK
Low Pulse Width   Fast    RAMS32/CLK  n/a            1.250         10.000      8.750                u_cpu/dut_register_file/registers_reg_r1_0_31_0_5/RAMD/CLK
Low Pulse Width   Slow    RAMS32/CLK  n/a            1.250         10.000      8.750                u_cpu/dut_register_file/registers_reg_r1_0_31_0_5/RAMD_D1/CLK
Low Pulse Width   Fast    RAMS32/CLK  n/a            1.250         10.000      8.750                u_cpu/dut_register_file/registers_reg_r1_0_31_0_5/RAMD_D1/CLK
Low Pulse Width   Slow    RAMD32/CLK  n/a            1.250         10.000      8.750                u_cpu/dut_register_file/registers_reg_r1_0_31_12_17/RAMA/CLK
Low Pulse Width   Fast    RAMD32/CLK  n/a            1.250         10.000      8.750                u_cpu/dut_register_file/registers_reg_r1_0_31_12_17/RAMA/CLK
Low Pulse Width   Slow    RAMD32/CLK  n/a            1.250         10.000      8.750                u_cpu/dut_register_file/registers_reg_r1_0_31_12_17/RAMA_D1/CLK
Low Pulse Width   Fast    RAMD32/CLK  n/a            1.250         10.000      8.750                u_cpu/dut_register_file/registers_reg_r1_0_31_12_17/RAMA_D1/CLK
High Pulse Width  Slow    RAMD32/CLK  n/a            1.250         10.000      8.750                u_cpu/dut_register_file/registers_reg_r1_0_31_0_5/RAMA/CLK
High Pulse Width  Fast    RAMD32/CLK  n/a            1.250         10.000      8.750                u_cpu/dut_register_file/registers_reg_r1_0_31_0_5/RAMA/CLK
High Pulse Width  Slow    RAMD32/CLK  n/a            1.250         10.000      8.750                u_cpu/dut_register_file/registers_reg_r1_0_31_0_5/RAMA_D1/CLK
High Pulse Width  Fast    RAMD32/CLK  n/a            1.250         10.000      8.750                u_cpu/dut_register_file/registers_reg_r1_0_31_0_5/RAMA_D1/CLK
High Pulse Width  Slow    RAMD32/CLK  n/a            1.250         10.000      8.750                u_cpu/dut_register_file/registers_reg_r1_0_31_0_5/RAMB/CLK
High Pulse Width  Fast    RAMD32/CLK  n/a            1.250         10.000      8.750                u_cpu/dut_register_file/registers_reg_r1_0_31_0_5/RAMB/CLK
High Pulse Width  Slow    RAMD32/CLK  n/a            1.250         10.000      8.750                u_cpu/dut_register_file/registers_reg_r1_0_31_0_5/RAMB_D1/CLK
High Pulse Width  Fast    RAMD32/CLK  n/a            1.250         10.000      8.750                u_cpu/dut_register_file/registers_reg_r1_0_31_0_5/RAMB_D1/CLK
High Pulse Width  Slow    RAMD32/CLK  n/a            1.250         10.000      8.750                u_cpu/dut_register_file/registers_reg_r1_0_31_0_5/RAMC/CLK
High Pulse Width  Fast    RAMD32/CLK  n/a            1.250         10.000      8.750                u_cpu/dut_register_file/registers_reg_r1_0_31_0_5/RAMC/CLK
High Pulse Width  Slow    RAMD32/CLK  n/a            1.250         10.000      8.750                u_cpu/dut_register_file/registers_reg_r1_0_31_0_5/RAMC_D1/CLK
High Pulse Width  Fast    RAMD32/CLK  n/a            1.250         10.000      8.750                u_cpu/dut_register_file/registers_reg_r1_0_31_0_5/RAMC_D1/CLK
High Pulse Width  Slow    RAMS32/CLK  n/a            1.250         10.000      8.750                u_cpu/dut_register_file/registers_reg_r1_0_31_0_5/RAMD/CLK
High Pulse Width  Fast    RAMS32/CLK  n/a            1.250         10.000      8.750                u_cpu/dut_register_file/registers_reg_r1_0_31_0_5/RAMD/CLK
High Pulse Width  Slow    RAMS32/CLK  n/a            1.250         10.000      8.750                u_cpu/dut_register_file/registers_reg_r1_0_31_0_5/RAMD_D1/CLK
High Pulse Width  Fast    RAMS32/CLK  n/a            1.250         10.000      8.750                u_cpu/dut_register_file/registers_reg_r1_0_31_0_5/RAMD_D1/CLK
High Pulse Width  Slow    RAMD32/CLK  n/a            1.250         10.000      8.750                u_cpu/dut_register_file/registers_reg_r1_0_31_12_17/RAMA/CLK
High Pulse Width  Fast    RAMD32/CLK  n/a            1.250         10.000      8.750                u_cpu/dut_register_file/registers_reg_r1_0_31_12_17/RAMA/CLK
High Pulse Width  Slow    RAMD32/CLK  n/a            1.250         10.000      8.750                u_cpu/dut_register_file/registers_reg_r1_0_31_12_17/RAMA_D1/CLK
High Pulse Width  Fast    RAMD32/CLK  n/a            1.250         10.000      8.750                u_cpu/dut_register_file/registers_reg_r1_0_31_12_17/RAMA_D1/CLK



--------------------------------------------------------------------------------------
Path Group:  (none)
From Clock:  
  To Clock:  

Max Delay             1 Endpoint
Min Delay             0 Endpoints
--------------------------------------------------------------------------------------


Max Delay Paths
--------------------------------------------------------------------------------------
Slack:                    inf
  Source:                 rstn
                            (input port)
  Destination:            cpu_stall_debug
                            (output port)
  Path Group:             (none)
  Path Type:              Max at Slow Process Corner
  Data Path Delay:        12.742ns  (logic 4.985ns (39.126%)  route 7.757ns (60.874%))
  Logic Levels:           13  (IBUF=1 LUT3=1 LUT4=3 LUT5=1 LUT6=6 OBUF=1)
  Timing Exception:       False Path

    Location             Delay type                Incr(ns)  Path(ns)    Netlist Resource(s)
  -------------------------------------------------------------------    -------------------
                                                      0.000     0.000 f  rstn (IN)
                         net (fo=0)                   0.000     0.000    rstn
                         IBUF (Prop_ibuf_I_O)         0.971     0.971 f  rstn_IBUF_inst/O
                         net (fo=198, unplaced)       0.803     1.774    u_cpu/dut_pc/rstn_IBUF
                         LUT6 (Prop_lut6_I5_O)        0.124     1.898 f  u_cpu/dut_pc/cpu_stall_debug_OBUF_inst_i_17/O
                         net (fo=2, unplaced)         0.975     2.873    u_cpu/dut_pc/cpu_stall_debug_OBUF_inst_i_17_n_0
                         LUT6 (Prop_lut6_I0_O)        0.124     2.997 f  u_cpu/dut_pc/instruction_hold_q[31]_i_4/O
                         net (fo=40, unplaced)        0.526     3.523    u_cpu/dut_pc/instruction_hold_q[31]_i_4_n_0
                         LUT3 (Prop_lut3_I2_O)        0.116     3.639 f  u_cpu/dut_pc/instruction_hold_q[2]_i_3/O
                         net (fo=1, unplaced)         0.941     4.580    u_cpu/dut_pc/instruction_hold_q[2]_i_3_n_0
                         LUT6 (Prop_lut6_I1_O)        0.124     4.704 f  u_cpu/dut_pc/instruction_hold_q[2]_i_1/O
                         net (fo=3, unplaced)         0.467     5.171    u_cpu/dut_pc/pc_reg[6]_rep__3_13[2]
                         LUT4 (Prop_lut4_I0_O)        0.124     5.295 f  u_cpu/dut_pc/instr_debug[2]_i_1/O
                         net (fo=17, unplaced)        0.788     6.083    u_cpu/dut_pc/instruction_hold_valid_q_reg_1
                         LUT4 (Prop_lut4_I0_O)        0.148     6.231 r  u_cpu/dut_pc/cpu_stall_debug_OBUF_inst_i_18/O
                         net (fo=5, unplaced)         0.477     6.708    u_cpu/dut_pc/mem_read
                         LUT5 (Prop_lut5_I2_O)        0.124     6.832 r  u_cpu/dut_pc/FSM_onehot_current_state[4]_i_4/O
                         net (fo=75, unplaced)        0.541     7.373    u_cpu/dut_pc/u_cpu_axi_arbiter/select_data__0
                         LUT4 (Prop_lut4_I1_O)        0.124     7.497 r  u_cpu/dut_pc/FSM_onehot_current_state[4]_i_5/O
                         net (fo=5, unplaced)         0.477     7.974    u_cpu/dut_pc/axi_req_read
                         LUT6 (Prop_lut6_I3_O)        0.124     8.098 r  u_cpu/dut_pc/FSM_sequential_owner_q[1]_i_2/O
                         net (fo=10, unplaced)        0.492     8.590    u_cpu/dut_pc/FSM_onehot_current_state_reg[0]
                         LUT6 (Prop_lut6_I3_O)        0.124     8.714 r  u_cpu/dut_pc/cpu_stall_debug_OBUF_inst_i_5/O
                         net (fo=3, unplaced)         0.467     9.181    u_cpu/dut_pc/cpu_mem_stall
                         LUT6 (Prop_lut6_I5_O)        0.124     9.305 r  u_cpu/dut_pc/cpu_stall_debug_OBUF_inst_i_1/O
                         net (fo=1, unplaced)         0.803    10.108    cpu_stall_debug_OBUF
                         OBUF (Prop_obuf_I_O)         2.634    12.742 r  cpu_stall_debug_OBUF_inst/O
                         net (fo=0)                   0.000    12.742    cpu_stall_debug
                                                                      r  cpu_stall_debug (OUT)
  -------------------------------------------------------------------    -------------------





--------------------------------------------------------------------------------------
Path Group:  (none)
From Clock:  
  To Clock:  CLK

Max Delay         11873 Endpoints
Min Delay             0 Endpoints
--------------------------------------------------------------------------------------


Max Delay Paths
--------------------------------------------------------------------------------------
Slack:                    inf
  Source:                 rstn
                            (input port)
  Destination:            u_cpu/dut_pc/pc_reg[0]/D
                            (rising edge-triggered cell FDRE clocked by CLK  {rise@0.000ns fall@10.000ns period=20.000ns})
  Path Group:             (none)
  Path Type:              Setup (Max at Slow Process Corner)
  Data Path Delay:        16.061ns  (logic 4.474ns (27.858%)  route 11.587ns (72.142%))
  Logic Levels:           23  (CARRY4=5 IBUF=1 LUT2=1 LUT3=1 LUT4=2 LUT5=1 LUT6=12)
  Clock Path Skew:        2.130ns (DCD - SCD + CPR)
    Destination Clock Delay (DCD):    2.130ns
    Source Clock Delay      (SCD):    0.000ns
    Clock Pessimism Removal (CPR):    0.000ns
  Clock Uncertainty:      0.325ns  ((TSJ^2 + TIJ^2)^1/2 + DJ) / 2 + PE + UU
    Total System Jitter     (TSJ):    0.050ns
    Total Input Jitter      (TIJ):    0.000ns
    Discrete Jitter          (DJ):    0.000ns
    Phase Error              (PE):    0.000ns
    User Uncertainty         (UU):    0.300ns
  Timing Exception:       False Path

    Location             Delay type                Incr(ns)  Path(ns)    Netlist Resource(s)
  -------------------------------------------------------------------    -------------------
                                                      0.000     0.000 r  rstn (IN)
                         net (fo=0)                   0.000     0.000    rstn
                         IBUF (Prop_ibuf_I_O)         0.971     0.971 r  rstn_IBUF_inst/O
                         net (fo=198, unplaced)       0.803     1.774    u_cpu/dut_pc/rstn_IBUF
                         LUT6 (Prop_lut6_I5_O)        0.124     1.898 r  u_cpu/dut_pc/cpu_stall_debug_OBUF_inst_i_17/O
                         net (fo=2, unplaced)         0.975     2.873    u_cpu/dut_pc/cpu_stall_debug_OBUF_inst_i_17_n_0
                         LUT6 (Prop_lut6_I0_O)        0.124     2.997 r  u_cpu/dut_pc/instruction_hold_q[31]_i_4/O
                         net (fo=40, unplaced)        0.526     3.523    u_cpu/dut_pc/instruction_hold_q[31]_i_4_n_0
                         LUT6 (Prop_lut6_I0_O)        0.124     3.647 r  u_cpu/dut_pc/instruction_hold_q[6]_i_4/O
                         net (fo=1, unplaced)         0.941     4.588    u_cpu/dut_pc/instruction_hold_q[6]_i_4_n_0
                         LUT6 (Prop_lut6_I4_O)        0.124     4.712 r  u_cpu/dut_pc/instruction_hold_q[6]_i_1/O
                         net (fo=5, unplaced)         0.693     5.405    u_cpu/dut_pc/pc_reg[6]_rep__3_13[6]
                         LUT6 (Prop_lut6_I0_O)        0.124     5.529 f  u_cpu/dut_pc/FSM_onehot_current_state[4]_i_6/O
                         net (fo=6, unplaced)         0.973     6.502    u_cpu/dut_pc/FSM_onehot_current_state[4]_i_6_n_0
                         LUT6 (Prop_lut6_I0_O)        0.124     6.626 f  u_cpu/dut_pc/pc_target1_carry_i_11/O
                         net (fo=38, unplaced)        1.016     7.642    u_cpu/dut_pc/imm_sel[1]
                         LUT6 (Prop_lut6_I0_O)        0.124     7.766 r  u_cpu/dut_pc/pc_target1_carry__0_i_10/O
                         net (fo=12, unplaced)        0.497     8.263    u_cpu/dut_pc/pc_target1_carry__0_i_10_n_0
                         LUT5 (Prop_lut5_I3_O)        0.124     8.387 r  u_cpu/dut_pc/pc_target1_carry__0_i_13/O
                         net (fo=6, unplaced)         0.481     8.868    u_cpu/dut_pc/imm_ext[5]
                         LUT4 (Prop_lut4_I3_O)        0.116     8.984 r  u_cpu/dut_pc/result0_carry__0_i_11/O
                         net (fo=6, unplaced)         0.481     9.465    u_cpu/dut_pc/src_b[5]
                         LUT2 (Prop_lut2_I1_O)        0.124     9.589 r  u_cpu/dut_pc/result0_carry__0_i_7/O
                         net (fo=1, unplaced)         0.000     9.589    u_cpu/dut_alu/mem_addr_q[4]_i_7[1]
                         CARRY4 (Prop_carry4_S[1]_CO[3])
                                                      0.533    10.122 r  u_cpu/dut_alu/result0_carry__0/CO[3]
                         net (fo=1, unplaced)         0.000    10.122    u_cpu/dut_alu/result0_carry__0_n_0
                         CARRY4 (Prop_carry4_CI_CO[3])
                                                      0.117    10.239 r  u_cpu/dut_alu/result0_carry__1/CO[3]
                         net (fo=1, unplaced)         0.000    10.239    u_cpu/dut_alu/result0_carry__1_n_0
                         CARRY4 (Prop_carry4_CI_CO[3])
                                                      0.117    10.356 r  u_cpu/dut_alu/result0_carry__2/CO[3]
                         net (fo=1, unplaced)         0.000    10.356    u_cpu/dut_alu/result0_carry__2_n_0
                         CARRY4 (Prop_carry4_CI_CO[3])
                                                      0.117    10.473 r  u_cpu/dut_alu/result0_carry__3/CO[3]
                         net (fo=1, unplaced)         0.000    10.473    u_cpu/dut_alu/result0_carry__3_n_0
                         CARRY4 (Prop_carry4_CI_O[1])
                                                      0.337    10.810 f  u_cpu/dut_alu/result0_carry__4/O[1]
                         net (fo=1, unplaced)         0.611    11.421    u_cpu/dut_alu/data0[21]
                         LUT4 (Prop_lut4_I0_O)        0.306    11.727 f  u_cpu/dut_alu/mem_addr_q[21]_i_12/O
                         net (fo=1, unplaced)         0.449    12.176    u_cpu/dut_pc/mem_addr_q[21]_i_2_0
                         LUT6 (Prop_lut6_I5_O)        0.124    12.300 f  u_cpu/dut_pc/mem_addr_q[21]_i_6/O
                         net (fo=1, unplaced)         0.449    12.749    u_cpu/dut_pc/mem_addr_q[21]_i_6_n_0
                         LUT6 (Prop_lut6_I5_O)        0.124    12.873 f  u_cpu/dut_pc/mem_addr_q[21]_i_2/O
                         net (fo=4, unplaced)         0.756    13.629    u_cpu/dut_pc/cpu_mem_addr[21]
                         LUT3 (Prop_lut3_I0_O)        0.124    13.753 r  u_cpu/dut_pc/pc[31]_i_17/O
                         net (fo=1, unplaced)         0.941    14.694    u_cpu/dut_pc/pc[31]_i_17_n_0
                         LUT6 (Prop_lut6_I2_O)        0.124    14.818 r  u_cpu/dut_pc/pc[31]_i_10/O
                         net (fo=2, unplaced)         0.460    15.278    u_cpu/dut_pc/pc[31]_i_10_n_0
                         LUT6 (Prop_lut6_I0_O)        0.124    15.402 r  u_cpu/dut_pc/pc[31]_i_5/O
                         net (fo=59, unplaced)        0.535    15.937    u_cpu/dut_pc/pc[31]_i_5_n_0
                         LUT6 (Prop_lut6_I3_O)        0.124    16.061 r  u_cpu/dut_pc/pc[0]_i_1/O
                         net (fo=1, unplaced)         0.000    16.061    u_cpu/dut_pc/pc_next[0]
                         FDRE                                         r  u_cpu/dut_pc/pc_reg[0]/D
  -------------------------------------------------------------------    -------------------

                         (clock CLK rise edge)        0.000     0.000 r  
                                                      0.000     0.000 r  clk (IN)
                         net (fo=0)                   0.000     0.000    clk
                         IBUF (Prop_ibuf_I_O)         0.838     0.838 r  clk_IBUF_inst/O
                         net (fo=1, unplaced)         0.763     1.600    clk_IBUF
                         BUFG (Prop_bufg_I_O)         0.091     1.691 r  clk_IBUF_BUFG_inst/O
                         net (fo=11258, unplaced)     0.439     2.130    u_cpu/dut_pc/clk_IBUF_BUFG
                         FDRE                                         r  u_cpu/dut_pc/pc_reg[0]/C

Slack:                    inf
  Source:                 rstn
                            (input port)
  Destination:            u_cpu/dut_pc/pc_reg[10]/D
                            (rising edge-triggered cell FDRE clocked by CLK  {rise@0.000ns fall@10.000ns period=20.000ns})
  Path Group:             (none)
  Path Type:              Setup (Max at Slow Process Corner)
  Data Path Delay:        16.061ns  (logic 4.474ns (27.858%)  route 11.587ns (72.142%))
  Logic Levels:           23  (CARRY4=5 IBUF=1 LUT2=1 LUT3=1 LUT4=2 LUT5=1 LUT6=12)
  Clock Path Skew:        2.130ns (DCD - SCD + CPR)
    Destination Clock Delay (DCD):    2.130ns
    Source Clock Delay      (SCD):    0.000ns
    Clock Pessimism Removal (CPR):    0.000ns
  Clock Uncertainty:      0.325ns  ((TSJ^2 + TIJ^2)^1/2 + DJ) / 2 + PE + UU
    Total System Jitter     (TSJ):    0.050ns
    Total Input Jitter      (TIJ):    0.000ns
    Discrete Jitter          (DJ):    0.000ns
    Phase Error              (PE):    0.000ns
    User Uncertainty         (UU):    0.300ns
  Timing Exception:       False Path

    Location             Delay type                Incr(ns)  Path(ns)    Netlist Resource(s)
  -------------------------------------------------------------------    -------------------
                                                      0.000     0.000 r  rstn (IN)
                         net (fo=0)                   0.000     0.000    rstn
                         IBUF (Prop_ibuf_I_O)         0.971     0.971 r  rstn_IBUF_inst/O
                         net (fo=198, unplaced)       0.803     1.774    u_cpu/dut_pc/rstn_IBUF
                         LUT6 (Prop_lut6_I5_O)        0.124     1.898 r  u_cpu/dut_pc/cpu_stall_debug_OBUF_inst_i_17/O
                         net (fo=2, unplaced)         0.975     2.873    u_cpu/dut_pc/cpu_stall_debug_OBUF_inst_i_17_n_0
                         LUT6 (Prop_lut6_I0_O)        0.124     2.997 r  u_cpu/dut_pc/instruction_hold_q[31]_i_4/O
                         net (fo=40, unplaced)        0.526     3.523    u_cpu/dut_pc/instruction_hold_q[31]_i_4_n_0
                         LUT6 (Prop_lut6_I0_O)        0.124     3.647 r  u_cpu/dut_pc/instruction_hold_q[6]_i_4/O
                         net (fo=1, unplaced)         0.941     4.588    u_cpu/dut_pc/instruction_hold_q[6]_i_4_n_0
                         LUT6 (Prop_lut6_I4_O)        0.124     4.712 r  u_cpu/dut_pc/instruction_hold_q[6]_i_1/O
                         net (fo=5, unplaced)         0.693     5.405    u_cpu/dut_pc/pc_reg[6]_rep__3_13[6]
                         LUT6 (Prop_lut6_I0_O)        0.124     5.529 f  u_cpu/dut_pc/FSM_onehot_current_state[4]_i_6/O
                         net (fo=6, unplaced)         0.973     6.502    u_cpu/dut_pc/FSM_onehot_current_state[4]_i_6_n_0
                         LUT6 (Prop_lut6_I0_O)        0.124     6.626 f  u_cpu/dut_pc/pc_target1_carry_i_11/O
                         net (fo=38, unplaced)        1.016     7.642    u_cpu/dut_pc/imm_sel[1]
                         LUT6 (Prop_lut6_I0_O)        0.124     7.766 r  u_cpu/dut_pc/pc_target1_carry__0_i_10/O
                         net (fo=12, unplaced)        0.497     8.263    u_cpu/dut_pc/pc_target1_carry__0_i_10_n_0
                         LUT5 (Prop_lut5_I3_O)        0.124     8.387 r  u_cpu/dut_pc/pc_target1_carry__0_i_13/O
                         net (fo=6, unplaced)         0.481     8.868    u_cpu/dut_pc/imm_ext[5]
                         LUT4 (Prop_lut4_I3_O)        0.116     8.984 r  u_cpu/dut_pc/result0_carry__0_i_11/O
                         net (fo=6, unplaced)         0.481     9.465    u_cpu/dut_pc/src_b[5]
                         LUT2 (Prop_lut2_I1_O)        0.124     9.589 r  u_cpu/dut_pc/result0_carry__0_i_7/O
                         net (fo=1, unplaced)         0.000     9.589    u_cpu/dut_alu/mem_addr_q[4]_i_7[1]
                         CARRY4 (Prop_carry4_S[1]_CO[3])
                                                      0.533    10.122 r  u_cpu/dut_alu/result0_carry__0/CO[3]
                         net (fo=1, unplaced)         0.000    10.122    u_cpu/dut_alu/result0_carry__0_n_0
                         CARRY4 (Prop_carry4_CI_CO[3])
                                                      0.117    10.239 r  u_cpu/dut_alu/result0_carry__1/CO[3]
                         net (fo=1, unplaced)         0.000    10.239    u_cpu/dut_alu/result0_carry__1_n_0
                         CARRY4 (Prop_carry4_CI_CO[3])
                                                      0.117    10.356 r  u_cpu/dut_alu/result0_carry__2/CO[3]
                         net (fo=1, unplaced)         0.000    10.356    u_cpu/dut_alu/result0_carry__2_n_0
                         CARRY4 (Prop_carry4_CI_CO[3])
                                                      0.117    10.473 r  u_cpu/dut_alu/result0_carry__3/CO[3]
                         net (fo=1, unplaced)         0.000    10.473    u_cpu/dut_alu/result0_carry__3_n_0
                         CARRY4 (Prop_carry4_CI_O[1])
                                                      0.337    10.810 f  u_cpu/dut_alu/result0_carry__4/O[1]
                         net (fo=1, unplaced)         0.611    11.421    u_cpu/dut_alu/data0[21]
                         LUT4 (Prop_lut4_I0_O)        0.306    11.727 f  u_cpu/dut_alu/mem_addr_q[21]_i_12/O
                         net (fo=1, unplaced)         0.449    12.176    u_cpu/dut_pc/mem_addr_q[21]_i_2_0
                         LUT6 (Prop_lut6_I5_O)        0.124    12.300 f  u_cpu/dut_pc/mem_addr_q[21]_i_6/O
                         net (fo=1, unplaced)         0.449    12.749    u_cpu/dut_pc/mem_addr_q[21]_i_6_n_0
                         LUT6 (Prop_lut6_I5_O)        0.124    12.873 f  u_cpu/dut_pc/mem_addr_q[21]_i_2/O
                         net (fo=4, unplaced)         0.756    13.629    u_cpu/dut_pc/cpu_mem_addr[21]
                         LUT3 (Prop_lut3_I0_O)        0.124    13.753 r  u_cpu/dut_pc/pc[31]_i_17/O
                         net (fo=1, unplaced)         0.941    14.694    u_cpu/dut_pc/pc[31]_i_17_n_0
                         LUT6 (Prop_lut6_I2_O)        0.124    14.818 r  u_cpu/dut_pc/pc[31]_i_10/O
                         net (fo=2, unplaced)         0.460    15.278    u_cpu/dut_pc/pc[31]_i_10_n_0
                         LUT6 (Prop_lut6_I4_O)        0.124    15.402 r  u_cpu/dut_pc/pc[31]_i_7/O
                         net (fo=59, unplaced)        0.535    15.937    u_cpu/dut_pc/pc[31]_i_7_n_0
                         LUT6 (Prop_lut6_I3_O)        0.124    16.061 r  u_cpu/dut_pc/pc[10]_i_1/O
                         net (fo=1, unplaced)         0.000    16.061    u_cpu/dut_pc/pc_next[10]
                         FDRE                                         r  u_cpu/dut_pc/pc_reg[10]/D
  -------------------------------------------------------------------    -------------------

                         (clock CLK rise edge)        0.000     0.000 r  
                                                      0.000     0.000 r  clk (IN)
                         net (fo=0)                   0.000     0.000    clk
                         IBUF (Prop_ibuf_I_O)         0.838     0.838 r  clk_IBUF_inst/O
                         net (fo=1, unplaced)         0.763     1.600    clk_IBUF
                         BUFG (Prop_bufg_I_O)         0.091     1.691 r  clk_IBUF_BUFG_inst/O
                         net (fo=11258, unplaced)     0.439     2.130    u_cpu/dut_pc/clk_IBUF_BUFG
                         FDRE                                         r  u_cpu/dut_pc/pc_reg[10]/C

Slack:                    inf
  Source:                 rstn
                            (input port)
  Destination:            u_cpu/dut_pc/pc_reg[11]/D
                            (rising edge-triggered cell FDRE clocked by CLK  {rise@0.000ns fall@10.000ns period=20.000ns})
  Path Group:             (none)
  Path Type:              Setup (Max at Slow Process Corner)
  Data Path Delay:        16.061ns  (logic 4.474ns (27.858%)  route 11.587ns (72.142%))
  Logic Levels:           23  (CARRY4=5 IBUF=1 LUT2=1 LUT3=1 LUT4=2 LUT5=1 LUT6=12)
  Clock Path Skew:        2.130ns (DCD - SCD + CPR)
    Destination Clock Delay (DCD):    2.130ns
    Source Clock Delay      (SCD):    0.000ns
    Clock Pessimism Removal (CPR):    0.000ns
  Clock Uncertainty:      0.325ns  ((TSJ^2 + TIJ^2)^1/2 + DJ) / 2 + PE + UU
    Total System Jitter     (TSJ):    0.050ns
    Total Input Jitter      (TIJ):    0.000ns
    Discrete Jitter          (DJ):    0.000ns
    Phase Error              (PE):    0.000ns
    User Uncertainty         (UU):    0.300ns
  Timing Exception:       False Path

    Location             Delay type                Incr(ns)  Path(ns)    Netlist Resource(s)
  -------------------------------------------------------------------    -------------------
                                                      0.000     0.000 r  rstn (IN)
                         net (fo=0)                   0.000     0.000    rstn
                         IBUF (Prop_ibuf_I_O)         0.971     0.971 r  rstn_IBUF_inst/O
                         net (fo=198, unplaced)       0.803     1.774    u_cpu/dut_pc/rstn_IBUF
                         LUT6 (Prop_lut6_I5_O)        0.124     1.898 r  u_cpu/dut_pc/cpu_stall_debug_OBUF_inst_i_17/O
                         net (fo=2, unplaced)         0.975     2.873    u_cpu/dut_pc/cpu_stall_debug_OBUF_inst_i_17_n_0
                         LUT6 (Prop_lut6_I0_O)        0.124     2.997 r  u_cpu/dut_pc/instruction_hold_q[31]_i_4/O
                         net (fo=40, unplaced)        0.526     3.523    u_cpu/dut_pc/instruction_hold_q[31]_i_4_n_0
                         LUT6 (Prop_lut6_I0_O)        0.124     3.647 r  u_cpu/dut_pc/instruction_hold_q[6]_i_4/O
                         net (fo=1, unplaced)         0.941     4.588    u_cpu/dut_pc/instruction_hold_q[6]_i_4_n_0
                         LUT6 (Prop_lut6_I4_O)        0.124     4.712 r  u_cpu/dut_pc/instruction_hold_q[6]_i_1/O
                         net (fo=5, unplaced)         0.693     5.405    u_cpu/dut_pc/pc_reg[6]_rep__3_13[6]
                         LUT6 (Prop_lut6_I0_O)        0.124     5.529 f  u_cpu/dut_pc/FSM_onehot_current_state[4]_i_6/O
                         net (fo=6, unplaced)         0.973     6.502    u_cpu/dut_pc/FSM_onehot_current_state[4]_i_6_n_0
                         LUT6 (Prop_lut6_I0_O)        0.124     6.626 f  u_cpu/dut_pc/pc_target1_carry_i_11/O
                         net (fo=38, unplaced)        1.016     7.642    u_cpu/dut_pc/imm_sel[1]
                         LUT6 (Prop_lut6_I0_O)        0.124     7.766 r  u_cpu/dut_pc/pc_target1_carry__0_i_10/O
                         net (fo=12, unplaced)        0.497     8.263    u_cpu/dut_pc/pc_target1_carry__0_i_10_n_0
                         LUT5 (Prop_lut5_I3_O)        0.124     8.387 r  u_cpu/dut_pc/pc_target1_carry__0_i_13/O
                         net (fo=6, unplaced)         0.481     8.868    u_cpu/dut_pc/imm_ext[5]
                         LUT4 (Prop_lut4_I3_O)        0.116     8.984 r  u_cpu/dut_pc/result0_carry__0_i_11/O
                         net (fo=6, unplaced)         0.481     9.465    u_cpu/dut_pc/src_b[5]
                         LUT2 (Prop_lut2_I1_O)        0.124     9.589 r  u_cpu/dut_pc/result0_carry__0_i_7/O
                         net (fo=1, unplaced)         0.000     9.589    u_cpu/dut_alu/mem_addr_q[4]_i_7[1]
                         CARRY4 (Prop_carry4_S[1]_CO[3])
                                                      0.533    10.122 r  u_cpu/dut_alu/result0_carry__0/CO[3]
                         net (fo=1, unplaced)         0.000    10.122    u_cpu/dut_alu/result0_carry__0_n_0
                         CARRY4 (Prop_carry4_CI_CO[3])
                                                      0.117    10.239 r  u_cpu/dut_alu/result0_carry__1/CO[3]
                         net (fo=1, unplaced)         0.000    10.239    u_cpu/dut_alu/result0_carry__1_n_0
                         CARRY4 (Prop_carry4_CI_CO[3])
                                                      0.117    10.356 r  u_cpu/dut_alu/result0_carry__2/CO[3]
                         net (fo=1, unplaced)         0.000    10.356    u_cpu/dut_alu/result0_carry__2_n_0
                         CARRY4 (Prop_carry4_CI_CO[3])
                                                      0.117    10.473 r  u_cpu/dut_alu/result0_carry__3/CO[3]
                         net (fo=1, unplaced)         0.000    10.473    u_cpu/dut_alu/result0_carry__3_n_0
                         CARRY4 (Prop_carry4_CI_O[1])
                                                      0.337    10.810 f  u_cpu/dut_alu/result0_carry__4/O[1]
                         net (fo=1, unplaced)         0.611    11.421    u_cpu/dut_alu/data0[21]
                         LUT4 (Prop_lut4_I0_O)        0.306    11.727 f  u_cpu/dut_alu/mem_addr_q[21]_i_12/O
                         net (fo=1, unplaced)         0.449    12.176    u_cpu/dut_pc/mem_addr_q[21]_i_2_0
                         LUT6 (Prop_lut6_I5_O)        0.124    12.300 f  u_cpu/dut_pc/mem_addr_q[21]_i_6/O
                         net (fo=1, unplaced)         0.449    12.749    u_cpu/dut_pc/mem_addr_q[21]_i_6_n_0
                         LUT6 (Prop_lut6_I5_O)        0.124    12.873 f  u_cpu/dut_pc/mem_addr_q[21]_i_2/O
                         net (fo=4, unplaced)         0.756    13.629    u_cpu/dut_pc/cpu_mem_addr[21]
                         LUT3 (Prop_lut3_I0_O)        0.124    13.753 r  u_cpu/dut_pc/pc[31]_i_17/O
                         net (fo=1, unplaced)         0.941    14.694    u_cpu/dut_pc/pc[31]_i_17_n_0
                         LUT6 (Prop_lut6_I2_O)        0.124    14.818 r  u_cpu/dut_pc/pc[31]_i_10/O
                         net (fo=2, unplaced)         0.460    15.278    u_cpu/dut_pc/pc[31]_i_10_n_0
                         LUT6 (Prop_lut6_I4_O)        0.124    15.402 r  u_cpu/dut_pc/pc[31]_i_7/O
                         net (fo=59, unplaced)        0.535    15.937    u_cpu/dut_pc/pc[31]_i_7_n_0
                         LUT6 (Prop_lut6_I3_O)        0.124    16.061 r  u_cpu/dut_pc/pc[11]_i_1/O
                         net (fo=1, unplaced)         0.000    16.061    u_cpu/dut_pc/pc_next[11]
                         FDRE                                         r  u_cpu/dut_pc/pc_reg[11]/D
  -------------------------------------------------------------------    -------------------

                         (clock CLK rise edge)        0.000     0.000 r  
                                                      0.000     0.000 r  clk (IN)
                         net (fo=0)                   0.000     0.000    clk
                         IBUF (Prop_ibuf_I_O)         0.838     0.838 r  clk_IBUF_inst/O
                         net (fo=1, unplaced)         0.763     1.600    clk_IBUF
                         BUFG (Prop_bufg_I_O)         0.091     1.691 r  clk_IBUF_BUFG_inst/O
                         net (fo=11258, unplaced)     0.439     2.130    u_cpu/dut_pc/clk_IBUF_BUFG
                         FDRE                                         r  u_cpu/dut_pc/pc_reg[11]/C

Slack:                    inf
  Source:                 rstn
                            (input port)
  Destination:            u_cpu/dut_pc/pc_reg[12]/D
                            (rising edge-triggered cell FDRE clocked by CLK  {rise@0.000ns fall@10.000ns period=20.000ns})
  Path Group:             (none)
  Path Type:              Setup (Max at Slow Process Corner)
  Data Path Delay:        16.061ns  (logic 4.474ns (27.858%)  route 11.587ns (72.142%))
  Logic Levels:           23  (CARRY4=5 IBUF=1 LUT2=1 LUT3=1 LUT4=2 LUT5=1 LUT6=12)
  Clock Path Skew:        2.130ns (DCD - SCD + CPR)
    Destination Clock Delay (DCD):    2.130ns
    Source Clock Delay      (SCD):    0.000ns
    Clock Pessimism Removal (CPR):    0.000ns
  Clock Uncertainty:      0.325ns  ((TSJ^2 + TIJ^2)^1/2 + DJ) / 2 + PE + UU
    Total System Jitter     (TSJ):    0.050ns
    Total Input Jitter      (TIJ):    0.000ns
    Discrete Jitter          (DJ):    0.000ns
    Phase Error              (PE):    0.000ns
    User Uncertainty         (UU):    0.300ns
  Timing Exception:       False Path

    Location             Delay type                Incr(ns)  Path(ns)    Netlist Resource(s)
  -------------------------------------------------------------------    -------------------
                                                      0.000     0.000 r  rstn (IN)
                         net (fo=0)                   0.000     0.000    rstn
                         IBUF (Prop_ibuf_I_O)         0.971     0.971 r  rstn_IBUF_inst/O
                         net (fo=198, unplaced)       0.803     1.774    u_cpu/dut_pc/rstn_IBUF
                         LUT6 (Prop_lut6_I5_O)        0.124     1.898 r  u_cpu/dut_pc/cpu_stall_debug_OBUF_inst_i_17/O
                         net (fo=2, unplaced)         0.975     2.873    u_cpu/dut_pc/cpu_stall_debug_OBUF_inst_i_17_n_0
                         LUT6 (Prop_lut6_I0_O)        0.124     2.997 r  u_cpu/dut_pc/instruction_hold_q[31]_i_4/O
                         net (fo=40, unplaced)        0.526     3.523    u_cpu/dut_pc/instruction_hold_q[31]_i_4_n_0
                         LUT6 (Prop_lut6_I0_O)        0.124     3.647 r  u_cpu/dut_pc/instruction_hold_q[6]_i_4/O
                         net (fo=1, unplaced)         0.941     4.588    u_cpu/dut_pc/instruction_hold_q[6]_i_4_n_0
                         LUT6 (Prop_lut6_I4_O)        0.124     4.712 r  u_cpu/dut_pc/instruction_hold_q[6]_i_1/O
                         net (fo=5, unplaced)         0.693     5.405    u_cpu/dut_pc/pc_reg[6]_rep__3_13[6]
                         LUT6 (Prop_lut6_I0_O)        0.124     5.529 f  u_cpu/dut_pc/FSM_onehot_current_state[4]_i_6/O
                         net (fo=6, unplaced)         0.973     6.502    u_cpu/dut_pc/FSM_onehot_current_state[4]_i_6_n_0
                         LUT6 (Prop_lut6_I0_O)        0.124     6.626 f  u_cpu/dut_pc/pc_target1_carry_i_11/O
                         net (fo=38, unplaced)        1.016     7.642    u_cpu/dut_pc/imm_sel[1]
                         LUT6 (Prop_lut6_I0_O)        0.124     7.766 r  u_cpu/dut_pc/pc_target1_carry__0_i_10/O
                         net (fo=12, unplaced)        0.497     8.263    u_cpu/dut_pc/pc_target1_carry__0_i_10_n_0
                         LUT5 (Prop_lut5_I3_O)        0.124     8.387 r  u_cpu/dut_pc/pc_target1_carry__0_i_13/O
                         net (fo=6, unplaced)         0.481     8.868    u_cpu/dut_pc/imm_ext[5]
                         LUT4 (Prop_lut4_I3_O)        0.116     8.984 r  u_cpu/dut_pc/result0_carry__0_i_11/O
                         net (fo=6, unplaced)         0.481     9.465    u_cpu/dut_pc/src_b[5]
                         LUT2 (Prop_lut2_I1_O)        0.124     9.589 r  u_cpu/dut_pc/result0_carry__0_i_7/O
                         net (fo=1, unplaced)         0.000     9.589    u_cpu/dut_alu/mem_addr_q[4]_i_7[1]
                         CARRY4 (Prop_carry4_S[1]_CO[3])
                                                      0.533    10.122 r  u_cpu/dut_alu/result0_carry__0/CO[3]
                         net (fo=1, unplaced)         0.000    10.122    u_cpu/dut_alu/result0_carry__0_n_0
                         CARRY4 (Prop_carry4_CI_CO[3])
                                                      0.117    10.239 r  u_cpu/dut_alu/result0_carry__1/CO[3]
                         net (fo=1, unplaced)         0.000    10.239    u_cpu/dut_alu/result0_carry__1_n_0
                         CARRY4 (Prop_carry4_CI_CO[3])
                                                      0.117    10.356 r  u_cpu/dut_alu/result0_carry__2/CO[3]
                         net (fo=1, unplaced)         0.000    10.356    u_cpu/dut_alu/result0_carry__2_n_0
                         CARRY4 (Prop_carry4_CI_CO[3])
                                                      0.117    10.473 r  u_cpu/dut_alu/result0_carry__3/CO[3]
                         net (fo=1, unplaced)         0.000    10.473    u_cpu/dut_alu/result0_carry__3_n_0
                         CARRY4 (Prop_carry4_CI_O[1])
                                                      0.337    10.810 f  u_cpu/dut_alu/result0_carry__4/O[1]
                         net (fo=1, unplaced)         0.611    11.421    u_cpu/dut_alu/data0[21]
                         LUT4 (Prop_lut4_I0_O)        0.306    11.727 f  u_cpu/dut_alu/mem_addr_q[21]_i_12/O
                         net (fo=1, unplaced)         0.449    12.176    u_cpu/dut_pc/mem_addr_q[21]_i_2_0
                         LUT6 (Prop_lut6_I5_O)        0.124    12.300 f  u_cpu/dut_pc/mem_addr_q[21]_i_6/O
                         net (fo=1, unplaced)         0.449    12.749    u_cpu/dut_pc/mem_addr_q[21]_i_6_n_0
                         LUT6 (Prop_lut6_I5_O)        0.124    12.873 f  u_cpu/dut_pc/mem_addr_q[21]_i_2/O
                         net (fo=4, unplaced)         0.756    13.629    u_cpu/dut_pc/cpu_mem_addr[21]
                         LUT3 (Prop_lut3_I0_O)        0.124    13.753 r  u_cpu/dut_pc/pc[31]_i_17/O
                         net (fo=1, unplaced)         0.941    14.694    u_cpu/dut_pc/pc[31]_i_17_n_0
                         LUT6 (Prop_lut6_I2_O)        0.124    14.818 r  u_cpu/dut_pc/pc[31]_i_10/O
                         net (fo=2, unplaced)         0.460    15.278    u_cpu/dut_pc/pc[31]_i_10_n_0
                         LUT6 (Prop_lut6_I4_O)        0.124    15.402 r  u_cpu/dut_pc/pc[31]_i_7/O
                         net (fo=59, unplaced)        0.535    15.937    u_cpu/dut_pc/pc[31]_i_7_n_0
                         LUT6 (Prop_lut6_I3_O)        0.124    16.061 r  u_cpu/dut_pc/pc[12]_i_1/O
                         net (fo=1, unplaced)         0.000    16.061    u_cpu/dut_pc/pc_next[12]
                         FDRE                                         r  u_cpu/dut_pc/pc_reg[12]/D
  -------------------------------------------------------------------    -------------------

                         (clock CLK rise edge)        0.000     0.000 r  
                                                      0.000     0.000 r  clk (IN)
                         net (fo=0)                   0.000     0.000    clk
                         IBUF (Prop_ibuf_I_O)         0.838     0.838 r  clk_IBUF_inst/O
                         net (fo=1, unplaced)         0.763     1.600    clk_IBUF
                         BUFG (Prop_bufg_I_O)         0.091     1.691 r  clk_IBUF_BUFG_inst/O
                         net (fo=11258, unplaced)     0.439     2.130    u_cpu/dut_pc/clk_IBUF_BUFG
                         FDRE                                         r  u_cpu/dut_pc/pc_reg[12]/C

Slack:                    inf
  Source:                 rstn
                            (input port)
  Destination:            u_cpu/dut_pc/pc_reg[13]/D
                            (rising edge-triggered cell FDRE clocked by CLK  {rise@0.000ns fall@10.000ns period=20.000ns})
  Path Group:             (none)
  Path Type:              Setup (Max at Slow Process Corner)
  Data Path Delay:        16.061ns  (logic 4.474ns (27.858%)  route 11.587ns (72.142%))
  Logic Levels:           23  (CARRY4=5 IBUF=1 LUT2=1 LUT3=1 LUT4=2 LUT5=1 LUT6=12)
  Clock Path Skew:        2.130ns (DCD - SCD + CPR)
    Destination Clock Delay (DCD):    2.130ns
    Source Clock Delay      (SCD):    0.000ns
    Clock Pessimism Removal (CPR):    0.000ns
  Clock Uncertainty:      0.325ns  ((TSJ^2 + TIJ^2)^1/2 + DJ) / 2 + PE + UU
    Total System Jitter     (TSJ):    0.050ns
    Total Input Jitter      (TIJ):    0.000ns
    Discrete Jitter          (DJ):    0.000ns
    Phase Error              (PE):    0.000ns
    User Uncertainty         (UU):    0.300ns
  Timing Exception:       False Path

    Location             Delay type                Incr(ns)  Path(ns)    Netlist Resource(s)
  -------------------------------------------------------------------    -------------------
                                                      0.000     0.000 r  rstn (IN)
                         net (fo=0)                   0.000     0.000    rstn
                         IBUF (Prop_ibuf_I_O)         0.971     0.971 r  rstn_IBUF_inst/O
                         net (fo=198, unplaced)       0.803     1.774    u_cpu/dut_pc/rstn_IBUF
                         LUT6 (Prop_lut6_I5_O)        0.124     1.898 r  u_cpu/dut_pc/cpu_stall_debug_OBUF_inst_i_17/O
                         net (fo=2, unplaced)         0.975     2.873    u_cpu/dut_pc/cpu_stall_debug_OBUF_inst_i_17_n_0
                         LUT6 (Prop_lut6_I0_O)        0.124     2.997 r  u_cpu/dut_pc/instruction_hold_q[31]_i_4/O
                         net (fo=40, unplaced)        0.526     3.523    u_cpu/dut_pc/instruction_hold_q[31]_i_4_n_0
                         LUT6 (Prop_lut6_I0_O)        0.124     3.647 r  u_cpu/dut_pc/instruction_hold_q[6]_i_4/O
                         net (fo=1, unplaced)         0.941     4.588    u_cpu/dut_pc/instruction_hold_q[6]_i_4_n_0
                         LUT6 (Prop_lut6_I4_O)        0.124     4.712 r  u_cpu/dut_pc/instruction_hold_q[6]_i_1/O
                         net (fo=5, unplaced)         0.693     5.405    u_cpu/dut_pc/pc_reg[6]_rep__3_13[6]
                         LUT6 (Prop_lut6_I0_O)        0.124     5.529 f  u_cpu/dut_pc/FSM_onehot_current_state[4]_i_6/O
                         net (fo=6, unplaced)         0.973     6.502    u_cpu/dut_pc/FSM_onehot_current_state[4]_i_6_n_0
                         LUT6 (Prop_lut6_I0_O)        0.124     6.626 f  u_cpu/dut_pc/pc_target1_carry_i_11/O
                         net (fo=38, unplaced)        1.016     7.642    u_cpu/dut_pc/imm_sel[1]
                         LUT6 (Prop_lut6_I0_O)        0.124     7.766 r  u_cpu/dut_pc/pc_target1_carry__0_i_10/O
                         net (fo=12, unplaced)        0.497     8.263    u_cpu/dut_pc/pc_target1_carry__0_i_10_n_0
                         LUT5 (Prop_lut5_I3_O)        0.124     8.387 r  u_cpu/dut_pc/pc_target1_carry__0_i_13/O
                         net (fo=6, unplaced)         0.481     8.868    u_cpu/dut_pc/imm_ext[5]
                         LUT4 (Prop_lut4_I3_O)        0.116     8.984 r  u_cpu/dut_pc/result0_carry__0_i_11/O
                         net (fo=6, unplaced)         0.481     9.465    u_cpu/dut_pc/src_b[5]
                         LUT2 (Prop_lut2_I1_O)        0.124     9.589 r  u_cpu/dut_pc/result0_carry__0_i_7/O
                         net (fo=1, unplaced)         0.000     9.589    u_cpu/dut_alu/mem_addr_q[4]_i_7[1]
                         CARRY4 (Prop_carry4_S[1]_CO[3])
                                                      0.533    10.122 r  u_cpu/dut_alu/result0_carry__0/CO[3]
                         net (fo=1, unplaced)         0.000    10.122    u_cpu/dut_alu/result0_carry__0_n_0
                         CARRY4 (Prop_carry4_CI_CO[3])
                                                      0.117    10.239 r  u_cpu/dut_alu/result0_carry__1/CO[3]
                         net (fo=1, unplaced)         0.000    10.239    u_cpu/dut_alu/result0_carry__1_n_0
                         CARRY4 (Prop_carry4_CI_CO[3])
                                                      0.117    10.356 r  u_cpu/dut_alu/result0_carry__2/CO[3]
                         net (fo=1, unplaced)         0.000    10.356    u_cpu/dut_alu/result0_carry__2_n_0
                         CARRY4 (Prop_carry4_CI_CO[3])
                                                      0.117    10.473 r  u_cpu/dut_alu/result0_carry__3/CO[3]
                         net (fo=1, unplaced)         0.000    10.473    u_cpu/dut_alu/result0_carry__3_n_0
                         CARRY4 (Prop_carry4_CI_O[1])
                                                      0.337    10.810 f  u_cpu/dut_alu/result0_carry__4/O[1]
                         net (fo=1, unplaced)         0.611    11.421    u_cpu/dut_alu/data0[21]
                         LUT4 (Prop_lut4_I0_O)        0.306    11.727 f  u_cpu/dut_alu/mem_addr_q[21]_i_12/O
                         net (fo=1, unplaced)         0.449    12.176    u_cpu/dut_pc/mem_addr_q[21]_i_2_0
                         LUT6 (Prop_lut6_I5_O)        0.124    12.300 f  u_cpu/dut_pc/mem_addr_q[21]_i_6/O
                         net (fo=1, unplaced)         0.449    12.749    u_cpu/dut_pc/mem_addr_q[21]_i_6_n_0
                         LUT6 (Prop_lut6_I5_O)        0.124    12.873 f  u_cpu/dut_pc/mem_addr_q[21]_i_2/O
                         net (fo=4, unplaced)         0.756    13.629    u_cpu/dut_pc/cpu_mem_addr[21]
                         LUT3 (Prop_lut3_I0_O)        0.124    13.753 r  u_cpu/dut_pc/pc[31]_i_17/O
                         net (fo=1, unplaced)         0.941    14.694    u_cpu/dut_pc/pc[31]_i_17_n_0
                         LUT6 (Prop_lut6_I2_O)        0.124    14.818 r  u_cpu/dut_pc/pc[31]_i_10/O
                         net (fo=2, unplaced)         0.460    15.278    u_cpu/dut_pc/pc[31]_i_10_n_0
                         LUT6 (Prop_lut6_I4_O)        0.124    15.402 r  u_cpu/dut_pc/pc[31]_i_7/O
                         net (fo=59, unplaced)        0.535    15.937    u_cpu/dut_pc/pc[31]_i_7_n_0
                         LUT6 (Prop_lut6_I3_O)        0.124    16.061 r  u_cpu/dut_pc/pc[13]_i_1/O
                         net (fo=1, unplaced)         0.000    16.061    u_cpu/dut_pc/pc_next[13]
                         FDRE                                         r  u_cpu/dut_pc/pc_reg[13]/D
  -------------------------------------------------------------------    -------------------

                         (clock CLK rise edge)        0.000     0.000 r  
                                                      0.000     0.000 r  clk (IN)
                         net (fo=0)                   0.000     0.000    clk
                         IBUF (Prop_ibuf_I_O)         0.838     0.838 r  clk_IBUF_inst/O
                         net (fo=1, unplaced)         0.763     1.600    clk_IBUF
                         BUFG (Prop_bufg_I_O)         0.091     1.691 r  clk_IBUF_BUFG_inst/O
                         net (fo=11258, unplaced)     0.439     2.130    u_cpu/dut_pc/clk_IBUF_BUFG
                         FDRE                                         r  u_cpu/dut_pc/pc_reg[13]/C

Slack:                    inf
  Source:                 rstn
                            (input port)
  Destination:            u_cpu/dut_pc/pc_reg[14]/D
                            (rising edge-triggered cell FDRE clocked by CLK  {rise@0.000ns fall@10.000ns period=20.000ns})
  Path Group:             (none)
  Path Type:              Setup (Max at Slow Process Corner)
  Data Path Delay:        16.061ns  (logic 4.474ns (27.858%)  route 11.587ns (72.142%))
  Logic Levels:           23  (CARRY4=5 IBUF=1 LUT2=1 LUT3=1 LUT4=2 LUT5=1 LUT6=12)
  Clock Path Skew:        2.130ns (DCD - SCD + CPR)
    Destination Clock Delay (DCD):    2.130ns
    Source Clock Delay      (SCD):    0.000ns
    Clock Pessimism Removal (CPR):    0.000ns
  Clock Uncertainty:      0.325ns  ((TSJ^2 + TIJ^2)^1/2 + DJ) / 2 + PE + UU
    Total System Jitter     (TSJ):    0.050ns
    Total Input Jitter      (TIJ):    0.000ns
    Discrete Jitter          (DJ):    0.000ns
    Phase Error              (PE):    0.000ns
    User Uncertainty         (UU):    0.300ns
  Timing Exception:       False Path

    Location             Delay type                Incr(ns)  Path(ns)    Netlist Resource(s)
  -------------------------------------------------------------------    -------------------
                                                      0.000     0.000 r  rstn (IN)
                         net (fo=0)                   0.000     0.000    rstn
                         IBUF (Prop_ibuf_I_O)         0.971     0.971 r  rstn_IBUF_inst/O
                         net (fo=198, unplaced)       0.803     1.774    u_cpu/dut_pc/rstn_IBUF
                         LUT6 (Prop_lut6_I5_O)        0.124     1.898 r  u_cpu/dut_pc/cpu_stall_debug_OBUF_inst_i_17/O
                         net (fo=2, unplaced)         0.975     2.873    u_cpu/dut_pc/cpu_stall_debug_OBUF_inst_i_17_n_0
                         LUT6 (Prop_lut6_I0_O)        0.124     2.997 r  u_cpu/dut_pc/instruction_hold_q[31]_i_4/O
                         net (fo=40, unplaced)        0.526     3.523    u_cpu/dut_pc/instruction_hold_q[31]_i_4_n_0
                         LUT6 (Prop_lut6_I0_O)        0.124     3.647 r  u_cpu/dut_pc/instruction_hold_q[6]_i_4/O
                         net (fo=1, unplaced)         0.941     4.588    u_cpu/dut_pc/instruction_hold_q[6]_i_4_n_0
                         LUT6 (Prop_lut6_I4_O)        0.124     4.712 r  u_cpu/dut_pc/instruction_hold_q[6]_i_1/O
                         net (fo=5, unplaced)         0.693     5.405    u_cpu/dut_pc/pc_reg[6]_rep__3_13[6]
                         LUT6 (Prop_lut6_I0_O)        0.124     5.529 f  u_cpu/dut_pc/FSM_onehot_current_state[4]_i_6/O
                         net (fo=6, unplaced)         0.973     6.502    u_cpu/dut_pc/FSM_onehot_current_state[4]_i_6_n_0
                         LUT6 (Prop_lut6_I0_O)        0.124     6.626 f  u_cpu/dut_pc/pc_target1_carry_i_11/O
                         net (fo=38, unplaced)        1.016     7.642    u_cpu/dut_pc/imm_sel[1]
                         LUT6 (Prop_lut6_I0_O)        0.124     7.766 r  u_cpu/dut_pc/pc_target1_carry__0_i_10/O
                         net (fo=12, unplaced)        0.497     8.263    u_cpu/dut_pc/pc_target1_carry__0_i_10_n_0
                         LUT5 (Prop_lut5_I3_O)        0.124     8.387 r  u_cpu/dut_pc/pc_target1_carry__0_i_13/O
                         net (fo=6, unplaced)         0.481     8.868    u_cpu/dut_pc/imm_ext[5]
                         LUT4 (Prop_lut4_I3_O)        0.116     8.984 r  u_cpu/dut_pc/result0_carry__0_i_11/O
                         net (fo=6, unplaced)         0.481     9.465    u_cpu/dut_pc/src_b[5]
                         LUT2 (Prop_lut2_I1_O)        0.124     9.589 r  u_cpu/dut_pc/result0_carry__0_i_7/O
                         net (fo=1, unplaced)         0.000     9.589    u_cpu/dut_alu/mem_addr_q[4]_i_7[1]
                         CARRY4 (Prop_carry4_S[1]_CO[3])
                                                      0.533    10.122 r  u_cpu/dut_alu/result0_carry__0/CO[3]
                         net (fo=1, unplaced)         0.000    10.122    u_cpu/dut_alu/result0_carry__0_n_0
                         CARRY4 (Prop_carry4_CI_CO[3])
                                                      0.117    10.239 r  u_cpu/dut_alu/result0_carry__1/CO[3]
                         net (fo=1, unplaced)         0.000    10.239    u_cpu/dut_alu/result0_carry__1_n_0
                         CARRY4 (Prop_carry4_CI_CO[3])
                                                      0.117    10.356 r  u_cpu/dut_alu/result0_carry__2/CO[3]
                         net (fo=1, unplaced)         0.000    10.356    u_cpu/dut_alu/result0_carry__2_n_0
                         CARRY4 (Prop_carry4_CI_CO[3])
                                                      0.117    10.473 r  u_cpu/dut_alu/result0_carry__3/CO[3]
                         net (fo=1, unplaced)         0.000    10.473    u_cpu/dut_alu/result0_carry__3_n_0
                         CARRY4 (Prop_carry4_CI_O[1])
                                                      0.337    10.810 f  u_cpu/dut_alu/result0_carry__4/O[1]
                         net (fo=1, unplaced)         0.611    11.421    u_cpu/dut_alu/data0[21]
                         LUT4 (Prop_lut4_I0_O)        0.306    11.727 f  u_cpu/dut_alu/mem_addr_q[21]_i_12/O
                         net (fo=1, unplaced)         0.449    12.176    u_cpu/dut_pc/mem_addr_q[21]_i_2_0
                         LUT6 (Prop_lut6_I5_O)        0.124    12.300 f  u_cpu/dut_pc/mem_addr_q[21]_i_6/O
                         net (fo=1, unplaced)         0.449    12.749    u_cpu/dut_pc/mem_addr_q[21]_i_6_n_0
                         LUT6 (Prop_lut6_I5_O)        0.124    12.873 f  u_cpu/dut_pc/mem_addr_q[21]_i_2/O
                         net (fo=4, unplaced)         0.756    13.629    u_cpu/dut_pc/cpu_mem_addr[21]
                         LUT3 (Prop_lut3_I0_O)        0.124    13.753 r  u_cpu/dut_pc/pc[31]_i_17/O
                         net (fo=1, unplaced)         0.941    14.694    u_cpu/dut_pc/pc[31]_i_17_n_0
                         LUT6 (Prop_lut6_I2_O)        0.124    14.818 r  u_cpu/dut_pc/pc[31]_i_10/O
                         net (fo=2, unplaced)         0.460    15.278    u_cpu/dut_pc/pc[31]_i_10_n_0
                         LUT6 (Prop_lut6_I4_O)        0.124    15.402 r  u_cpu/dut_pc/pc[31]_i_7/O
                         net (fo=59, unplaced)        0.535    15.937    u_cpu/dut_pc/pc[31]_i_7_n_0
                         LUT6 (Prop_lut6_I3_O)        0.124    16.061 r  u_cpu/dut_pc/pc[14]_i_1/O
                         net (fo=1, unplaced)         0.000    16.061    u_cpu/dut_pc/pc_next[14]
                         FDRE                                         r  u_cpu/dut_pc/pc_reg[14]/D
  -------------------------------------------------------------------    -------------------

                         (clock CLK rise edge)        0.000     0.000 r  
                                                      0.000     0.000 r  clk (IN)
                         net (fo=0)                   0.000     0.000    clk
                         IBUF (Prop_ibuf_I_O)         0.838     0.838 r  clk_IBUF_inst/O
                         net (fo=1, unplaced)         0.763     1.600    clk_IBUF
                         BUFG (Prop_bufg_I_O)         0.091     1.691 r  clk_IBUF_BUFG_inst/O
                         net (fo=11258, unplaced)     0.439     2.130    u_cpu/dut_pc/clk_IBUF_BUFG
                         FDRE                                         r  u_cpu/dut_pc/pc_reg[14]/C

Slack:                    inf
  Source:                 rstn
                            (input port)
  Destination:            u_cpu/dut_pc/pc_reg[15]/D
                            (rising edge-triggered cell FDRE clocked by CLK  {rise@0.000ns fall@10.000ns period=20.000ns})
  Path Group:             (none)
  Path Type:              Setup (Max at Slow Process Corner)
  Data Path Delay:        16.061ns  (logic 4.474ns (27.858%)  route 11.587ns (72.142%))
  Logic Levels:           23  (CARRY4=5 IBUF=1 LUT2=1 LUT3=1 LUT4=2 LUT5=1 LUT6=12)
  Clock Path Skew:        2.130ns (DCD - SCD + CPR)
    Destination Clock Delay (DCD):    2.130ns
    Source Clock Delay      (SCD):    0.000ns
    Clock Pessimism Removal (CPR):    0.000ns
  Clock Uncertainty:      0.325ns  ((TSJ^2 + TIJ^2)^1/2 + DJ) / 2 + PE + UU
    Total System Jitter     (TSJ):    0.050ns
    Total Input Jitter      (TIJ):    0.000ns
    Discrete Jitter          (DJ):    0.000ns
    Phase Error              (PE):    0.000ns
    User Uncertainty         (UU):    0.300ns
  Timing Exception:       False Path

    Location             Delay type                Incr(ns)  Path(ns)    Netlist Resource(s)
  -------------------------------------------------------------------    -------------------
                                                      0.000     0.000 r  rstn (IN)
                         net (fo=0)                   0.000     0.000    rstn
                         IBUF (Prop_ibuf_I_O)         0.971     0.971 r  rstn_IBUF_inst/O
                         net (fo=198, unplaced)       0.803     1.774    u_cpu/dut_pc/rstn_IBUF
                         LUT6 (Prop_lut6_I5_O)        0.124     1.898 r  u_cpu/dut_pc/cpu_stall_debug_OBUF_inst_i_17/O
                         net (fo=2, unplaced)         0.975     2.873    u_cpu/dut_pc/cpu_stall_debug_OBUF_inst_i_17_n_0
                         LUT6 (Prop_lut6_I0_O)        0.124     2.997 r  u_cpu/dut_pc/instruction_hold_q[31]_i_4/O
                         net (fo=40, unplaced)        0.526     3.523    u_cpu/dut_pc/instruction_hold_q[31]_i_4_n_0
                         LUT6 (Prop_lut6_I0_O)        0.124     3.647 r  u_cpu/dut_pc/instruction_hold_q[6]_i_4/O
                         net (fo=1, unplaced)         0.941     4.588    u_cpu/dut_pc/instruction_hold_q[6]_i_4_n_0
                         LUT6 (Prop_lut6_I4_O)        0.124     4.712 r  u_cpu/dut_pc/instruction_hold_q[6]_i_1/O
                         net (fo=5, unplaced)         0.693     5.405    u_cpu/dut_pc/pc_reg[6]_rep__3_13[6]
                         LUT6 (Prop_lut6_I0_O)        0.124     5.529 f  u_cpu/dut_pc/FSM_onehot_current_state[4]_i_6/O
                         net (fo=6, unplaced)         0.973     6.502    u_cpu/dut_pc/FSM_onehot_current_state[4]_i_6_n_0
                         LUT6 (Prop_lut6_I0_O)        0.124     6.626 f  u_cpu/dut_pc/pc_target1_carry_i_11/O
                         net (fo=38, unplaced)        1.016     7.642    u_cpu/dut_pc/imm_sel[1]
                         LUT6 (Prop_lut6_I0_O)        0.124     7.766 r  u_cpu/dut_pc/pc_target1_carry__0_i_10/O
                         net (fo=12, unplaced)        0.497     8.263    u_cpu/dut_pc/pc_target1_carry__0_i_10_n_0
                         LUT5 (Prop_lut5_I3_O)        0.124     8.387 r  u_cpu/dut_pc/pc_target1_carry__0_i_13/O
                         net (fo=6, unplaced)         0.481     8.868    u_cpu/dut_pc/imm_ext[5]
                         LUT4 (Prop_lut4_I3_O)        0.116     8.984 r  u_cpu/dut_pc/result0_carry__0_i_11/O
                         net (fo=6, unplaced)         0.481     9.465    u_cpu/dut_pc/src_b[5]
                         LUT2 (Prop_lut2_I1_O)        0.124     9.589 r  u_cpu/dut_pc/result0_carry__0_i_7/O
                         net (fo=1, unplaced)         0.000     9.589    u_cpu/dut_alu/mem_addr_q[4]_i_7[1]
                         CARRY4 (Prop_carry4_S[1]_CO[3])
                                                      0.533    10.122 r  u_cpu/dut_alu/result0_carry__0/CO[3]
                         net (fo=1, unplaced)         0.000    10.122    u_cpu/dut_alu/result0_carry__0_n_0
                         CARRY4 (Prop_carry4_CI_CO[3])
                                                      0.117    10.239 r  u_cpu/dut_alu/result0_carry__1/CO[3]
                         net (fo=1, unplaced)         0.000    10.239    u_cpu/dut_alu/result0_carry__1_n_0
                         CARRY4 (Prop_carry4_CI_CO[3])
                                                      0.117    10.356 r  u_cpu/dut_alu/result0_carry__2/CO[3]
                         net (fo=1, unplaced)         0.000    10.356    u_cpu/dut_alu/result0_carry__2_n_0
                         CARRY4 (Prop_carry4_CI_CO[3])
                                                      0.117    10.473 r  u_cpu/dut_alu/result0_carry__3/CO[3]
                         net (fo=1, unplaced)         0.000    10.473    u_cpu/dut_alu/result0_carry__3_n_0
                         CARRY4 (Prop_carry4_CI_O[1])
                                                      0.337    10.810 f  u_cpu/dut_alu/result0_carry__4/O[1]
                         net (fo=1, unplaced)         0.611    11.421    u_cpu/dut_alu/data0[21]
                         LUT4 (Prop_lut4_I0_O)        0.306    11.727 f  u_cpu/dut_alu/mem_addr_q[21]_i_12/O
                         net (fo=1, unplaced)         0.449    12.176    u_cpu/dut_pc/mem_addr_q[21]_i_2_0
                         LUT6 (Prop_lut6_I5_O)        0.124    12.300 f  u_cpu/dut_pc/mem_addr_q[21]_i_6/O
                         net (fo=1, unplaced)         0.449    12.749    u_cpu/dut_pc/mem_addr_q[21]_i_6_n_0
                         LUT6 (Prop_lut6_I5_O)        0.124    12.873 f  u_cpu/dut_pc/mem_addr_q[21]_i_2/O
                         net (fo=4, unplaced)         0.756    13.629    u_cpu/dut_pc/cpu_mem_addr[21]
                         LUT3 (Prop_lut3_I0_O)        0.124    13.753 r  u_cpu/dut_pc/pc[31]_i_17/O
                         net (fo=1, unplaced)         0.941    14.694    u_cpu/dut_pc/pc[31]_i_17_n_0
                         LUT6 (Prop_lut6_I2_O)        0.124    14.818 r  u_cpu/dut_pc/pc[31]_i_10/O
                         net (fo=2, unplaced)         0.460    15.278    u_cpu/dut_pc/pc[31]_i_10_n_0
                         LUT6 (Prop_lut6_I4_O)        0.124    15.402 r  u_cpu/dut_pc/pc[31]_i_7/O
                         net (fo=59, unplaced)        0.535    15.937    u_cpu/dut_pc/pc[31]_i_7_n_0
                         LUT6 (Prop_lut6_I3_O)        0.124    16.061 r  u_cpu/dut_pc/pc[15]_i_1/O
                         net (fo=1, unplaced)         0.000    16.061    u_cpu/dut_pc/pc_next[15]
                         FDRE                                         r  u_cpu/dut_pc/pc_reg[15]/D
  -------------------------------------------------------------------    -------------------

                         (clock CLK rise edge)        0.000     0.000 r  
                                                      0.000     0.000 r  clk (IN)
                         net (fo=0)                   0.000     0.000    clk
                         IBUF (Prop_ibuf_I_O)         0.838     0.838 r  clk_IBUF_inst/O
                         net (fo=1, unplaced)         0.763     1.600    clk_IBUF
                         BUFG (Prop_bufg_I_O)         0.091     1.691 r  clk_IBUF_BUFG_inst/O
                         net (fo=11258, unplaced)     0.439     2.130    u_cpu/dut_pc/clk_IBUF_BUFG
                         FDRE                                         r  u_cpu/dut_pc/pc_reg[15]/C

Slack:                    inf
  Source:                 rstn
                            (input port)
  Destination:            u_cpu/dut_pc/pc_reg[16]/D
                            (rising edge-triggered cell FDRE clocked by CLK  {rise@0.000ns fall@10.000ns period=20.000ns})
  Path Group:             (none)
  Path Type:              Setup (Max at Slow Process Corner)
  Data Path Delay:        16.061ns  (logic 4.474ns (27.858%)  route 11.587ns (72.142%))
  Logic Levels:           23  (CARRY4=5 IBUF=1 LUT2=1 LUT3=1 LUT4=2 LUT5=1 LUT6=12)
  Clock Path Skew:        2.130ns (DCD - SCD + CPR)
    Destination Clock Delay (DCD):    2.130ns
    Source Clock Delay      (SCD):    0.000ns
    Clock Pessimism Removal (CPR):    0.000ns
  Clock Uncertainty:      0.325ns  ((TSJ^2 + TIJ^2)^1/2 + DJ) / 2 + PE + UU
    Total System Jitter     (TSJ):    0.050ns
    Total Input Jitter      (TIJ):    0.000ns
    Discrete Jitter          (DJ):    0.000ns
    Phase Error              (PE):    0.000ns
    User Uncertainty         (UU):    0.300ns
  Timing Exception:       False Path

    Location             Delay type                Incr(ns)  Path(ns)    Netlist Resource(s)
  -------------------------------------------------------------------    -------------------
                                                      0.000     0.000 r  rstn (IN)
                         net (fo=0)                   0.000     0.000    rstn
                         IBUF (Prop_ibuf_I_O)         0.971     0.971 r  rstn_IBUF_inst/O
                         net (fo=198, unplaced)       0.803     1.774    u_cpu/dut_pc/rstn_IBUF
                         LUT6 (Prop_lut6_I5_O)        0.124     1.898 r  u_cpu/dut_pc/cpu_stall_debug_OBUF_inst_i_17/O
                         net (fo=2, unplaced)         0.975     2.873    u_cpu/dut_pc/cpu_stall_debug_OBUF_inst_i_17_n_0
                         LUT6 (Prop_lut6_I0_O)        0.124     2.997 r  u_cpu/dut_pc/instruction_hold_q[31]_i_4/O
                         net (fo=40, unplaced)        0.526     3.523    u_cpu/dut_pc/instruction_hold_q[31]_i_4_n_0
                         LUT6 (Prop_lut6_I0_O)        0.124     3.647 r  u_cpu/dut_pc/instruction_hold_q[6]_i_4/O
                         net (fo=1, unplaced)         0.941     4.588    u_cpu/dut_pc/instruction_hold_q[6]_i_4_n_0
                         LUT6 (Prop_lut6_I4_O)        0.124     4.712 r  u_cpu/dut_pc/instruction_hold_q[6]_i_1/O
                         net (fo=5, unplaced)         0.693     5.405    u_cpu/dut_pc/pc_reg[6]_rep__3_13[6]
                         LUT6 (Prop_lut6_I0_O)        0.124     5.529 f  u_cpu/dut_pc/FSM_onehot_current_state[4]_i_6/O
                         net (fo=6, unplaced)         0.973     6.502    u_cpu/dut_pc/FSM_onehot_current_state[4]_i_6_n_0
                         LUT6 (Prop_lut6_I0_O)        0.124     6.626 f  u_cpu/dut_pc/pc_target1_carry_i_11/O
                         net (fo=38, unplaced)        1.016     7.642    u_cpu/dut_pc/imm_sel[1]
                         LUT6 (Prop_lut6_I0_O)        0.124     7.766 r  u_cpu/dut_pc/pc_target1_carry__0_i_10/O
                         net (fo=12, unplaced)        0.497     8.263    u_cpu/dut_pc/pc_target1_carry__0_i_10_n_0
                         LUT5 (Prop_lut5_I3_O)        0.124     8.387 r  u_cpu/dut_pc/pc_target1_carry__0_i_13/O
                         net (fo=6, unplaced)         0.481     8.868    u_cpu/dut_pc/imm_ext[5]
                         LUT4 (Prop_lut4_I3_O)        0.116     8.984 r  u_cpu/dut_pc/result0_carry__0_i_11/O
                         net (fo=6, unplaced)         0.481     9.465    u_cpu/dut_pc/src_b[5]
                         LUT2 (Prop_lut2_I1_O)        0.124     9.589 r  u_cpu/dut_pc/result0_carry__0_i_7/O
                         net (fo=1, unplaced)         0.000     9.589    u_cpu/dut_alu/mem_addr_q[4]_i_7[1]
                         CARRY4 (Prop_carry4_S[1]_CO[3])
                                                      0.533    10.122 r  u_cpu/dut_alu/result0_carry__0/CO[3]
                         net (fo=1, unplaced)         0.000    10.122    u_cpu/dut_alu/result0_carry__0_n_0
                         CARRY4 (Prop_carry4_CI_CO[3])
                                                      0.117    10.239 r  u_cpu/dut_alu/result0_carry__1/CO[3]
                         net (fo=1, unplaced)         0.000    10.239    u_cpu/dut_alu/result0_carry__1_n_0
                         CARRY4 (Prop_carry4_CI_CO[3])
                                                      0.117    10.356 r  u_cpu/dut_alu/result0_carry__2/CO[3]
                         net (fo=1, unplaced)         0.000    10.356    u_cpu/dut_alu/result0_carry__2_n_0
                         CARRY4 (Prop_carry4_CI_CO[3])
                                                      0.117    10.473 r  u_cpu/dut_alu/result0_carry__3/CO[3]
                         net (fo=1, unplaced)         0.000    10.473    u_cpu/dut_alu/result0_carry__3_n_0
                         CARRY4 (Prop_carry4_CI_O[1])
                                                      0.337    10.810 f  u_cpu/dut_alu/result0_carry__4/O[1]
                         net (fo=1, unplaced)         0.611    11.421    u_cpu/dut_alu/data0[21]
                         LUT4 (Prop_lut4_I0_O)        0.306    11.727 f  u_cpu/dut_alu/mem_addr_q[21]_i_12/O
                         net (fo=1, unplaced)         0.449    12.176    u_cpu/dut_pc/mem_addr_q[21]_i_2_0
                         LUT6 (Prop_lut6_I5_O)        0.124    12.300 f  u_cpu/dut_pc/mem_addr_q[21]_i_6/O
                         net (fo=1, unplaced)         0.449    12.749    u_cpu/dut_pc/mem_addr_q[21]_i_6_n_0
                         LUT6 (Prop_lut6_I5_O)        0.124    12.873 f  u_cpu/dut_pc/mem_addr_q[21]_i_2/O
                         net (fo=4, unplaced)         0.756    13.629    u_cpu/dut_pc/cpu_mem_addr[21]
                         LUT3 (Prop_lut3_I0_O)        0.124    13.753 r  u_cpu/dut_pc/pc[31]_i_17/O
                         net (fo=1, unplaced)         0.941    14.694    u_cpu/dut_pc/pc[31]_i_17_n_0
                         LUT6 (Prop_lut6_I2_O)        0.124    14.818 r  u_cpu/dut_pc/pc[31]_i_10/O
                         net (fo=2, unplaced)         0.460    15.278    u_cpu/dut_pc/pc[31]_i_10_n_0
                         LUT6 (Prop_lut6_I4_O)        0.124    15.402 r  u_cpu/dut_pc/pc[31]_i_7/O
                         net (fo=59, unplaced)        0.535    15.937    u_cpu/dut_pc/pc[31]_i_7_n_0
                         LUT6 (Prop_lut6_I3_O)        0.124    16.061 r  u_cpu/dut_pc/pc[16]_i_1/O
                         net (fo=1, unplaced)         0.000    16.061    u_cpu/dut_pc/pc_next[16]
                         FDRE                                         r  u_cpu/dut_pc/pc_reg[16]/D
  -------------------------------------------------------------------    -------------------

                         (clock CLK rise edge)        0.000     0.000 r  
                                                      0.000     0.000 r  clk (IN)
                         net (fo=0)                   0.000     0.000    clk
                         IBUF (Prop_ibuf_I_O)         0.838     0.838 r  clk_IBUF_inst/O
                         net (fo=1, unplaced)         0.763     1.600    clk_IBUF
                         BUFG (Prop_bufg_I_O)         0.091     1.691 r  clk_IBUF_BUFG_inst/O
                         net (fo=11258, unplaced)     0.439     2.130    u_cpu/dut_pc/clk_IBUF_BUFG
                         FDRE                                         r  u_cpu/dut_pc/pc_reg[16]/C

Slack:                    inf
  Source:                 rstn
                            (input port)
  Destination:            u_cpu/dut_pc/pc_reg[17]/D
                            (rising edge-triggered cell FDRE clocked by CLK  {rise@0.000ns fall@10.000ns period=20.000ns})
  Path Group:             (none)
  Path Type:              Setup (Max at Slow Process Corner)
  Data Path Delay:        16.061ns  (logic 4.474ns (27.858%)  route 11.587ns (72.142%))
  Logic Levels:           23  (CARRY4=5 IBUF=1 LUT2=1 LUT3=1 LUT4=2 LUT5=1 LUT6=12)
  Clock Path Skew:        2.130ns (DCD - SCD + CPR)
    Destination Clock Delay (DCD):    2.130ns
    Source Clock Delay      (SCD):    0.000ns
    Clock Pessimism Removal (CPR):    0.000ns
  Clock Uncertainty:      0.325ns  ((TSJ^2 + TIJ^2)^1/2 + DJ) / 2 + PE + UU
    Total System Jitter     (TSJ):    0.050ns
    Total Input Jitter      (TIJ):    0.000ns
    Discrete Jitter          (DJ):    0.000ns
    Phase Error              (PE):    0.000ns
    User Uncertainty         (UU):    0.300ns
  Timing Exception:       False Path

    Location             Delay type                Incr(ns)  Path(ns)    Netlist Resource(s)
  -------------------------------------------------------------------    -------------------
                                                      0.000     0.000 r  rstn (IN)
                         net (fo=0)                   0.000     0.000    rstn
                         IBUF (Prop_ibuf_I_O)         0.971     0.971 r  rstn_IBUF_inst/O
                         net (fo=198, unplaced)       0.803     1.774    u_cpu/dut_pc/rstn_IBUF
                         LUT6 (Prop_lut6_I5_O)        0.124     1.898 r  u_cpu/dut_pc/cpu_stall_debug_OBUF_inst_i_17/O
                         net (fo=2, unplaced)         0.975     2.873    u_cpu/dut_pc/cpu_stall_debug_OBUF_inst_i_17_n_0
                         LUT6 (Prop_lut6_I0_O)        0.124     2.997 r  u_cpu/dut_pc/instruction_hold_q[31]_i_4/O
                         net (fo=40, unplaced)        0.526     3.523    u_cpu/dut_pc/instruction_hold_q[31]_i_4_n_0
                         LUT6 (Prop_lut6_I0_O)        0.124     3.647 r  u_cpu/dut_pc/instruction_hold_q[6]_i_4/O
                         net (fo=1, unplaced)         0.941     4.588    u_cpu/dut_pc/instruction_hold_q[6]_i_4_n_0
                         LUT6 (Prop_lut6_I4_O)        0.124     4.712 r  u_cpu/dut_pc/instruction_hold_q[6]_i_1/O
                         net (fo=5, unplaced)         0.693     5.405    u_cpu/dut_pc/pc_reg[6]_rep__3_13[6]
                         LUT6 (Prop_lut6_I0_O)        0.124     5.529 f  u_cpu/dut_pc/FSM_onehot_current_state[4]_i_6/O
                         net (fo=6, unplaced)         0.973     6.502    u_cpu/dut_pc/FSM_onehot_current_state[4]_i_6_n_0
                         LUT6 (Prop_lut6_I0_O)        0.124     6.626 f  u_cpu/dut_pc/pc_target1_carry_i_11/O
                         net (fo=38, unplaced)        1.016     7.642    u_cpu/dut_pc/imm_sel[1]
                         LUT6 (Prop_lut6_I0_O)        0.124     7.766 r  u_cpu/dut_pc/pc_target1_carry__0_i_10/O
                         net (fo=12, unplaced)        0.497     8.263    u_cpu/dut_pc/pc_target1_carry__0_i_10_n_0
                         LUT5 (Prop_lut5_I3_O)        0.124     8.387 r  u_cpu/dut_pc/pc_target1_carry__0_i_13/O
                         net (fo=6, unplaced)         0.481     8.868    u_cpu/dut_pc/imm_ext[5]
                         LUT4 (Prop_lut4_I3_O)        0.116     8.984 r  u_cpu/dut_pc/result0_carry__0_i_11/O
                         net (fo=6, unplaced)         0.481     9.465    u_cpu/dut_pc/src_b[5]
                         LUT2 (Prop_lut2_I1_O)        0.124     9.589 r  u_cpu/dut_pc/result0_carry__0_i_7/O
                         net (fo=1, unplaced)         0.000     9.589    u_cpu/dut_alu/mem_addr_q[4]_i_7[1]
                         CARRY4 (Prop_carry4_S[1]_CO[3])
                                                      0.533    10.122 r  u_cpu/dut_alu/result0_carry__0/CO[3]
                         net (fo=1, unplaced)         0.000    10.122    u_cpu/dut_alu/result0_carry__0_n_0
                         CARRY4 (Prop_carry4_CI_CO[3])
                                                      0.117    10.239 r  u_cpu/dut_alu/result0_carry__1/CO[3]
                         net (fo=1, unplaced)         0.000    10.239    u_cpu/dut_alu/result0_carry__1_n_0
                         CARRY4 (Prop_carry4_CI_CO[3])
                                                      0.117    10.356 r  u_cpu/dut_alu/result0_carry__2/CO[3]
                         net (fo=1, unplaced)         0.000    10.356    u_cpu/dut_alu/result0_carry__2_n_0
                         CARRY4 (Prop_carry4_CI_CO[3])
                                                      0.117    10.473 r  u_cpu/dut_alu/result0_carry__3/CO[3]
                         net (fo=1, unplaced)         0.000    10.473    u_cpu/dut_alu/result0_carry__3_n_0
                         CARRY4 (Prop_carry4_CI_O[1])
                                                      0.337    10.810 f  u_cpu/dut_alu/result0_carry__4/O[1]
                         net (fo=1, unplaced)         0.611    11.421    u_cpu/dut_alu/data0[21]
                         LUT4 (Prop_lut4_I0_O)        0.306    11.727 f  u_cpu/dut_alu/mem_addr_q[21]_i_12/O
                         net (fo=1, unplaced)         0.449    12.176    u_cpu/dut_pc/mem_addr_q[21]_i_2_0
                         LUT6 (Prop_lut6_I5_O)        0.124    12.300 f  u_cpu/dut_pc/mem_addr_q[21]_i_6/O
                         net (fo=1, unplaced)         0.449    12.749    u_cpu/dut_pc/mem_addr_q[21]_i_6_n_0
                         LUT6 (Prop_lut6_I5_O)        0.124    12.873 f  u_cpu/dut_pc/mem_addr_q[21]_i_2/O
                         net (fo=4, unplaced)         0.756    13.629    u_cpu/dut_pc/cpu_mem_addr[21]
                         LUT3 (Prop_lut3_I0_O)        0.124    13.753 r  u_cpu/dut_pc/pc[31]_i_17/O
                         net (fo=1, unplaced)         0.941    14.694    u_cpu/dut_pc/pc[31]_i_17_n_0
                         LUT6 (Prop_lut6_I2_O)        0.124    14.818 r  u_cpu/dut_pc/pc[31]_i_10/O
                         net (fo=2, unplaced)         0.460    15.278    u_cpu/dut_pc/pc[31]_i_10_n_0
                         LUT6 (Prop_lut6_I4_O)        0.124    15.402 r  u_cpu/dut_pc/pc[31]_i_7/O
                         net (fo=59, unplaced)        0.535    15.937    u_cpu/dut_pc/pc[31]_i_7_n_0
                         LUT6 (Prop_lut6_I3_O)        0.124    16.061 r  u_cpu/dut_pc/pc[17]_i_1/O
                         net (fo=1, unplaced)         0.000    16.061    u_cpu/dut_pc/pc_next[17]
                         FDRE                                         r  u_cpu/dut_pc/pc_reg[17]/D
  -------------------------------------------------------------------    -------------------

                         (clock CLK rise edge)        0.000     0.000 r  
                                                      0.000     0.000 r  clk (IN)
                         net (fo=0)                   0.000     0.000    clk
                         IBUF (Prop_ibuf_I_O)         0.838     0.838 r  clk_IBUF_inst/O
                         net (fo=1, unplaced)         0.763     1.600    clk_IBUF
                         BUFG (Prop_bufg_I_O)         0.091     1.691 r  clk_IBUF_BUFG_inst/O
                         net (fo=11258, unplaced)     0.439     2.130    u_cpu/dut_pc/clk_IBUF_BUFG
                         FDRE                                         r  u_cpu/dut_pc/pc_reg[17]/C

Slack:                    inf
  Source:                 rstn
                            (input port)
  Destination:            u_cpu/dut_pc/pc_reg[18]/D
                            (rising edge-triggered cell FDRE clocked by CLK  {rise@0.000ns fall@10.000ns period=20.000ns})
  Path Group:             (none)
  Path Type:              Setup (Max at Slow Process Corner)
  Data Path Delay:        16.061ns  (logic 4.474ns (27.858%)  route 11.587ns (72.142%))
  Logic Levels:           23  (CARRY4=5 IBUF=1 LUT2=1 LUT3=1 LUT4=2 LUT5=1 LUT6=12)
  Clock Path Skew:        2.130ns (DCD - SCD + CPR)
    Destination Clock Delay (DCD):    2.130ns
    Source Clock Delay      (SCD):    0.000ns
    Clock Pessimism Removal (CPR):    0.000ns
  Clock Uncertainty:      0.325ns  ((TSJ^2 + TIJ^2)^1/2 + DJ) / 2 + PE + UU
    Total System Jitter     (TSJ):    0.050ns
    Total Input Jitter      (TIJ):    0.000ns
    Discrete Jitter          (DJ):    0.000ns
    Phase Error              (PE):    0.000ns
    User Uncertainty         (UU):    0.300ns
  Timing Exception:       False Path

    Location             Delay type                Incr(ns)  Path(ns)    Netlist Resource(s)
  -------------------------------------------------------------------    -------------------
                                                      0.000     0.000 r  rstn (IN)
                         net (fo=0)                   0.000     0.000    rstn
                         IBUF (Prop_ibuf_I_O)         0.971     0.971 r  rstn_IBUF_inst/O
                         net (fo=198, unplaced)       0.803     1.774    u_cpu/dut_pc/rstn_IBUF
                         LUT6 (Prop_lut6_I5_O)        0.124     1.898 r  u_cpu/dut_pc/cpu_stall_debug_OBUF_inst_i_17/O
                         net (fo=2, unplaced)         0.975     2.873    u_cpu/dut_pc/cpu_stall_debug_OBUF_inst_i_17_n_0
                         LUT6 (Prop_lut6_I0_O)        0.124     2.997 r  u_cpu/dut_pc/instruction_hold_q[31]_i_4/O
                         net (fo=40, unplaced)        0.526     3.523    u_cpu/dut_pc/instruction_hold_q[31]_i_4_n_0
                         LUT6 (Prop_lut6_I0_O)        0.124     3.647 r  u_cpu/dut_pc/instruction_hold_q[6]_i_4/O
                         net (fo=1, unplaced)         0.941     4.588    u_cpu/dut_pc/instruction_hold_q[6]_i_4_n_0
                         LUT6 (Prop_lut6_I4_O)        0.124     4.712 r  u_cpu/dut_pc/instruction_hold_q[6]_i_1/O
                         net (fo=5, unplaced)         0.693     5.405    u_cpu/dut_pc/pc_reg[6]_rep__3_13[6]
                         LUT6 (Prop_lut6_I0_O)        0.124     5.529 f  u_cpu/dut_pc/FSM_onehot_current_state[4]_i_6/O
                         net (fo=6, unplaced)         0.973     6.502    u_cpu/dut_pc/FSM_onehot_current_state[4]_i_6_n_0
                         LUT6 (Prop_lut6_I0_O)        0.124     6.626 f  u_cpu/dut_pc/pc_target1_carry_i_11/O
                         net (fo=38, unplaced)        1.016     7.642    u_cpu/dut_pc/imm_sel[1]
                         LUT6 (Prop_lut6_I0_O)        0.124     7.766 r  u_cpu/dut_pc/pc_target1_carry__0_i_10/O
                         net (fo=12, unplaced)        0.497     8.263    u_cpu/dut_pc/pc_target1_carry__0_i_10_n_0
                         LUT5 (Prop_lut5_I3_O)        0.124     8.387 r  u_cpu/dut_pc/pc_target1_carry__0_i_13/O
                         net (fo=6, unplaced)         0.481     8.868    u_cpu/dut_pc/imm_ext[5]
                         LUT4 (Prop_lut4_I3_O)        0.116     8.984 r  u_cpu/dut_pc/result0_carry__0_i_11/O
                         net (fo=6, unplaced)         0.481     9.465    u_cpu/dut_pc/src_b[5]
                         LUT2 (Prop_lut2_I1_O)        0.124     9.589 r  u_cpu/dut_pc/result0_carry__0_i_7/O
                         net (fo=1, unplaced)         0.000     9.589    u_cpu/dut_alu/mem_addr_q[4]_i_7[1]
                         CARRY4 (Prop_carry4_S[1]_CO[3])
                                                      0.533    10.122 r  u_cpu/dut_alu/result0_carry__0/CO[3]
                         net (fo=1, unplaced)         0.000    10.122    u_cpu/dut_alu/result0_carry__0_n_0
                         CARRY4 (Prop_carry4_CI_CO[3])
                                                      0.117    10.239 r  u_cpu/dut_alu/result0_carry__1/CO[3]
                         net (fo=1, unplaced)         0.000    10.239    u_cpu/dut_alu/result0_carry__1_n_0
                         CARRY4 (Prop_carry4_CI_CO[3])
                                                      0.117    10.356 r  u_cpu/dut_alu/result0_carry__2/CO[3]
                         net (fo=1, unplaced)         0.000    10.356    u_cpu/dut_alu/result0_carry__2_n_0
                         CARRY4 (Prop_carry4_CI_CO[3])
                                                      0.117    10.473 r  u_cpu/dut_alu/result0_carry__3/CO[3]
                         net (fo=1, unplaced)         0.000    10.473    u_cpu/dut_alu/result0_carry__3_n_0
                         CARRY4 (Prop_carry4_CI_O[1])
                                                      0.337    10.810 f  u_cpu/dut_alu/result0_carry__4/O[1]
                         net (fo=1, unplaced)         0.611    11.421    u_cpu/dut_alu/data0[21]
                         LUT4 (Prop_lut4_I0_O)        0.306    11.727 f  u_cpu/dut_alu/mem_addr_q[21]_i_12/O
                         net (fo=1, unplaced)         0.449    12.176    u_cpu/dut_pc/mem_addr_q[21]_i_2_0
                         LUT6 (Prop_lut6_I5_O)        0.124    12.300 f  u_cpu/dut_pc/mem_addr_q[21]_i_6/O
                         net (fo=1, unplaced)         0.449    12.749    u_cpu/dut_pc/mem_addr_q[21]_i_6_n_0
                         LUT6 (Prop_lut6_I5_O)        0.124    12.873 f  u_cpu/dut_pc/mem_addr_q[21]_i_2/O
                         net (fo=4, unplaced)         0.756    13.629    u_cpu/dut_pc/cpu_mem_addr[21]
                         LUT3 (Prop_lut3_I0_O)        0.124    13.753 r  u_cpu/dut_pc/pc[31]_i_17/O
                         net (fo=1, unplaced)         0.941    14.694    u_cpu/dut_pc/pc[31]_i_17_n_0
                         LUT6 (Prop_lut6_I2_O)        0.124    14.818 r  u_cpu/dut_pc/pc[31]_i_10/O
                         net (fo=2, unplaced)         0.460    15.278    u_cpu/dut_pc/pc[31]_i_10_n_0
                         LUT6 (Prop_lut6_I4_O)        0.124    15.402 r  u_cpu/dut_pc/pc[31]_i_7/O
                         net (fo=59, unplaced)        0.535    15.937    u_cpu/dut_pc/pc[31]_i_7_n_0
                         LUT6 (Prop_lut6_I3_O)        0.124    16.061 r  u_cpu/dut_pc/pc[18]_i_1/O
                         net (fo=1, unplaced)         0.000    16.061    u_cpu/dut_pc/pc_next[18]
                         FDRE                                         r  u_cpu/dut_pc/pc_reg[18]/D
  -------------------------------------------------------------------    -------------------

                         (clock CLK rise edge)        0.000     0.000 r  
                                                      0.000     0.000 r  clk (IN)
                         net (fo=0)                   0.000     0.000    clk
                         IBUF (Prop_ibuf_I_O)         0.838     0.838 r  clk_IBUF_inst/O
                         net (fo=1, unplaced)         0.763     1.600    clk_IBUF
                         BUFG (Prop_bufg_I_O)         0.091     1.691 r  clk_IBUF_BUFG_inst/O
                         net (fo=11258, unplaced)     0.439     2.130    u_cpu/dut_pc/clk_IBUF_BUFG
                         FDRE                                         r  u_cpu/dut_pc/pc_reg[18]/C

Slack:                    inf
  Source:                 rstn
                            (input port)
  Destination:            u_cpu/dut_pc/pc_reg[19]/D
                            (rising edge-triggered cell FDRE clocked by CLK  {rise@0.000ns fall@10.000ns period=20.000ns})
  Path Group:             (none)
  Path Type:              Setup (Max at Slow Process Corner)
  Data Path Delay:        16.061ns  (logic 4.474ns (27.858%)  route 11.587ns (72.142%))
  Logic Levels:           23  (CARRY4=5 IBUF=1 LUT2=1 LUT3=1 LUT4=2 LUT5=1 LUT6=12)
  Clock Path Skew:        2.130ns (DCD - SCD + CPR)
    Destination Clock Delay (DCD):    2.130ns
    Source Clock Delay      (SCD):    0.000ns
    Clock Pessimism Removal (CPR):    0.000ns
  Clock Uncertainty:      0.325ns  ((TSJ^2 + TIJ^2)^1/2 + DJ) / 2 + PE + UU
    Total System Jitter     (TSJ):    0.050ns
    Total Input Jitter      (TIJ):    0.000ns
    Discrete Jitter          (DJ):    0.000ns
    Phase Error              (PE):    0.000ns
    User Uncertainty         (UU):    0.300ns
  Timing Exception:       False Path

    Location             Delay type                Incr(ns)  Path(ns)    Netlist Resource(s)
  -------------------------------------------------------------------    -------------------
                                                      0.000     0.000 r  rstn (IN)
                         net (fo=0)                   0.000     0.000    rstn
                         IBUF (Prop_ibuf_I_O)         0.971     0.971 r  rstn_IBUF_inst/O
                         net (fo=198, unplaced)       0.803     1.774    u_cpu/dut_pc/rstn_IBUF
                         LUT6 (Prop_lut6_I5_O)        0.124     1.898 r  u_cpu/dut_pc/cpu_stall_debug_OBUF_inst_i_17/O
                         net (fo=2, unplaced)         0.975     2.873    u_cpu/dut_pc/cpu_stall_debug_OBUF_inst_i_17_n_0
                         LUT6 (Prop_lut6_I0_O)        0.124     2.997 r  u_cpu/dut_pc/instruction_hold_q[31]_i_4/O
                         net (fo=40, unplaced)        0.526     3.523    u_cpu/dut_pc/instruction_hold_q[31]_i_4_n_0
                         LUT6 (Prop_lut6_I0_O)        0.124     3.647 r  u_cpu/dut_pc/instruction_hold_q[6]_i_4/O
                         net (fo=1, unplaced)         0.941     4.588    u_cpu/dut_pc/instruction_hold_q[6]_i_4_n_0
                         LUT6 (Prop_lut6_I4_O)        0.124     4.712 r  u_cpu/dut_pc/instruction_hold_q[6]_i_1/O
                         net (fo=5, unplaced)         0.693     5.405    u_cpu/dut_pc/pc_reg[6]_rep__3_13[6]
                         LUT6 (Prop_lut6_I0_O)        0.124     5.529 f  u_cpu/dut_pc/FSM_onehot_current_state[4]_i_6/O
                         net (fo=6, unplaced)         0.973     6.502    u_cpu/dut_pc/FSM_onehot_current_state[4]_i_6_n_0
                         LUT6 (Prop_lut6_I0_O)        0.124     6.626 f  u_cpu/dut_pc/pc_target1_carry_i_11/O
                         net (fo=38, unplaced)        1.016     7.642    u_cpu/dut_pc/imm_sel[1]
                         LUT6 (Prop_lut6_I0_O)        0.124     7.766 r  u_cpu/dut_pc/pc_target1_carry__0_i_10/O
                         net (fo=12, unplaced)        0.497     8.263    u_cpu/dut_pc/pc_target1_carry__0_i_10_n_0
                         LUT5 (Prop_lut5_I3_O)        0.124     8.387 r  u_cpu/dut_pc/pc_target1_carry__0_i_13/O
                         net (fo=6, unplaced)         0.481     8.868    u_cpu/dut_pc/imm_ext[5]
                         LUT4 (Prop_lut4_I3_O)        0.116     8.984 r  u_cpu/dut_pc/result0_carry__0_i_11/O
                         net (fo=6, unplaced)         0.481     9.465    u_cpu/dut_pc/src_b[5]
                         LUT2 (Prop_lut2_I1_O)        0.124     9.589 r  u_cpu/dut_pc/result0_carry__0_i_7/O
                         net (fo=1, unplaced)         0.000     9.589    u_cpu/dut_alu/mem_addr_q[4]_i_7[1]
                         CARRY4 (Prop_carry4_S[1]_CO[3])
                                                      0.533    10.122 r  u_cpu/dut_alu/result0_carry__0/CO[3]
                         net (fo=1, unplaced)         0.000    10.122    u_cpu/dut_alu/result0_carry__0_n_0
                         CARRY4 (Prop_carry4_CI_CO[3])
                                                      0.117    10.239 r  u_cpu/dut_alu/result0_carry__1/CO[3]
                         net (fo=1, unplaced)         0.000    10.239    u_cpu/dut_alu/result0_carry__1_n_0
                         CARRY4 (Prop_carry4_CI_CO[3])
                                                      0.117    10.356 r  u_cpu/dut_alu/result0_carry__2/CO[3]
                         net (fo=1, unplaced)         0.000    10.356    u_cpu/dut_alu/result0_carry__2_n_0
                         CARRY4 (Prop_carry4_CI_CO[3])
                                                      0.117    10.473 r  u_cpu/dut_alu/result0_carry__3/CO[3]
                         net (fo=1, unplaced)         0.000    10.473    u_cpu/dut_alu/result0_carry__3_n_0
                         CARRY4 (Prop_carry4_CI_O[1])
                                                      0.337    10.810 f  u_cpu/dut_alu/result0_carry__4/O[1]
                         net (fo=1, unplaced)         0.611    11.421    u_cpu/dut_alu/data0[21]
                         LUT4 (Prop_lut4_I0_O)        0.306    11.727 f  u_cpu/dut_alu/mem_addr_q[21]_i_12/O
                         net (fo=1, unplaced)         0.449    12.176    u_cpu/dut_pc/mem_addr_q[21]_i_2_0
                         LUT6 (Prop_lut6_I5_O)        0.124    12.300 f  u_cpu/dut_pc/mem_addr_q[21]_i_6/O
                         net (fo=1, unplaced)         0.449    12.749    u_cpu/dut_pc/mem_addr_q[21]_i_6_n_0
                         LUT6 (Prop_lut6_I5_O)        0.124    12.873 f  u_cpu/dut_pc/mem_addr_q[21]_i_2/O
                         net (fo=4, unplaced)         0.756    13.629    u_cpu/dut_pc/cpu_mem_addr[21]
                         LUT3 (Prop_lut3_I0_O)        0.124    13.753 r  u_cpu/dut_pc/pc[31]_i_17/O
                         net (fo=1, unplaced)         0.941    14.694    u_cpu/dut_pc/pc[31]_i_17_n_0
                         LUT6 (Prop_lut6_I2_O)        0.124    14.818 r  u_cpu/dut_pc/pc[31]_i_10/O
                         net (fo=2, unplaced)         0.460    15.278    u_cpu/dut_pc/pc[31]_i_10_n_0
                         LUT6 (Prop_lut6_I4_O)        0.124    15.402 r  u_cpu/dut_pc/pc[31]_i_7/O
                         net (fo=59, unplaced)        0.535    15.937    u_cpu/dut_pc/pc[31]_i_7_n_0
                         LUT6 (Prop_lut6_I3_O)        0.124    16.061 r  u_cpu/dut_pc/pc[19]_i_1/O
                         net (fo=1, unplaced)         0.000    16.061    u_cpu/dut_pc/pc_next[19]
                         FDRE                                         r  u_cpu/dut_pc/pc_reg[19]/D
  -------------------------------------------------------------------    -------------------

                         (clock CLK rise edge)        0.000     0.000 r  
                                                      0.000     0.000 r  clk (IN)
                         net (fo=0)                   0.000     0.000    clk
                         IBUF (Prop_ibuf_I_O)         0.838     0.838 r  clk_IBUF_inst/O
                         net (fo=1, unplaced)         0.763     1.600    clk_IBUF
                         BUFG (Prop_bufg_I_O)         0.091     1.691 r  clk_IBUF_BUFG_inst/O
                         net (fo=11258, unplaced)     0.439     2.130    u_cpu/dut_pc/clk_IBUF_BUFG
                         FDRE                                         r  u_cpu/dut_pc/pc_reg[19]/C

Slack:                    inf
  Source:                 rstn
                            (input port)
  Destination:            u_cpu/dut_pc/pc_reg[1]/D
                            (rising edge-triggered cell FDRE clocked by CLK  {rise@0.000ns fall@10.000ns period=20.000ns})
  Path Group:             (none)
  Path Type:              Setup (Max at Slow Process Corner)
  Data Path Delay:        16.061ns  (logic 4.474ns (27.858%)  route 11.587ns (72.142%))
  Logic Levels:           23  (CARRY4=5 IBUF=1 LUT2=1 LUT3=1 LUT4=2 LUT5=1 LUT6=12)
  Clock Path Skew:        2.130ns (DCD - SCD + CPR)
    Destination Clock Delay (DCD):    2.130ns
    Source Clock Delay      (SCD):    0.000ns
    Clock Pessimism Removal (CPR):    0.000ns
  Clock Uncertainty:      0.325ns  ((TSJ^2 + TIJ^2)^1/2 + DJ) / 2 + PE + UU
    Total System Jitter     (TSJ):    0.050ns
    Total Input Jitter      (TIJ):    0.000ns
    Discrete Jitter          (DJ):    0.000ns
    Phase Error              (PE):    0.000ns
    User Uncertainty         (UU):    0.300ns
  Timing Exception:       False Path

    Location             Delay type                Incr(ns)  Path(ns)    Netlist Resource(s)
  -------------------------------------------------------------------    -------------------
                                                      0.000     0.000 r  rstn (IN)
                         net (fo=0)                   0.000     0.000    rstn
                         IBUF (Prop_ibuf_I_O)         0.971     0.971 r  rstn_IBUF_inst/O
                         net (fo=198, unplaced)       0.803     1.774    u_cpu/dut_pc/rstn_IBUF
                         LUT6 (Prop_lut6_I5_O)        0.124     1.898 r  u_cpu/dut_pc/cpu_stall_debug_OBUF_inst_i_17/O
                         net (fo=2, unplaced)         0.975     2.873    u_cpu/dut_pc/cpu_stall_debug_OBUF_inst_i_17_n_0
                         LUT6 (Prop_lut6_I0_O)        0.124     2.997 r  u_cpu/dut_pc/instruction_hold_q[31]_i_4/O
                         net (fo=40, unplaced)        0.526     3.523    u_cpu/dut_pc/instruction_hold_q[31]_i_4_n_0
                         LUT6 (Prop_lut6_I0_O)        0.124     3.647 r  u_cpu/dut_pc/instruction_hold_q[6]_i_4/O
                         net (fo=1, unplaced)         0.941     4.588    u_cpu/dut_pc/instruction_hold_q[6]_i_4_n_0
                         LUT6 (Prop_lut6_I4_O)        0.124     4.712 r  u_cpu/dut_pc/instruction_hold_q[6]_i_1/O
                         net (fo=5, unplaced)         0.693     5.405    u_cpu/dut_pc/pc_reg[6]_rep__3_13[6]
                         LUT6 (Prop_lut6_I0_O)        0.124     5.529 f  u_cpu/dut_pc/FSM_onehot_current_state[4]_i_6/O
                         net (fo=6, unplaced)         0.973     6.502    u_cpu/dut_pc/FSM_onehot_current_state[4]_i_6_n_0
                         LUT6 (Prop_lut6_I0_O)        0.124     6.626 f  u_cpu/dut_pc/pc_target1_carry_i_11/O
                         net (fo=38, unplaced)        1.016     7.642    u_cpu/dut_pc/imm_sel[1]
                         LUT6 (Prop_lut6_I0_O)        0.124     7.766 r  u_cpu/dut_pc/pc_target1_carry__0_i_10/O
                         net (fo=12, unplaced)        0.497     8.263    u_cpu/dut_pc/pc_target1_carry__0_i_10_n_0
                         LUT5 (Prop_lut5_I3_O)        0.124     8.387 r  u_cpu/dut_pc/pc_target1_carry__0_i_13/O
                         net (fo=6, unplaced)         0.481     8.868    u_cpu/dut_pc/imm_ext[5]
                         LUT4 (Prop_lut4_I3_O)        0.116     8.984 r  u_cpu/dut_pc/result0_carry__0_i_11/O
                         net (fo=6, unplaced)         0.481     9.465    u_cpu/dut_pc/src_b[5]
                         LUT2 (Prop_lut2_I1_O)        0.124     9.589 r  u_cpu/dut_pc/result0_carry__0_i_7/O
                         net (fo=1, unplaced)         0.000     9.589    u_cpu/dut_alu/mem_addr_q[4]_i_7[1]
                         CARRY4 (Prop_carry4_S[1]_CO[3])
                                                      0.533    10.122 r  u_cpu/dut_alu/result0_carry__0/CO[3]
                         net (fo=1, unplaced)         0.000    10.122    u_cpu/dut_alu/result0_carry__0_n_0
                         CARRY4 (Prop_carry4_CI_CO[3])
                                                      0.117    10.239 r  u_cpu/dut_alu/result0_carry__1/CO[3]
                         net (fo=1, unplaced)         0.000    10.239    u_cpu/dut_alu/result0_carry__1_n_0
                         CARRY4 (Prop_carry4_CI_CO[3])
                                                      0.117    10.356 r  u_cpu/dut_alu/result0_carry__2/CO[3]
                         net (fo=1, unplaced)         0.000    10.356    u_cpu/dut_alu/result0_carry__2_n_0
                         CARRY4 (Prop_carry4_CI_CO[3])
                                                      0.117    10.473 r  u_cpu/dut_alu/result0_carry__3/CO[3]
                         net (fo=1, unplaced)         0.000    10.473    u_cpu/dut_alu/result0_carry__3_n_0
                         CARRY4 (Prop_carry4_CI_O[1])
                                                      0.337    10.810 f  u_cpu/dut_alu/result0_carry__4/O[1]
                         net (fo=1, unplaced)         0.611    11.421    u_cpu/dut_alu/data0[21]
                         LUT4 (Prop_lut4_I0_O)        0.306    11.727 f  u_cpu/dut_alu/mem_addr_q[21]_i_12/O
                         net (fo=1, unplaced)         0.449    12.176    u_cpu/dut_pc/mem_addr_q[21]_i_2_0
                         LUT6 (Prop_lut6_I5_O)        0.124    12.300 f  u_cpu/dut_pc/mem_addr_q[21]_i_6/O
                         net (fo=1, unplaced)         0.449    12.749    u_cpu/dut_pc/mem_addr_q[21]_i_6_n_0
                         LUT6 (Prop_lut6_I5_O)        0.124    12.873 f  u_cpu/dut_pc/mem_addr_q[21]_i_2/O
                         net (fo=4, unplaced)         0.756    13.629    u_cpu/dut_pc/cpu_mem_addr[21]
                         LUT3 (Prop_lut3_I0_O)        0.124    13.753 r  u_cpu/dut_pc/pc[31]_i_17/O
                         net (fo=1, unplaced)         0.941    14.694    u_cpu/dut_pc/pc[31]_i_17_n_0
                         LUT6 (Prop_lut6_I2_O)        0.124    14.818 r  u_cpu/dut_pc/pc[31]_i_10/O
                         net (fo=2, unplaced)         0.460    15.278    u_cpu/dut_pc/pc[31]_i_10_n_0
                         LUT6 (Prop_lut6_I4_O)        0.124    15.402 r  u_cpu/dut_pc/pc[31]_i_7/O
                         net (fo=59, unplaced)        0.535    15.937    u_cpu/dut_pc/pc[31]_i_7_n_0
                         LUT6 (Prop_lut6_I3_O)        0.124    16.061 r  u_cpu/dut_pc/pc[1]_i_1/O
                         net (fo=1, unplaced)         0.000    16.061    u_cpu/dut_pc/pc_next[1]
                         FDRE                                         r  u_cpu/dut_pc/pc_reg[1]/D
  -------------------------------------------------------------------    -------------------

                         (clock CLK rise edge)        0.000     0.000 r  
                                                      0.000     0.000 r  clk (IN)
                         net (fo=0)                   0.000     0.000    clk
                         IBUF (Prop_ibuf_I_O)         0.838     0.838 r  clk_IBUF_inst/O
                         net (fo=1, unplaced)         0.763     1.600    clk_IBUF
                         BUFG (Prop_bufg_I_O)         0.091     1.691 r  clk_IBUF_BUFG_inst/O
                         net (fo=11258, unplaced)     0.439     2.130    u_cpu/dut_pc/clk_IBUF_BUFG
                         FDRE                                         r  u_cpu/dut_pc/pc_reg[1]/C

Slack:                    inf
  Source:                 rstn
                            (input port)
  Destination:            u_cpu/dut_pc/pc_reg[20]/D
                            (rising edge-triggered cell FDRE clocked by CLK  {rise@0.000ns fall@10.000ns period=20.000ns})
  Path Group:             (none)
  Path Type:              Setup (Max at Slow Process Corner)
  Data Path Delay:        16.061ns  (logic 4.474ns (27.858%)  route 11.587ns (72.142%))
  Logic Levels:           23  (CARRY4=5 IBUF=1 LUT2=1 LUT3=1 LUT4=2 LUT5=1 LUT6=12)
  Clock Path Skew:        2.130ns (DCD - SCD + CPR)
    Destination Clock Delay (DCD):    2.130ns
    Source Clock Delay      (SCD):    0.000ns
    Clock Pessimism Removal (CPR):    0.000ns
  Clock Uncertainty:      0.325ns  ((TSJ^2 + TIJ^2)^1/2 + DJ) / 2 + PE + UU
    Total System Jitter     (TSJ):    0.050ns
    Total Input Jitter      (TIJ):    0.000ns
    Discrete Jitter          (DJ):    0.000ns
    Phase Error              (PE):    0.000ns
    User Uncertainty         (UU):    0.300ns
  Timing Exception:       False Path

    Location             Delay type                Incr(ns)  Path(ns)    Netlist Resource(s)
  -------------------------------------------------------------------    -------------------
                                                      0.000     0.000 r  rstn (IN)
                         net (fo=0)                   0.000     0.000    rstn
                         IBUF (Prop_ibuf_I_O)         0.971     0.971 r  rstn_IBUF_inst/O
                         net (fo=198, unplaced)       0.803     1.774    u_cpu/dut_pc/rstn_IBUF
                         LUT6 (Prop_lut6_I5_O)        0.124     1.898 r  u_cpu/dut_pc/cpu_stall_debug_OBUF_inst_i_17/O
                         net (fo=2, unplaced)         0.975     2.873    u_cpu/dut_pc/cpu_stall_debug_OBUF_inst_i_17_n_0
                         LUT6 (Prop_lut6_I0_O)        0.124     2.997 r  u_cpu/dut_pc/instruction_hold_q[31]_i_4/O
                         net (fo=40, unplaced)        0.526     3.523    u_cpu/dut_pc/instruction_hold_q[31]_i_4_n_0
                         LUT6 (Prop_lut6_I0_O)        0.124     3.647 r  u_cpu/dut_pc/instruction_hold_q[6]_i_4/O
                         net (fo=1, unplaced)         0.941     4.588    u_cpu/dut_pc/instruction_hold_q[6]_i_4_n_0
                         LUT6 (Prop_lut6_I4_O)        0.124     4.712 r  u_cpu/dut_pc/instruction_hold_q[6]_i_1/O
                         net (fo=5, unplaced)         0.693     5.405    u_cpu/dut_pc/pc_reg[6]_rep__3_13[6]
                         LUT6 (Prop_lut6_I0_O)        0.124     5.529 f  u_cpu/dut_pc/FSM_onehot_current_state[4]_i_6/O
                         net (fo=6, unplaced)         0.973     6.502    u_cpu/dut_pc/FSM_onehot_current_state[4]_i_6_n_0
                         LUT6 (Prop_lut6_I0_O)        0.124     6.626 f  u_cpu/dut_pc/pc_target1_carry_i_11/O
                         net (fo=38, unplaced)        1.016     7.642    u_cpu/dut_pc/imm_sel[1]
                         LUT6 (Prop_lut6_I0_O)        0.124     7.766 r  u_cpu/dut_pc/pc_target1_carry__0_i_10/O
                         net (fo=12, unplaced)        0.497     8.263    u_cpu/dut_pc/pc_target1_carry__0_i_10_n_0
                         LUT5 (Prop_lut5_I3_O)        0.124     8.387 r  u_cpu/dut_pc/pc_target1_carry__0_i_13/O
                         net (fo=6, unplaced)         0.481     8.868    u_cpu/dut_pc/imm_ext[5]
                         LUT4 (Prop_lut4_I3_O)        0.116     8.984 r  u_cpu/dut_pc/result0_carry__0_i_11/O
                         net (fo=6, unplaced)         0.481     9.465    u_cpu/dut_pc/src_b[5]
                         LUT2 (Prop_lut2_I1_O)        0.124     9.589 r  u_cpu/dut_pc/result0_carry__0_i_7/O
                         net (fo=1, unplaced)         0.000     9.589    u_cpu/dut_alu/mem_addr_q[4]_i_7[1]
                         CARRY4 (Prop_carry4_S[1]_CO[3])
                                                      0.533    10.122 r  u_cpu/dut_alu/result0_carry__0/CO[3]
                         net (fo=1, unplaced)         0.000    10.122    u_cpu/dut_alu/result0_carry__0_n_0
                         CARRY4 (Prop_carry4_CI_CO[3])
                                                      0.117    10.239 r  u_cpu/dut_alu/result0_carry__1/CO[3]
                         net (fo=1, unplaced)         0.000    10.239    u_cpu/dut_alu/result0_carry__1_n_0
                         CARRY4 (Prop_carry4_CI_CO[3])
                                                      0.117    10.356 r  u_cpu/dut_alu/result0_carry__2/CO[3]
                         net (fo=1, unplaced)         0.000    10.356    u_cpu/dut_alu/result0_carry__2_n_0
                         CARRY4 (Prop_carry4_CI_CO[3])
                                                      0.117    10.473 r  u_cpu/dut_alu/result0_carry__3/CO[3]
                         net (fo=1, unplaced)         0.000    10.473    u_cpu/dut_alu/result0_carry__3_n_0
                         CARRY4 (Prop_carry4_CI_O[1])
                                                      0.337    10.810 f  u_cpu/dut_alu/result0_carry__4/O[1]
                         net (fo=1, unplaced)         0.611    11.421    u_cpu/dut_alu/data0[21]
                         LUT4 (Prop_lut4_I0_O)        0.306    11.727 f  u_cpu/dut_alu/mem_addr_q[21]_i_12/O
                         net (fo=1, unplaced)         0.449    12.176    u_cpu/dut_pc/mem_addr_q[21]_i_2_0
                         LUT6 (Prop_lut6_I5_O)        0.124    12.300 f  u_cpu/dut_pc/mem_addr_q[21]_i_6/O
                         net (fo=1, unplaced)         0.449    12.749    u_cpu/dut_pc/mem_addr_q[21]_i_6_n_0
                         LUT6 (Prop_lut6_I5_O)        0.124    12.873 f  u_cpu/dut_pc/mem_addr_q[21]_i_2/O
                         net (fo=4, unplaced)         0.756    13.629    u_cpu/dut_pc/cpu_mem_addr[21]
                         LUT3 (Prop_lut3_I0_O)        0.124    13.753 r  u_cpu/dut_pc/pc[31]_i_17/O
                         net (fo=1, unplaced)         0.941    14.694    u_cpu/dut_pc/pc[31]_i_17_n_0
                         LUT6 (Prop_lut6_I2_O)        0.124    14.818 r  u_cpu/dut_pc/pc[31]_i_10/O
                         net (fo=2, unplaced)         0.460    15.278    u_cpu/dut_pc/pc[31]_i_10_n_0
                         LUT6 (Prop_lut6_I4_O)        0.124    15.402 r  u_cpu/dut_pc/pc[31]_i_7/O
                         net (fo=59, unplaced)        0.535    15.937    u_cpu/dut_pc/pc[31]_i_7_n_0
                         LUT6 (Prop_lut6_I3_O)        0.124    16.061 r  u_cpu/dut_pc/pc[20]_i_1/O
                         net (fo=1, unplaced)         0.000    16.061    u_cpu/dut_pc/pc_next[20]
                         FDRE                                         r  u_cpu/dut_pc/pc_reg[20]/D
  -------------------------------------------------------------------    -------------------

                         (clock CLK rise edge)        0.000     0.000 r  
                                                      0.000     0.000 r  clk (IN)
                         net (fo=0)                   0.000     0.000    clk
                         IBUF (Prop_ibuf_I_O)         0.838     0.838 r  clk_IBUF_inst/O
                         net (fo=1, unplaced)         0.763     1.600    clk_IBUF
                         BUFG (Prop_bufg_I_O)         0.091     1.691 r  clk_IBUF_BUFG_inst/O
                         net (fo=11258, unplaced)     0.439     2.130    u_cpu/dut_pc/clk_IBUF_BUFG
                         FDRE                                         r  u_cpu/dut_pc/pc_reg[20]/C

Slack:                    inf
  Source:                 rstn
                            (input port)
  Destination:            u_cpu/dut_pc/pc_reg[21]/D
                            (rising edge-triggered cell FDRE clocked by CLK  {rise@0.000ns fall@10.000ns period=20.000ns})
  Path Group:             (none)
  Path Type:              Setup (Max at Slow Process Corner)
  Data Path Delay:        16.061ns  (logic 4.474ns (27.858%)  route 11.587ns (72.142%))
  Logic Levels:           23  (CARRY4=5 IBUF=1 LUT2=1 LUT3=1 LUT4=2 LUT5=1 LUT6=12)
  Clock Path Skew:        2.130ns (DCD - SCD + CPR)
    Destination Clock Delay (DCD):    2.130ns
    Source Clock Delay      (SCD):    0.000ns
    Clock Pessimism Removal (CPR):    0.000ns
  Clock Uncertainty:      0.325ns  ((TSJ^2 + TIJ^2)^1/2 + DJ) / 2 + PE + UU
    Total System Jitter     (TSJ):    0.050ns
    Total Input Jitter      (TIJ):    0.000ns
    Discrete Jitter          (DJ):    0.000ns
    Phase Error              (PE):    0.000ns
    User Uncertainty         (UU):    0.300ns
  Timing Exception:       False Path

    Location             Delay type                Incr(ns)  Path(ns)    Netlist Resource(s)
  -------------------------------------------------------------------    -------------------
                                                      0.000     0.000 r  rstn (IN)
                         net (fo=0)                   0.000     0.000    rstn
                         IBUF (Prop_ibuf_I_O)         0.971     0.971 r  rstn_IBUF_inst/O
                         net (fo=198, unplaced)       0.803     1.774    u_cpu/dut_pc/rstn_IBUF
                         LUT6 (Prop_lut6_I5_O)        0.124     1.898 r  u_cpu/dut_pc/cpu_stall_debug_OBUF_inst_i_17/O
                         net (fo=2, unplaced)         0.975     2.873    u_cpu/dut_pc/cpu_stall_debug_OBUF_inst_i_17_n_0
                         LUT6 (Prop_lut6_I0_O)        0.124     2.997 r  u_cpu/dut_pc/instruction_hold_q[31]_i_4/O
                         net (fo=40, unplaced)        0.526     3.523    u_cpu/dut_pc/instruction_hold_q[31]_i_4_n_0
                         LUT6 (Prop_lut6_I0_O)        0.124     3.647 r  u_cpu/dut_pc/instruction_hold_q[6]_i_4/O
                         net (fo=1, unplaced)         0.941     4.588    u_cpu/dut_pc/instruction_hold_q[6]_i_4_n_0
                         LUT6 (Prop_lut6_I4_O)        0.124     4.712 r  u_cpu/dut_pc/instruction_hold_q[6]_i_1/O
                         net (fo=5, unplaced)         0.693     5.405    u_cpu/dut_pc/pc_reg[6]_rep__3_13[6]
                         LUT6 (Prop_lut6_I0_O)        0.124     5.529 f  u_cpu/dut_pc/FSM_onehot_current_state[4]_i_6/O
                         net (fo=6, unplaced)         0.973     6.502    u_cpu/dut_pc/FSM_onehot_current_state[4]_i_6_n_0
                         LUT6 (Prop_lut6_I0_O)        0.124     6.626 f  u_cpu/dut_pc/pc_target1_carry_i_11/O
                         net (fo=38, unplaced)        1.016     7.642    u_cpu/dut_pc/imm_sel[1]
                         LUT6 (Prop_lut6_I0_O)        0.124     7.766 r  u_cpu/dut_pc/pc_target1_carry__0_i_10/O
                         net (fo=12, unplaced)        0.497     8.263    u_cpu/dut_pc/pc_target1_carry__0_i_10_n_0
                         LUT5 (Prop_lut5_I3_O)        0.124     8.387 r  u_cpu/dut_pc/pc_target1_carry__0_i_13/O
                         net (fo=6, unplaced)         0.481     8.868    u_cpu/dut_pc/imm_ext[5]
                         LUT4 (Prop_lut4_I3_O)        0.116     8.984 r  u_cpu/dut_pc/result0_carry__0_i_11/O
                         net (fo=6, unplaced)         0.481     9.465    u_cpu/dut_pc/src_b[5]
                         LUT2 (Prop_lut2_I1_O)        0.124     9.589 r  u_cpu/dut_pc/result0_carry__0_i_7/O
                         net (fo=1, unplaced)         0.000     9.589    u_cpu/dut_alu/mem_addr_q[4]_i_7[1]
                         CARRY4 (Prop_carry4_S[1]_CO[3])
                                                      0.533    10.122 r  u_cpu/dut_alu/result0_carry__0/CO[3]
                         net (fo=1, unplaced)         0.000    10.122    u_cpu/dut_alu/result0_carry__0_n_0
                         CARRY4 (Prop_carry4_CI_CO[3])
                                                      0.117    10.239 r  u_cpu/dut_alu/result0_carry__1/CO[3]
                         net (fo=1, unplaced)         0.000    10.239    u_cpu/dut_alu/result0_carry__1_n_0
                         CARRY4 (Prop_carry4_CI_CO[3])
                                                      0.117    10.356 r  u_cpu/dut_alu/result0_carry__2/CO[3]
                         net (fo=1, unplaced)         0.000    10.356    u_cpu/dut_alu/result0_carry__2_n_0
                         CARRY4 (Prop_carry4_CI_CO[3])
                                                      0.117    10.473 r  u_cpu/dut_alu/result0_carry__3/CO[3]
                         net (fo=1, unplaced)         0.000    10.473    u_cpu/dut_alu/result0_carry__3_n_0
                         CARRY4 (Prop_carry4_CI_O[1])
                                                      0.337    10.810 f  u_cpu/dut_alu/result0_carry__4/O[1]
                         net (fo=1, unplaced)         0.611    11.421    u_cpu/dut_alu/data0[21]
                         LUT4 (Prop_lut4_I0_O)        0.306    11.727 f  u_cpu/dut_alu/mem_addr_q[21]_i_12/O
                         net (fo=1, unplaced)         0.449    12.176    u_cpu/dut_pc/mem_addr_q[21]_i_2_0
                         LUT6 (Prop_lut6_I5_O)        0.124    12.300 f  u_cpu/dut_pc/mem_addr_q[21]_i_6/O
                         net (fo=1, unplaced)         0.449    12.749    u_cpu/dut_pc/mem_addr_q[21]_i_6_n_0
                         LUT6 (Prop_lut6_I5_O)        0.124    12.873 f  u_cpu/dut_pc/mem_addr_q[21]_i_2/O
                         net (fo=4, unplaced)         0.756    13.629    u_cpu/dut_pc/cpu_mem_addr[21]
                         LUT3 (Prop_lut3_I0_O)        0.124    13.753 r  u_cpu/dut_pc/pc[31]_i_17/O
                         net (fo=1, unplaced)         0.941    14.694    u_cpu/dut_pc/pc[31]_i_17_n_0
                         LUT6 (Prop_lut6_I2_O)        0.124    14.818 r  u_cpu/dut_pc/pc[31]_i_10/O
                         net (fo=2, unplaced)         0.460    15.278    u_cpu/dut_pc/pc[31]_i_10_n_0
                         LUT6 (Prop_lut6_I4_O)        0.124    15.402 r  u_cpu/dut_pc/pc[31]_i_7/O
                         net (fo=59, unplaced)        0.535    15.937    u_cpu/dut_pc/pc[31]_i_7_n_0
                         LUT6 (Prop_lut6_I3_O)        0.124    16.061 r  u_cpu/dut_pc/pc[21]_i_1/O
                         net (fo=1, unplaced)         0.000    16.061    u_cpu/dut_pc/pc_next[21]
                         FDRE                                         r  u_cpu/dut_pc/pc_reg[21]/D
  -------------------------------------------------------------------    -------------------

                         (clock CLK rise edge)        0.000     0.000 r  
                                                      0.000     0.000 r  clk (IN)
                         net (fo=0)                   0.000     0.000    clk
                         IBUF (Prop_ibuf_I_O)         0.838     0.838 r  clk_IBUF_inst/O
                         net (fo=1, unplaced)         0.763     1.600    clk_IBUF
                         BUFG (Prop_bufg_I_O)         0.091     1.691 r  clk_IBUF_BUFG_inst/O
                         net (fo=11258, unplaced)     0.439     2.130    u_cpu/dut_pc/clk_IBUF_BUFG
                         FDRE                                         r  u_cpu/dut_pc/pc_reg[21]/C

Slack:                    inf
  Source:                 rstn
                            (input port)
  Destination:            u_cpu/dut_pc/pc_reg[22]/D
                            (rising edge-triggered cell FDRE clocked by CLK  {rise@0.000ns fall@10.000ns period=20.000ns})
  Path Group:             (none)
  Path Type:              Setup (Max at Slow Process Corner)
  Data Path Delay:        16.061ns  (logic 4.474ns (27.858%)  route 11.587ns (72.142%))
  Logic Levels:           23  (CARRY4=5 IBUF=1 LUT2=1 LUT3=1 LUT4=2 LUT5=1 LUT6=12)
  Clock Path Skew:        2.130ns (DCD - SCD + CPR)
    Destination Clock Delay (DCD):    2.130ns
    Source Clock Delay      (SCD):    0.000ns
    Clock Pessimism Removal (CPR):    0.000ns
  Clock Uncertainty:      0.325ns  ((TSJ^2 + TIJ^2)^1/2 + DJ) / 2 + PE + UU
    Total System Jitter     (TSJ):    0.050ns
    Total Input Jitter      (TIJ):    0.000ns
    Discrete Jitter          (DJ):    0.000ns
    Phase Error              (PE):    0.000ns
    User Uncertainty         (UU):    0.300ns
  Timing Exception:       False Path

    Location             Delay type                Incr(ns)  Path(ns)    Netlist Resource(s)
  -------------------------------------------------------------------    -------------------
                                                      0.000     0.000 r  rstn (IN)
                         net (fo=0)                   0.000     0.000    rstn
                         IBUF (Prop_ibuf_I_O)         0.971     0.971 r  rstn_IBUF_inst/O
                         net (fo=198, unplaced)       0.803     1.774    u_cpu/dut_pc/rstn_IBUF
                         LUT6 (Prop_lut6_I5_O)        0.124     1.898 r  u_cpu/dut_pc/cpu_stall_debug_OBUF_inst_i_17/O
                         net (fo=2, unplaced)         0.975     2.873    u_cpu/dut_pc/cpu_stall_debug_OBUF_inst_i_17_n_0
                         LUT6 (Prop_lut6_I0_O)        0.124     2.997 r  u_cpu/dut_pc/instruction_hold_q[31]_i_4/O
                         net (fo=40, unplaced)        0.526     3.523    u_cpu/dut_pc/instruction_hold_q[31]_i_4_n_0
                         LUT6 (Prop_lut6_I0_O)        0.124     3.647 r  u_cpu/dut_pc/instruction_hold_q[6]_i_4/O
                         net (fo=1, unplaced)         0.941     4.588    u_cpu/dut_pc/instruction_hold_q[6]_i_4_n_0
                         LUT6 (Prop_lut6_I4_O)        0.124     4.712 r  u_cpu/dut_pc/instruction_hold_q[6]_i_1/O
                         net (fo=5, unplaced)         0.693     5.405    u_cpu/dut_pc/pc_reg[6]_rep__3_13[6]
                         LUT6 (Prop_lut6_I0_O)        0.124     5.529 f  u_cpu/dut_pc/FSM_onehot_current_state[4]_i_6/O
                         net (fo=6, unplaced)         0.973     6.502    u_cpu/dut_pc/FSM_onehot_current_state[4]_i_6_n_0
                         LUT6 (Prop_lut6_I0_O)        0.124     6.626 f  u_cpu/dut_pc/pc_target1_carry_i_11/O
                         net (fo=38, unplaced)        1.016     7.642    u_cpu/dut_pc/imm_sel[1]
                         LUT6 (Prop_lut6_I0_O)        0.124     7.766 r  u_cpu/dut_pc/pc_target1_carry__0_i_10/O
                         net (fo=12, unplaced)        0.497     8.263    u_cpu/dut_pc/pc_target1_carry__0_i_10_n_0
                         LUT5 (Prop_lut5_I3_O)        0.124     8.387 r  u_cpu/dut_pc/pc_target1_carry__0_i_13/O
                         net (fo=6, unplaced)         0.481     8.868    u_cpu/dut_pc/imm_ext[5]
                         LUT4 (Prop_lut4_I3_O)        0.116     8.984 r  u_cpu/dut_pc/result0_carry__0_i_11/O
                         net (fo=6, unplaced)         0.481     9.465    u_cpu/dut_pc/src_b[5]
                         LUT2 (Prop_lut2_I1_O)        0.124     9.589 r  u_cpu/dut_pc/result0_carry__0_i_7/O
                         net (fo=1, unplaced)         0.000     9.589    u_cpu/dut_alu/mem_addr_q[4]_i_7[1]
                         CARRY4 (Prop_carry4_S[1]_CO[3])
                                                      0.533    10.122 r  u_cpu/dut_alu/result0_carry__0/CO[3]
                         net (fo=1, unplaced)         0.000    10.122    u_cpu/dut_alu/result0_carry__0_n_0
                         CARRY4 (Prop_carry4_CI_CO[3])
                                                      0.117    10.239 r  u_cpu/dut_alu/result0_carry__1/CO[3]
                         net (fo=1, unplaced)         0.000    10.239    u_cpu/dut_alu/result0_carry__1_n_0
                         CARRY4 (Prop_carry4_CI_CO[3])
                                                      0.117    10.356 r  u_cpu/dut_alu/result0_carry__2/CO[3]
                         net (fo=1, unplaced)         0.000    10.356    u_cpu/dut_alu/result0_carry__2_n_0
                         CARRY4 (Prop_carry4_CI_CO[3])
                                                      0.117    10.473 r  u_cpu/dut_alu/result0_carry__3/CO[3]
                         net (fo=1, unplaced)         0.000    10.473    u_cpu/dut_alu/result0_carry__3_n_0
                         CARRY4 (Prop_carry4_CI_O[1])
                                                      0.337    10.810 f  u_cpu/dut_alu/result0_carry__4/O[1]
                         net (fo=1, unplaced)         0.611    11.421    u_cpu/dut_alu/data0[21]
                         LUT4 (Prop_lut4_I0_O)        0.306    11.727 f  u_cpu/dut_alu/mem_addr_q[21]_i_12/O
                         net (fo=1, unplaced)         0.449    12.176    u_cpu/dut_pc/mem_addr_q[21]_i_2_0
                         LUT6 (Prop_lut6_I5_O)        0.124    12.300 f  u_cpu/dut_pc/mem_addr_q[21]_i_6/O
                         net (fo=1, unplaced)         0.449    12.749    u_cpu/dut_pc/mem_addr_q[21]_i_6_n_0
                         LUT6 (Prop_lut6_I5_O)        0.124    12.873 f  u_cpu/dut_pc/mem_addr_q[21]_i_2/O
                         net (fo=4, unplaced)         0.756    13.629    u_cpu/dut_pc/cpu_mem_addr[21]
                         LUT3 (Prop_lut3_I0_O)        0.124    13.753 r  u_cpu/dut_pc/pc[31]_i_17/O
                         net (fo=1, unplaced)         0.941    14.694    u_cpu/dut_pc/pc[31]_i_17_n_0
                         LUT6 (Prop_lut6_I2_O)        0.124    14.818 r  u_cpu/dut_pc/pc[31]_i_10/O
                         net (fo=2, unplaced)         0.460    15.278    u_cpu/dut_pc/pc[31]_i_10_n_0
                         LUT6 (Prop_lut6_I4_O)        0.124    15.402 r  u_cpu/dut_pc/pc[31]_i_7/O
                         net (fo=59, unplaced)        0.535    15.937    u_cpu/dut_pc/pc[31]_i_7_n_0
                         LUT6 (Prop_lut6_I3_O)        0.124    16.061 r  u_cpu/dut_pc/pc[22]_i_1/O
                         net (fo=1, unplaced)         0.000    16.061    u_cpu/dut_pc/pc_next[22]
                         FDRE                                         r  u_cpu/dut_pc/pc_reg[22]/D
  -------------------------------------------------------------------    -------------------

                         (clock CLK rise edge)        0.000     0.000 r  
                                                      0.000     0.000 r  clk (IN)
                         net (fo=0)                   0.000     0.000    clk
                         IBUF (Prop_ibuf_I_O)         0.838     0.838 r  clk_IBUF_inst/O
                         net (fo=1, unplaced)         0.763     1.600    clk_IBUF
                         BUFG (Prop_bufg_I_O)         0.091     1.691 r  clk_IBUF_BUFG_inst/O
                         net (fo=11258, unplaced)     0.439     2.130    u_cpu/dut_pc/clk_IBUF_BUFG
                         FDRE                                         r  u_cpu/dut_pc/pc_reg[22]/C

Slack:                    inf
  Source:                 rstn
                            (input port)
  Destination:            u_cpu/dut_pc/pc_reg[23]/D
                            (rising edge-triggered cell FDRE clocked by CLK  {rise@0.000ns fall@10.000ns period=20.000ns})
  Path Group:             (none)
  Path Type:              Setup (Max at Slow Process Corner)
  Data Path Delay:        16.061ns  (logic 4.474ns (27.858%)  route 11.587ns (72.142%))
  Logic Levels:           23  (CARRY4=5 IBUF=1 LUT2=1 LUT3=1 LUT4=2 LUT5=1 LUT6=12)
  Clock Path Skew:        2.130ns (DCD - SCD + CPR)
    Destination Clock Delay (DCD):    2.130ns
    Source Clock Delay      (SCD):    0.000ns
    Clock Pessimism Removal (CPR):    0.000ns
  Clock Uncertainty:      0.325ns  ((TSJ^2 + TIJ^2)^1/2 + DJ) / 2 + PE + UU
    Total System Jitter     (TSJ):    0.050ns
    Total Input Jitter      (TIJ):    0.000ns
    Discrete Jitter          (DJ):    0.000ns
    Phase Error              (PE):    0.000ns
    User Uncertainty         (UU):    0.300ns
  Timing Exception:       False Path

    Location             Delay type                Incr(ns)  Path(ns)    Netlist Resource(s)
  -------------------------------------------------------------------    -------------------
                                                      0.000     0.000 r  rstn (IN)
                         net (fo=0)                   0.000     0.000    rstn
                         IBUF (Prop_ibuf_I_O)         0.971     0.971 r  rstn_IBUF_inst/O
                         net (fo=198, unplaced)       0.803     1.774    u_cpu/dut_pc/rstn_IBUF
                         LUT6 (Prop_lut6_I5_O)        0.124     1.898 r  u_cpu/dut_pc/cpu_stall_debug_OBUF_inst_i_17/O
                         net (fo=2, unplaced)         0.975     2.873    u_cpu/dut_pc/cpu_stall_debug_OBUF_inst_i_17_n_0
                         LUT6 (Prop_lut6_I0_O)        0.124     2.997 r  u_cpu/dut_pc/instruction_hold_q[31]_i_4/O
                         net (fo=40, unplaced)        0.526     3.523    u_cpu/dut_pc/instruction_hold_q[31]_i_4_n_0
                         LUT6 (Prop_lut6_I0_O)        0.124     3.647 r  u_cpu/dut_pc/instruction_hold_q[6]_i_4/O
                         net (fo=1, unplaced)         0.941     4.588    u_cpu/dut_pc/instruction_hold_q[6]_i_4_n_0
                         LUT6 (Prop_lut6_I4_O)        0.124     4.712 r  u_cpu/dut_pc/instruction_hold_q[6]_i_1/O
                         net (fo=5, unplaced)         0.693     5.405    u_cpu/dut_pc/pc_reg[6]_rep__3_13[6]
                         LUT6 (Prop_lut6_I0_O)        0.124     5.529 f  u_cpu/dut_pc/FSM_onehot_current_state[4]_i_6/O
                         net (fo=6, unplaced)         0.973     6.502    u_cpu/dut_pc/FSM_onehot_current_state[4]_i_6_n_0
                         LUT6 (Prop_lut6_I0_O)        0.124     6.626 f  u_cpu/dut_pc/pc_target1_carry_i_11/O
                         net (fo=38, unplaced)        1.016     7.642    u_cpu/dut_pc/imm_sel[1]
                         LUT6 (Prop_lut6_I0_O)        0.124     7.766 r  u_cpu/dut_pc/pc_target1_carry__0_i_10/O
                         net (fo=12, unplaced)        0.497     8.263    u_cpu/dut_pc/pc_target1_carry__0_i_10_n_0
                         LUT5 (Prop_lut5_I3_O)        0.124     8.387 r  u_cpu/dut_pc/pc_target1_carry__0_i_13/O
                         net (fo=6, unplaced)         0.481     8.868    u_cpu/dut_pc/imm_ext[5]
                         LUT4 (Prop_lut4_I3_O)        0.116     8.984 r  u_cpu/dut_pc/result0_carry__0_i_11/O
                         net (fo=6, unplaced)         0.481     9.465    u_cpu/dut_pc/src_b[5]
                         LUT2 (Prop_lut2_I1_O)        0.124     9.589 r  u_cpu/dut_pc/result0_carry__0_i_7/O
                         net (fo=1, unplaced)         0.000     9.589    u_cpu/dut_alu/mem_addr_q[4]_i_7[1]
                         CARRY4 (Prop_carry4_S[1]_CO[3])
                                                      0.533    10.122 r  u_cpu/dut_alu/result0_carry__0/CO[3]
                         net (fo=1, unplaced)         0.000    10.122    u_cpu/dut_alu/result0_carry__0_n_0
                         CARRY4 (Prop_carry4_CI_CO[3])
                                                      0.117    10.239 r  u_cpu/dut_alu/result0_carry__1/CO[3]
                         net (fo=1, unplaced)         0.000    10.239    u_cpu/dut_alu/result0_carry__1_n_0
                         CARRY4 (Prop_carry4_CI_CO[3])
                                                      0.117    10.356 r  u_cpu/dut_alu/result0_carry__2/CO[3]
                         net (fo=1, unplaced)         0.000    10.356    u_cpu/dut_alu/result0_carry__2_n_0
                         CARRY4 (Prop_carry4_CI_CO[3])
                                                      0.117    10.473 r  u_cpu/dut_alu/result0_carry__3/CO[3]
                         net (fo=1, unplaced)         0.000    10.473    u_cpu/dut_alu/result0_carry__3_n_0
                         CARRY4 (Prop_carry4_CI_O[1])
                                                      0.337    10.810 f  u_cpu/dut_alu/result0_carry__4/O[1]
                         net (fo=1, unplaced)         0.611    11.421    u_cpu/dut_alu/data0[21]
                         LUT4 (Prop_lut4_I0_O)        0.306    11.727 f  u_cpu/dut_alu/mem_addr_q[21]_i_12/O
                         net (fo=1, unplaced)         0.449    12.176    u_cpu/dut_pc/mem_addr_q[21]_i_2_0
                         LUT6 (Prop_lut6_I5_O)        0.124    12.300 f  u_cpu/dut_pc/mem_addr_q[21]_i_6/O
                         net (fo=1, unplaced)         0.449    12.749    u_cpu/dut_pc/mem_addr_q[21]_i_6_n_0
                         LUT6 (Prop_lut6_I5_O)        0.124    12.873 f  u_cpu/dut_pc/mem_addr_q[21]_i_2/O
                         net (fo=4, unplaced)         0.756    13.629    u_cpu/dut_pc/cpu_mem_addr[21]
                         LUT3 (Prop_lut3_I0_O)        0.124    13.753 r  u_cpu/dut_pc/pc[31]_i_17/O
                         net (fo=1, unplaced)         0.941    14.694    u_cpu/dut_pc/pc[31]_i_17_n_0
                         LUT6 (Prop_lut6_I2_O)        0.124    14.818 r  u_cpu/dut_pc/pc[31]_i_10/O
                         net (fo=2, unplaced)         0.460    15.278    u_cpu/dut_pc/pc[31]_i_10_n_0
                         LUT6 (Prop_lut6_I4_O)        0.124    15.402 r  u_cpu/dut_pc/pc[31]_i_7/O
                         net (fo=59, unplaced)        0.535    15.937    u_cpu/dut_pc/pc[31]_i_7_n_0
                         LUT6 (Prop_lut6_I3_O)        0.124    16.061 r  u_cpu/dut_pc/pc[23]_i_1/O
                         net (fo=1, unplaced)         0.000    16.061    u_cpu/dut_pc/pc_next[23]
                         FDRE                                         r  u_cpu/dut_pc/pc_reg[23]/D
  -------------------------------------------------------------------    -------------------

                         (clock CLK rise edge)        0.000     0.000 r  
                                                      0.000     0.000 r  clk (IN)
                         net (fo=0)                   0.000     0.000    clk
                         IBUF (Prop_ibuf_I_O)         0.838     0.838 r  clk_IBUF_inst/O
                         net (fo=1, unplaced)         0.763     1.600    clk_IBUF
                         BUFG (Prop_bufg_I_O)         0.091     1.691 r  clk_IBUF_BUFG_inst/O
                         net (fo=11258, unplaced)     0.439     2.130    u_cpu/dut_pc/clk_IBUF_BUFG
                         FDRE                                         r  u_cpu/dut_pc/pc_reg[23]/C

Slack:                    inf
  Source:                 rstn
                            (input port)
  Destination:            u_cpu/dut_pc/pc_reg[24]/D
                            (rising edge-triggered cell FDRE clocked by CLK  {rise@0.000ns fall@10.000ns period=20.000ns})
  Path Group:             (none)
  Path Type:              Setup (Max at Slow Process Corner)
  Data Path Delay:        16.061ns  (logic 4.474ns (27.858%)  route 11.587ns (72.142%))
  Logic Levels:           23  (CARRY4=5 IBUF=1 LUT2=1 LUT3=1 LUT4=2 LUT5=1 LUT6=12)
  Clock Path Skew:        2.130ns (DCD - SCD + CPR)
    Destination Clock Delay (DCD):    2.130ns
    Source Clock Delay      (SCD):    0.000ns
    Clock Pessimism Removal (CPR):    0.000ns
  Clock Uncertainty:      0.325ns  ((TSJ^2 + TIJ^2)^1/2 + DJ) / 2 + PE + UU
    Total System Jitter     (TSJ):    0.050ns
    Total Input Jitter      (TIJ):    0.000ns
    Discrete Jitter          (DJ):    0.000ns
    Phase Error              (PE):    0.000ns
    User Uncertainty         (UU):    0.300ns
  Timing Exception:       False Path

    Location             Delay type                Incr(ns)  Path(ns)    Netlist Resource(s)
  -------------------------------------------------------------------    -------------------
                                                      0.000     0.000 r  rstn (IN)
                         net (fo=0)                   0.000     0.000    rstn
                         IBUF (Prop_ibuf_I_O)         0.971     0.971 r  rstn_IBUF_inst/O
                         net (fo=198, unplaced)       0.803     1.774    u_cpu/dut_pc/rstn_IBUF
                         LUT6 (Prop_lut6_I5_O)        0.124     1.898 r  u_cpu/dut_pc/cpu_stall_debug_OBUF_inst_i_17/O
                         net (fo=2, unplaced)         0.975     2.873    u_cpu/dut_pc/cpu_stall_debug_OBUF_inst_i_17_n_0
                         LUT6 (Prop_lut6_I0_O)        0.124     2.997 r  u_cpu/dut_pc/instruction_hold_q[31]_i_4/O
                         net (fo=40, unplaced)        0.526     3.523    u_cpu/dut_pc/instruction_hold_q[31]_i_4_n_0
                         LUT6 (Prop_lut6_I0_O)        0.124     3.647 r  u_cpu/dut_pc/instruction_hold_q[6]_i_4/O
                         net (fo=1, unplaced)         0.941     4.588    u_cpu/dut_pc/instruction_hold_q[6]_i_4_n_0
                         LUT6 (Prop_lut6_I4_O)        0.124     4.712 r  u_cpu/dut_pc/instruction_hold_q[6]_i_1/O
                         net (fo=5, unplaced)         0.693     5.405    u_cpu/dut_pc/pc_reg[6]_rep__3_13[6]
                         LUT6 (Prop_lut6_I0_O)        0.124     5.529 f  u_cpu/dut_pc/FSM_onehot_current_state[4]_i_6/O
                         net (fo=6, unplaced)         0.973     6.502    u_cpu/dut_pc/FSM_onehot_current_state[4]_i_6_n_0
                         LUT6 (Prop_lut6_I0_O)        0.124     6.626 f  u_cpu/dut_pc/pc_target1_carry_i_11/O
                         net (fo=38, unplaced)        1.016     7.642    u_cpu/dut_pc/imm_sel[1]
                         LUT6 (Prop_lut6_I0_O)        0.124     7.766 r  u_cpu/dut_pc/pc_target1_carry__0_i_10/O
                         net (fo=12, unplaced)        0.497     8.263    u_cpu/dut_pc/pc_target1_carry__0_i_10_n_0
                         LUT5 (Prop_lut5_I3_O)        0.124     8.387 r  u_cpu/dut_pc/pc_target1_carry__0_i_13/O
                         net (fo=6, unplaced)         0.481     8.868    u_cpu/dut_pc/imm_ext[5]
                         LUT4 (Prop_lut4_I3_O)        0.116     8.984 r  u_cpu/dut_pc/result0_carry__0_i_11/O
                         net (fo=6, unplaced)         0.481     9.465    u_cpu/dut_pc/src_b[5]
                         LUT2 (Prop_lut2_I1_O)        0.124     9.589 r  u_cpu/dut_pc/result0_carry__0_i_7/O
                         net (fo=1, unplaced)         0.000     9.589    u_cpu/dut_alu/mem_addr_q[4]_i_7[1]
                         CARRY4 (Prop_carry4_S[1]_CO[3])
                                                      0.533    10.122 r  u_cpu/dut_alu/result0_carry__0/CO[3]
                         net (fo=1, unplaced)         0.000    10.122    u_cpu/dut_alu/result0_carry__0_n_0
                         CARRY4 (Prop_carry4_CI_CO[3])
                                                      0.117    10.239 r  u_cpu/dut_alu/result0_carry__1/CO[3]
                         net (fo=1, unplaced)         0.000    10.239    u_cpu/dut_alu/result0_carry__1_n_0
                         CARRY4 (Prop_carry4_CI_CO[3])
                                                      0.117    10.356 r  u_cpu/dut_alu/result0_carry__2/CO[3]
                         net (fo=1, unplaced)         0.000    10.356    u_cpu/dut_alu/result0_carry__2_n_0
                         CARRY4 (Prop_carry4_CI_CO[3])
                                                      0.117    10.473 r  u_cpu/dut_alu/result0_carry__3/CO[3]
                         net (fo=1, unplaced)         0.000    10.473    u_cpu/dut_alu/result0_carry__3_n_0
                         CARRY4 (Prop_carry4_CI_O[1])
                                                      0.337    10.810 f  u_cpu/dut_alu/result0_carry__4/O[1]
                         net (fo=1, unplaced)         0.611    11.421    u_cpu/dut_alu/data0[21]
                         LUT4 (Prop_lut4_I0_O)        0.306    11.727 f  u_cpu/dut_alu/mem_addr_q[21]_i_12/O
                         net (fo=1, unplaced)         0.449    12.176    u_cpu/dut_pc/mem_addr_q[21]_i_2_0
                         LUT6 (Prop_lut6_I5_O)        0.124    12.300 f  u_cpu/dut_pc/mem_addr_q[21]_i_6/O
                         net (fo=1, unplaced)         0.449    12.749    u_cpu/dut_pc/mem_addr_q[21]_i_6_n_0
                         LUT6 (Prop_lut6_I5_O)        0.124    12.873 f  u_cpu/dut_pc/mem_addr_q[21]_i_2/O
                         net (fo=4, unplaced)         0.756    13.629    u_cpu/dut_pc/cpu_mem_addr[21]
                         LUT3 (Prop_lut3_I0_O)        0.124    13.753 r  u_cpu/dut_pc/pc[31]_i_17/O
                         net (fo=1, unplaced)         0.941    14.694    u_cpu/dut_pc/pc[31]_i_17_n_0
                         LUT6 (Prop_lut6_I2_O)        0.124    14.818 r  u_cpu/dut_pc/pc[31]_i_10/O
                         net (fo=2, unplaced)         0.460    15.278    u_cpu/dut_pc/pc[31]_i_10_n_0
                         LUT6 (Prop_lut6_I4_O)        0.124    15.402 r  u_cpu/dut_pc/pc[31]_i_7/O
                         net (fo=59, unplaced)        0.535    15.937    u_cpu/dut_pc/pc[31]_i_7_n_0
                         LUT6 (Prop_lut6_I3_O)        0.124    16.061 r  u_cpu/dut_pc/pc[24]_i_1/O
                         net (fo=1, unplaced)         0.000    16.061    u_cpu/dut_pc/pc_next[24]
                         FDRE                                         r  u_cpu/dut_pc/pc_reg[24]/D
  -------------------------------------------------------------------    -------------------

                         (clock CLK rise edge)        0.000     0.000 r  
                                                      0.000     0.000 r  clk (IN)
                         net (fo=0)                   0.000     0.000    clk
                         IBUF (Prop_ibuf_I_O)         0.838     0.838 r  clk_IBUF_inst/O
                         net (fo=1, unplaced)         0.763     1.600    clk_IBUF
                         BUFG (Prop_bufg_I_O)         0.091     1.691 r  clk_IBUF_BUFG_inst/O
                         net (fo=11258, unplaced)     0.439     2.130    u_cpu/dut_pc/clk_IBUF_BUFG
                         FDRE                                         r  u_cpu/dut_pc/pc_reg[24]/C

Slack:                    inf
  Source:                 rstn
                            (input port)
  Destination:            u_cpu/dut_pc/pc_reg[25]/D
                            (rising edge-triggered cell FDRE clocked by CLK  {rise@0.000ns fall@10.000ns period=20.000ns})
  Path Group:             (none)
  Path Type:              Setup (Max at Slow Process Corner)
  Data Path Delay:        16.061ns  (logic 4.474ns (27.858%)  route 11.587ns (72.142%))
  Logic Levels:           23  (CARRY4=5 IBUF=1 LUT2=1 LUT3=1 LUT4=2 LUT5=1 LUT6=12)
  Clock Path Skew:        2.130ns (DCD - SCD + CPR)
    Destination Clock Delay (DCD):    2.130ns
    Source Clock Delay      (SCD):    0.000ns
    Clock Pessimism Removal (CPR):    0.000ns
  Clock Uncertainty:      0.325ns  ((TSJ^2 + TIJ^2)^1/2 + DJ) / 2 + PE + UU
    Total System Jitter     (TSJ):    0.050ns
    Total Input Jitter      (TIJ):    0.000ns
    Discrete Jitter          (DJ):    0.000ns
    Phase Error              (PE):    0.000ns
    User Uncertainty         (UU):    0.300ns
  Timing Exception:       False Path

    Location             Delay type                Incr(ns)  Path(ns)    Netlist Resource(s)
  -------------------------------------------------------------------    -------------------
                                                      0.000     0.000 r  rstn (IN)
                         net (fo=0)                   0.000     0.000    rstn
                         IBUF (Prop_ibuf_I_O)         0.971     0.971 r  rstn_IBUF_inst/O
                         net (fo=198, unplaced)       0.803     1.774    u_cpu/dut_pc/rstn_IBUF
                         LUT6 (Prop_lut6_I5_O)        0.124     1.898 r  u_cpu/dut_pc/cpu_stall_debug_OBUF_inst_i_17/O
                         net (fo=2, unplaced)         0.975     2.873    u_cpu/dut_pc/cpu_stall_debug_OBUF_inst_i_17_n_0
                         LUT6 (Prop_lut6_I0_O)        0.124     2.997 r  u_cpu/dut_pc/instruction_hold_q[31]_i_4/O
                         net (fo=40, unplaced)        0.526     3.523    u_cpu/dut_pc/instruction_hold_q[31]_i_4_n_0
                         LUT6 (Prop_lut6_I0_O)        0.124     3.647 r  u_cpu/dut_pc/instruction_hold_q[6]_i_4/O
                         net (fo=1, unplaced)         0.941     4.588    u_cpu/dut_pc/instruction_hold_q[6]_i_4_n_0
                         LUT6 (Prop_lut6_I4_O)        0.124     4.712 r  u_cpu/dut_pc/instruction_hold_q[6]_i_1/O
                         net (fo=5, unplaced)         0.693     5.405    u_cpu/dut_pc/pc_reg[6]_rep__3_13[6]
                         LUT6 (Prop_lut6_I0_O)        0.124     5.529 f  u_cpu/dut_pc/FSM_onehot_current_state[4]_i_6/O
                         net (fo=6, unplaced)         0.973     6.502    u_cpu/dut_pc/FSM_onehot_current_state[4]_i_6_n_0
                         LUT6 (Prop_lut6_I0_O)        0.124     6.626 f  u_cpu/dut_pc/pc_target1_carry_i_11/O
                         net (fo=38, unplaced)        1.016     7.642    u_cpu/dut_pc/imm_sel[1]
                         LUT6 (Prop_lut6_I0_O)        0.124     7.766 r  u_cpu/dut_pc/pc_target1_carry__0_i_10/O
                         net (fo=12, unplaced)        0.497     8.263    u_cpu/dut_pc/pc_target1_carry__0_i_10_n_0
                         LUT5 (Prop_lut5_I3_O)        0.124     8.387 r  u_cpu/dut_pc/pc_target1_carry__0_i_13/O
                         net (fo=6, unplaced)         0.481     8.868    u_cpu/dut_pc/imm_ext[5]
                         LUT4 (Prop_lut4_I3_O)        0.116     8.984 r  u_cpu/dut_pc/result0_carry__0_i_11/O
                         net (fo=6, unplaced)         0.481     9.465    u_cpu/dut_pc/src_b[5]
                         LUT2 (Prop_lut2_I1_O)        0.124     9.589 r  u_cpu/dut_pc/result0_carry__0_i_7/O
                         net (fo=1, unplaced)         0.000     9.589    u_cpu/dut_alu/mem_addr_q[4]_i_7[1]
                         CARRY4 (Prop_carry4_S[1]_CO[3])
                                                      0.533    10.122 r  u_cpu/dut_alu/result0_carry__0/CO[3]
                         net (fo=1, unplaced)         0.000    10.122    u_cpu/dut_alu/result0_carry__0_n_0
                         CARRY4 (Prop_carry4_CI_CO[3])
                                                      0.117    10.239 r  u_cpu/dut_alu/result0_carry__1/CO[3]
                         net (fo=1, unplaced)         0.000    10.239    u_cpu/dut_alu/result0_carry__1_n_0
                         CARRY4 (Prop_carry4_CI_CO[3])
                                                      0.117    10.356 r  u_cpu/dut_alu/result0_carry__2/CO[3]
                         net (fo=1, unplaced)         0.000    10.356    u_cpu/dut_alu/result0_carry__2_n_0
                         CARRY4 (Prop_carry4_CI_CO[3])
                                                      0.117    10.473 r  u_cpu/dut_alu/result0_carry__3/CO[3]
                         net (fo=1, unplaced)         0.000    10.473    u_cpu/dut_alu/result0_carry__3_n_0
                         CARRY4 (Prop_carry4_CI_O[1])
                                                      0.337    10.810 f  u_cpu/dut_alu/result0_carry__4/O[1]
                         net (fo=1, unplaced)         0.611    11.421    u_cpu/dut_alu/data0[21]
                         LUT4 (Prop_lut4_I0_O)        0.306    11.727 f  u_cpu/dut_alu/mem_addr_q[21]_i_12/O
                         net (fo=1, unplaced)         0.449    12.176    u_cpu/dut_pc/mem_addr_q[21]_i_2_0
                         LUT6 (Prop_lut6_I5_O)        0.124    12.300 f  u_cpu/dut_pc/mem_addr_q[21]_i_6/O
                         net (fo=1, unplaced)         0.449    12.749    u_cpu/dut_pc/mem_addr_q[21]_i_6_n_0
                         LUT6 (Prop_lut6_I5_O)        0.124    12.873 f  u_cpu/dut_pc/mem_addr_q[21]_i_2/O
                         net (fo=4, unplaced)         0.756    13.629    u_cpu/dut_pc/cpu_mem_addr[21]
                         LUT3 (Prop_lut3_I0_O)        0.124    13.753 r  u_cpu/dut_pc/pc[31]_i_17/O
                         net (fo=1, unplaced)         0.941    14.694    u_cpu/dut_pc/pc[31]_i_17_n_0
                         LUT6 (Prop_lut6_I2_O)        0.124    14.818 r  u_cpu/dut_pc/pc[31]_i_10/O
                         net (fo=2, unplaced)         0.460    15.278    u_cpu/dut_pc/pc[31]_i_10_n_0
                         LUT6 (Prop_lut6_I4_O)        0.124    15.402 r  u_cpu/dut_pc/pc[31]_i_7/O
                         net (fo=59, unplaced)        0.535    15.937    u_cpu/dut_pc/pc[31]_i_7_n_0
                         LUT6 (Prop_lut6_I3_O)        0.124    16.061 r  u_cpu/dut_pc/pc[25]_i_1/O
                         net (fo=1, unplaced)         0.000    16.061    u_cpu/dut_pc/pc_next[25]
                         FDRE                                         r  u_cpu/dut_pc/pc_reg[25]/D
  -------------------------------------------------------------------    -------------------

                         (clock CLK rise edge)        0.000     0.000 r  
                                                      0.000     0.000 r  clk (IN)
                         net (fo=0)                   0.000     0.000    clk
                         IBUF (Prop_ibuf_I_O)         0.838     0.838 r  clk_IBUF_inst/O
                         net (fo=1, unplaced)         0.763     1.600    clk_IBUF
                         BUFG (Prop_bufg_I_O)         0.091     1.691 r  clk_IBUF_BUFG_inst/O
                         net (fo=11258, unplaced)     0.439     2.130    u_cpu/dut_pc/clk_IBUF_BUFG
                         FDRE                                         r  u_cpu/dut_pc/pc_reg[25]/C

Slack:                    inf
  Source:                 rstn
                            (input port)
  Destination:            u_cpu/dut_pc/pc_reg[26]/D
                            (rising edge-triggered cell FDRE clocked by CLK  {rise@0.000ns fall@10.000ns period=20.000ns})
  Path Group:             (none)
  Path Type:              Setup (Max at Slow Process Corner)
  Data Path Delay:        16.061ns  (logic 4.474ns (27.858%)  route 11.587ns (72.142%))
  Logic Levels:           23  (CARRY4=5 IBUF=1 LUT2=1 LUT3=1 LUT4=2 LUT5=1 LUT6=12)
  Clock Path Skew:        2.130ns (DCD - SCD + CPR)
    Destination Clock Delay (DCD):    2.130ns
    Source Clock Delay      (SCD):    0.000ns
    Clock Pessimism Removal (CPR):    0.000ns
  Clock Uncertainty:      0.325ns  ((TSJ^2 + TIJ^2)^1/2 + DJ) / 2 + PE + UU
    Total System Jitter     (TSJ):    0.050ns
    Total Input Jitter      (TIJ):    0.000ns
    Discrete Jitter          (DJ):    0.000ns
    Phase Error              (PE):    0.000ns
    User Uncertainty         (UU):    0.300ns
  Timing Exception:       False Path

    Location             Delay type                Incr(ns)  Path(ns)    Netlist Resource(s)
  -------------------------------------------------------------------    -------------------
                                                      0.000     0.000 r  rstn (IN)
                         net (fo=0)                   0.000     0.000    rstn
                         IBUF (Prop_ibuf_I_O)         0.971     0.971 r  rstn_IBUF_inst/O
                         net (fo=198, unplaced)       0.803     1.774    u_cpu/dut_pc/rstn_IBUF
                         LUT6 (Prop_lut6_I5_O)        0.124     1.898 r  u_cpu/dut_pc/cpu_stall_debug_OBUF_inst_i_17/O
                         net (fo=2, unplaced)         0.975     2.873    u_cpu/dut_pc/cpu_stall_debug_OBUF_inst_i_17_n_0
                         LUT6 (Prop_lut6_I0_O)        0.124     2.997 r  u_cpu/dut_pc/instruction_hold_q[31]_i_4/O
                         net (fo=40, unplaced)        0.526     3.523    u_cpu/dut_pc/instruction_hold_q[31]_i_4_n_0
                         LUT6 (Prop_lut6_I0_O)        0.124     3.647 r  u_cpu/dut_pc/instruction_hold_q[6]_i_4/O
                         net (fo=1, unplaced)         0.941     4.588    u_cpu/dut_pc/instruction_hold_q[6]_i_4_n_0
                         LUT6 (Prop_lut6_I4_O)        0.124     4.712 r  u_cpu/dut_pc/instruction_hold_q[6]_i_1/O
                         net (fo=5, unplaced)         0.693     5.405    u_cpu/dut_pc/pc_reg[6]_rep__3_13[6]
                         LUT6 (Prop_lut6_I0_O)        0.124     5.529 f  u_cpu/dut_pc/FSM_onehot_current_state[4]_i_6/O
                         net (fo=6, unplaced)         0.973     6.502    u_cpu/dut_pc/FSM_onehot_current_state[4]_i_6_n_0
                         LUT6 (Prop_lut6_I0_O)        0.124     6.626 f  u_cpu/dut_pc/pc_target1_carry_i_11/O
                         net (fo=38, unplaced)        1.016     7.642    u_cpu/dut_pc/imm_sel[1]
                         LUT6 (Prop_lut6_I0_O)        0.124     7.766 r  u_cpu/dut_pc/pc_target1_carry__0_i_10/O
                         net (fo=12, unplaced)        0.497     8.263    u_cpu/dut_pc/pc_target1_carry__0_i_10_n_0
                         LUT5 (Prop_lut5_I3_O)        0.124     8.387 r  u_cpu/dut_pc/pc_target1_carry__0_i_13/O
                         net (fo=6, unplaced)         0.481     8.868    u_cpu/dut_pc/imm_ext[5]
                         LUT4 (Prop_lut4_I3_O)        0.116     8.984 r  u_cpu/dut_pc/result0_carry__0_i_11/O
                         net (fo=6, unplaced)         0.481     9.465    u_cpu/dut_pc/src_b[5]
                         LUT2 (Prop_lut2_I1_O)        0.124     9.589 r  u_cpu/dut_pc/result0_carry__0_i_7/O
                         net (fo=1, unplaced)         0.000     9.589    u_cpu/dut_alu/mem_addr_q[4]_i_7[1]
                         CARRY4 (Prop_carry4_S[1]_CO[3])
                                                      0.533    10.122 r  u_cpu/dut_alu/result0_carry__0/CO[3]
                         net (fo=1, unplaced)         0.000    10.122    u_cpu/dut_alu/result0_carry__0_n_0
                         CARRY4 (Prop_carry4_CI_CO[3])
                                                      0.117    10.239 r  u_cpu/dut_alu/result0_carry__1/CO[3]
                         net (fo=1, unplaced)         0.000    10.239    u_cpu/dut_alu/result0_carry__1_n_0
                         CARRY4 (Prop_carry4_CI_CO[3])
                                                      0.117    10.356 r  u_cpu/dut_alu/result0_carry__2/CO[3]
                         net (fo=1, unplaced)         0.000    10.356    u_cpu/dut_alu/result0_carry__2_n_0
                         CARRY4 (Prop_carry4_CI_CO[3])
                                                      0.117    10.473 r  u_cpu/dut_alu/result0_carry__3/CO[3]
                         net (fo=1, unplaced)         0.000    10.473    u_cpu/dut_alu/result0_carry__3_n_0
                         CARRY4 (Prop_carry4_CI_O[1])
                                                      0.337    10.810 f  u_cpu/dut_alu/result0_carry__4/O[1]
                         net (fo=1, unplaced)         0.611    11.421    u_cpu/dut_alu/data0[21]
                         LUT4 (Prop_lut4_I0_O)        0.306    11.727 f  u_cpu/dut_alu/mem_addr_q[21]_i_12/O
                         net (fo=1, unplaced)         0.449    12.176    u_cpu/dut_pc/mem_addr_q[21]_i_2_0
                         LUT6 (Prop_lut6_I5_O)        0.124    12.300 f  u_cpu/dut_pc/mem_addr_q[21]_i_6/O
                         net (fo=1, unplaced)         0.449    12.749    u_cpu/dut_pc/mem_addr_q[21]_i_6_n_0
                         LUT6 (Prop_lut6_I5_O)        0.124    12.873 f  u_cpu/dut_pc/mem_addr_q[21]_i_2/O
                         net (fo=4, unplaced)         0.756    13.629    u_cpu/dut_pc/cpu_mem_addr[21]
                         LUT3 (Prop_lut3_I0_O)        0.124    13.753 r  u_cpu/dut_pc/pc[31]_i_17/O
                         net (fo=1, unplaced)         0.941    14.694    u_cpu/dut_pc/pc[31]_i_17_n_0
                         LUT6 (Prop_lut6_I2_O)        0.124    14.818 r  u_cpu/dut_pc/pc[31]_i_10/O
                         net (fo=2, unplaced)         0.460    15.278    u_cpu/dut_pc/pc[31]_i_10_n_0
                         LUT6 (Prop_lut6_I4_O)        0.124    15.402 r  u_cpu/dut_pc/pc[31]_i_7/O
                         net (fo=59, unplaced)        0.535    15.937    u_cpu/dut_pc/pc[31]_i_7_n_0
                         LUT6 (Prop_lut6_I3_O)        0.124    16.061 r  u_cpu/dut_pc/pc[26]_i_1/O
                         net (fo=1, unplaced)         0.000    16.061    u_cpu/dut_pc/pc_next[26]
                         FDRE                                         r  u_cpu/dut_pc/pc_reg[26]/D
  -------------------------------------------------------------------    -------------------

                         (clock CLK rise edge)        0.000     0.000 r  
                                                      0.000     0.000 r  clk (IN)
                         net (fo=0)                   0.000     0.000    clk
                         IBUF (Prop_ibuf_I_O)         0.838     0.838 r  clk_IBUF_inst/O
                         net (fo=1, unplaced)         0.763     1.600    clk_IBUF
                         BUFG (Prop_bufg_I_O)         0.091     1.691 r  clk_IBUF_BUFG_inst/O
                         net (fo=11258, unplaced)     0.439     2.130    u_cpu/dut_pc/clk_IBUF_BUFG
                         FDRE                                         r  u_cpu/dut_pc/pc_reg[26]/C

Slack:                    inf
  Source:                 rstn
                            (input port)
  Destination:            u_cpu/dut_pc/pc_reg[27]/D
                            (rising edge-triggered cell FDRE clocked by CLK  {rise@0.000ns fall@10.000ns period=20.000ns})
  Path Group:             (none)
  Path Type:              Setup (Max at Slow Process Corner)
  Data Path Delay:        16.061ns  (logic 4.474ns (27.858%)  route 11.587ns (72.142%))
  Logic Levels:           23  (CARRY4=5 IBUF=1 LUT2=1 LUT3=1 LUT4=2 LUT5=1 LUT6=12)
  Clock Path Skew:        2.130ns (DCD - SCD + CPR)
    Destination Clock Delay (DCD):    2.130ns
    Source Clock Delay      (SCD):    0.000ns
    Clock Pessimism Removal (CPR):    0.000ns
  Clock Uncertainty:      0.325ns  ((TSJ^2 + TIJ^2)^1/2 + DJ) / 2 + PE + UU
    Total System Jitter     (TSJ):    0.050ns
    Total Input Jitter      (TIJ):    0.000ns
    Discrete Jitter          (DJ):    0.000ns
    Phase Error              (PE):    0.000ns
    User Uncertainty         (UU):    0.300ns
  Timing Exception:       False Path

    Location             Delay type                Incr(ns)  Path(ns)    Netlist Resource(s)
  -------------------------------------------------------------------    -------------------
                                                      0.000     0.000 r  rstn (IN)
                         net (fo=0)                   0.000     0.000    rstn
                         IBUF (Prop_ibuf_I_O)         0.971     0.971 r  rstn_IBUF_inst/O
                         net (fo=198, unplaced)       0.803     1.774    u_cpu/dut_pc/rstn_IBUF
                         LUT6 (Prop_lut6_I5_O)        0.124     1.898 r  u_cpu/dut_pc/cpu_stall_debug_OBUF_inst_i_17/O
                         net (fo=2, unplaced)         0.975     2.873    u_cpu/dut_pc/cpu_stall_debug_OBUF_inst_i_17_n_0
                         LUT6 (Prop_lut6_I0_O)        0.124     2.997 r  u_cpu/dut_pc/instruction_hold_q[31]_i_4/O
                         net (fo=40, unplaced)        0.526     3.523    u_cpu/dut_pc/instruction_hold_q[31]_i_4_n_0
                         LUT6 (Prop_lut6_I0_O)        0.124     3.647 r  u_cpu/dut_pc/instruction_hold_q[6]_i_4/O
                         net (fo=1, unplaced)         0.941     4.588    u_cpu/dut_pc/instruction_hold_q[6]_i_4_n_0
                         LUT6 (Prop_lut6_I4_O)        0.124     4.712 r  u_cpu/dut_pc/instruction_hold_q[6]_i_1/O
                         net (fo=5, unplaced)         0.693     5.405    u_cpu/dut_pc/pc_reg[6]_rep__3_13[6]
                         LUT6 (Prop_lut6_I0_O)        0.124     5.529 f  u_cpu/dut_pc/FSM_onehot_current_state[4]_i_6/O
                         net (fo=6, unplaced)         0.973     6.502    u_cpu/dut_pc/FSM_onehot_current_state[4]_i_6_n_0
                         LUT6 (Prop_lut6_I0_O)        0.124     6.626 f  u_cpu/dut_pc/pc_target1_carry_i_11/O
                         net (fo=38, unplaced)        1.016     7.642    u_cpu/dut_pc/imm_sel[1]
                         LUT6 (Prop_lut6_I0_O)        0.124     7.766 r  u_cpu/dut_pc/pc_target1_carry__0_i_10/O
                         net (fo=12, unplaced)        0.497     8.263    u_cpu/dut_pc/pc_target1_carry__0_i_10_n_0
                         LUT5 (Prop_lut5_I3_O)        0.124     8.387 r  u_cpu/dut_pc/pc_target1_carry__0_i_13/O
                         net (fo=6, unplaced)         0.481     8.868    u_cpu/dut_pc/imm_ext[5]
                         LUT4 (Prop_lut4_I3_O)        0.116     8.984 r  u_cpu/dut_pc/result0_carry__0_i_11/O
                         net (fo=6, unplaced)         0.481     9.465    u_cpu/dut_pc/src_b[5]
                         LUT2 (Prop_lut2_I1_O)        0.124     9.589 r  u_cpu/dut_pc/result0_carry__0_i_7/O
                         net (fo=1, unplaced)         0.000     9.589    u_cpu/dut_alu/mem_addr_q[4]_i_7[1]
                         CARRY4 (Prop_carry4_S[1]_CO[3])
                                                      0.533    10.122 r  u_cpu/dut_alu/result0_carry__0/CO[3]
                         net (fo=1, unplaced)         0.000    10.122    u_cpu/dut_alu/result0_carry__0_n_0
                         CARRY4 (Prop_carry4_CI_CO[3])
                                                      0.117    10.239 r  u_cpu/dut_alu/result0_carry__1/CO[3]
                         net (fo=1, unplaced)         0.000    10.239    u_cpu/dut_alu/result0_carry__1_n_0
                         CARRY4 (Prop_carry4_CI_CO[3])
                                                      0.117    10.356 r  u_cpu/dut_alu/result0_carry__2/CO[3]
                         net (fo=1, unplaced)         0.000    10.356    u_cpu/dut_alu/result0_carry__2_n_0
                         CARRY4 (Prop_carry4_CI_CO[3])
                                                      0.117    10.473 r  u_cpu/dut_alu/result0_carry__3/CO[3]
                         net (fo=1, unplaced)         0.000    10.473    u_cpu/dut_alu/result0_carry__3_n_0
                         CARRY4 (Prop_carry4_CI_O[1])
                                                      0.337    10.810 f  u_cpu/dut_alu/result0_carry__4/O[1]
                         net (fo=1, unplaced)         0.611    11.421    u_cpu/dut_alu/data0[21]
                         LUT4 (Prop_lut4_I0_O)        0.306    11.727 f  u_cpu/dut_alu/mem_addr_q[21]_i_12/O
                         net (fo=1, unplaced)         0.449    12.176    u_cpu/dut_pc/mem_addr_q[21]_i_2_0
                         LUT6 (Prop_lut6_I5_O)        0.124    12.300 f  u_cpu/dut_pc/mem_addr_q[21]_i_6/O
                         net (fo=1, unplaced)         0.449    12.749    u_cpu/dut_pc/mem_addr_q[21]_i_6_n_0
                         LUT6 (Prop_lut6_I5_O)        0.124    12.873 f  u_cpu/dut_pc/mem_addr_q[21]_i_2/O
                         net (fo=4, unplaced)         0.756    13.629    u_cpu/dut_pc/cpu_mem_addr[21]
                         LUT3 (Prop_lut3_I0_O)        0.124    13.753 r  u_cpu/dut_pc/pc[31]_i_17/O
                         net (fo=1, unplaced)         0.941    14.694    u_cpu/dut_pc/pc[31]_i_17_n_0
                         LUT6 (Prop_lut6_I2_O)        0.124    14.818 r  u_cpu/dut_pc/pc[31]_i_10/O
                         net (fo=2, unplaced)         0.460    15.278    u_cpu/dut_pc/pc[31]_i_10_n_0
                         LUT6 (Prop_lut6_I4_O)        0.124    15.402 r  u_cpu/dut_pc/pc[31]_i_7/O
                         net (fo=59, unplaced)        0.535    15.937    u_cpu/dut_pc/pc[31]_i_7_n_0
                         LUT6 (Prop_lut6_I3_O)        0.124    16.061 r  u_cpu/dut_pc/pc[27]_i_1/O
                         net (fo=1, unplaced)         0.000    16.061    u_cpu/dut_pc/pc_next[27]
                         FDRE                                         r  u_cpu/dut_pc/pc_reg[27]/D
  -------------------------------------------------------------------    -------------------

                         (clock CLK rise edge)        0.000     0.000 r  
                                                      0.000     0.000 r  clk (IN)
                         net (fo=0)                   0.000     0.000    clk
                         IBUF (Prop_ibuf_I_O)         0.838     0.838 r  clk_IBUF_inst/O
                         net (fo=1, unplaced)         0.763     1.600    clk_IBUF
                         BUFG (Prop_bufg_I_O)         0.091     1.691 r  clk_IBUF_BUFG_inst/O
                         net (fo=11258, unplaced)     0.439     2.130    u_cpu/dut_pc/clk_IBUF_BUFG
                         FDRE                                         r  u_cpu/dut_pc/pc_reg[27]/C





--------------------------------------------------------------------------------------
Path Group:  (none)
From Clock:  CLK
  To Clock:  

Max Delay             3 Endpoints
Min Delay             0 Endpoints
--------------------------------------------------------------------------------------


Max Delay Paths
--------------------------------------------------------------------------------------
Slack:                    inf
  Source:                 u_cpu/dut_pc/pc_reg[4]_rep__8/C
                            (rising edge-triggered cell FDRE clocked by CLK  {rise@0.000ns fall@10.000ns period=20.000ns})
  Destination:            cpu_stall_debug
                            (output port)
  Path Group:             (none)
  Path Type:              Max at Slow Process Corner
  Data Path Delay:        13.436ns  (logic 5.352ns (39.834%)  route 8.084ns (60.166%))
  Logic Levels:           14  (CARRY4=2 LUT4=2 LUT5=2 LUT6=6 OBUF=1 RAMD32=1)
  Clock Uncertainty:      0.325ns  ((TSJ^2 + TIJ^2)^1/2 + DJ) / 2 + PE + UU
    Total System Jitter     (TSJ):    0.050ns
    Total Input Jitter      (TIJ):    0.000ns
    Discrete Jitter          (DJ):    0.000ns
    Phase Error              (PE):    0.000ns
    User Uncertainty         (UU):    0.300ns

    Location             Delay type                Incr(ns)  Path(ns)    Netlist Resource(s)
  -------------------------------------------------------------------    -------------------
                         (clock CLK rise edge)        0.000     0.000 r  
                                                      0.000     0.000 r  clk (IN)
                         net (fo=0)                   0.000     0.000    clk
                         IBUF (Prop_ibuf_I_O)         0.971     0.971 r  clk_IBUF_inst/O
                         net (fo=1, unplaced)         0.803     1.774    clk_IBUF
                         BUFG (Prop_bufg_I_O)         0.096     1.870 r  clk_IBUF_BUFG_inst/O
                         net (fo=11258, unplaced)     0.584     2.454    u_cpu/dut_pc/clk_IBUF_BUFG
                         FDRE                                         r  u_cpu/dut_pc/pc_reg[4]_rep__8/C
  -------------------------------------------------------------------    -------------------
                         FDRE (Prop_fdre_C_Q)         0.478     2.932 r  u_cpu/dut_pc/pc_reg[4]_rep__8/Q
                         net (fo=130, unplaced)       1.071     4.003    u_l1_icache/tag_array_reg_0_31_0_5/ADDRC0
                         RAMD32 (Prop_ramd32_RADR0_O)
                                                      0.324     4.327 r  u_l1_icache/tag_array_reg_0_31_0_5/RAMC/O
                         net (fo=1, unplaced)         0.941     5.268    u_cpu/dut_pc/lookup_hit1[4]
                         LUT6 (Prop_lut6_I1_O)        0.124     5.392 r  u_cpu/dut_pc/cpu_stall_debug_OBUF_inst_i_38/O
                         net (fo=1, unplaced)         0.000     5.392    u_cpu/dut_pc/cpu_stall_debug_OBUF_inst_i_38_n_0
                         CARRY4 (Prop_carry4_S[1]_CO[3])
                                                      0.533     5.925 r  u_cpu/dut_pc/cpu_stall_debug_OBUF_inst_i_23/CO[3]
                         net (fo=1, unplaced)         0.000     5.925    u_cpu/dut_pc/cpu_stall_debug_OBUF_inst_i_23_n_0
                         CARRY4 (Prop_carry4_CI_CO[3])
                                                      0.117     6.042 f  u_cpu/dut_pc/cpu_stall_debug_OBUF_inst_i_7/CO[3]
                         net (fo=4, unplaced)         0.772     6.814    u_cpu/dut_pc/u_l1_icache/lookup_hit0
                         LUT5 (Prop_lut5_I4_O)        0.124     6.938 f  u_cpu/dut_pc/cpu_stall_debug_OBUF_inst_i_2/O
                         net (fo=49, unplaced)        0.814     7.752    u_cpu/dut_pc/state_q_reg_1
                         LUT6 (Prop_lut6_I1_O)        0.124     7.876 f  u_cpu/dut_pc/instr_debug[3]_i_1/O
                         net (fo=11, unplaced)        0.778     8.654    u_cpu/dut_pc/state_q_reg_3
                         LUT6 (Prop_lut6_I3_O)        0.124     8.778 r  u_cpu/dut_pc/FSM_onehot_current_state[4]_i_6/O
                         net (fo=6, unplaced)         0.451     9.229    u_cpu/dut_pc/FSM_onehot_current_state[4]_i_6_n_0
                         LUT4 (Prop_lut4_I2_O)        0.150     9.379 r  u_cpu/dut_pc/cpu_stall_debug_OBUF_inst_i_18/O
                         net (fo=5, unplaced)         0.477     9.856    u_cpu/dut_pc/mem_read
                         LUT5 (Prop_lut5_I2_O)        0.124     9.980 r  u_cpu/dut_pc/FSM_onehot_current_state[4]_i_4/O
                         net (fo=75, unplaced)        0.541    10.521    u_cpu/dut_pc/u_cpu_axi_arbiter/select_data__0
                         LUT4 (Prop_lut4_I1_O)        0.124    10.645 r  u_cpu/dut_pc/FSM_onehot_current_state[4]_i_5/O
                         net (fo=5, unplaced)         0.477    11.122    u_cpu/dut_pc/axi_req_read
                         LUT6 (Prop_lut6_I3_O)        0.124    11.246 r  u_cpu/dut_pc/FSM_sequential_owner_q[1]_i_2/O
                         net (fo=10, unplaced)        0.492    11.738    u_cpu/dut_pc/FSM_onehot_current_state_reg[0]
                         LUT6 (Prop_lut6_I3_O)        0.124    11.862 r  u_cpu/dut_pc/cpu_stall_debug_OBUF_inst_i_5/O
                         net (fo=3, unplaced)         0.467    12.329    u_cpu/dut_pc/cpu_mem_stall
                         LUT6 (Prop_lut6_I5_O)        0.124    12.453 r  u_cpu/dut_pc/cpu_stall_debug_OBUF_inst_i_1/O
                         net (fo=1, unplaced)         0.803    13.256    cpu_stall_debug_OBUF
                         OBUF (Prop_obuf_I_O)         2.634    15.890 r  cpu_stall_debug_OBUF_inst/O
                         net (fo=0)                   0.000    15.890    cpu_stall_debug
                                                                      r  cpu_stall_debug (OUT)
  -------------------------------------------------------------------    -------------------

Slack:                    inf
  Source:                 u_uart_slave/u_uart_core/uart_tx_inst/tx_hold_buffer_reg[7]/C
                            (rising edge-triggered cell FDRE clocked by CLK  {rise@0.000ns fall@10.000ns period=20.000ns})
  Destination:            uart_tx_o
                            (output port)
  Path Group:             (none)
  Path Type:              Max at Slow Process Corner
  Data Path Delay:        6.172ns  (logic 3.952ns (64.033%)  route 2.220ns (35.967%))
  Logic Levels:           4  (LUT5=1 LUT6=1 MUXF7=1 OBUF=1)
  Clock Uncertainty:      0.325ns  ((TSJ^2 + TIJ^2)^1/2 + DJ) / 2 + PE + UU
    Total System Jitter     (TSJ):    0.050ns
    Total Input Jitter      (TIJ):    0.000ns
    Discrete Jitter          (DJ):    0.000ns
    Phase Error              (PE):    0.000ns
    User Uncertainty         (UU):    0.300ns

    Location             Delay type                Incr(ns)  Path(ns)    Netlist Resource(s)
  -------------------------------------------------------------------    -------------------
                         (clock CLK rise edge)        0.000     0.000 r  
                                                      0.000     0.000 r  clk (IN)
                         net (fo=0)                   0.000     0.000    clk
                         IBUF (Prop_ibuf_I_O)         0.971     0.971 r  clk_IBUF_inst/O
                         net (fo=1, unplaced)         0.803     1.774    clk_IBUF
                         BUFG (Prop_bufg_I_O)         0.096     1.870 r  clk_IBUF_BUFG_inst/O
                         net (fo=11258, unplaced)     0.584     2.454    u_uart_slave/u_uart_core/uart_tx_inst/clk_IBUF_BUFG
                         FDRE                                         r  u_uart_slave/u_uart_core/uart_tx_inst/tx_hold_buffer_reg[7]/C
  -------------------------------------------------------------------    -------------------
                         FDRE (Prop_fdre_C_Q)         0.478     2.932 r  u_uart_slave/u_uart_core/uart_tx_inst/tx_hold_buffer_reg[7]/Q
                         net (fo=1, unplaced)         0.965     3.897    u_uart_slave/u_uart_core/uart_tx_inst/tx_hold_buffer[7]
                         LUT6 (Prop_lut6_I0_O)        0.295     4.192 r  u_uart_slave/u_uart_core/uart_tx_inst/uart_tx_o_OBUF_inst_i_4/O
                         net (fo=1, unplaced)         0.000     4.192    u_uart_slave/u_uart_core/uart_tx_inst/uart_tx_o_OBUF_inst_i_4_n_0
                         MUXF7 (Prop_muxf7_I1_O)      0.247     4.439 r  u_uart_slave/u_uart_core/uart_tx_inst/uart_tx_o_OBUF_inst_i_2/O
                         net (fo=1, unplaced)         0.452     4.891    u_uart_slave/u_uart_core/uart_tx_inst/uart_tx_o_OBUF_inst_i_2_n_0
                         LUT5 (Prop_lut5_I2_O)        0.298     5.189 r  u_uart_slave/u_uart_core/uart_tx_inst/uart_tx_o_OBUF_inst_i_1/O
                         net (fo=1, unplaced)         0.803     5.992    uart_tx_o_OBUF
                         OBUF (Prop_obuf_I_O)         2.634     8.626 r  uart_tx_o_OBUF_inst/O
                         net (fo=0)                   0.000     8.626    uart_tx_o
                                                                      r  uart_tx_o (OUT)
  -------------------------------------------------------------------    -------------------

Slack:                    inf
  Source:                 u_aes_slave/done_q_reg/C
                            (rising edge-triggered cell FDRE clocked by CLK  {rise@0.000ns fall@10.000ns period=20.000ns})
  Destination:            aes_done_debug
                            (output port)
  Path Group:             (none)
  Path Type:              Max at Slow Process Corner
  Data Path Delay:        4.090ns  (logic 3.287ns (80.370%)  route 0.803ns (19.630%))
  Logic Levels:           1  (OBUF=1)
  Clock Uncertainty:      0.325ns  ((TSJ^2 + TIJ^2)^1/2 + DJ) / 2 + PE + UU
    Total System Jitter     (TSJ):    0.050ns
    Total Input Jitter      (TIJ):    0.000ns
    Discrete Jitter          (DJ):    0.000ns
    Phase Error              (PE):    0.000ns
    User Uncertainty         (UU):    0.300ns

    Location             Delay type                Incr(ns)  Path(ns)    Netlist Resource(s)
  -------------------------------------------------------------------    -------------------
                         (clock CLK rise edge)        0.000     0.000 r  
                                                      0.000     0.000 r  clk (IN)
                         net (fo=0)                   0.000     0.000    clk
                         IBUF (Prop_ibuf_I_O)         0.971     0.971 r  clk_IBUF_inst/O
                         net (fo=1, unplaced)         0.803     1.774    clk_IBUF
                         BUFG (Prop_bufg_I_O)         0.096     1.870 r  clk_IBUF_BUFG_inst/O
                         net (fo=11258, unplaced)     0.584     2.454    u_aes_slave/clk_IBUF_BUFG
                         FDRE                                         r  u_aes_slave/done_q_reg/C
  -------------------------------------------------------------------    -------------------
                         FDRE (Prop_fdre_C_Q)         0.478     2.932 r  u_aes_slave/done_q_reg/Q
                         net (fo=3, unplaced)         0.803     3.735    aes_done_debug_OBUF
                         OBUF (Prop_obuf_I_O)         2.809     6.544 r  aes_done_debug_OBUF_inst/O
                         net (fo=0)                   0.000     6.544    aes_done_debug
                                                                      r  aes_done_debug (OUT)
  -------------------------------------------------------------------    -------------------





