Copyright 1986-2022 Xilinx, Inc. All Rights Reserved. Copyright 2022-2025 Advanced Micro Devices, Inc. All Rights Reserved.
---------------------------------------------------------------------------------------------------------------------------------------------
| Tool Version : Vivado v.2025.2 (lin64) Build 6299465 Fri Nov 14 12:34:56 MST 2025
| Date         : Thu Sep 10 16:55:52 2026
| Host         : trungp1412 running 64-bit Red Hat Enterprise Linux 10.2 (Coughlan)"
RELEASE_TYPE=stable
| Command      : report_methodology -file /home/trungpham/PROJECT/KLTN/vivado_fmax_xc7a35t/post_route_methodology.rpt
| Design       : soc_top
| Device       : xc7a35tcpg236-1
| Speed File   : -1
| Design State : Fully Routed
---------------------------------------------------------------------------------------------------------------------------------------------

Report Methodology

Table of Contents
-----------------
1. REPORT SUMMARY
2. REPORT DETAILS

1. REPORT SUMMARY
-----------------
            Netlist: soc_top
          Floorplan: design_1
      Design limits: <entire design considered>
             Max checks: <unlimited>
             Checks found: 1003
+-----------+----------+-------------------------------+--------+
| Rule      | Severity | Description                   | Checks |
+-----------+----------+-------------------------------+--------+
| TIMING-16 | Warning  | Large setup violation         | 1000   |
| TIMING-18 | Warning  | Missing input or output delay | 3      |
+-----------+----------+-------------------------------+--------+

2. REPORT DETAILS
-----------------
TIMING-16#1 Warning
Large setup violation  
There is a large setup violation of -1.009 ns between u_aes_slave/awaddr_q_reg[6]/C (clocked by CLK) and u_aes_slave/key_q_reg[6][21]/CE (clocked by CLK). Large setup violations at the end of those stages might be difficult to fix during the post-placement implementation flow and could be the result of non-optimal XDC constraints or non-optimal design architecture
Related violations: <none>

TIMING-16#2 Warning
Large setup violation  
There is a large setup violation of -1.013 ns between u_aes_slave/awaddr_q_reg[6]/C (clocked by CLK) and u_aes_slave/key_q_reg[3][11]/CE (clocked by CLK). Large setup violations at the end of those stages might be difficult to fix during the post-placement implementation flow and could be the result of non-optimal XDC constraints or non-optimal design architecture
Related violations: <none>

TIMING-16#3 Warning
Large setup violation  
There is a large setup violation of -1.013 ns between u_aes_slave/awaddr_q_reg[6]/C (clocked by CLK) and u_aes_slave/key_q_reg[3][12]/CE (clocked by CLK). Large setup violations at the end of those stages might be difficult to fix during the post-placement implementation flow and could be the result of non-optimal XDC constraints or non-optimal design architecture
Related violations: <none>

TIMING-16#4 Warning
Large setup violation  
There is a large setup violation of -1.013 ns between u_aes_slave/awaddr_q_reg[6]/C (clocked by CLK) and u_aes_slave/key_q_reg[3][15]/CE (clocked by CLK). Large setup violations at the end of those stages might be difficult to fix during the post-placement implementation flow and could be the result of non-optimal XDC constraints or non-optimal design architecture
Related violations: <none>

TIMING-16#5 Warning
Large setup violation  
There is a large setup violation of -1.013 ns between u_aes_slave/awaddr_q_reg[6]/C (clocked by CLK) and u_aes_slave/key_q_reg[3][9]/CE (clocked by CLK). Large setup violations at the end of those stages might be difficult to fix during the post-placement implementation flow and could be the result of non-optimal XDC constraints or non-optimal design architecture
Related violations: <none>

TIMING-16#6 Warning
Large setup violation  
There is a large setup violation of -1.015 ns between u_aes_slave/u_aes_core/key_schedule_inst/key_state_reg_reg[10][230]/C (clocked by CLK) and u_aes_slave/u_aes_core/key_schedule_inst/key_state_reg_reg[11][122]/D (clocked by CLK). Large setup violations at the end of those stages might be difficult to fix during the post-placement implementation flow and could be the result of non-optimal XDC constraints or non-optimal design architecture
Related violations: <none>

TIMING-16#7 Warning
Large setup violation  
There is a large setup violation of -1.029 ns between u_aes_slave/awaddr_q_reg[6]/C (clocked by CLK) and u_aes_slave/key_q_reg[5][22]/CE (clocked by CLK). Large setup violations at the end of those stages might be difficult to fix during the post-placement implementation flow and could be the result of non-optimal XDC constraints or non-optimal design architecture
Related violations: <none>

TIMING-16#8 Warning
Large setup violation  
There is a large setup violation of -1.032 ns between u_aes_slave/awaddr_q_reg[6]/C (clocked by CLK) and u_aes_slave/pt_q_reg[2][22]/CE (clocked by CLK). Large setup violations at the end of those stages might be difficult to fix during the post-placement implementation flow and could be the result of non-optimal XDC constraints or non-optimal design architecture
Related violations: <none>

TIMING-16#9 Warning
Large setup violation  
There is a large setup violation of -1.043 ns between u_aes_slave/u_aes_core/key_schedule_inst/key_state_reg_reg[6][252]/C (clocked by CLK) and u_aes_slave/u_aes_core/key_schedule_inst/key_state_reg_reg[7][112]/D (clocked by CLK). Large setup violations at the end of those stages might be difficult to fix during the post-placement implementation flow and could be the result of non-optimal XDC constraints or non-optimal design architecture
Related violations: <none>

TIMING-16#10 Warning
Large setup violation  
There is a large setup violation of -1.045 ns between u_aes_slave/awaddr_q_reg[6]/C (clocked by CLK) and u_aes_slave/key_q_reg[7][10]/CE (clocked by CLK). Large setup violations at the end of those stages might be difficult to fix during the post-placement implementation flow and could be the result of non-optimal XDC constraints or non-optimal design architecture
Related violations: <none>

TIMING-16#11 Warning
Large setup violation  
There is a large setup violation of -1.045 ns between u_aes_slave/awaddr_q_reg[6]/C (clocked by CLK) and u_aes_slave/key_q_reg[7][13]/CE (clocked by CLK). Large setup violations at the end of those stages might be difficult to fix during the post-placement implementation flow and could be the result of non-optimal XDC constraints or non-optimal design architecture
Related violations: <none>

TIMING-16#12 Warning
Large setup violation  
There is a large setup violation of -1.045 ns between u_aes_slave/awaddr_q_reg[6]/C (clocked by CLK) and u_aes_slave/key_q_reg[7][14]/CE (clocked by CLK). Large setup violations at the end of those stages might be difficult to fix during the post-placement implementation flow and could be the result of non-optimal XDC constraints or non-optimal design architecture
Related violations: <none>

TIMING-16#13 Warning
Large setup violation  
There is a large setup violation of -1.045 ns between u_aes_slave/awaddr_q_reg[6]/C (clocked by CLK) and u_aes_slave/key_q_reg[7][15]/CE (clocked by CLK). Large setup violations at the end of those stages might be difficult to fix during the post-placement implementation flow and could be the result of non-optimal XDC constraints or non-optimal design architecture
Related violations: <none>

TIMING-16#14 Warning
Large setup violation  
There is a large setup violation of -1.045 ns between u_aes_slave/u_aes_core/key_schedule_inst/key_state_reg_reg[4][233]/C (clocked by CLK) and u_aes_slave/u_aes_core/key_schedule_inst/key_state_reg_reg[5][101]/D (clocked by CLK). Large setup violations at the end of those stages might be difficult to fix during the post-placement implementation flow and could be the result of non-optimal XDC constraints or non-optimal design architecture
Related violations: <none>

TIMING-16#15 Warning
Large setup violation  
There is a large setup violation of -1.050 ns between u_aes_slave/u_aes_core/key_schedule_inst/key_state_reg_reg[2][243]/C (clocked by CLK) and u_aes_slave/u_aes_core/key_schedule_inst/key_state_reg_reg[3][47]/D (clocked by CLK). Large setup violations at the end of those stages might be difficult to fix during the post-placement implementation flow and could be the result of non-optimal XDC constraints or non-optimal design architecture
Related violations: <none>

TIMING-16#16 Warning
Large setup violation  
There is a large setup violation of -1.055 ns between u_aes_slave/u_aes_core/key_schedule_inst/key_state_reg_reg[0][234]/C (clocked by CLK) and u_aes_slave/u_aes_core/key_schedule_inst/key_state_reg_reg[1][103]/D (clocked by CLK). Large setup violations at the end of those stages might be difficult to fix during the post-placement implementation flow and could be the result of non-optimal XDC constraints or non-optimal design architecture
Related violations: <none>

TIMING-16#17 Warning
Large setup violation  
There is a large setup violation of -1.060 ns between u_aes_slave/u_aes_core/key_schedule_inst/key_state_reg_reg[4][224]/C (clocked by CLK) and u_aes_slave/u_aes_core/key_schedule_inst/key_state_reg_reg[5][121]/D (clocked by CLK). Large setup violations at the end of those stages might be difficult to fix during the post-placement implementation flow and could be the result of non-optimal XDC constraints or non-optimal design architecture
Related violations: <none>

TIMING-16#18 Warning
Large setup violation  
There is a large setup violation of -1.080 ns between u_aes_slave/u_aes_core/key_schedule_inst/key_state_reg_reg[10][245]/C (clocked by CLK) and u_aes_slave/u_aes_core/key_schedule_inst/key_state_reg_reg[11][77]/D (clocked by CLK). Large setup violations at the end of those stages might be difficult to fix during the post-placement implementation flow and could be the result of non-optimal XDC constraints or non-optimal design architecture
Related violations: <none>

TIMING-16#19 Warning
Large setup violation  
There is a large setup violation of -1.082 ns between u_aes_slave/awaddr_q_reg[6]/C (clocked by CLK) and u_aes_slave/key_q_reg[3][24]/CE (clocked by CLK). Large setup violations at the end of those stages might be difficult to fix during the post-placement implementation flow and could be the result of non-optimal XDC constraints or non-optimal design architecture
Related violations: <none>

TIMING-16#20 Warning
Large setup violation  
There is a large setup violation of -1.082 ns between u_aes_slave/awaddr_q_reg[6]/C (clocked by CLK) and u_aes_slave/key_q_reg[3][25]/CE (clocked by CLK). Large setup violations at the end of those stages might be difficult to fix during the post-placement implementation flow and could be the result of non-optimal XDC constraints or non-optimal design architecture
Related violations: <none>

TIMING-16#21 Warning
Large setup violation  
There is a large setup violation of -1.082 ns between u_aes_slave/awaddr_q_reg[6]/C (clocked by CLK) and u_aes_slave/key_q_reg[3][26]/CE (clocked by CLK). Large setup violations at the end of those stages might be difficult to fix during the post-placement implementation flow and could be the result of non-optimal XDC constraints or non-optimal design architecture
Related violations: <none>

TIMING-16#22 Warning
Large setup violation  
There is a large setup violation of -1.082 ns between u_aes_slave/awaddr_q_reg[6]/C (clocked by CLK) and u_aes_slave/key_q_reg[3][27]/CE (clocked by CLK). Large setup violations at the end of those stages might be difficult to fix during the post-placement implementation flow and could be the result of non-optimal XDC constraints or non-optimal design architecture
Related violations: <none>

TIMING-16#23 Warning
Large setup violation  
There is a large setup violation of -1.082 ns between u_aes_slave/awaddr_q_reg[6]/C (clocked by CLK) and u_aes_slave/key_q_reg[3][28]/CE (clocked by CLK). Large setup violations at the end of those stages might be difficult to fix during the post-placement implementation flow and could be the result of non-optimal XDC constraints or non-optimal design architecture
Related violations: <none>

TIMING-16#24 Warning
Large setup violation  
There is a large setup violation of -1.082 ns between u_aes_slave/awaddr_q_reg[6]/C (clocked by CLK) and u_aes_slave/key_q_reg[3][29]/CE (clocked by CLK). Large setup violations at the end of those stages might be difficult to fix during the post-placement implementation flow and could be the result of non-optimal XDC constraints or non-optimal design architecture
Related violations: <none>

TIMING-16#25 Warning
Large setup violation  
There is a large setup violation of -1.082 ns between u_aes_slave/awaddr_q_reg[6]/C (clocked by CLK) and u_aes_slave/key_q_reg[3][30]/CE (clocked by CLK). Large setup violations at the end of those stages might be difficult to fix during the post-placement implementation flow and could be the result of non-optimal XDC constraints or non-optimal design architecture
Related violations: <none>

TIMING-16#26 Warning
Large setup violation  
There is a large setup violation of -1.082 ns between u_aes_slave/awaddr_q_reg[6]/C (clocked by CLK) and u_aes_slave/key_q_reg[3][31]/CE (clocked by CLK). Large setup violations at the end of those stages might be difficult to fix during the post-placement implementation flow and could be the result of non-optimal XDC constraints or non-optimal design architecture
Related violations: <none>

TIMING-16#27 Warning
Large setup violation  
There is a large setup violation of -1.082 ns between u_aes_slave/awaddr_q_reg[6]/C (clocked by CLK) and u_aes_slave/key_q_reg[7][0]/CE (clocked by CLK). Large setup violations at the end of those stages might be difficult to fix during the post-placement implementation flow and could be the result of non-optimal XDC constraints or non-optimal design architecture
Related violations: <none>

TIMING-16#28 Warning
Large setup violation  
There is a large setup violation of -1.091 ns between u_aes_slave/awaddr_q_reg[6]/C (clocked by CLK) and u_aes_slave/key_q_reg[1][10]/CE (clocked by CLK). Large setup violations at the end of those stages might be difficult to fix during the post-placement implementation flow and could be the result of non-optimal XDC constraints or non-optimal design architecture
Related violations: <none>

TIMING-16#29 Warning
Large setup violation  
There is a large setup violation of -1.091 ns between u_aes_slave/awaddr_q_reg[6]/C (clocked by CLK) and u_aes_slave/key_q_reg[1][11]/CE (clocked by CLK). Large setup violations at the end of those stages might be difficult to fix during the post-placement implementation flow and could be the result of non-optimal XDC constraints or non-optimal design architecture
Related violations: <none>

TIMING-16#30 Warning
Large setup violation  
There is a large setup violation of -1.091 ns between u_aes_slave/awaddr_q_reg[6]/C (clocked by CLK) and u_aes_slave/key_q_reg[1][12]/CE (clocked by CLK). Large setup violations at the end of those stages might be difficult to fix during the post-placement implementation flow and could be the result of non-optimal XDC constraints or non-optimal design architecture
Related violations: <none>

TIMING-16#31 Warning
Large setup violation  
There is a large setup violation of -1.091 ns between u_aes_slave/awaddr_q_reg[6]/C (clocked by CLK) and u_aes_slave/key_q_reg[1][13]/CE (clocked by CLK). Large setup violations at the end of those stages might be difficult to fix during the post-placement implementation flow and could be the result of non-optimal XDC constraints or non-optimal design architecture
Related violations: <none>

TIMING-16#32 Warning
Large setup violation  
There is a large setup violation of -1.091 ns between u_aes_slave/awaddr_q_reg[6]/C (clocked by CLK) and u_aes_slave/key_q_reg[1][14]/CE (clocked by CLK). Large setup violations at the end of those stages might be difficult to fix during the post-placement implementation flow and could be the result of non-optimal XDC constraints or non-optimal design architecture
Related violations: <none>

TIMING-16#33 Warning
Large setup violation  
There is a large setup violation of -1.091 ns between u_aes_slave/awaddr_q_reg[6]/C (clocked by CLK) and u_aes_slave/key_q_reg[1][15]/CE (clocked by CLK). Large setup violations at the end of those stages might be difficult to fix during the post-placement implementation flow and could be the result of non-optimal XDC constraints or non-optimal design architecture
Related violations: <none>

TIMING-16#34 Warning
Large setup violation  
There is a large setup violation of -1.091 ns between u_aes_slave/awaddr_q_reg[6]/C (clocked by CLK) and u_aes_slave/key_q_reg[1][8]/CE (clocked by CLK). Large setup violations at the end of those stages might be difficult to fix during the post-placement implementation flow and could be the result of non-optimal XDC constraints or non-optimal design architecture
Related violations: <none>

TIMING-16#35 Warning
Large setup violation  
There is a large setup violation of -1.091 ns between u_aes_slave/awaddr_q_reg[6]/C (clocked by CLK) and u_aes_slave/key_q_reg[1][9]/CE (clocked by CLK). Large setup violations at the end of those stages might be difficult to fix during the post-placement implementation flow and could be the result of non-optimal XDC constraints or non-optimal design architecture
Related violations: <none>

TIMING-16#36 Warning
Large setup violation  
There is a large setup violation of -1.110 ns between u_aes_slave/u_aes_core/key_schedule_inst/key_state_reg_reg[0][224]/C (clocked by CLK) and u_aes_slave/u_aes_core/key_schedule_inst/key_state_reg_reg[1][29]/D (clocked by CLK). Large setup violations at the end of those stages might be difficult to fix during the post-placement implementation flow and could be the result of non-optimal XDC constraints or non-optimal design architecture
Related violations: <none>

TIMING-16#37 Warning
Large setup violation  
There is a large setup violation of -1.120 ns between u_aes_slave/u_aes_core/valid_reg_reg[14]/C (clocked by CLK) and u_aes_slave/ct_q_reg[0][5]/CE (clocked by CLK). Large setup violations at the end of those stages might be difficult to fix during the post-placement implementation flow and could be the result of non-optimal XDC constraints or non-optimal design architecture
Related violations: <none>

TIMING-16#38 Warning
Large setup violation  
There is a large setup violation of -1.120 ns between u_aes_slave/u_aes_core/valid_reg_reg[14]/C (clocked by CLK) and u_aes_slave/ct_q_reg[1][5]/CE (clocked by CLK). Large setup violations at the end of those stages might be difficult to fix during the post-placement implementation flow and could be the result of non-optimal XDC constraints or non-optimal design architecture
Related violations: <none>

TIMING-16#39 Warning
Large setup violation  
There is a large setup violation of -1.120 ns between u_aes_slave/u_aes_core/valid_reg_reg[14]/C (clocked by CLK) and u_aes_slave/ct_q_reg[2][5]/CE (clocked by CLK). Large setup violations at the end of those stages might be difficult to fix during the post-placement implementation flow and could be the result of non-optimal XDC constraints or non-optimal design architecture
Related violations: <none>

TIMING-16#40 Warning
Large setup violation  
There is a large setup violation of -1.120 ns between u_aes_slave/u_aes_core/valid_reg_reg[14]/C (clocked by CLK) and u_aes_slave/ct_q_reg[3][5]/CE (clocked by CLK). Large setup violations at the end of those stages might be difficult to fix during the post-placement implementation flow and could be the result of non-optimal XDC constraints or non-optimal design architecture
Related violations: <none>

TIMING-16#41 Warning
Large setup violation  
There is a large setup violation of -1.129 ns between u_aes_slave/u_aes_core/key_schedule_inst/key_state_reg_reg[2][245]/C (clocked by CLK) and u_aes_slave/u_aes_core/key_schedule_inst/key_state_reg_reg[3][75]/D (clocked by CLK). Large setup violations at the end of those stages might be difficult to fix during the post-placement implementation flow and could be the result of non-optimal XDC constraints or non-optimal design architecture
Related violations: <none>

TIMING-16#42 Warning
Large setup violation  
There is a large setup violation of -1.130 ns between u_aes_slave/u_aes_core/key_schedule_inst/key_state_reg_reg[0][232]/C (clocked by CLK) and u_aes_slave/u_aes_core/key_schedule_inst/key_state_reg_reg[1][101]/D (clocked by CLK). Large setup violations at the end of those stages might be difficult to fix during the post-placement implementation flow and could be the result of non-optimal XDC constraints or non-optimal design architecture
Related violations: <none>

TIMING-16#43 Warning
Large setup violation  
There is a large setup violation of -1.138 ns between u_aes_slave/u_aes_core/key_schedule_inst/key_state_reg_reg[0][232]/C (clocked by CLK) and u_aes_slave/u_aes_core/key_schedule_inst/key_state_reg_reg[1][96]/D (clocked by CLK). Large setup violations at the end of those stages might be difficult to fix during the post-placement implementation flow and could be the result of non-optimal XDC constraints or non-optimal design architecture
Related violations: <none>

TIMING-16#44 Warning
Large setup violation  
There is a large setup violation of -1.139 ns between u_aes_slave/awaddr_q_reg[6]/C (clocked by CLK) and u_aes_slave/key_q_reg[5][18]/CE (clocked by CLK). Large setup violations at the end of those stages might be difficult to fix during the post-placement implementation flow and could be the result of non-optimal XDC constraints or non-optimal design architecture
Related violations: <none>

TIMING-16#45 Warning
Large setup violation  
There is a large setup violation of -1.141 ns between u_aes_slave/awaddr_q_reg[6]/C (clocked by CLK) and u_aes_slave/key_q_reg[5][0]/CE (clocked by CLK). Large setup violations at the end of those stages might be difficult to fix during the post-placement implementation flow and could be the result of non-optimal XDC constraints or non-optimal design architecture
Related violations: <none>

TIMING-16#46 Warning
Large setup violation  
There is a large setup violation of -1.144 ns between u_aes_slave/u_aes_core/key_schedule_inst/key_state_reg_reg[6][233]/C (clocked by CLK) and u_aes_slave/u_aes_core/key_schedule_inst/key_state_reg_reg[7][100]/D (clocked by CLK). Large setup violations at the end of those stages might be difficult to fix during the post-placement implementation flow and could be the result of non-optimal XDC constraints or non-optimal design architecture
Related violations: <none>

TIMING-16#47 Warning
Large setup violation  
There is a large setup violation of -1.150 ns between u_aes_slave/u_aes_core/key_schedule_inst/key_state_reg_reg[2][226]/C (clocked by CLK) and u_aes_slave/u_aes_core/key_schedule_inst/key_state_reg_reg[3][93]/D (clocked by CLK). Large setup violations at the end of those stages might be difficult to fix during the post-placement implementation flow and could be the result of non-optimal XDC constraints or non-optimal design architecture
Related violations: <none>

TIMING-16#48 Warning
Large setup violation  
There is a large setup violation of -1.166 ns between u_aes_slave/u_aes_core/key_schedule_inst/key_state_reg_reg[10][226]/C (clocked by CLK) and u_aes_slave/u_aes_core/key_schedule_inst/key_state_reg_reg[11][120]/D (clocked by CLK). Large setup violations at the end of those stages might be difficult to fix during the post-placement implementation flow and could be the result of non-optimal XDC constraints or non-optimal design architecture
Related violations: <none>

TIMING-16#49 Warning
Large setup violation  
There is a large setup violation of -1.170 ns between u_aes_slave/u_aes_core/key_schedule_inst/key_state_reg_reg[4][241]/C (clocked by CLK) and u_aes_slave/u_aes_core/key_schedule_inst/key_state_reg_reg[5][111]/D (clocked by CLK). Large setup violations at the end of those stages might be difficult to fix during the post-placement implementation flow and could be the result of non-optimal XDC constraints or non-optimal design architecture
Related violations: <none>

TIMING-16#50 Warning
Large setup violation  
There is a large setup violation of -1.173 ns between u_aes_slave/u_aes_core/key_schedule_inst/key_state_reg_reg[10][245]/C (clocked by CLK) and u_aes_slave/u_aes_core/key_schedule_inst/key_state_reg_reg[11][43]/D (clocked by CLK). Large setup violations at the end of those stages might be difficult to fix during the post-placement implementation flow and could be the result of non-optimal XDC constraints or non-optimal design architecture
Related violations: <none>

TIMING-16#51 Warning
Large setup violation  
There is a large setup violation of -1.186 ns between u_aes_slave/awaddr_q_reg[6]/C (clocked by CLK) and u_aes_slave/key_q_reg[7][9]/CE (clocked by CLK). Large setup violations at the end of those stages might be difficult to fix during the post-placement implementation flow and could be the result of non-optimal XDC constraints or non-optimal design architecture
Related violations: <none>

TIMING-16#52 Warning
Large setup violation  
There is a large setup violation of -1.186 ns between u_aes_slave/u_aes_core/key_schedule_inst/key_state_reg_reg[2][241]/C (clocked by CLK) and u_aes_slave/u_aes_core/key_schedule_inst/key_state_reg_reg[3][106]/D (clocked by CLK). Large setup violations at the end of those stages might be difficult to fix during the post-placement implementation flow and could be the result of non-optimal XDC constraints or non-optimal design architecture
Related violations: <none>

TIMING-16#53 Warning
Large setup violation  
There is a large setup violation of -1.188 ns between u_aes_slave/u_aes_core/key_schedule_inst/key_state_reg_reg[4][244]/C (clocked by CLK) and u_aes_slave/u_aes_core/key_schedule_inst/key_state_reg_reg[5][74]/D (clocked by CLK). Large setup violations at the end of those stages might be difficult to fix during the post-placement implementation flow and could be the result of non-optimal XDC constraints or non-optimal design architecture
Related violations: <none>

TIMING-16#54 Warning
Large setup violation  
There is a large setup violation of -1.194 ns between u_aes_slave/awaddr_q_reg[6]/C (clocked by CLK) and u_aes_slave/key_q_reg[1][24]/CE (clocked by CLK). Large setup violations at the end of those stages might be difficult to fix during the post-placement implementation flow and could be the result of non-optimal XDC constraints or non-optimal design architecture
Related violations: <none>

TIMING-16#55 Warning
Large setup violation  
There is a large setup violation of -1.194 ns between u_aes_slave/awaddr_q_reg[6]/C (clocked by CLK) and u_aes_slave/key_q_reg[1][25]/CE (clocked by CLK). Large setup violations at the end of those stages might be difficult to fix during the post-placement implementation flow and could be the result of non-optimal XDC constraints or non-optimal design architecture
Related violations: <none>

TIMING-16#56 Warning
Large setup violation  
There is a large setup violation of -1.194 ns between u_aes_slave/awaddr_q_reg[6]/C (clocked by CLK) and u_aes_slave/key_q_reg[1][26]/CE (clocked by CLK). Large setup violations at the end of those stages might be difficult to fix during the post-placement implementation flow and could be the result of non-optimal XDC constraints or non-optimal design architecture
Related violations: <none>

TIMING-16#57 Warning
Large setup violation  
There is a large setup violation of -1.194 ns between u_aes_slave/awaddr_q_reg[6]/C (clocked by CLK) and u_aes_slave/key_q_reg[1][27]/CE (clocked by CLK). Large setup violations at the end of those stages might be difficult to fix during the post-placement implementation flow and could be the result of non-optimal XDC constraints or non-optimal design architecture
Related violations: <none>

TIMING-16#58 Warning
Large setup violation  
There is a large setup violation of -1.194 ns between u_aes_slave/awaddr_q_reg[6]/C (clocked by CLK) and u_aes_slave/key_q_reg[1][28]/CE (clocked by CLK). Large setup violations at the end of those stages might be difficult to fix during the post-placement implementation flow and could be the result of non-optimal XDC constraints or non-optimal design architecture
Related violations: <none>

TIMING-16#59 Warning
Large setup violation  
There is a large setup violation of -1.194 ns between u_aes_slave/awaddr_q_reg[6]/C (clocked by CLK) and u_aes_slave/key_q_reg[1][29]/CE (clocked by CLK). Large setup violations at the end of those stages might be difficult to fix during the post-placement implementation flow and could be the result of non-optimal XDC constraints or non-optimal design architecture
Related violations: <none>

TIMING-16#60 Warning
Large setup violation  
There is a large setup violation of -1.194 ns between u_aes_slave/awaddr_q_reg[6]/C (clocked by CLK) and u_aes_slave/key_q_reg[1][30]/CE (clocked by CLK). Large setup violations at the end of those stages might be difficult to fix during the post-placement implementation flow and could be the result of non-optimal XDC constraints or non-optimal design architecture
Related violations: <none>

TIMING-16#61 Warning
Large setup violation  
There is a large setup violation of -1.194 ns between u_aes_slave/awaddr_q_reg[6]/C (clocked by CLK) and u_aes_slave/key_q_reg[1][31]/CE (clocked by CLK). Large setup violations at the end of those stages might be difficult to fix during the post-placement implementation flow and could be the result of non-optimal XDC constraints or non-optimal design architecture
Related violations: <none>

TIMING-16#62 Warning
Large setup violation  
There is a large setup violation of -1.196 ns between u_aes_slave/u_aes_core/key_schedule_inst/key_state_reg_reg[10][245]/C (clocked by CLK) and u_aes_slave/u_aes_core/key_schedule_inst/key_state_reg_reg[11][42]/D (clocked by CLK). Large setup violations at the end of those stages might be difficult to fix during the post-placement implementation flow and could be the result of non-optimal XDC constraints or non-optimal design architecture
Related violations: <none>

TIMING-16#63 Warning
Large setup violation  
There is a large setup violation of -1.200 ns between u_aes_slave/u_aes_core/key_schedule_inst/key_state_reg_reg[2][245]/C (clocked by CLK) and u_aes_slave/u_aes_core/key_schedule_inst/key_state_reg_reg[3][9]/D (clocked by CLK). Large setup violations at the end of those stages might be difficult to fix during the post-placement implementation flow and could be the result of non-optimal XDC constraints or non-optimal design architecture
Related violations: <none>

TIMING-16#64 Warning
Large setup violation  
There is a large setup violation of -1.204 ns between u_aes_slave/u_aes_core/key_schedule_inst/key_state_reg_reg[10][245]/C (clocked by CLK) and u_aes_slave/u_aes_core/key_schedule_inst/key_state_reg_reg[11][46]/D (clocked by CLK). Large setup violations at the end of those stages might be difficult to fix during the post-placement implementation flow and could be the result of non-optimal XDC constraints or non-optimal design architecture
Related violations: <none>

TIMING-16#65 Warning
Large setup violation  
There is a large setup violation of -1.205 ns between u_aes_slave/awaddr_q_reg[6]/C (clocked by CLK) and u_aes_slave/key_q_reg[7][11]/CE (clocked by CLK). Large setup violations at the end of those stages might be difficult to fix during the post-placement implementation flow and could be the result of non-optimal XDC constraints or non-optimal design architecture
Related violations: <none>

TIMING-16#66 Warning
Large setup violation  
There is a large setup violation of -1.205 ns between u_aes_slave/awaddr_q_reg[6]/C (clocked by CLK) and u_aes_slave/key_q_reg[7][8]/CE (clocked by CLK). Large setup violations at the end of those stages might be difficult to fix during the post-placement implementation flow and could be the result of non-optimal XDC constraints or non-optimal design architecture
Related violations: <none>

TIMING-16#67 Warning
Large setup violation  
There is a large setup violation of -1.206 ns between u_aes_slave/awaddr_q_reg[6]/C (clocked by CLK) and u_aes_slave/key_q_reg[6][24]/CE (clocked by CLK). Large setup violations at the end of those stages might be difficult to fix during the post-placement implementation flow and could be the result of non-optimal XDC constraints or non-optimal design architecture
Related violations: <none>

TIMING-16#68 Warning
Large setup violation  
There is a large setup violation of -1.206 ns between u_aes_slave/awaddr_q_reg[6]/C (clocked by CLK) and u_aes_slave/key_q_reg[6][26]/CE (clocked by CLK). Large setup violations at the end of those stages might be difficult to fix during the post-placement implementation flow and could be the result of non-optimal XDC constraints or non-optimal design architecture
Related violations: <none>

TIMING-16#69 Warning
Large setup violation  
There is a large setup violation of -1.206 ns between u_aes_slave/awaddr_q_reg[6]/C (clocked by CLK) and u_aes_slave/key_q_reg[6][29]/CE (clocked by CLK). Large setup violations at the end of those stages might be difficult to fix during the post-placement implementation flow and could be the result of non-optimal XDC constraints or non-optimal design architecture
Related violations: <none>

TIMING-16#70 Warning
Large setup violation  
There is a large setup violation of -1.206 ns between u_aes_slave/u_aes_core/key_schedule_inst/key_state_reg_reg[10][245]/C (clocked by CLK) and u_aes_slave/u_aes_core/key_schedule_inst/key_state_reg_reg[11][10]/D (clocked by CLK). Large setup violations at the end of those stages might be difficult to fix during the post-placement implementation flow and could be the result of non-optimal XDC constraints or non-optimal design architecture
Related violations: <none>

TIMING-16#71 Warning
Large setup violation  
There is a large setup violation of -1.214 ns between u_aes_slave/u_aes_core/key_schedule_inst/key_state_reg_reg[2][245]/C (clocked by CLK) and u_aes_slave/u_aes_core/key_schedule_inst/key_state_reg_reg[3][76]/D (clocked by CLK). Large setup violations at the end of those stages might be difficult to fix during the post-placement implementation flow and could be the result of non-optimal XDC constraints or non-optimal design architecture
Related violations: <none>

TIMING-16#72 Warning
Large setup violation  
There is a large setup violation of -1.226 ns between u_aes_slave/awaddr_q_reg[6]/C (clocked by CLK) and u_aes_slave/key_q_reg[6][0]/CE (clocked by CLK). Large setup violations at the end of those stages might be difficult to fix during the post-placement implementation flow and could be the result of non-optimal XDC constraints or non-optimal design architecture
Related violations: <none>

TIMING-16#73 Warning
Large setup violation  
There is a large setup violation of -1.226 ns between u_aes_slave/awaddr_q_reg[6]/C (clocked by CLK) and u_aes_slave/key_q_reg[6][1]/CE (clocked by CLK). Large setup violations at the end of those stages might be difficult to fix during the post-placement implementation flow and could be the result of non-optimal XDC constraints or non-optimal design architecture
Related violations: <none>

TIMING-16#74 Warning
Large setup violation  
There is a large setup violation of -1.226 ns between u_aes_slave/awaddr_q_reg[6]/C (clocked by CLK) and u_aes_slave/key_q_reg[6][3]/CE (clocked by CLK). Large setup violations at the end of those stages might be difficult to fix during the post-placement implementation flow and could be the result of non-optimal XDC constraints or non-optimal design architecture
Related violations: <none>

TIMING-16#75 Warning
Large setup violation  
There is a large setup violation of -1.226 ns between u_aes_slave/awaddr_q_reg[6]/C (clocked by CLK) and u_aes_slave/key_q_reg[6][4]/CE (clocked by CLK). Large setup violations at the end of those stages might be difficult to fix during the post-placement implementation flow and could be the result of non-optimal XDC constraints or non-optimal design architecture
Related violations: <none>

TIMING-16#76 Warning
Large setup violation  
There is a large setup violation of -1.226 ns between u_aes_slave/awaddr_q_reg[6]/C (clocked by CLK) and u_aes_slave/key_q_reg[6][6]/CE (clocked by CLK). Large setup violations at the end of those stages might be difficult to fix during the post-placement implementation flow and could be the result of non-optimal XDC constraints or non-optimal design architecture
Related violations: <none>

TIMING-16#77 Warning
Large setup violation  
There is a large setup violation of -1.229 ns between u_aes_slave/awaddr_q_reg[6]/C (clocked by CLK) and u_aes_slave/key_q_reg[6][17]/CE (clocked by CLK). Large setup violations at the end of those stages might be difficult to fix during the post-placement implementation flow and could be the result of non-optimal XDC constraints or non-optimal design architecture
Related violations: <none>

TIMING-16#78 Warning
Large setup violation  
There is a large setup violation of -1.229 ns between u_aes_slave/awaddr_q_reg[6]/C (clocked by CLK) and u_aes_slave/key_q_reg[6][19]/CE (clocked by CLK). Large setup violations at the end of those stages might be difficult to fix during the post-placement implementation flow and could be the result of non-optimal XDC constraints or non-optimal design architecture
Related violations: <none>

TIMING-16#79 Warning
Large setup violation  
There is a large setup violation of -1.229 ns between u_aes_slave/awaddr_q_reg[6]/C (clocked by CLK) and u_aes_slave/key_q_reg[6][20]/CE (clocked by CLK). Large setup violations at the end of those stages might be difficult to fix during the post-placement implementation flow and could be the result of non-optimal XDC constraints or non-optimal design architecture
Related violations: <none>

TIMING-16#80 Warning
Large setup violation  
There is a large setup violation of -1.229 ns between u_aes_slave/awaddr_q_reg[6]/C (clocked by CLK) and u_aes_slave/pt_q_reg[3][17]/CE (clocked by CLK). Large setup violations at the end of those stages might be difficult to fix during the post-placement implementation flow and could be the result of non-optimal XDC constraints or non-optimal design architecture
Related violations: <none>

TIMING-16#81 Warning
Large setup violation  
There is a large setup violation of -1.229 ns between u_aes_slave/awaddr_q_reg[6]/C (clocked by CLK) and u_aes_slave/pt_q_reg[3][21]/CE (clocked by CLK). Large setup violations at the end of those stages might be difficult to fix during the post-placement implementation flow and could be the result of non-optimal XDC constraints or non-optimal design architecture
Related violations: <none>

TIMING-16#82 Warning
Large setup violation  
There is a large setup violation of -1.229 ns between u_aes_slave/awaddr_q_reg[6]/C (clocked by CLK) and u_aes_slave/pt_q_reg[3][23]/CE (clocked by CLK). Large setup violations at the end of those stages might be difficult to fix during the post-placement implementation flow and could be the result of non-optimal XDC constraints or non-optimal design architecture
Related violations: <none>

TIMING-16#83 Warning
Large setup violation  
There is a large setup violation of -1.247 ns between u_aes_slave/awaddr_q_reg[6]/C (clocked by CLK) and u_aes_slave/pt_q_reg[3][22]/CE (clocked by CLK). Large setup violations at the end of those stages might be difficult to fix during the post-placement implementation flow and could be the result of non-optimal XDC constraints or non-optimal design architecture
Related violations: <none>

TIMING-16#84 Warning
Large setup violation  
There is a large setup violation of -1.247 ns between u_aes_slave/u_aes_core/key_schedule_inst/key_state_reg_reg[6][248]/C (clocked by CLK) and u_aes_slave/u_aes_core/key_schedule_inst/key_state_reg_reg[7][116]/D (clocked by CLK). Large setup violations at the end of those stages might be difficult to fix during the post-placement implementation flow and could be the result of non-optimal XDC constraints or non-optimal design architecture
Related violations: <none>

TIMING-16#85 Warning
Large setup violation  
There is a large setup violation of -1.284 ns between u_aes_slave/u_aes_core/key_schedule_inst/key_state_reg_reg[4][251]/C (clocked by CLK) and u_aes_slave/u_aes_core/key_schedule_inst/key_state_reg_reg[5][116]/D (clocked by CLK). Large setup violations at the end of those stages might be difficult to fix during the post-placement implementation flow and could be the result of non-optimal XDC constraints or non-optimal design architecture
Related violations: <none>

TIMING-16#86 Warning
Large setup violation  
There is a large setup violation of -1.292 ns between u_aes_slave/awaddr_q_reg[6]/C (clocked by CLK) and u_aes_slave/key_q_reg[5][21]/CE (clocked by CLK). Large setup violations at the end of those stages might be difficult to fix during the post-placement implementation flow and could be the result of non-optimal XDC constraints or non-optimal design architecture
Related violations: <none>

TIMING-16#87 Warning
Large setup violation  
There is a large setup violation of -1.294 ns between u_aes_slave/u_aes_core/key_schedule_inst/key_state_reg_reg[4][235]/C (clocked by CLK) and u_aes_slave/u_aes_core/key_schedule_inst/key_state_reg_reg[5][96]/D (clocked by CLK). Large setup violations at the end of those stages might be difficult to fix during the post-placement implementation flow and could be the result of non-optimal XDC constraints or non-optimal design architecture
Related violations: <none>

TIMING-16#88 Warning
Large setup violation  
There is a large setup violation of -1.297 ns between u_aes_slave/u_aes_core/key_schedule_inst/key_state_reg_reg[4][229]/C (clocked by CLK) and u_aes_slave/u_aes_core/key_schedule_inst/key_state_reg_reg[5][124]/D (clocked by CLK). Large setup violations at the end of those stages might be difficult to fix during the post-placement implementation flow and could be the result of non-optimal XDC constraints or non-optimal design architecture
Related violations: <none>

TIMING-16#89 Warning
Large setup violation  
There is a large setup violation of -1.304 ns between u_aes_slave/awaddr_q_reg[6]/C (clocked by CLK) and u_aes_slave/key_q_reg[4][24]/CE (clocked by CLK). Large setup violations at the end of those stages might be difficult to fix during the post-placement implementation flow and could be the result of non-optimal XDC constraints or non-optimal design architecture
Related violations: <none>

TIMING-16#90 Warning
Large setup violation  
There is a large setup violation of -1.306 ns between u_aes_slave/awaddr_q_reg[6]/C (clocked by CLK) and u_aes_slave/key_q_reg[5][24]/CE (clocked by CLK). Large setup violations at the end of those stages might be difficult to fix during the post-placement implementation flow and could be the result of non-optimal XDC constraints or non-optimal design architecture
Related violations: <none>

TIMING-16#91 Warning
Large setup violation  
There is a large setup violation of -1.306 ns between u_aes_slave/awaddr_q_reg[6]/C (clocked by CLK) and u_aes_slave/key_q_reg[5][26]/CE (clocked by CLK). Large setup violations at the end of those stages might be difficult to fix during the post-placement implementation flow and could be the result of non-optimal XDC constraints or non-optimal design architecture
Related violations: <none>

TIMING-16#92 Warning
Large setup violation  
There is a large setup violation of -1.307 ns between u_aes_slave/awaddr_q_reg[6]/C (clocked by CLK) and u_aes_slave/key_q_reg[3][17]/CE (clocked by CLK). Large setup violations at the end of those stages might be difficult to fix during the post-placement implementation flow and could be the result of non-optimal XDC constraints or non-optimal design architecture
Related violations: <none>

TIMING-16#93 Warning
Large setup violation  
There is a large setup violation of -1.307 ns between u_aes_slave/awaddr_q_reg[6]/C (clocked by CLK) and u_aes_slave/key_q_reg[3][20]/CE (clocked by CLK). Large setup violations at the end of those stages might be difficult to fix during the post-placement implementation flow and could be the result of non-optimal XDC constraints or non-optimal design architecture
Related violations: <none>

TIMING-16#94 Warning
Large setup violation  
There is a large setup violation of -1.307 ns between u_aes_slave/awaddr_q_reg[6]/C (clocked by CLK) and u_aes_slave/key_q_reg[3][21]/CE (clocked by CLK). Large setup violations at the end of those stages might be difficult to fix during the post-placement implementation flow and could be the result of non-optimal XDC constraints or non-optimal design architecture
Related violations: <none>

TIMING-16#95 Warning
Large setup violation  
There is a large setup violation of -1.307 ns between u_aes_slave/awaddr_q_reg[6]/C (clocked by CLK) and u_aes_slave/key_q_reg[3][23]/CE (clocked by CLK). Large setup violations at the end of those stages might be difficult to fix during the post-placement implementation flow and could be the result of non-optimal XDC constraints or non-optimal design architecture
Related violations: <none>

TIMING-16#96 Warning
Large setup violation  
There is a large setup violation of -1.308 ns between u_aes_slave/awaddr_q_reg[6]/C (clocked by CLK) and u_aes_slave/key_q_reg[7][17]/CE (clocked by CLK). Large setup violations at the end of those stages might be difficult to fix during the post-placement implementation flow and could be the result of non-optimal XDC constraints or non-optimal design architecture
Related violations: <none>

TIMING-16#97 Warning
Large setup violation  
There is a large setup violation of -1.308 ns between u_aes_slave/awaddr_q_reg[6]/C (clocked by CLK) and u_aes_slave/key_q_reg[7][19]/CE (clocked by CLK). Large setup violations at the end of those stages might be difficult to fix during the post-placement implementation flow and could be the result of non-optimal XDC constraints or non-optimal design architecture
Related violations: <none>

TIMING-16#98 Warning
Large setup violation  
There is a large setup violation of -1.308 ns between u_aes_slave/awaddr_q_reg[6]/C (clocked by CLK) and u_aes_slave/key_q_reg[7][20]/CE (clocked by CLK). Large setup violations at the end of those stages might be difficult to fix during the post-placement implementation flow and could be the result of non-optimal XDC constraints or non-optimal design architecture
Related violations: <none>

TIMING-16#99 Warning
Large setup violation  
There is a large setup violation of -1.314 ns between u_aes_slave/u_aes_core/key_schedule_inst/key_state_reg_reg[2][245]/C (clocked by CLK) and u_aes_slave/u_aes_core/key_schedule_inst/key_state_reg_reg[3][43]/D (clocked by CLK). Large setup violations at the end of those stages might be difficult to fix during the post-placement implementation flow and could be the result of non-optimal XDC constraints or non-optimal design architecture
Related violations: <none>

TIMING-16#100 Warning
Large setup violation  
There is a large setup violation of -1.316 ns between u_aes_slave/u_aes_core/key_schedule_inst/key_state_reg_reg[2][245]/C (clocked by CLK) and u_aes_slave/u_aes_core/key_schedule_inst/key_state_reg_reg[3][44]/D (clocked by CLK). Large setup violations at the end of those stages might be difficult to fix during the post-placement implementation flow and could be the result of non-optimal XDC constraints or non-optimal design architecture
Related violations: <none>

TIMING-16#101 Warning
Large setup violation  
There is a large setup violation of -1.319 ns between u_aes_slave/u_aes_core/key_schedule_inst/key_state_reg_reg[0][241]/C (clocked by CLK) and u_aes_slave/u_aes_core/key_schedule_inst/key_state_reg_reg[1][110]/D (clocked by CLK). Large setup violations at the end of those stages might be difficult to fix during the post-placement implementation flow and could be the result of non-optimal XDC constraints or non-optimal design architecture
Related violations: <none>

TIMING-16#102 Warning
Large setup violation  
There is a large setup violation of -1.320 ns between u_aes_slave/awaddr_q_reg[6]/C (clocked by CLK) and u_aes_slave/key_q_reg[4][26]/CE (clocked by CLK). Large setup violations at the end of those stages might be difficult to fix during the post-placement implementation flow and could be the result of non-optimal XDC constraints or non-optimal design architecture
Related violations: <none>

TIMING-16#103 Warning
Large setup violation  
There is a large setup violation of -1.320 ns between u_aes_slave/awaddr_q_reg[6]/C (clocked by CLK) and u_aes_slave/key_q_reg[4][29]/CE (clocked by CLK). Large setup violations at the end of those stages might be difficult to fix during the post-placement implementation flow and could be the result of non-optimal XDC constraints or non-optimal design architecture
Related violations: <none>

TIMING-16#104 Warning
Large setup violation  
There is a large setup violation of -1.332 ns between u_aes_slave/u_aes_core/key_schedule_inst/key_state_reg_reg[6][248]/C (clocked by CLK) and u_aes_slave/u_aes_core/key_schedule_inst/key_state_reg_reg[7][115]/D (clocked by CLK). Large setup violations at the end of those stages might be difficult to fix during the post-placement implementation flow and could be the result of non-optimal XDC constraints or non-optimal design architecture
Related violations: <none>

TIMING-16#105 Warning
Large setup violation  
There is a large setup violation of -1.339 ns between u_aes_slave/awaddr_q_reg[6]/C (clocked by CLK) and u_aes_slave/key_q_reg[7][24]/CE (clocked by CLK). Large setup violations at the end of those stages might be difficult to fix during the post-placement implementation flow and could be the result of non-optimal XDC constraints or non-optimal design architecture
Related violations: <none>

TIMING-16#106 Warning
Large setup violation  
There is a large setup violation of -1.339 ns between u_aes_slave/awaddr_q_reg[6]/C (clocked by CLK) and u_aes_slave/key_q_reg[7][26]/CE (clocked by CLK). Large setup violations at the end of those stages might be difficult to fix during the post-placement implementation flow and could be the result of non-optimal XDC constraints or non-optimal design architecture
Related violations: <none>

TIMING-16#107 Warning
Large setup violation  
There is a large setup violation of -1.339 ns between u_aes_slave/awaddr_q_reg[6]/C (clocked by CLK) and u_aes_slave/key_q_reg[7][27]/CE (clocked by CLK). Large setup violations at the end of those stages might be difficult to fix during the post-placement implementation flow and could be the result of non-optimal XDC constraints or non-optimal design architecture
Related violations: <none>

TIMING-16#108 Warning
Large setup violation  
There is a large setup violation of -1.339 ns between u_aes_slave/awaddr_q_reg[6]/C (clocked by CLK) and u_aes_slave/key_q_reg[7][29]/CE (clocked by CLK). Large setup violations at the end of those stages might be difficult to fix during the post-placement implementation flow and could be the result of non-optimal XDC constraints or non-optimal design architecture
Related violations: <none>

TIMING-16#109 Warning
Large setup violation  
There is a large setup violation of -1.339 ns between u_aes_slave/u_aes_core/valid_reg_reg[14]/C (clocked by CLK) and u_aes_slave/ct_q_reg[0][4]/CE (clocked by CLK). Large setup violations at the end of those stages might be difficult to fix during the post-placement implementation flow and could be the result of non-optimal XDC constraints or non-optimal design architecture
Related violations: <none>

TIMING-16#110 Warning
Large setup violation  
There is a large setup violation of -1.339 ns between u_aes_slave/u_aes_core/valid_reg_reg[14]/C (clocked by CLK) and u_aes_slave/ct_q_reg[1][4]/CE (clocked by CLK). Large setup violations at the end of those stages might be difficult to fix during the post-placement implementation flow and could be the result of non-optimal XDC constraints or non-optimal design architecture
Related violations: <none>

TIMING-16#111 Warning
Large setup violation  
There is a large setup violation of -1.339 ns between u_aes_slave/u_aes_core/valid_reg_reg[14]/C (clocked by CLK) and u_aes_slave/ct_q_reg[1][8]/CE (clocked by CLK). Large setup violations at the end of those stages might be difficult to fix during the post-placement implementation flow and could be the result of non-optimal XDC constraints or non-optimal design architecture
Related violations: <none>

TIMING-16#112 Warning
Large setup violation  
There is a large setup violation of -1.339 ns between u_aes_slave/u_aes_core/valid_reg_reg[14]/C (clocked by CLK) and u_aes_slave/ct_q_reg[2][4]/CE (clocked by CLK). Large setup violations at the end of those stages might be difficult to fix during the post-placement implementation flow and could be the result of non-optimal XDC constraints or non-optimal design architecture
Related violations: <none>

TIMING-16#113 Warning
Large setup violation  
There is a large setup violation of -1.339 ns between u_aes_slave/u_aes_core/valid_reg_reg[14]/C (clocked by CLK) and u_aes_slave/ct_q_reg[3][4]/CE (clocked by CLK). Large setup violations at the end of those stages might be difficult to fix during the post-placement implementation flow and could be the result of non-optimal XDC constraints or non-optimal design architecture
Related violations: <none>

TIMING-16#114 Warning
Large setup violation  
There is a large setup violation of -1.356 ns between u_aes_slave/awaddr_q_reg[6]/C (clocked by CLK) and u_aes_slave/pt_q_reg[2][31]/CE (clocked by CLK). Large setup violations at the end of those stages might be difficult to fix during the post-placement implementation flow and could be the result of non-optimal XDC constraints or non-optimal design architecture
Related violations: <none>

TIMING-16#115 Warning
Large setup violation  
There is a large setup violation of -1.357 ns between u_aes_slave/u_aes_core/key_schedule_inst/key_state_reg_reg[2][225]/C (clocked by CLK) and u_aes_slave/u_aes_core/key_schedule_inst/key_state_reg_reg[3][126]/D (clocked by CLK). Large setup violations at the end of those stages might be difficult to fix during the post-placement implementation flow and could be the result of non-optimal XDC constraints or non-optimal design architecture
Related violations: <none>

TIMING-16#116 Warning
Large setup violation  
There is a large setup violation of -1.358 ns between u_aes_slave/awaddr_q_reg[6]/C (clocked by CLK) and u_aes_slave/key_q_reg[5][29]/CE (clocked by CLK). Large setup violations at the end of those stages might be difficult to fix during the post-placement implementation flow and could be the result of non-optimal XDC constraints or non-optimal design architecture
Related violations: <none>

TIMING-16#117 Warning
Large setup violation  
There is a large setup violation of -1.364 ns between u_aes_slave/u_aes_core/key_schedule_inst/key_state_reg_reg[10][245]/C (clocked by CLK) and u_aes_slave/u_aes_core/key_schedule_inst/key_state_reg_reg[11][74]/D (clocked by CLK). Large setup violations at the end of those stages might be difficult to fix during the post-placement implementation flow and could be the result of non-optimal XDC constraints or non-optimal design architecture
Related violations: <none>

TIMING-16#118 Warning
Large setup violation  
There is a large setup violation of -1.371 ns between u_aes_slave/u_aes_core/key_schedule_inst/key_state_reg_reg[0][234]/C (clocked by CLK) and u_aes_slave/u_aes_core/key_schedule_inst/key_state_reg_reg[1][99]/D (clocked by CLK). Large setup violations at the end of those stages might be difficult to fix during the post-placement implementation flow and could be the result of non-optimal XDC constraints or non-optimal design architecture
Related violations: <none>

TIMING-16#119 Warning
Large setup violation  
There is a large setup violation of -1.372 ns between u_aes_slave/u_aes_core/key_schedule_inst/key_state_reg_reg[4][229]/C (clocked by CLK) and u_aes_slave/u_aes_core/key_schedule_inst/key_state_reg_reg[5][120]/D (clocked by CLK). Large setup violations at the end of those stages might be difficult to fix during the post-placement implementation flow and could be the result of non-optimal XDC constraints or non-optimal design architecture
Related violations: <none>

TIMING-16#120 Warning
Large setup violation  
There is a large setup violation of -1.379 ns between u_aes_slave/u_aes_core/key_schedule_inst/key_state_reg_reg[4][254]/C (clocked by CLK) and u_aes_slave/u_aes_core/key_schedule_inst/key_state_reg_reg[5][114]/D (clocked by CLK). Large setup violations at the end of those stages might be difficult to fix during the post-placement implementation flow and could be the result of non-optimal XDC constraints or non-optimal design architecture
Related violations: <none>

TIMING-16#121 Warning
Large setup violation  
There is a large setup violation of -1.382 ns between u_aes_slave/awaddr_q_reg[6]/C (clocked by CLK) and u_aes_slave/pt_q_reg[3][24]/CE (clocked by CLK). Large setup violations at the end of those stages might be difficult to fix during the post-placement implementation flow and could be the result of non-optimal XDC constraints or non-optimal design architecture
Related violations: <none>

TIMING-16#122 Warning
Large setup violation  
There is a large setup violation of -1.382 ns between u_aes_slave/awaddr_q_reg[6]/C (clocked by CLK) and u_aes_slave/pt_q_reg[3][25]/CE (clocked by CLK). Large setup violations at the end of those stages might be difficult to fix during the post-placement implementation flow and could be the result of non-optimal XDC constraints or non-optimal design architecture
Related violations: <none>

TIMING-16#123 Warning
Large setup violation  
There is a large setup violation of -1.382 ns between u_aes_slave/awaddr_q_reg[6]/C (clocked by CLK) and u_aes_slave/pt_q_reg[3][26]/CE (clocked by CLK). Large setup violations at the end of those stages might be difficult to fix during the post-placement implementation flow and could be the result of non-optimal XDC constraints or non-optimal design architecture
Related violations: <none>

TIMING-16#124 Warning
Large setup violation  
There is a large setup violation of -1.382 ns between u_aes_slave/awaddr_q_reg[6]/C (clocked by CLK) and u_aes_slave/pt_q_reg[3][27]/CE (clocked by CLK). Large setup violations at the end of those stages might be difficult to fix during the post-placement implementation flow and could be the result of non-optimal XDC constraints or non-optimal design architecture
Related violations: <none>

TIMING-16#125 Warning
Large setup violation  
There is a large setup violation of -1.382 ns between u_aes_slave/awaddr_q_reg[6]/C (clocked by CLK) and u_aes_slave/pt_q_reg[3][28]/CE (clocked by CLK). Large setup violations at the end of those stages might be difficult to fix during the post-placement implementation flow and could be the result of non-optimal XDC constraints or non-optimal design architecture
Related violations: <none>

TIMING-16#126 Warning
Large setup violation  
There is a large setup violation of -1.382 ns between u_aes_slave/awaddr_q_reg[6]/C (clocked by CLK) and u_aes_slave/pt_q_reg[3][29]/CE (clocked by CLK). Large setup violations at the end of those stages might be difficult to fix during the post-placement implementation flow and could be the result of non-optimal XDC constraints or non-optimal design architecture
Related violations: <none>

TIMING-16#127 Warning
Large setup violation  
There is a large setup violation of -1.382 ns between u_aes_slave/awaddr_q_reg[6]/C (clocked by CLK) and u_aes_slave/pt_q_reg[3][30]/CE (clocked by CLK). Large setup violations at the end of those stages might be difficult to fix during the post-placement implementation flow and could be the result of non-optimal XDC constraints or non-optimal design architecture
Related violations: <none>

TIMING-16#128 Warning
Large setup violation  
There is a large setup violation of -1.382 ns between u_aes_slave/awaddr_q_reg[6]/C (clocked by CLK) and u_aes_slave/pt_q_reg[3][31]/CE (clocked by CLK). Large setup violations at the end of those stages might be difficult to fix during the post-placement implementation flow and could be the result of non-optimal XDC constraints or non-optimal design architecture
Related violations: <none>

TIMING-16#129 Warning
Large setup violation  
There is a large setup violation of -1.392 ns between u_aes_slave/u_aes_core/key_schedule_inst/key_state_reg_reg[10][243]/C (clocked by CLK) and u_aes_slave/u_aes_core/key_schedule_inst/key_state_reg_reg[11][108]/D (clocked by CLK). Large setup violations at the end of those stages might be difficult to fix during the post-placement implementation flow and could be the result of non-optimal XDC constraints or non-optimal design architecture
Related violations: <none>

TIMING-16#130 Warning
Large setup violation  
There is a large setup violation of -1.392 ns between u_aes_slave/u_aes_core/key_schedule_inst/key_state_reg_reg[4][251]/C (clocked by CLK) and u_aes_slave/u_aes_core/key_schedule_inst/key_state_reg_reg[5][112]/D (clocked by CLK). Large setup violations at the end of those stages might be difficult to fix during the post-placement implementation flow and could be the result of non-optimal XDC constraints or non-optimal design architecture
Related violations: <none>

TIMING-16#131 Warning
Large setup violation  
There is a large setup violation of -1.397 ns between u_aes_slave/awaddr_q_reg[6]/C (clocked by CLK) and u_aes_slave/key_q_reg[7][1]/CE (clocked by CLK). Large setup violations at the end of those stages might be difficult to fix during the post-placement implementation flow and could be the result of non-optimal XDC constraints or non-optimal design architecture
Related violations: <none>

TIMING-16#132 Warning
Large setup violation  
There is a large setup violation of -1.397 ns between u_aes_slave/awaddr_q_reg[6]/C (clocked by CLK) and u_aes_slave/key_q_reg[7][3]/CE (clocked by CLK). Large setup violations at the end of those stages might be difficult to fix during the post-placement implementation flow and could be the result of non-optimal XDC constraints or non-optimal design architecture
Related violations: <none>

TIMING-16#133 Warning
Large setup violation  
There is a large setup violation of -1.397 ns between u_aes_slave/awaddr_q_reg[6]/C (clocked by CLK) and u_aes_slave/key_q_reg[7][4]/CE (clocked by CLK). Large setup violations at the end of those stages might be difficult to fix during the post-placement implementation flow and could be the result of non-optimal XDC constraints or non-optimal design architecture
Related violations: <none>

TIMING-16#134 Warning
Large setup violation  
There is a large setup violation of -1.397 ns between u_aes_slave/awaddr_q_reg[6]/C (clocked by CLK) and u_aes_slave/key_q_reg[7][6]/CE (clocked by CLK). Large setup violations at the end of those stages might be difficult to fix during the post-placement implementation flow and could be the result of non-optimal XDC constraints or non-optimal design architecture
Related violations: <none>

TIMING-16#135 Warning
Large setup violation  
There is a large setup violation of -1.400 ns between u_aes_slave/u_aes_core/key_schedule_inst/key_state_reg_reg[0][241]/C (clocked by CLK) and u_aes_slave/u_aes_core/key_schedule_inst/key_state_reg_reg[1][11]/D (clocked by CLK). Large setup violations at the end of those stages might be difficult to fix during the post-placement implementation flow and could be the result of non-optimal XDC constraints or non-optimal design architecture
Related violations: <none>

TIMING-16#136 Warning
Large setup violation  
There is a large setup violation of -1.405 ns between u_aes_slave/awaddr_q_reg[6]/C (clocked by CLK) and u_aes_slave/pt_q_reg[2][16]/CE (clocked by CLK). Large setup violations at the end of those stages might be difficult to fix during the post-placement implementation flow and could be the result of non-optimal XDC constraints or non-optimal design architecture
Related violations: <none>

TIMING-16#137 Warning
Large setup violation  
There is a large setup violation of -1.405 ns between u_aes_slave/awaddr_q_reg[6]/C (clocked by CLK) and u_aes_slave/pt_q_reg[2][17]/CE (clocked by CLK). Large setup violations at the end of those stages might be difficult to fix during the post-placement implementation flow and could be the result of non-optimal XDC constraints or non-optimal design architecture
Related violations: <none>

TIMING-16#138 Warning
Large setup violation  
There is a large setup violation of -1.405 ns between u_aes_slave/awaddr_q_reg[6]/C (clocked by CLK) and u_aes_slave/pt_q_reg[2][18]/CE (clocked by CLK). Large setup violations at the end of those stages might be difficult to fix during the post-placement implementation flow and could be the result of non-optimal XDC constraints or non-optimal design architecture
Related violations: <none>

TIMING-16#139 Warning
Large setup violation  
There is a large setup violation of -1.405 ns between u_aes_slave/awaddr_q_reg[6]/C (clocked by CLK) and u_aes_slave/pt_q_reg[2][19]/CE (clocked by CLK). Large setup violations at the end of those stages might be difficult to fix during the post-placement implementation flow and could be the result of non-optimal XDC constraints or non-optimal design architecture
Related violations: <none>

TIMING-16#140 Warning
Large setup violation  
There is a large setup violation of -1.405 ns between u_aes_slave/awaddr_q_reg[6]/C (clocked by CLK) and u_aes_slave/pt_q_reg[2][20]/CE (clocked by CLK). Large setup violations at the end of those stages might be difficult to fix during the post-placement implementation flow and could be the result of non-optimal XDC constraints or non-optimal design architecture
Related violations: <none>

TIMING-16#141 Warning
Large setup violation  
There is a large setup violation of -1.405 ns between u_aes_slave/awaddr_q_reg[6]/C (clocked by CLK) and u_aes_slave/pt_q_reg[2][21]/CE (clocked by CLK). Large setup violations at the end of those stages might be difficult to fix during the post-placement implementation flow and could be the result of non-optimal XDC constraints or non-optimal design architecture
Related violations: <none>

TIMING-16#142 Warning
Large setup violation  
There is a large setup violation of -1.405 ns between u_aes_slave/awaddr_q_reg[6]/C (clocked by CLK) and u_aes_slave/pt_q_reg[2][23]/CE (clocked by CLK). Large setup violations at the end of those stages might be difficult to fix during the post-placement implementation flow and could be the result of non-optimal XDC constraints or non-optimal design architecture
Related violations: <none>

TIMING-16#143 Warning
Large setup violation  
There is a large setup violation of -1.410 ns between u_aes_slave/u_aes_core/key_schedule_inst/key_state_reg_reg[0][234]/C (clocked by CLK) and u_aes_slave/u_aes_core/key_schedule_inst/key_state_reg_reg[1][97]/D (clocked by CLK). Large setup violations at the end of those stages might be difficult to fix during the post-placement implementation flow and could be the result of non-optimal XDC constraints or non-optimal design architecture
Related violations: <none>

TIMING-16#144 Warning
Large setup violation  
There is a large setup violation of -1.425 ns between u_aes_slave/u_aes_core/key_schedule_inst/key_state_reg_reg[10][252]/C (clocked by CLK) and u_aes_slave/u_aes_core/key_schedule_inst/key_state_reg_reg[11][117]/D (clocked by CLK). Large setup violations at the end of those stages might be difficult to fix during the post-placement implementation flow and could be the result of non-optimal XDC constraints or non-optimal design architecture
Related violations: <none>

TIMING-16#145 Warning
Large setup violation  
There is a large setup violation of -1.427 ns between u_aes_slave/u_aes_core/key_schedule_inst/key_state_reg_reg[4][244]/C (clocked by CLK) and u_aes_slave/u_aes_core/key_schedule_inst/key_state_reg_reg[5][42]/D (clocked by CLK). Large setup violations at the end of those stages might be difficult to fix during the post-placement implementation flow and could be the result of non-optimal XDC constraints or non-optimal design architecture
Related violations: <none>

TIMING-16#146 Warning
Large setup violation  
There is a large setup violation of -1.428 ns between u_aes_slave/u_aes_core/key_schedule_inst/key_state_reg_reg[6][252]/C (clocked by CLK) and u_aes_slave/u_aes_core/key_schedule_inst/key_state_reg_reg[7][117]/D (clocked by CLK). Large setup violations at the end of those stages might be difficult to fix during the post-placement implementation flow and could be the result of non-optimal XDC constraints or non-optimal design architecture
Related violations: <none>

TIMING-16#147 Warning
Large setup violation  
There is a large setup violation of -1.431 ns between u_aes_slave/u_aes_core/key_schedule_inst/key_state_reg_reg[4][244]/C (clocked by CLK) and u_aes_slave/u_aes_core/key_schedule_inst/key_state_reg_reg[5][10]/D (clocked by CLK). Large setup violations at the end of those stages might be difficult to fix during the post-placement implementation flow and could be the result of non-optimal XDC constraints or non-optimal design architecture
Related violations: <none>

TIMING-16#148 Warning
Large setup violation  
There is a large setup violation of -1.439 ns between u_aes_slave/u_aes_core/key_schedule_inst/key_state_reg_reg[4][245]/C (clocked by CLK) and u_aes_slave/u_aes_core/key_schedule_inst/key_state_reg_reg[5][107]/D (clocked by CLK). Large setup violations at the end of those stages might be difficult to fix during the post-placement implementation flow and could be the result of non-optimal XDC constraints or non-optimal design architecture
Related violations: <none>

TIMING-16#149 Warning
Large setup violation  
There is a large setup violation of -1.442 ns between u_aes_slave/awaddr_q_reg[6]/C (clocked by CLK) and u_aes_slave/key_q_reg[5][1]/CE (clocked by CLK). Large setup violations at the end of those stages might be difficult to fix during the post-placement implementation flow and could be the result of non-optimal XDC constraints or non-optimal design architecture
Related violations: <none>

TIMING-16#150 Warning
Large setup violation  
There is a large setup violation of -1.442 ns between u_aes_slave/awaddr_q_reg[6]/C (clocked by CLK) and u_aes_slave/key_q_reg[5][3]/CE (clocked by CLK). Large setup violations at the end of those stages might be difficult to fix during the post-placement implementation flow and could be the result of non-optimal XDC constraints or non-optimal design architecture
Related violations: <none>

TIMING-16#151 Warning
Large setup violation  
There is a large setup violation of -1.442 ns between u_aes_slave/awaddr_q_reg[6]/C (clocked by CLK) and u_aes_slave/key_q_reg[5][4]/CE (clocked by CLK). Large setup violations at the end of those stages might be difficult to fix during the post-placement implementation flow and could be the result of non-optimal XDC constraints or non-optimal design architecture
Related violations: <none>

TIMING-16#152 Warning
Large setup violation  
There is a large setup violation of -1.442 ns between u_aes_slave/awaddr_q_reg[6]/C (clocked by CLK) and u_aes_slave/key_q_reg[5][6]/CE (clocked by CLK). Large setup violations at the end of those stages might be difficult to fix during the post-placement implementation flow and could be the result of non-optimal XDC constraints or non-optimal design architecture
Related violations: <none>

TIMING-16#153 Warning
Large setup violation  
There is a large setup violation of -1.442 ns between u_aes_slave/awaddr_q_reg[6]/C (clocked by CLK) and u_aes_slave/pt_q_reg[1][31]/CE (clocked by CLK). Large setup violations at the end of those stages might be difficult to fix during the post-placement implementation flow and could be the result of non-optimal XDC constraints or non-optimal design architecture
Related violations: <none>

TIMING-16#154 Warning
Large setup violation  
There is a large setup violation of -1.446 ns between u_aes_slave/u_aes_core/key_schedule_inst/key_state_reg_reg[0][241]/C (clocked by CLK) and u_aes_slave/u_aes_core/key_schedule_inst/key_state_reg_reg[1][111]/D (clocked by CLK). Large setup violations at the end of those stages might be difficult to fix during the post-placement implementation flow and could be the result of non-optimal XDC constraints or non-optimal design architecture
Related violations: <none>

TIMING-16#155 Warning
Large setup violation  
There is a large setup violation of -1.458 ns between u_aes_slave/u_aes_core/key_schedule_inst/key_state_reg_reg[6][246]/C (clocked by CLK) and u_aes_slave/u_aes_core/key_schedule_inst/key_state_reg_reg[7][105]/D (clocked by CLK). Large setup violations at the end of those stages might be difficult to fix during the post-placement implementation flow and could be the result of non-optimal XDC constraints or non-optimal design architecture
Related violations: <none>

TIMING-16#156 Warning
Large setup violation  
There is a large setup violation of -1.469 ns between u_axi_master/mem_addr_q_reg[23]/C (clocked by CLK) and u_aes_slave/aw_hold_q_reg/D (clocked by CLK). Large setup violations at the end of those stages might be difficult to fix during the post-placement implementation flow and could be the result of non-optimal XDC constraints or non-optimal design architecture
Related violations: <none>

TIMING-16#157 Warning
Large setup violation  
There is a large setup violation of -1.475 ns between u_aes_slave/u_aes_core/key_schedule_inst/key_state_reg_reg[2][245]/C (clocked by CLK) and u_aes_slave/u_aes_core/key_schedule_inst/key_state_reg_reg[3][73]/D (clocked by CLK). Large setup violations at the end of those stages might be difficult to fix during the post-placement implementation flow and could be the result of non-optimal XDC constraints or non-optimal design architecture
Related violations: <none>

TIMING-16#158 Warning
Large setup violation  
There is a large setup violation of -1.487 ns between u_aes_slave/u_aes_core/key_schedule_inst/key_state_reg_reg[0][234]/C (clocked by CLK) and u_aes_slave/u_aes_core/key_schedule_inst/key_state_reg_reg[1][102]/D (clocked by CLK). Large setup violations at the end of those stages might be difficult to fix during the post-placement implementation flow and could be the result of non-optimal XDC constraints or non-optimal design architecture
Related violations: <none>

TIMING-16#159 Warning
Large setup violation  
There is a large setup violation of -1.488 ns between u_aes_slave/u_aes_core/key_schedule_inst/key_state_reg_reg[2][245]/C (clocked by CLK) and u_aes_slave/u_aes_core/key_schedule_inst/key_state_reg_reg[3][41]/D (clocked by CLK). Large setup violations at the end of those stages might be difficult to fix during the post-placement implementation flow and could be the result of non-optimal XDC constraints or non-optimal design architecture
Related violations: <none>

TIMING-16#160 Warning
Large setup violation  
There is a large setup violation of -1.497 ns between u_aes_slave/awaddr_q_reg[6]/C (clocked by CLK) and u_aes_slave/pt_q_reg[2][24]/CE (clocked by CLK). Large setup violations at the end of those stages might be difficult to fix during the post-placement implementation flow and could be the result of non-optimal XDC constraints or non-optimal design architecture
Related violations: <none>

TIMING-16#161 Warning
Large setup violation  
There is a large setup violation of -1.497 ns between u_aes_slave/awaddr_q_reg[6]/C (clocked by CLK) and u_aes_slave/pt_q_reg[2][25]/CE (clocked by CLK). Large setup violations at the end of those stages might be difficult to fix during the post-placement implementation flow and could be the result of non-optimal XDC constraints or non-optimal design architecture
Related violations: <none>

TIMING-16#162 Warning
Large setup violation  
There is a large setup violation of -1.497 ns between u_aes_slave/awaddr_q_reg[6]/C (clocked by CLK) and u_aes_slave/pt_q_reg[2][26]/CE (clocked by CLK). Large setup violations at the end of those stages might be difficult to fix during the post-placement implementation flow and could be the result of non-optimal XDC constraints or non-optimal design architecture
Related violations: <none>

TIMING-16#163 Warning
Large setup violation  
There is a large setup violation of -1.497 ns between u_aes_slave/awaddr_q_reg[6]/C (clocked by CLK) and u_aes_slave/pt_q_reg[2][27]/CE (clocked by CLK). Large setup violations at the end of those stages might be difficult to fix during the post-placement implementation flow and could be the result of non-optimal XDC constraints or non-optimal design architecture
Related violations: <none>

TIMING-16#164 Warning
Large setup violation  
There is a large setup violation of -1.497 ns between u_aes_slave/awaddr_q_reg[6]/C (clocked by CLK) and u_aes_slave/pt_q_reg[2][28]/CE (clocked by CLK). Large setup violations at the end of those stages might be difficult to fix during the post-placement implementation flow and could be the result of non-optimal XDC constraints or non-optimal design architecture
Related violations: <none>

TIMING-16#165 Warning
Large setup violation  
There is a large setup violation of -1.497 ns between u_aes_slave/awaddr_q_reg[6]/C (clocked by CLK) and u_aes_slave/pt_q_reg[2][29]/CE (clocked by CLK). Large setup violations at the end of those stages might be difficult to fix during the post-placement implementation flow and could be the result of non-optimal XDC constraints or non-optimal design architecture
Related violations: <none>

TIMING-16#166 Warning
Large setup violation  
There is a large setup violation of -1.497 ns between u_aes_slave/awaddr_q_reg[6]/C (clocked by CLK) and u_aes_slave/pt_q_reg[2][30]/CE (clocked by CLK). Large setup violations at the end of those stages might be difficult to fix during the post-placement implementation flow and could be the result of non-optimal XDC constraints or non-optimal design architecture
Related violations: <none>

TIMING-16#167 Warning
Large setup violation  
There is a large setup violation of -1.500 ns between u_aes_slave/u_aes_core/key_schedule_inst/key_state_reg_reg[2][225]/C (clocked by CLK) and u_aes_slave/u_aes_core/key_schedule_inst/key_state_reg_reg[3][121]/D (clocked by CLK). Large setup violations at the end of those stages might be difficult to fix during the post-placement implementation flow and could be the result of non-optimal XDC constraints or non-optimal design architecture
Related violations: <none>

TIMING-16#168 Warning
Large setup violation  
There is a large setup violation of -1.510 ns between u_aes_slave/awaddr_q_reg[6]/C (clocked by CLK) and u_aes_slave/key_q_reg[5][27]/CE (clocked by CLK). Large setup violations at the end of those stages might be difficult to fix during the post-placement implementation flow and could be the result of non-optimal XDC constraints or non-optimal design architecture
Related violations: <none>

TIMING-16#169 Warning
Large setup violation  
There is a large setup violation of -1.511 ns between u_aes_slave/awaddr_q_reg[6]/C (clocked by CLK) and u_aes_slave/pt_q_reg[1][24]/CE (clocked by CLK). Large setup violations at the end of those stages might be difficult to fix during the post-placement implementation flow and could be the result of non-optimal XDC constraints or non-optimal design architecture
Related violations: <none>

TIMING-16#170 Warning
Large setup violation  
There is a large setup violation of -1.511 ns between u_aes_slave/awaddr_q_reg[6]/C (clocked by CLK) and u_aes_slave/pt_q_reg[1][25]/CE (clocked by CLK). Large setup violations at the end of those stages might be difficult to fix during the post-placement implementation flow and could be the result of non-optimal XDC constraints or non-optimal design architecture
Related violations: <none>

TIMING-16#171 Warning
Large setup violation  
There is a large setup violation of -1.511 ns between u_aes_slave/awaddr_q_reg[6]/C (clocked by CLK) and u_aes_slave/pt_q_reg[1][26]/CE (clocked by CLK). Large setup violations at the end of those stages might be difficult to fix during the post-placement implementation flow and could be the result of non-optimal XDC constraints or non-optimal design architecture
Related violations: <none>

TIMING-16#172 Warning
Large setup violation  
There is a large setup violation of -1.511 ns between u_aes_slave/awaddr_q_reg[6]/C (clocked by CLK) and u_aes_slave/pt_q_reg[1][27]/CE (clocked by CLK). Large setup violations at the end of those stages might be difficult to fix during the post-placement implementation flow and could be the result of non-optimal XDC constraints or non-optimal design architecture
Related violations: <none>

TIMING-16#173 Warning
Large setup violation  
There is a large setup violation of -1.511 ns between u_aes_slave/awaddr_q_reg[6]/C (clocked by CLK) and u_aes_slave/pt_q_reg[1][28]/CE (clocked by CLK). Large setup violations at the end of those stages might be difficult to fix during the post-placement implementation flow and could be the result of non-optimal XDC constraints or non-optimal design architecture
Related violations: <none>

TIMING-16#174 Warning
Large setup violation  
There is a large setup violation of -1.511 ns between u_aes_slave/awaddr_q_reg[6]/C (clocked by CLK) and u_aes_slave/pt_q_reg[1][29]/CE (clocked by CLK). Large setup violations at the end of those stages might be difficult to fix during the post-placement implementation flow and could be the result of non-optimal XDC constraints or non-optimal design architecture
Related violations: <none>

TIMING-16#175 Warning
Large setup violation  
There is a large setup violation of -1.514 ns between u_aes_slave/u_aes_core/key_schedule_inst/key_state_reg_reg[6][224]/C (clocked by CLK) and u_aes_slave/u_aes_core/key_schedule_inst/key_state_reg_reg[7][125]/D (clocked by CLK). Large setup violations at the end of those stages might be difficult to fix during the post-placement implementation flow and could be the result of non-optimal XDC constraints or non-optimal design architecture
Related violations: <none>

TIMING-16#176 Warning
Large setup violation  
There is a large setup violation of -1.523 ns between u_aes_slave/u_aes_core/valid_reg_reg[14]/C (clocked by CLK) and u_aes_slave/ct_q_reg[0][10]/CE (clocked by CLK). Large setup violations at the end of those stages might be difficult to fix during the post-placement implementation flow and could be the result of non-optimal XDC constraints or non-optimal design architecture
Related violations: <none>

TIMING-16#177 Warning
Large setup violation  
There is a large setup violation of -1.523 ns between u_aes_slave/u_aes_core/valid_reg_reg[14]/C (clocked by CLK) and u_aes_slave/ct_q_reg[1][10]/CE (clocked by CLK). Large setup violations at the end of those stages might be difficult to fix during the post-placement implementation flow and could be the result of non-optimal XDC constraints or non-optimal design architecture
Related violations: <none>

TIMING-16#178 Warning
Large setup violation  
There is a large setup violation of -1.523 ns between u_aes_slave/u_aes_core/valid_reg_reg[14]/C (clocked by CLK) and u_aes_slave/ct_q_reg[2][10]/CE (clocked by CLK). Large setup violations at the end of those stages might be difficult to fix during the post-placement implementation flow and could be the result of non-optimal XDC constraints or non-optimal design architecture
Related violations: <none>

TIMING-16#179 Warning
Large setup violation  
There is a large setup violation of -1.523 ns between u_aes_slave/u_aes_core/valid_reg_reg[14]/C (clocked by CLK) and u_aes_slave/ct_q_reg[3][10]/CE (clocked by CLK). Large setup violations at the end of those stages might be difficult to fix during the post-placement implementation flow and could be the result of non-optimal XDC constraints or non-optimal design architecture
Related violations: <none>

TIMING-16#180 Warning
Large setup violation  
There is a large setup violation of -1.532 ns between u_aes_slave/u_aes_core/key_schedule_inst/key_state_reg_reg[10][245]/C (clocked by CLK) and u_aes_slave/u_aes_core/key_schedule_inst/key_state_reg_reg[11][13]/D (clocked by CLK). Large setup violations at the end of those stages might be difficult to fix during the post-placement implementation flow and could be the result of non-optimal XDC constraints or non-optimal design architecture
Related violations: <none>

TIMING-16#181 Warning
Large setup violation  
There is a large setup violation of -1.534 ns between u_aes_slave/u_aes_core/key_schedule_inst/key_state_reg_reg[0][224]/C (clocked by CLK) and u_aes_slave/u_aes_core/key_schedule_inst/key_state_reg_reg[1][124]/D (clocked by CLK). Large setup violations at the end of those stages might be difficult to fix during the post-placement implementation flow and could be the result of non-optimal XDC constraints or non-optimal design architecture
Related violations: <none>

TIMING-16#182 Warning
Large setup violation  
There is a large setup violation of -1.542 ns between u_axi_master/mem_addr_q_reg[23]/C (clocked by CLK) and u_aes_slave/awsize_q_reg[1]/D (clocked by CLK). Large setup violations at the end of those stages might be difficult to fix during the post-placement implementation flow and could be the result of non-optimal XDC constraints or non-optimal design architecture
Related violations: <none>

TIMING-16#183 Warning
Large setup violation  
There is a large setup violation of -1.546 ns between u_aes_slave/awaddr_q_reg[6]/C (clocked by CLK) and u_aes_slave/key_q_reg[0][24]/CE (clocked by CLK). Large setup violations at the end of those stages might be difficult to fix during the post-placement implementation flow and could be the result of non-optimal XDC constraints or non-optimal design architecture
Related violations: <none>

TIMING-16#184 Warning
Large setup violation  
There is a large setup violation of -1.546 ns between u_aes_slave/awaddr_q_reg[6]/C (clocked by CLK) and u_aes_slave/key_q_reg[0][25]/CE (clocked by CLK). Large setup violations at the end of those stages might be difficult to fix during the post-placement implementation flow and could be the result of non-optimal XDC constraints or non-optimal design architecture
Related violations: <none>

TIMING-16#185 Warning
Large setup violation  
There is a large setup violation of -1.546 ns between u_aes_slave/awaddr_q_reg[6]/C (clocked by CLK) and u_aes_slave/key_q_reg[0][26]/CE (clocked by CLK). Large setup violations at the end of those stages might be difficult to fix during the post-placement implementation flow and could be the result of non-optimal XDC constraints or non-optimal design architecture
Related violations: <none>

TIMING-16#186 Warning
Large setup violation  
There is a large setup violation of -1.546 ns between u_aes_slave/awaddr_q_reg[6]/C (clocked by CLK) and u_aes_slave/key_q_reg[0][27]/CE (clocked by CLK). Large setup violations at the end of those stages might be difficult to fix during the post-placement implementation flow and could be the result of non-optimal XDC constraints or non-optimal design architecture
Related violations: <none>

TIMING-16#187 Warning
Large setup violation  
There is a large setup violation of -1.546 ns between u_aes_slave/awaddr_q_reg[6]/C (clocked by CLK) and u_aes_slave/key_q_reg[0][28]/CE (clocked by CLK). Large setup violations at the end of those stages might be difficult to fix during the post-placement implementation flow and could be the result of non-optimal XDC constraints or non-optimal design architecture
Related violations: <none>

TIMING-16#188 Warning
Large setup violation  
There is a large setup violation of -1.546 ns between u_aes_slave/awaddr_q_reg[6]/C (clocked by CLK) and u_aes_slave/key_q_reg[0][29]/CE (clocked by CLK). Large setup violations at the end of those stages might be difficult to fix during the post-placement implementation flow and could be the result of non-optimal XDC constraints or non-optimal design architecture
Related violations: <none>

TIMING-16#189 Warning
Large setup violation  
There is a large setup violation of -1.546 ns between u_aes_slave/awaddr_q_reg[6]/C (clocked by CLK) and u_aes_slave/key_q_reg[0][30]/CE (clocked by CLK). Large setup violations at the end of those stages might be difficult to fix during the post-placement implementation flow and could be the result of non-optimal XDC constraints or non-optimal design architecture
Related violations: <none>

TIMING-16#190 Warning
Large setup violation  
There is a large setup violation of -1.546 ns between u_aes_slave/awaddr_q_reg[6]/C (clocked by CLK) and u_aes_slave/key_q_reg[0][31]/CE (clocked by CLK). Large setup violations at the end of those stages might be difficult to fix during the post-placement implementation flow and could be the result of non-optimal XDC constraints or non-optimal design architecture
Related violations: <none>

TIMING-16#191 Warning
Large setup violation  
There is a large setup violation of -1.575 ns between u_aes_slave/awaddr_q_reg[6]/C (clocked by CLK) and u_aes_slave/key_q_reg[5][10]/CE (clocked by CLK). Large setup violations at the end of those stages might be difficult to fix during the post-placement implementation flow and could be the result of non-optimal XDC constraints or non-optimal design architecture
Related violations: <none>

TIMING-16#192 Warning
Large setup violation  
There is a large setup violation of -1.575 ns between u_aes_slave/awaddr_q_reg[6]/C (clocked by CLK) and u_aes_slave/key_q_reg[5][11]/CE (clocked by CLK). Large setup violations at the end of those stages might be difficult to fix during the post-placement implementation flow and could be the result of non-optimal XDC constraints or non-optimal design architecture
Related violations: <none>

TIMING-16#193 Warning
Large setup violation  
There is a large setup violation of -1.575 ns between u_aes_slave/awaddr_q_reg[6]/C (clocked by CLK) and u_aes_slave/key_q_reg[5][12]/CE (clocked by CLK). Large setup violations at the end of those stages might be difficult to fix during the post-placement implementation flow and could be the result of non-optimal XDC constraints or non-optimal design architecture
Related violations: <none>

TIMING-16#194 Warning
Large setup violation  
There is a large setup violation of -1.575 ns between u_aes_slave/awaddr_q_reg[6]/C (clocked by CLK) and u_aes_slave/key_q_reg[5][13]/CE (clocked by CLK). Large setup violations at the end of those stages might be difficult to fix during the post-placement implementation flow and could be the result of non-optimal XDC constraints or non-optimal design architecture
Related violations: <none>

TIMING-16#195 Warning
Large setup violation  
There is a large setup violation of -1.575 ns between u_aes_slave/awaddr_q_reg[6]/C (clocked by CLK) and u_aes_slave/key_q_reg[5][14]/CE (clocked by CLK). Large setup violations at the end of those stages might be difficult to fix during the post-placement implementation flow and could be the result of non-optimal XDC constraints or non-optimal design architecture
Related violations: <none>

TIMING-16#196 Warning
Large setup violation  
There is a large setup violation of -1.575 ns between u_aes_slave/awaddr_q_reg[6]/C (clocked by CLK) and u_aes_slave/key_q_reg[5][15]/CE (clocked by CLK). Large setup violations at the end of those stages might be difficult to fix during the post-placement implementation flow and could be the result of non-optimal XDC constraints or non-optimal design architecture
Related violations: <none>

TIMING-16#197 Warning
Large setup violation  
There is a large setup violation of -1.575 ns between u_aes_slave/awaddr_q_reg[6]/C (clocked by CLK) and u_aes_slave/key_q_reg[5][8]/CE (clocked by CLK). Large setup violations at the end of those stages might be difficult to fix during the post-placement implementation flow and could be the result of non-optimal XDC constraints or non-optimal design architecture
Related violations: <none>

TIMING-16#198 Warning
Large setup violation  
There is a large setup violation of -1.575 ns between u_aes_slave/awaddr_q_reg[6]/C (clocked by CLK) and u_aes_slave/key_q_reg[5][9]/CE (clocked by CLK). Large setup violations at the end of those stages might be difficult to fix during the post-placement implementation flow and could be the result of non-optimal XDC constraints or non-optimal design architecture
Related violations: <none>

TIMING-16#199 Warning
Large setup violation  
There is a large setup violation of -1.579 ns between u_aes_slave/u_aes_core/key_schedule_inst/key_state_reg_reg[10][232]/C (clocked by CLK) and u_aes_slave/u_aes_core/key_schedule_inst/key_state_reg_reg[11][129]/D (clocked by CLK). Large setup violations at the end of those stages might be difficult to fix during the post-placement implementation flow and could be the result of non-optimal XDC constraints or non-optimal design architecture
Related violations: <none>

TIMING-16#200 Warning
Large setup violation  
There is a large setup violation of -1.582 ns between u_aes_slave/u_aes_core/key_schedule_inst/key_state_reg_reg[0][232]/C (clocked by CLK) and u_aes_slave/u_aes_core/key_schedule_inst/key_state_reg_reg[1][100]/D (clocked by CLK). Large setup violations at the end of those stages might be difficult to fix during the post-placement implementation flow and could be the result of non-optimal XDC constraints or non-optimal design architecture
Related violations: <none>

TIMING-16#201 Warning
Large setup violation  
There is a large setup violation of -1.595 ns between u_aes_slave/u_aes_core/key_schedule_inst/key_state_reg_reg[4][254]/C (clocked by CLK) and u_aes_slave/u_aes_core/key_schedule_inst/key_state_reg_reg[5][115]/D (clocked by CLK). Large setup violations at the end of those stages might be difficult to fix during the post-placement implementation flow and could be the result of non-optimal XDC constraints or non-optimal design architecture
Related violations: <none>

TIMING-16#202 Warning
Large setup violation  
There is a large setup violation of -1.599 ns between u_aes_slave/u_aes_core/key_schedule_inst/key_state_reg_reg[4][254]/C (clocked by CLK) and u_aes_slave/u_aes_core/key_schedule_inst/key_state_reg_reg[5][113]/D (clocked by CLK). Large setup violations at the end of those stages might be difficult to fix during the post-placement implementation flow and could be the result of non-optimal XDC constraints or non-optimal design architecture
Related violations: <none>

TIMING-16#203 Warning
Large setup violation  
There is a large setup violation of -1.604 ns between u_aes_slave/awaddr_q_reg[6]/C (clocked by CLK) and u_aes_slave/key_q_reg[4][25]/CE (clocked by CLK). Large setup violations at the end of those stages might be difficult to fix during the post-placement implementation flow and could be the result of non-optimal XDC constraints or non-optimal design architecture
Related violations: <none>

TIMING-16#204 Warning
Large setup violation  
There is a large setup violation of -1.604 ns between u_aes_slave/awaddr_q_reg[6]/C (clocked by CLK) and u_aes_slave/key_q_reg[4][27]/CE (clocked by CLK). Large setup violations at the end of those stages might be difficult to fix during the post-placement implementation flow and could be the result of non-optimal XDC constraints or non-optimal design architecture
Related violations: <none>

TIMING-16#205 Warning
Large setup violation  
There is a large setup violation of -1.604 ns between u_aes_slave/awaddr_q_reg[6]/C (clocked by CLK) and u_aes_slave/key_q_reg[4][28]/CE (clocked by CLK). Large setup violations at the end of those stages might be difficult to fix during the post-placement implementation flow and could be the result of non-optimal XDC constraints or non-optimal design architecture
Related violations: <none>

TIMING-16#206 Warning
Large setup violation  
There is a large setup violation of -1.604 ns between u_aes_slave/awaddr_q_reg[6]/C (clocked by CLK) and u_aes_slave/key_q_reg[4][30]/CE (clocked by CLK). Large setup violations at the end of those stages might be difficult to fix during the post-placement implementation flow and could be the result of non-optimal XDC constraints or non-optimal design architecture
Related violations: <none>

TIMING-16#207 Warning
Large setup violation  
There is a large setup violation of -1.604 ns between u_aes_slave/awaddr_q_reg[6]/C (clocked by CLK) and u_aes_slave/key_q_reg[4][31]/CE (clocked by CLK). Large setup violations at the end of those stages might be difficult to fix during the post-placement implementation flow and could be the result of non-optimal XDC constraints or non-optimal design architecture
Related violations: <none>

TIMING-16#208 Warning
Large setup violation  
There is a large setup violation of -1.605 ns between u_aes_slave/u_aes_core/key_schedule_inst/key_state_reg_reg[0][224]/C (clocked by CLK) and u_aes_slave/u_aes_core/key_schedule_inst/key_state_reg_reg[1][120]/D (clocked by CLK). Large setup violations at the end of those stages might be difficult to fix during the post-placement implementation flow and could be the result of non-optimal XDC constraints or non-optimal design architecture
Related violations: <none>

TIMING-16#209 Warning
Large setup violation  
There is a large setup violation of -1.606 ns between u_aes_slave/u_aes_core/key_schedule_inst/key_state_reg_reg[0][253]/C (clocked by CLK) and u_aes_slave/u_aes_core/key_schedule_inst/key_state_reg_reg[1][119]/D (clocked by CLK). Large setup violations at the end of those stages might be difficult to fix during the post-placement implementation flow and could be the result of non-optimal XDC constraints or non-optimal design architecture
Related violations: <none>

TIMING-16#210 Warning
Large setup violation  
There is a large setup violation of -1.612 ns between u_aes_slave/u_aes_core/key_schedule_inst/key_state_reg_reg[0][241]/C (clocked by CLK) and u_aes_slave/u_aes_core/key_schedule_inst/key_state_reg_reg[1][107]/D (clocked by CLK). Large setup violations at the end of those stages might be difficult to fix during the post-placement implementation flow and could be the result of non-optimal XDC constraints or non-optimal design architecture
Related violations: <none>

TIMING-16#211 Warning
Large setup violation  
There is a large setup violation of -1.615 ns between u_aes_slave/awaddr_q_reg[6]/C (clocked by CLK) and u_aes_slave/key_q_reg[6][27]/CE (clocked by CLK). Large setup violations at the end of those stages might be difficult to fix during the post-placement implementation flow and could be the result of non-optimal XDC constraints or non-optimal design architecture
Related violations: <none>

TIMING-16#212 Warning
Large setup violation  
There is a large setup violation of -1.615 ns between u_aes_slave/awaddr_q_reg[6]/C (clocked by CLK) and u_aes_slave/key_q_reg[6][30]/CE (clocked by CLK). Large setup violations at the end of those stages might be difficult to fix during the post-placement implementation flow and could be the result of non-optimal XDC constraints or non-optimal design architecture
Related violations: <none>

TIMING-16#213 Warning
Large setup violation  
There is a large setup violation of -1.626 ns between u_aes_slave/u_aes_core/key_schedule_inst/key_state_reg_reg[6][241]/C (clocked by CLK) and u_aes_slave/u_aes_core/key_schedule_inst/key_state_reg_reg[7][104]/D (clocked by CLK). Large setup violations at the end of those stages might be difficult to fix during the post-placement implementation flow and could be the result of non-optimal XDC constraints or non-optimal design architecture
Related violations: <none>

TIMING-16#214 Warning
Large setup violation  
There is a large setup violation of -1.630 ns between u_aes_slave/awaddr_q_reg[6]/C (clocked by CLK) and u_aes_slave/key_q_reg[5][16]/CE (clocked by CLK). Large setup violations at the end of those stages might be difficult to fix during the post-placement implementation flow and could be the result of non-optimal XDC constraints or non-optimal design architecture
Related violations: <none>

TIMING-16#215 Warning
Large setup violation  
There is a large setup violation of -1.630 ns between u_aes_slave/awaddr_q_reg[6]/C (clocked by CLK) and u_aes_slave/key_q_reg[5][23]/CE (clocked by CLK). Large setup violations at the end of those stages might be difficult to fix during the post-placement implementation flow and could be the result of non-optimal XDC constraints or non-optimal design architecture
Related violations: <none>

TIMING-16#216 Warning
Large setup violation  
There is a large setup violation of -1.631 ns between u_aes_slave/u_aes_core/key_schedule_inst/key_state_reg_reg[0][241]/C (clocked by CLK) and u_aes_slave/u_aes_core/key_schedule_inst/key_state_reg_reg[1][104]/D (clocked by CLK). Large setup violations at the end of those stages might be difficult to fix during the post-placement implementation flow and could be the result of non-optimal XDC constraints or non-optimal design architecture
Related violations: <none>

TIMING-16#217 Warning
Large setup violation  
There is a large setup violation of -1.637 ns between u_aes_slave/u_aes_core/key_schedule_inst/key_state_reg_reg[0][224]/C (clocked by CLK) and u_aes_slave/u_aes_core/key_schedule_inst/key_state_reg_reg[1][123]/D (clocked by CLK). Large setup violations at the end of those stages might be difficult to fix during the post-placement implementation flow and could be the result of non-optimal XDC constraints or non-optimal design architecture
Related violations: <none>

TIMING-16#218 Warning
Large setup violation  
There is a large setup violation of -1.638 ns between u_aes_slave/u_aes_core/key_schedule_inst/key_state_reg_reg[6][246]/C (clocked by CLK) and u_aes_slave/u_aes_core/key_schedule_inst/key_state_reg_reg[7][107]/D (clocked by CLK). Large setup violations at the end of those stages might be difficult to fix during the post-placement implementation flow and could be the result of non-optimal XDC constraints or non-optimal design architecture
Related violations: <none>

TIMING-16#219 Warning
Large setup violation  
There is a large setup violation of -1.639 ns between u_aes_slave/awaddr_q_reg[6]/C (clocked by CLK) and u_aes_slave/key_q_reg[7][25]/CE (clocked by CLK). Large setup violations at the end of those stages might be difficult to fix during the post-placement implementation flow and could be the result of non-optimal XDC constraints or non-optimal design architecture
Related violations: <none>

TIMING-16#220 Warning
Large setup violation  
There is a large setup violation of -1.639 ns between u_aes_slave/awaddr_q_reg[6]/C (clocked by CLK) and u_aes_slave/key_q_reg[7][28]/CE (clocked by CLK). Large setup violations at the end of those stages might be difficult to fix during the post-placement implementation flow and could be the result of non-optimal XDC constraints or non-optimal design architecture
Related violations: <none>

TIMING-16#221 Warning
Large setup violation  
There is a large setup violation of -1.639 ns between u_aes_slave/awaddr_q_reg[6]/C (clocked by CLK) and u_aes_slave/key_q_reg[7][30]/CE (clocked by CLK). Large setup violations at the end of those stages might be difficult to fix during the post-placement implementation flow and could be the result of non-optimal XDC constraints or non-optimal design architecture
Related violations: <none>

TIMING-16#222 Warning
Large setup violation  
There is a large setup violation of -1.639 ns between u_aes_slave/awaddr_q_reg[6]/C (clocked by CLK) and u_aes_slave/key_q_reg[7][31]/CE (clocked by CLK). Large setup violations at the end of those stages might be difficult to fix during the post-placement implementation flow and could be the result of non-optimal XDC constraints or non-optimal design architecture
Related violations: <none>

TIMING-16#223 Warning
Large setup violation  
There is a large setup violation of -1.639 ns between u_aes_slave/u_aes_core/key_schedule_inst/key_state_reg_reg[10][232]/C (clocked by CLK) and u_aes_slave/u_aes_core/key_schedule_inst/key_state_reg_reg[11][130]/D (clocked by CLK). Large setup violations at the end of those stages might be difficult to fix during the post-placement implementation flow and could be the result of non-optimal XDC constraints or non-optimal design architecture
Related violations: <none>

TIMING-16#224 Warning
Large setup violation  
There is a large setup violation of -1.640 ns between u_aes_slave/u_aes_core/key_schedule_inst/key_state_reg_reg[10][245]/C (clocked by CLK) and u_aes_slave/u_aes_core/key_schedule_inst/key_state_reg_reg[11][104]/D (clocked by CLK). Large setup violations at the end of those stages might be difficult to fix during the post-placement implementation flow and could be the result of non-optimal XDC constraints or non-optimal design architecture
Related violations: <none>

TIMING-16#225 Warning
Large setup violation  
There is a large setup violation of -1.647 ns between u_aes_slave/u_aes_core/key_schedule_inst/key_state_reg_reg[6][248]/C (clocked by CLK) and u_aes_slave/u_aes_core/key_schedule_inst/key_state_reg_reg[7][113]/D (clocked by CLK). Large setup violations at the end of those stages might be difficult to fix during the post-placement implementation flow and could be the result of non-optimal XDC constraints or non-optimal design architecture
Related violations: <none>

TIMING-16#226 Warning
Large setup violation  
There is a large setup violation of -1.652 ns between u_aes_slave/u_aes_core/valid_reg_reg[14]/C (clocked by CLK) and u_aes_slave/ct_q_reg[0][13]/CE (clocked by CLK). Large setup violations at the end of those stages might be difficult to fix during the post-placement implementation flow and could be the result of non-optimal XDC constraints or non-optimal design architecture
Related violations: <none>

TIMING-16#227 Warning
Large setup violation  
There is a large setup violation of -1.652 ns between u_aes_slave/u_aes_core/valid_reg_reg[14]/C (clocked by CLK) and u_aes_slave/ct_q_reg[1][13]/CE (clocked by CLK). Large setup violations at the end of those stages might be difficult to fix during the post-placement implementation flow and could be the result of non-optimal XDC constraints or non-optimal design architecture
Related violations: <none>

TIMING-16#228 Warning
Large setup violation  
There is a large setup violation of -1.652 ns between u_aes_slave/u_aes_core/valid_reg_reg[14]/C (clocked by CLK) and u_aes_slave/ct_q_reg[2][13]/CE (clocked by CLK). Large setup violations at the end of those stages might be difficult to fix during the post-placement implementation flow and could be the result of non-optimal XDC constraints or non-optimal design architecture
Related violations: <none>

TIMING-16#229 Warning
Large setup violation  
There is a large setup violation of -1.652 ns between u_aes_slave/u_aes_core/valid_reg_reg[14]/C (clocked by CLK) and u_aes_slave/ct_q_reg[3][13]/CE (clocked by CLK). Large setup violations at the end of those stages might be difficult to fix during the post-placement implementation flow and could be the result of non-optimal XDC constraints or non-optimal design architecture
Related violations: <none>

TIMING-16#230 Warning
Large setup violation  
There is a large setup violation of -1.657 ns between u_aes_slave/u_aes_core/key_schedule_inst/key_state_reg_reg[4][248]/C (clocked by CLK) and u_aes_slave/u_aes_core/key_schedule_inst/key_state_reg_reg[5][117]/D (clocked by CLK). Large setup violations at the end of those stages might be difficult to fix during the post-placement implementation flow and could be the result of non-optimal XDC constraints or non-optimal design architecture
Related violations: <none>

TIMING-16#231 Warning
Large setup violation  
There is a large setup violation of -1.666 ns between u_aes_slave/awaddr_q_reg[6]/C (clocked by CLK) and u_aes_slave/pt_q_reg[1][30]/CE (clocked by CLK). Large setup violations at the end of those stages might be difficult to fix during the post-placement implementation flow and could be the result of non-optimal XDC constraints or non-optimal design architecture
Related violations: <none>

TIMING-16#232 Warning
Large setup violation  
There is a large setup violation of -1.669 ns between u_aes_slave/awaddr_q_reg[6]/C (clocked by CLK) and u_aes_slave/pt_q_reg[3][20]/CE (clocked by CLK). Large setup violations at the end of those stages might be difficult to fix during the post-placement implementation flow and could be the result of non-optimal XDC constraints or non-optimal design architecture
Related violations: <none>

TIMING-16#233 Warning
Large setup violation  
There is a large setup violation of -1.673 ns between u_aes_slave/awaddr_q_reg[6]/C (clocked by CLK) and u_aes_slave/key_q_reg[7][12]/CE (clocked by CLK). Large setup violations at the end of those stages might be difficult to fix during the post-placement implementation flow and could be the result of non-optimal XDC constraints or non-optimal design architecture
Related violations: <none>

TIMING-16#234 Warning
Large setup violation  
There is a large setup violation of -1.676 ns between u_aes_slave/u_aes_core/valid_reg_reg[14]/C (clocked by CLK) and u_aes_slave/ct_q_reg[1][15]/CE (clocked by CLK). Large setup violations at the end of those stages might be difficult to fix during the post-placement implementation flow and could be the result of non-optimal XDC constraints or non-optimal design architecture
Related violations: <none>

TIMING-16#235 Warning
Large setup violation  
There is a large setup violation of -1.681 ns between u_aes_slave/u_aes_core/valid_reg_reg[14]/C (clocked by CLK) and u_aes_slave/ct_q_reg[0][0]/CE (clocked by CLK). Large setup violations at the end of those stages might be difficult to fix during the post-placement implementation flow and could be the result of non-optimal XDC constraints or non-optimal design architecture
Related violations: <none>

TIMING-16#236 Warning
Large setup violation  
There is a large setup violation of -1.681 ns between u_aes_slave/u_aes_core/valid_reg_reg[14]/C (clocked by CLK) and u_aes_slave/ct_q_reg[1][0]/CE (clocked by CLK). Large setup violations at the end of those stages might be difficult to fix during the post-placement implementation flow and could be the result of non-optimal XDC constraints or non-optimal design architecture
Related violations: <none>

TIMING-16#237 Warning
Large setup violation  
There is a large setup violation of -1.681 ns between u_aes_slave/u_aes_core/valid_reg_reg[14]/C (clocked by CLK) and u_aes_slave/ct_q_reg[2][0]/CE (clocked by CLK). Large setup violations at the end of those stages might be difficult to fix during the post-placement implementation flow and could be the result of non-optimal XDC constraints or non-optimal design architecture
Related violations: <none>

TIMING-16#238 Warning
Large setup violation  
There is a large setup violation of -1.681 ns between u_aes_slave/u_aes_core/valid_reg_reg[14]/C (clocked by CLK) and u_aes_slave/ct_q_reg[3][0]/CE (clocked by CLK). Large setup violations at the end of those stages might be difficult to fix during the post-placement implementation flow and could be the result of non-optimal XDC constraints or non-optimal design architecture
Related violations: <none>

TIMING-16#239 Warning
Large setup violation  
There is a large setup violation of -1.696 ns between u_aes_slave/awaddr_q_reg[6]/C (clocked by CLK) and u_aes_slave/pt_q_reg[0][27]/CE (clocked by CLK). Large setup violations at the end of those stages might be difficult to fix during the post-placement implementation flow and could be the result of non-optimal XDC constraints or non-optimal design architecture
Related violations: <none>

TIMING-16#240 Warning
Large setup violation  
There is a large setup violation of -1.696 ns between u_aes_slave/awaddr_q_reg[6]/C (clocked by CLK) and u_aes_slave/pt_q_reg[0][30]/CE (clocked by CLK). Large setup violations at the end of those stages might be difficult to fix during the post-placement implementation flow and could be the result of non-optimal XDC constraints or non-optimal design architecture
Related violations: <none>

TIMING-16#241 Warning
Large setup violation  
There is a large setup violation of -1.710 ns between u_aes_slave/u_aes_core/key_schedule_inst/key_state_reg_reg[0][241]/C (clocked by CLK) and u_aes_slave/u_aes_core/key_schedule_inst/key_state_reg_reg[1][105]/D (clocked by CLK). Large setup violations at the end of those stages might be difficult to fix during the post-placement implementation flow and could be the result of non-optimal XDC constraints or non-optimal design architecture
Related violations: <none>

TIMING-16#242 Warning
Large setup violation  
There is a large setup violation of -1.731 ns between u_aes_slave/u_aes_core/key_schedule_inst/key_state_reg_reg[10][232]/C (clocked by CLK) and u_aes_slave/u_aes_core/key_schedule_inst/key_state_reg_reg[11][133]/D (clocked by CLK). Large setup violations at the end of those stages might be difficult to fix during the post-placement implementation flow and could be the result of non-optimal XDC constraints or non-optimal design architecture
Related violations: <none>

TIMING-16#243 Warning
Large setup violation  
There is a large setup violation of -1.734 ns between u_aes_slave/u_aes_core/key_schedule_inst/key_state_reg_reg[4][240]/C (clocked by CLK) and u_aes_slave/u_aes_core/key_schedule_inst/key_state_reg_reg[5][105]/D (clocked by CLK). Large setup violations at the end of those stages might be difficult to fix during the post-placement implementation flow and could be the result of non-optimal XDC constraints or non-optimal design architecture
Related violations: <none>

TIMING-16#244 Warning
Large setup violation  
There is a large setup violation of -1.738 ns between u_aes_slave/awaddr_q_reg[6]/C (clocked by CLK) and u_aes_slave/pt_q_reg[0][24]/CE (clocked by CLK). Large setup violations at the end of those stages might be difficult to fix during the post-placement implementation flow and could be the result of non-optimal XDC constraints or non-optimal design architecture
Related violations: <none>

TIMING-16#245 Warning
Large setup violation  
There is a large setup violation of -1.738 ns between u_aes_slave/awaddr_q_reg[6]/C (clocked by CLK) and u_aes_slave/pt_q_reg[0][25]/CE (clocked by CLK). Large setup violations at the end of those stages might be difficult to fix during the post-placement implementation flow and could be the result of non-optimal XDC constraints or non-optimal design architecture
Related violations: <none>

TIMING-16#246 Warning
Large setup violation  
There is a large setup violation of -1.738 ns between u_aes_slave/awaddr_q_reg[6]/C (clocked by CLK) and u_aes_slave/pt_q_reg[0][26]/CE (clocked by CLK). Large setup violations at the end of those stages might be difficult to fix during the post-placement implementation flow and could be the result of non-optimal XDC constraints or non-optimal design architecture
Related violations: <none>

TIMING-16#247 Warning
Large setup violation  
There is a large setup violation of -1.738 ns between u_aes_slave/awaddr_q_reg[6]/C (clocked by CLK) and u_aes_slave/pt_q_reg[0][29]/CE (clocked by CLK). Large setup violations at the end of those stages might be difficult to fix during the post-placement implementation flow and could be the result of non-optimal XDC constraints or non-optimal design architecture
Related violations: <none>

TIMING-16#248 Warning
Large setup violation  
There is a large setup violation of -1.739 ns between u_aes_slave/u_aes_core/key_schedule_inst/key_state_reg_reg[0][241]/C (clocked by CLK) and u_aes_slave/u_aes_core/key_schedule_inst/key_state_reg_reg[1][108]/D (clocked by CLK). Large setup violations at the end of those stages might be difficult to fix during the post-placement implementation flow and could be the result of non-optimal XDC constraints or non-optimal design architecture
Related violations: <none>

TIMING-16#249 Warning
Large setup violation  
There is a large setup violation of -1.750 ns between u_aes_slave/u_aes_core/key_schedule_inst/key_state_reg_reg[6][242]/C (clocked by CLK) and u_aes_slave/u_aes_core/key_schedule_inst/key_state_reg_reg[7][110]/D (clocked by CLK). Large setup violations at the end of those stages might be difficult to fix during the post-placement implementation flow and could be the result of non-optimal XDC constraints or non-optimal design architecture
Related violations: <none>

TIMING-16#250 Warning
Large setup violation  
There is a large setup violation of -1.752 ns between u_aes_slave/awaddr_q_reg[6]/C (clocked by CLK) and u_aes_slave/key_q_reg[5][25]/CE (clocked by CLK). Large setup violations at the end of those stages might be difficult to fix during the post-placement implementation flow and could be the result of non-optimal XDC constraints or non-optimal design architecture
Related violations: <none>

TIMING-16#251 Warning
Large setup violation  
There is a large setup violation of -1.752 ns between u_aes_slave/awaddr_q_reg[6]/C (clocked by CLK) and u_aes_slave/key_q_reg[5][28]/CE (clocked by CLK). Large setup violations at the end of those stages might be difficult to fix during the post-placement implementation flow and could be the result of non-optimal XDC constraints or non-optimal design architecture
Related violations: <none>

TIMING-16#252 Warning
Large setup violation  
There is a large setup violation of -1.752 ns between u_aes_slave/awaddr_q_reg[6]/C (clocked by CLK) and u_aes_slave/key_q_reg[5][30]/CE (clocked by CLK). Large setup violations at the end of those stages might be difficult to fix during the post-placement implementation flow and could be the result of non-optimal XDC constraints or non-optimal design architecture
Related violations: <none>

TIMING-16#253 Warning
Large setup violation  
There is a large setup violation of -1.752 ns between u_aes_slave/awaddr_q_reg[6]/C (clocked by CLK) and u_aes_slave/key_q_reg[5][31]/CE (clocked by CLK). Large setup violations at the end of those stages might be difficult to fix during the post-placement implementation flow and could be the result of non-optimal XDC constraints or non-optimal design architecture
Related violations: <none>

TIMING-16#254 Warning
Large setup violation  
There is a large setup violation of -1.762 ns between u_aes_slave/awaddr_q_reg[6]/C (clocked by CLK) and u_aes_slave/key_q_reg[6][25]/CE (clocked by CLK). Large setup violations at the end of those stages might be difficult to fix during the post-placement implementation flow and could be the result of non-optimal XDC constraints or non-optimal design architecture
Related violations: <none>

TIMING-16#255 Warning
Large setup violation  
There is a large setup violation of -1.762 ns between u_aes_slave/awaddr_q_reg[6]/C (clocked by CLK) and u_aes_slave/key_q_reg[6][28]/CE (clocked by CLK). Large setup violations at the end of those stages might be difficult to fix during the post-placement implementation flow and could be the result of non-optimal XDC constraints or non-optimal design architecture
Related violations: <none>

TIMING-16#256 Warning
Large setup violation  
There is a large setup violation of -1.762 ns between u_aes_slave/awaddr_q_reg[6]/C (clocked by CLK) and u_aes_slave/key_q_reg[6][31]/CE (clocked by CLK). Large setup violations at the end of those stages might be difficult to fix during the post-placement implementation flow and could be the result of non-optimal XDC constraints or non-optimal design architecture
Related violations: <none>

TIMING-16#257 Warning
Large setup violation  
There is a large setup violation of -1.763 ns between u_aes_slave/awaddr_q_reg[6]/C (clocked by CLK) and u_aes_slave/pt_q_reg[0][28]/CE (clocked by CLK). Large setup violations at the end of those stages might be difficult to fix during the post-placement implementation flow and could be the result of non-optimal XDC constraints or non-optimal design architecture
Related violations: <none>

TIMING-16#258 Warning
Large setup violation  
There is a large setup violation of -1.763 ns between u_aes_slave/awaddr_q_reg[6]/C (clocked by CLK) and u_aes_slave/pt_q_reg[0][31]/CE (clocked by CLK). Large setup violations at the end of those stages might be difficult to fix during the post-placement implementation flow and could be the result of non-optimal XDC constraints or non-optimal design architecture
Related violations: <none>

TIMING-16#259 Warning
Large setup violation  
There is a large setup violation of -1.768 ns between u_aes_slave/u_aes_core/key_schedule_inst/key_state_reg_reg[10][245]/C (clocked by CLK) and u_aes_slave/u_aes_core/key_schedule_inst/key_state_reg_reg[11][111]/D (clocked by CLK). Large setup violations at the end of those stages might be difficult to fix during the post-placement implementation flow and could be the result of non-optimal XDC constraints or non-optimal design architecture
Related violations: <none>

TIMING-16#260 Warning
Large setup violation  
There is a large setup violation of -1.791 ns between u_aes_slave/awaddr_q_reg[6]/C (clocked by CLK) and u_aes_slave/key_q_reg[5][17]/CE (clocked by CLK). Large setup violations at the end of those stages might be difficult to fix during the post-placement implementation flow and could be the result of non-optimal XDC constraints or non-optimal design architecture
Related violations: <none>

TIMING-16#261 Warning
Large setup violation  
There is a large setup violation of -1.791 ns between u_aes_slave/awaddr_q_reg[6]/C (clocked by CLK) and u_aes_slave/key_q_reg[5][19]/CE (clocked by CLK). Large setup violations at the end of those stages might be difficult to fix during the post-placement implementation flow and could be the result of non-optimal XDC constraints or non-optimal design architecture
Related violations: <none>

TIMING-16#262 Warning
Large setup violation  
There is a large setup violation of -1.791 ns between u_aes_slave/awaddr_q_reg[6]/C (clocked by CLK) and u_aes_slave/key_q_reg[5][20]/CE (clocked by CLK). Large setup violations at the end of those stages might be difficult to fix during the post-placement implementation flow and could be the result of non-optimal XDC constraints or non-optimal design architecture
Related violations: <none>

TIMING-16#263 Warning
Large setup violation  
There is a large setup violation of -1.792 ns between u_aes_slave/u_aes_core/key_schedule_inst/key_state_reg_reg[2][229]/C (clocked by CLK) and u_aes_slave/u_aes_core/key_schedule_inst/key_state_reg_reg[3][127]/D (clocked by CLK). Large setup violations at the end of those stages might be difficult to fix during the post-placement implementation flow and could be the result of non-optimal XDC constraints or non-optimal design architecture
Related violations: <none>

TIMING-16#264 Warning
Large setup violation  
There is a large setup violation of -1.819 ns between u_aes_slave/u_aes_core/key_schedule_inst/key_state_reg_reg[0][226]/C (clocked by CLK) and u_aes_slave/u_aes_core/key_schedule_inst/key_state_reg_reg[1][127]/D (clocked by CLK). Large setup violations at the end of those stages might be difficult to fix during the post-placement implementation flow and could be the result of non-optimal XDC constraints or non-optimal design architecture
Related violations: <none>

TIMING-16#265 Warning
Large setup violation  
There is a large setup violation of -1.825 ns between u_aes_slave/u_aes_core/key_schedule_inst/key_state_reg_reg[2][244]/C (clocked by CLK) and u_aes_slave/u_aes_core/key_schedule_inst/key_state_reg_reg[3][111]/D (clocked by CLK). Large setup violations at the end of those stages might be difficult to fix during the post-placement implementation flow and could be the result of non-optimal XDC constraints or non-optimal design architecture
Related violations: <none>

TIMING-16#266 Warning
Large setup violation  
There is a large setup violation of -1.838 ns between u_aes_slave/u_aes_core/key_schedule_inst/key_state_reg_reg[10][237]/C (clocked by CLK) and u_aes_slave/u_aes_core/key_schedule_inst/key_state_reg_reg[11][193]/D (clocked by CLK). Large setup violations at the end of those stages might be difficult to fix during the post-placement implementation flow and could be the result of non-optimal XDC constraints or non-optimal design architecture
Related violations: <none>

TIMING-16#267 Warning
Large setup violation  
There is a large setup violation of -1.846 ns between u_aes_slave/u_aes_core/key_schedule_inst/key_state_reg_reg[2][225]/C (clocked by CLK) and u_aes_slave/u_aes_core/key_schedule_inst/key_state_reg_reg[3][124]/D (clocked by CLK). Large setup violations at the end of those stages might be difficult to fix during the post-placement implementation flow and could be the result of non-optimal XDC constraints or non-optimal design architecture
Related violations: <none>

TIMING-16#268 Warning
Large setup violation  
There is a large setup violation of -1.847 ns between u_aes_slave/u_aes_core/valid_reg_reg[14]/C (clocked by CLK) and u_aes_slave/ct_q_reg[0][14]/CE (clocked by CLK). Large setup violations at the end of those stages might be difficult to fix during the post-placement implementation flow and could be the result of non-optimal XDC constraints or non-optimal design architecture
Related violations: <none>

TIMING-16#269 Warning
Large setup violation  
There is a large setup violation of -1.847 ns between u_aes_slave/u_aes_core/valid_reg_reg[14]/C (clocked by CLK) and u_aes_slave/ct_q_reg[0][15]/CE (clocked by CLK). Large setup violations at the end of those stages might be difficult to fix during the post-placement implementation flow and could be the result of non-optimal XDC constraints or non-optimal design architecture
Related violations: <none>

TIMING-16#270 Warning
Large setup violation  
There is a large setup violation of -1.847 ns between u_aes_slave/u_aes_core/valid_reg_reg[14]/C (clocked by CLK) and u_aes_slave/ct_q_reg[0][9]/CE (clocked by CLK). Large setup violations at the end of those stages might be difficult to fix during the post-placement implementation flow and could be the result of non-optimal XDC constraints or non-optimal design architecture
Related violations: <none>

TIMING-16#271 Warning
Large setup violation  
There is a large setup violation of -1.847 ns between u_aes_slave/u_aes_core/valid_reg_reg[14]/C (clocked by CLK) and u_aes_slave/ct_q_reg[1][12]/CE (clocked by CLK). Large setup violations at the end of those stages might be difficult to fix during the post-placement implementation flow and could be the result of non-optimal XDC constraints or non-optimal design architecture
Related violations: <none>

TIMING-16#272 Warning
Large setup violation  
There is a large setup violation of -1.847 ns between u_aes_slave/u_aes_core/valid_reg_reg[14]/C (clocked by CLK) and u_aes_slave/ct_q_reg[1][14]/CE (clocked by CLK). Large setup violations at the end of those stages might be difficult to fix during the post-placement implementation flow and could be the result of non-optimal XDC constraints or non-optimal design architecture
Related violations: <none>

TIMING-16#273 Warning
Large setup violation  
There is a large setup violation of -1.847 ns between u_aes_slave/u_aes_core/valid_reg_reg[14]/C (clocked by CLK) and u_aes_slave/ct_q_reg[1][9]/CE (clocked by CLK). Large setup violations at the end of those stages might be difficult to fix during the post-placement implementation flow and could be the result of non-optimal XDC constraints or non-optimal design architecture
Related violations: <none>

TIMING-16#274 Warning
Large setup violation  
There is a large setup violation of -1.847 ns between u_aes_slave/u_aes_core/valid_reg_reg[14]/C (clocked by CLK) and u_aes_slave/ct_q_reg[2][14]/CE (clocked by CLK). Large setup violations at the end of those stages might be difficult to fix during the post-placement implementation flow and could be the result of non-optimal XDC constraints or non-optimal design architecture
Related violations: <none>

TIMING-16#275 Warning
Large setup violation  
There is a large setup violation of -1.847 ns between u_aes_slave/u_aes_core/valid_reg_reg[14]/C (clocked by CLK) and u_aes_slave/ct_q_reg[2][15]/CE (clocked by CLK). Large setup violations at the end of those stages might be difficult to fix during the post-placement implementation flow and could be the result of non-optimal XDC constraints or non-optimal design architecture
Related violations: <none>

TIMING-16#276 Warning
Large setup violation  
There is a large setup violation of -1.847 ns between u_aes_slave/u_aes_core/valid_reg_reg[14]/C (clocked by CLK) and u_aes_slave/ct_q_reg[2][9]/CE (clocked by CLK). Large setup violations at the end of those stages might be difficult to fix during the post-placement implementation flow and could be the result of non-optimal XDC constraints or non-optimal design architecture
Related violations: <none>

TIMING-16#277 Warning
Large setup violation  
There is a large setup violation of -1.847 ns between u_aes_slave/u_aes_core/valid_reg_reg[14]/C (clocked by CLK) and u_aes_slave/ct_q_reg[3][14]/CE (clocked by CLK). Large setup violations at the end of those stages might be difficult to fix during the post-placement implementation flow and could be the result of non-optimal XDC constraints or non-optimal design architecture
Related violations: <none>

TIMING-16#278 Warning
Large setup violation  
There is a large setup violation of -1.847 ns between u_aes_slave/u_aes_core/valid_reg_reg[14]/C (clocked by CLK) and u_aes_slave/ct_q_reg[3][15]/CE (clocked by CLK). Large setup violations at the end of those stages might be difficult to fix during the post-placement implementation flow and could be the result of non-optimal XDC constraints or non-optimal design architecture
Related violations: <none>

TIMING-16#279 Warning
Large setup violation  
There is a large setup violation of -1.847 ns between u_aes_slave/u_aes_core/valid_reg_reg[14]/C (clocked by CLK) and u_aes_slave/ct_q_reg[3][9]/CE (clocked by CLK). Large setup violations at the end of those stages might be difficult to fix during the post-placement implementation flow and could be the result of non-optimal XDC constraints or non-optimal design architecture
Related violations: <none>

TIMING-16#280 Warning
Large setup violation  
There is a large setup violation of -1.859 ns between u_aes_slave/u_aes_core/key_schedule_inst/key_state_reg_reg[10][232]/C (clocked by CLK) and u_aes_slave/u_aes_core/key_schedule_inst/key_state_reg_reg[11][194]/D (clocked by CLK). Large setup violations at the end of those stages might be difficult to fix during the post-placement implementation flow and could be the result of non-optimal XDC constraints or non-optimal design architecture
Related violations: <none>

TIMING-16#281 Warning
Large setup violation  
There is a large setup violation of -1.886 ns between u_aes_slave/u_aes_core/key_schedule_inst/key_state_reg_reg[4][242]/C (clocked by CLK) and u_aes_slave/u_aes_core/key_schedule_inst/key_state_reg_reg[5][110]/D (clocked by CLK). Large setup violations at the end of those stages might be difficult to fix during the post-placement implementation flow and could be the result of non-optimal XDC constraints or non-optimal design architecture
Related violations: <none>

TIMING-16#282 Warning
Large setup violation  
There is a large setup violation of -1.889 ns between u_aes_slave/u_aes_core/key_schedule_inst/key_state_reg_reg[6][224]/C (clocked by CLK) and u_aes_slave/u_aes_core/key_schedule_inst/key_state_reg_reg[7][122]/D (clocked by CLK). Large setup violations at the end of those stages might be difficult to fix during the post-placement implementation flow and could be the result of non-optimal XDC constraints or non-optimal design architecture
Related violations: <none>

TIMING-16#283 Warning
Large setup violation  
There is a large setup violation of -1.906 ns between u_aes_slave/u_aes_core/key_schedule_inst/key_state_reg_reg[10][245]/C (clocked by CLK) and u_aes_slave/u_aes_core/key_schedule_inst/key_state_reg_reg[11][105]/D (clocked by CLK). Large setup violations at the end of those stages might be difficult to fix during the post-placement implementation flow and could be the result of non-optimal XDC constraints or non-optimal design architecture
Related violations: <none>

TIMING-16#284 Warning
Large setup violation  
There is a large setup violation of -1.914 ns between u_aes_slave/u_aes_core/key_schedule_inst/key_state_reg_reg[0][241]/C (clocked by CLK) and u_aes_slave/u_aes_core/key_schedule_inst/key_state_reg_reg[1][109]/D (clocked by CLK). Large setup violations at the end of those stages might be difficult to fix during the post-placement implementation flow and could be the result of non-optimal XDC constraints or non-optimal design architecture
Related violations: <none>

TIMING-16#285 Warning
Large setup violation  
There is a large setup violation of -1.922 ns between u_aes_slave/u_aes_core/key_schedule_inst/key_state_reg_reg[0][224]/C (clocked by CLK) and u_aes_slave/u_aes_core/key_schedule_inst/key_state_reg_reg[1][125]/D (clocked by CLK). Large setup violations at the end of those stages might be difficult to fix during the post-placement implementation flow and could be the result of non-optimal XDC constraints or non-optimal design architecture
Related violations: <none>

TIMING-16#286 Warning
Large setup violation  
There is a large setup violation of -1.937 ns between u_aes_slave/u_aes_core/key_schedule_inst/key_state_reg_reg[10][237]/C (clocked by CLK) and u_aes_slave/u_aes_core/key_schedule_inst/key_state_reg_reg[11][192]/D (clocked by CLK). Large setup violations at the end of those stages might be difficult to fix during the post-placement implementation flow and could be the result of non-optimal XDC constraints or non-optimal design architecture
Related violations: <none>

TIMING-16#287 Warning
Large setup violation  
There is a large setup violation of -1.941 ns between u_aes_slave/u_aes_core/key_schedule_inst/key_state_reg_reg[2][224]/C (clocked by CLK) and u_aes_slave/u_aes_core/key_schedule_inst/key_state_reg_reg[3][123]/D (clocked by CLK). Large setup violations at the end of those stages might be difficult to fix during the post-placement implementation flow and could be the result of non-optimal XDC constraints or non-optimal design architecture
Related violations: <none>

TIMING-16#288 Warning
Large setup violation  
There is a large setup violation of -1.956 ns between u_aes_slave/u_aes_core/key_schedule_inst/key_state_reg_reg[2][251]/C (clocked by CLK) and u_aes_slave/u_aes_core/key_schedule_inst/key_state_reg_reg[3][212]/D (clocked by CLK). Large setup violations at the end of those stages might be difficult to fix during the post-placement implementation flow and could be the result of non-optimal XDC constraints or non-optimal design architecture
Related violations: <none>

TIMING-16#289 Warning
Large setup violation  
There is a large setup violation of -1.969 ns between u_aes_slave/u_aes_core/key_schedule_inst/key_state_reg_reg[10][237]/C (clocked by CLK) and u_aes_slave/u_aes_core/key_schedule_inst/key_state_reg_reg[11][128]/D (clocked by CLK). Large setup violations at the end of those stages might be difficult to fix during the post-placement implementation flow and could be the result of non-optimal XDC constraints or non-optimal design architecture
Related violations: <none>

TIMING-16#290 Warning
Large setup violation  
There is a large setup violation of -1.969 ns between u_axi_master/mem_addr_q_reg[23]/C (clocked by CLK) and u_aes_slave/awaddr_q_reg[8]/D (clocked by CLK). Large setup violations at the end of those stages might be difficult to fix during the post-placement implementation flow and could be the result of non-optimal XDC constraints or non-optimal design architecture
Related violations: <none>

TIMING-16#291 Warning
Large setup violation  
There is a large setup violation of -1.973 ns between u_axi_master/mem_addr_q_reg[23]/C (clocked by CLK) and u_aes_slave/awaddr_q_reg[2]/D (clocked by CLK). Large setup violations at the end of those stages might be difficult to fix during the post-placement implementation flow and could be the result of non-optimal XDC constraints or non-optimal design architecture
Related violations: <none>

TIMING-16#292 Warning
Large setup violation  
There is a large setup violation of -1.977 ns between u_aes_slave/u_aes_core/key_schedule_inst/key_state_reg_reg[2][230]/C (clocked by CLK) and u_aes_slave/u_aes_core/key_schedule_inst/key_state_reg_reg[3][122]/D (clocked by CLK). Large setup violations at the end of those stages might be difficult to fix during the post-placement implementation flow and could be the result of non-optimal XDC constraints or non-optimal design architecture
Related violations: <none>

TIMING-16#293 Warning
Large setup violation  
There is a large setup violation of -1.987 ns between u_aes_slave/u_aes_core/key_schedule_inst/key_state_reg_reg[6][241]/C (clocked by CLK) and u_aes_slave/u_aes_core/key_schedule_inst/key_state_reg_reg[7][109]/D (clocked by CLK). Large setup violations at the end of those stages might be difficult to fix during the post-placement implementation flow and could be the result of non-optimal XDC constraints or non-optimal design architecture
Related violations: <none>

TIMING-16#294 Warning
Large setup violation  
There is a large setup violation of -1.987 ns between u_axi_master/mem_addr_q_reg[23]/C (clocked by CLK) and u_aes_slave/awaddr_q_reg[7]/D (clocked by CLK). Large setup violations at the end of those stages might be difficult to fix during the post-placement implementation flow and could be the result of non-optimal XDC constraints or non-optimal design architecture
Related violations: <none>

TIMING-16#295 Warning
Large setup violation  
There is a large setup violation of -1.989 ns between u_aes_slave/u_aes_core/key_schedule_inst/key_state_reg_reg[6][226]/C (clocked by CLK) and u_aes_slave/u_aes_core/key_schedule_inst/key_state_reg_reg[7][123]/D (clocked by CLK). Large setup violations at the end of those stages might be difficult to fix during the post-placement implementation flow and could be the result of non-optimal XDC constraints or non-optimal design architecture
Related violations: <none>

TIMING-16#296 Warning
Large setup violation  
There is a large setup violation of -1.989 ns between u_aes_slave/u_aes_core/valid_reg_reg[14]/C (clocked by CLK) and u_aes_slave/ct_q_reg[0][11]/CE (clocked by CLK). Large setup violations at the end of those stages might be difficult to fix during the post-placement implementation flow and could be the result of non-optimal XDC constraints or non-optimal design architecture
Related violations: <none>

TIMING-16#297 Warning
Large setup violation  
There is a large setup violation of -1.989 ns between u_aes_slave/u_aes_core/valid_reg_reg[14]/C (clocked by CLK) and u_aes_slave/ct_q_reg[1][11]/CE (clocked by CLK). Large setup violations at the end of those stages might be difficult to fix during the post-placement implementation flow and could be the result of non-optimal XDC constraints or non-optimal design architecture
Related violations: <none>

TIMING-16#298 Warning
Large setup violation  
There is a large setup violation of -1.989 ns between u_aes_slave/u_aes_core/valid_reg_reg[14]/C (clocked by CLK) and u_aes_slave/ct_q_reg[2][11]/CE (clocked by CLK). Large setup violations at the end of those stages might be difficult to fix during the post-placement implementation flow and could be the result of non-optimal XDC constraints or non-optimal design architecture
Related violations: <none>

TIMING-16#299 Warning
Large setup violation  
There is a large setup violation of -1.989 ns between u_aes_slave/u_aes_core/valid_reg_reg[14]/C (clocked by CLK) and u_aes_slave/ct_q_reg[3][11]/CE (clocked by CLK). Large setup violations at the end of those stages might be difficult to fix during the post-placement implementation flow and could be the result of non-optimal XDC constraints or non-optimal design architecture
Related violations: <none>

TIMING-16#300 Warning
Large setup violation  
There is a large setup violation of -10.109 ns between u_axi_master/mem_addr_q_reg[23]/C (clocked by CLK) and u_aes_slave/rdata_q_reg[15]/D (clocked by CLK). Large setup violations at the end of those stages might be difficult to fix during the post-placement implementation flow and could be the result of non-optimal XDC constraints or non-optimal design architecture
Related violations: <none>

TIMING-16#301 Warning
Large setup violation  
There is a large setup violation of -10.243 ns between u_axi_master/mem_addr_q_reg[23]/C (clocked by CLK) and u_aes_slave/rdata_q_reg[12]/D (clocked by CLK). Large setup violations at the end of those stages might be difficult to fix during the post-placement implementation flow and could be the result of non-optimal XDC constraints or non-optimal design architecture
Related violations: <none>

TIMING-16#302 Warning
Large setup violation  
There is a large setup violation of -10.334 ns between u_axi_master/mem_addr_q_reg[23]/C (clocked by CLK) and u_aes_slave/rdata_q_reg[14]/D (clocked by CLK). Large setup violations at the end of those stages might be difficult to fix during the post-placement implementation flow and could be the result of non-optimal XDC constraints or non-optimal design architecture
Related violations: <none>

TIMING-16#303 Warning
Large setup violation  
There is a large setup violation of -10.377 ns between u_axi_master/mem_addr_q_reg[23]/C (clocked by CLK) and u_aes_slave/rdata_q_reg[9]/D (clocked by CLK). Large setup violations at the end of those stages might be difficult to fix during the post-placement implementation flow and could be the result of non-optimal XDC constraints or non-optimal design architecture
Related violations: <none>

TIMING-16#304 Warning
Large setup violation  
There is a large setup violation of -2.015 ns between u_aes_slave/u_aes_core/key_schedule_inst/key_state_reg_reg[2][251]/C (clocked by CLK) and u_aes_slave/u_aes_core/key_schedule_inst/key_state_reg_reg[3][147]/D (clocked by CLK). Large setup violations at the end of those stages might be difficult to fix during the post-placement implementation flow and could be the result of non-optimal XDC constraints or non-optimal design architecture
Related violations: <none>

TIMING-16#305 Warning
Large setup violation  
There is a large setup violation of -2.025 ns between u_aes_slave/u_aes_core/valid_reg_reg[14]/C (clocked by CLK) and u_aes_slave/ct_q_reg[0][12]/CE (clocked by CLK). Large setup violations at the end of those stages might be difficult to fix during the post-placement implementation flow and could be the result of non-optimal XDC constraints or non-optimal design architecture
Related violations: <none>

TIMING-16#306 Warning
Large setup violation  
There is a large setup violation of -2.025 ns between u_aes_slave/u_aes_core/valid_reg_reg[14]/C (clocked by CLK) and u_aes_slave/ct_q_reg[0][8]/CE (clocked by CLK). Large setup violations at the end of those stages might be difficult to fix during the post-placement implementation flow and could be the result of non-optimal XDC constraints or non-optimal design architecture
Related violations: <none>

TIMING-16#307 Warning
Large setup violation  
There is a large setup violation of -2.025 ns between u_aes_slave/u_aes_core/valid_reg_reg[14]/C (clocked by CLK) and u_aes_slave/ct_q_reg[2][12]/CE (clocked by CLK). Large setup violations at the end of those stages might be difficult to fix during the post-placement implementation flow and could be the result of non-optimal XDC constraints or non-optimal design architecture
Related violations: <none>

TIMING-16#308 Warning
Large setup violation  
There is a large setup violation of -2.025 ns between u_aes_slave/u_aes_core/valid_reg_reg[14]/C (clocked by CLK) and u_aes_slave/ct_q_reg[2][8]/CE (clocked by CLK). Large setup violations at the end of those stages might be difficult to fix during the post-placement implementation flow and could be the result of non-optimal XDC constraints or non-optimal design architecture
Related violations: <none>

TIMING-16#309 Warning
Large setup violation  
There is a large setup violation of -2.025 ns between u_aes_slave/u_aes_core/valid_reg_reg[14]/C (clocked by CLK) and u_aes_slave/ct_q_reg[3][12]/CE (clocked by CLK). Large setup violations at the end of those stages might be difficult to fix during the post-placement implementation flow and could be the result of non-optimal XDC constraints or non-optimal design architecture
Related violations: <none>

TIMING-16#310 Warning
Large setup violation  
There is a large setup violation of -2.025 ns between u_aes_slave/u_aes_core/valid_reg_reg[14]/C (clocked by CLK) and u_aes_slave/ct_q_reg[3][8]/CE (clocked by CLK). Large setup violations at the end of those stages might be difficult to fix during the post-placement implementation flow and could be the result of non-optimal XDC constraints or non-optimal design architecture
Related violations: <none>

TIMING-16#311 Warning
Large setup violation  
There is a large setup violation of -2.045 ns between u_aes_slave/u_aes_core/key_schedule_inst/key_state_reg_reg[2][237]/C (clocked by CLK) and u_aes_slave/u_aes_core/key_schedule_inst/key_state_reg_reg[3][134]/D (clocked by CLK). Large setup violations at the end of those stages might be difficult to fix during the post-placement implementation flow and could be the result of non-optimal XDC constraints or non-optimal design architecture
Related violations: <none>

TIMING-16#312 Warning
Large setup violation  
There is a large setup violation of -2.077 ns between u_aes_slave/u_aes_core/key_schedule_inst/key_state_reg_reg[6][242]/C (clocked by CLK) and u_aes_slave/u_aes_core/key_schedule_inst/key_state_reg_reg[7][106]/D (clocked by CLK). Large setup violations at the end of those stages might be difficult to fix during the post-placement implementation flow and could be the result of non-optimal XDC constraints or non-optimal design architecture
Related violations: <none>

TIMING-16#313 Warning
Large setup violation  
There is a large setup violation of -2.083 ns between u_aes_slave/u_aes_core/key_schedule_inst/key_state_reg_reg[2][235]/C (clocked by CLK) and u_aes_slave/u_aes_core/key_schedule_inst/key_state_reg_reg[3][129]/D (clocked by CLK). Large setup violations at the end of those stages might be difficult to fix during the post-placement implementation flow and could be the result of non-optimal XDC constraints or non-optimal design architecture
Related violations: <none>

TIMING-16#314 Warning
Large setup violation  
There is a large setup violation of -2.086 ns between u_aes_slave/u_aes_core/key_schedule_inst/key_state_reg_reg[4][236]/C (clocked by CLK) and u_aes_slave/u_aes_core/key_schedule_inst/key_state_reg_reg[5][102]/D (clocked by CLK). Large setup violations at the end of those stages might be difficult to fix during the post-placement implementation flow and could be the result of non-optimal XDC constraints or non-optimal design architecture
Related violations: <none>

TIMING-16#315 Warning
Large setup violation  
There is a large setup violation of -2.090 ns between u_aes_slave/u_aes_core/key_schedule_inst/key_state_reg_reg[10][245]/C (clocked by CLK) and u_aes_slave/u_aes_core/key_schedule_inst/key_state_reg_reg[11][110]/D (clocked by CLK). Large setup violations at the end of those stages might be difficult to fix during the post-placement implementation flow and could be the result of non-optimal XDC constraints or non-optimal design architecture
Related violations: <none>

TIMING-16#316 Warning
Large setup violation  
There is a large setup violation of -2.094 ns between u_aes_slave/u_aes_core/key_schedule_inst/key_state_reg_reg[10][232]/C (clocked by CLK) and u_aes_slave/u_aes_core/key_schedule_inst/key_state_reg_reg[11][228]/D (clocked by CLK). Large setup violations at the end of those stages might be difficult to fix during the post-placement implementation flow and could be the result of non-optimal XDC constraints or non-optimal design architecture
Related violations: <none>

TIMING-16#317 Warning
Large setup violation  
There is a large setup violation of -2.102 ns between u_aes_slave/u_aes_core/key_schedule_inst/key_state_reg_reg[10][234]/C (clocked by CLK) and u_aes_slave/u_aes_core/key_schedule_inst/key_state_reg_reg[11][225]/D (clocked by CLK). Large setup violations at the end of those stages might be difficult to fix during the post-placement implementation flow and could be the result of non-optimal XDC constraints or non-optimal design architecture
Related violations: <none>

TIMING-16#318 Warning
Large setup violation  
There is a large setup violation of -2.110 ns between u_aes_slave/u_aes_core/key_schedule_inst/key_state_reg_reg[0][224]/C (clocked by CLK) and u_aes_slave/u_aes_core/key_schedule_inst/key_state_reg_reg[1][121]/D (clocked by CLK). Large setup violations at the end of those stages might be difficult to fix during the post-placement implementation flow and could be the result of non-optimal XDC constraints or non-optimal design architecture
Related violations: <none>

TIMING-16#319 Warning
Large setup violation  
There is a large setup violation of -2.111 ns between u_aes_slave/u_aes_core/key_schedule_inst/key_state_reg_reg[2][235]/C (clocked by CLK) and u_aes_slave/u_aes_core/key_schedule_inst/key_state_reg_reg[3][132]/D (clocked by CLK). Large setup violations at the end of those stages might be difficult to fix during the post-placement implementation flow and could be the result of non-optimal XDC constraints or non-optimal design architecture
Related violations: <none>

TIMING-16#320 Warning
Large setup violation  
There is a large setup violation of -2.113 ns between u_aes_slave/u_aes_core/key_schedule_inst/key_state_reg_reg[2][247]/C (clocked by CLK) and u_aes_slave/u_aes_core/key_schedule_inst/key_state_reg_reg[3][107]/D (clocked by CLK). Large setup violations at the end of those stages might be difficult to fix during the post-placement implementation flow and could be the result of non-optimal XDC constraints or non-optimal design architecture
Related violations: <none>

TIMING-16#321 Warning
Large setup violation  
There is a large setup violation of -2.120 ns between u_aes_slave/u_aes_core/key_schedule_inst/key_state_reg_reg[10][232]/C (clocked by CLK) and u_aes_slave/u_aes_core/key_schedule_inst/key_state_reg_reg[11][161]/D (clocked by CLK). Large setup violations at the end of those stages might be difficult to fix during the post-placement implementation flow and could be the result of non-optimal XDC constraints or non-optimal design architecture
Related violations: <none>

TIMING-16#322 Warning
Large setup violation  
There is a large setup violation of -2.123 ns between u_aes_slave/u_aes_core/key_schedule_inst/key_state_reg_reg[2][245]/C (clocked by CLK) and u_aes_slave/u_aes_core/key_schedule_inst/key_state_reg_reg[3][108]/D (clocked by CLK). Large setup violations at the end of those stages might be difficult to fix during the post-placement implementation flow and could be the result of non-optimal XDC constraints or non-optimal design architecture
Related violations: <none>

TIMING-16#323 Warning
Large setup violation  
There is a large setup violation of -2.136 ns between u_aes_slave/u_aes_core/key_schedule_inst/key_state_reg_reg[2][235]/C (clocked by CLK) and u_aes_slave/u_aes_core/key_schedule_inst/key_state_reg_reg[3][198]/D (clocked by CLK). Large setup violations at the end of those stages might be difficult to fix during the post-placement implementation flow and could be the result of non-optimal XDC constraints or non-optimal design architecture
Related violations: <none>

TIMING-16#324 Warning
Large setup violation  
There is a large setup violation of -2.143 ns between u_aes_slave/u_aes_core/key_schedule_inst/key_state_reg_reg[2][235]/C (clocked by CLK) and u_aes_slave/u_aes_core/key_schedule_inst/key_state_reg_reg[3][166]/D (clocked by CLK). Large setup violations at the end of those stages might be difficult to fix during the post-placement implementation flow and could be the result of non-optimal XDC constraints or non-optimal design architecture
Related violations: <none>

TIMING-16#325 Warning
Large setup violation  
There is a large setup violation of -2.150 ns between u_aes_slave/u_aes_core/key_schedule_inst/key_state_reg_reg[2][237]/C (clocked by CLK) and u_aes_slave/u_aes_core/key_schedule_inst/key_state_reg_reg[3][128]/D (clocked by CLK). Large setup violations at the end of those stages might be difficult to fix during the post-placement implementation flow and could be the result of non-optimal XDC constraints or non-optimal design architecture
Related violations: <none>

TIMING-16#326 Warning
Large setup violation  
There is a large setup violation of -2.157 ns between u_aes_slave/u_aes_core/key_schedule_inst/key_state_reg_reg[10][232]/C (clocked by CLK) and u_aes_slave/u_aes_core/key_schedule_inst/key_state_reg_reg[11][165]/D (clocked by CLK). Large setup violations at the end of those stages might be difficult to fix during the post-placement implementation flow and could be the result of non-optimal XDC constraints or non-optimal design architecture
Related violations: <none>

TIMING-16#327 Warning
Large setup violation  
There is a large setup violation of -2.157 ns between u_aes_slave/u_aes_core/key_schedule_inst/key_state_reg_reg[10][232]/C (clocked by CLK) and u_aes_slave/u_aes_core/key_schedule_inst/key_state_reg_reg[11][197]/D (clocked by CLK). Large setup violations at the end of those stages might be difficult to fix during the post-placement implementation flow and could be the result of non-optimal XDC constraints or non-optimal design architecture
Related violations: <none>

TIMING-16#328 Warning
Large setup violation  
There is a large setup violation of -2.161 ns between u_aes_slave/u_aes_core/key_schedule_inst/key_state_reg_reg[2][225]/C (clocked by CLK) and u_aes_slave/u_aes_core/key_schedule_inst/key_state_reg_reg[3][120]/D (clocked by CLK). Large setup violations at the end of those stages might be difficult to fix during the post-placement implementation flow and could be the result of non-optimal XDC constraints or non-optimal design architecture
Related violations: <none>

TIMING-16#329 Warning
Large setup violation  
There is a large setup violation of -2.161 ns between u_aes_slave/u_aes_core/key_schedule_inst/key_state_reg_reg[4][236]/C (clocked by CLK) and u_aes_slave/u_aes_core/key_schedule_inst/key_state_reg_reg[5][133]/D (clocked by CLK). Large setup violations at the end of those stages might be difficult to fix during the post-placement implementation flow and could be the result of non-optimal XDC constraints or non-optimal design architecture
Related violations: <none>

TIMING-16#330 Warning
Large setup violation  
There is a large setup violation of -2.176 ns between u_aes_slave/u_aes_core/key_schedule_inst/key_state_reg_reg[2][251]/C (clocked by CLK) and u_aes_slave/u_aes_core/key_schedule_inst/key_state_reg_reg[3][145]/D (clocked by CLK). Large setup violations at the end of those stages might be difficult to fix during the post-placement implementation flow and could be the result of non-optimal XDC constraints or non-optimal design architecture
Related violations: <none>

TIMING-16#331 Warning
Large setup violation  
There is a large setup violation of -2.177 ns between u_aes_slave/u_aes_core/key_schedule_inst/key_state_reg_reg[10][232]/C (clocked by CLK) and u_aes_slave/u_aes_core/key_schedule_inst/key_state_reg_reg[11][162]/D (clocked by CLK). Large setup violations at the end of those stages might be difficult to fix during the post-placement implementation flow and could be the result of non-optimal XDC constraints or non-optimal design architecture
Related violations: <none>

TIMING-16#332 Warning
Large setup violation  
There is a large setup violation of -2.177 ns between u_aes_slave/u_aes_core/key_schedule_inst/key_state_reg_reg[2][249]/C (clocked by CLK) and u_aes_slave/u_aes_core/key_schedule_inst/key_state_reg_reg[3][209]/D (clocked by CLK). Large setup violations at the end of those stages might be difficult to fix during the post-placement implementation flow and could be the result of non-optimal XDC constraints or non-optimal design architecture
Related violations: <none>

TIMING-16#333 Warning
Large setup violation  
There is a large setup violation of -2.183 ns between u_aes_slave/u_aes_core/key_schedule_inst/key_state_reg_reg[2][249]/C (clocked by CLK) and u_aes_slave/u_aes_core/key_schedule_inst/key_state_reg_reg[3][177]/D (clocked by CLK). Large setup violations at the end of those stages might be difficult to fix during the post-placement implementation flow and could be the result of non-optimal XDC constraints or non-optimal design architecture
Related violations: <none>

TIMING-16#334 Warning
Large setup violation  
There is a large setup violation of -2.187 ns between u_aes_slave/u_aes_core/key_schedule_inst/key_state_reg_reg[2][251]/C (clocked by CLK) and u_aes_slave/u_aes_core/key_schedule_inst/key_state_reg_reg[3][247]/D (clocked by CLK). Large setup violations at the end of those stages might be difficult to fix during the post-placement implementation flow and could be the result of non-optimal XDC constraints or non-optimal design architecture
Related violations: <none>

TIMING-16#335 Warning
Large setup violation  
There is a large setup violation of -2.192 ns between u_aes_slave/u_aes_core/key_schedule_inst/key_state_reg_reg[2][251]/C (clocked by CLK) and u_aes_slave/u_aes_core/key_schedule_inst/key_state_reg_reg[3][179]/D (clocked by CLK). Large setup violations at the end of those stages might be difficult to fix during the post-placement implementation flow and could be the result of non-optimal XDC constraints or non-optimal design architecture
Related violations: <none>

TIMING-16#336 Warning
Large setup violation  
There is a large setup violation of -2.200 ns between u_aes_slave/u_aes_core/key_schedule_inst/key_state_reg_reg[10][237]/C (clocked by CLK) and u_aes_slave/u_aes_core/key_schedule_inst/key_state_reg_reg[11][134]/D (clocked by CLK). Large setup violations at the end of those stages might be difficult to fix during the post-placement implementation flow and could be the result of non-optimal XDC constraints or non-optimal design architecture
Related violations: <none>

TIMING-16#337 Warning
Large setup violation  
There is a large setup violation of -2.206 ns between u_aes_slave/u_aes_core/key_schedule_inst/key_state_reg_reg[2][251]/C (clocked by CLK) and u_aes_slave/u_aes_core/key_schedule_inst/key_state_reg_reg[3][211]/D (clocked by CLK). Large setup violations at the end of those stages might be difficult to fix during the post-placement implementation flow and could be the result of non-optimal XDC constraints or non-optimal design architecture
Related violations: <none>

TIMING-16#338 Warning
Large setup violation  
There is a large setup violation of -2.209 ns between u_aes_slave/u_aes_core/key_schedule_inst/key_state_reg_reg[2][226]/C (clocked by CLK) and u_aes_slave/u_aes_core/key_schedule_inst/key_state_reg_reg[3][125]/D (clocked by CLK). Large setup violations at the end of those stages might be difficult to fix during the post-placement implementation flow and could be the result of non-optimal XDC constraints or non-optimal design architecture
Related violations: <none>

TIMING-16#339 Warning
Large setup violation  
There is a large setup violation of -2.211 ns between u_aes_slave/u_aes_core/key_schedule_inst/key_state_reg_reg[4][244]/C (clocked by CLK) and u_aes_slave/u_aes_core/key_schedule_inst/key_state_reg_reg[5][106]/D (clocked by CLK). Large setup violations at the end of those stages might be difficult to fix during the post-placement implementation flow and could be the result of non-optimal XDC constraints or non-optimal design architecture
Related violations: <none>

TIMING-16#340 Warning
Large setup violation  
There is a large setup violation of -2.230 ns between u_aes_slave/u_aes_core/key_schedule_inst/key_state_reg_reg[0][234]/C (clocked by CLK) and u_aes_slave/u_aes_core/key_schedule_inst/key_state_reg_reg[1][128]/D (clocked by CLK). Large setup violations at the end of those stages might be difficult to fix during the post-placement implementation flow and could be the result of non-optimal XDC constraints or non-optimal design architecture
Related violations: <none>

TIMING-16#341 Warning
Large setup violation  
There is a large setup violation of -2.234 ns between u_aes_slave/u_aes_core/key_schedule_inst/key_state_reg_reg[10][232]/C (clocked by CLK) and u_aes_slave/u_aes_core/key_schedule_inst/key_state_reg_reg[11][229]/D (clocked by CLK). Large setup violations at the end of those stages might be difficult to fix during the post-placement implementation flow and could be the result of non-optimal XDC constraints or non-optimal design architecture
Related violations: <none>

TIMING-16#342 Warning
Large setup violation  
There is a large setup violation of -2.248 ns between u_axi_master/mem_addr_q_reg[23]/C (clocked by CLK) and u_aes_slave/rvalid_q_reg/D (clocked by CLK). Large setup violations at the end of those stages might be difficult to fix during the post-placement implementation flow and could be the result of non-optimal XDC constraints or non-optimal design architecture
Related violations: <none>

TIMING-16#343 Warning
Large setup violation  
There is a large setup violation of -2.251 ns between u_aes_slave/u_aes_core/key_schedule_inst/key_state_reg_reg[2][235]/C (clocked by CLK) and u_aes_slave/u_aes_core/key_schedule_inst/key_state_reg_reg[3][194]/D (clocked by CLK). Large setup violations at the end of those stages might be difficult to fix during the post-placement implementation flow and could be the result of non-optimal XDC constraints or non-optimal design architecture
Related violations: <none>

TIMING-16#344 Warning
Large setup violation  
There is a large setup violation of -2.253 ns between u_aes_slave/u_aes_core/key_schedule_inst/key_state_reg_reg[2][235]/C (clocked by CLK) and u_aes_slave/u_aes_core/key_schedule_inst/key_state_reg_reg[3][196]/D (clocked by CLK). Large setup violations at the end of those stages might be difficult to fix during the post-placement implementation flow and could be the result of non-optimal XDC constraints or non-optimal design architecture
Related violations: <none>

TIMING-16#345 Warning
Large setup violation  
There is a large setup violation of -2.255 ns between u_aes_slave/u_aes_core/key_schedule_inst/key_state_reg_reg[0][234]/C (clocked by CLK) and u_aes_slave/u_aes_core/key_schedule_inst/key_state_reg_reg[1][160]/D (clocked by CLK). Large setup violations at the end of those stages might be difficult to fix during the post-placement implementation flow and could be the result of non-optimal XDC constraints or non-optimal design architecture
Related violations: <none>

TIMING-16#346 Warning
Large setup violation  
There is a large setup violation of -2.256 ns between u_aes_slave/u_aes_core/key_schedule_inst/key_state_reg_reg[4][236]/C (clocked by CLK) and u_aes_slave/u_aes_core/key_schedule_inst/key_state_reg_reg[5][165]/D (clocked by CLK). Large setup violations at the end of those stages might be difficult to fix during the post-placement implementation flow and could be the result of non-optimal XDC constraints or non-optimal design architecture
Related violations: <none>

TIMING-16#347 Warning
Large setup violation  
There is a large setup violation of -2.257 ns between u_aes_slave/u_aes_core/key_schedule_inst/key_state_reg_reg[0][234]/C (clocked by CLK) and u_aes_slave/u_aes_core/key_schedule_inst/key_state_reg_reg[1][192]/D (clocked by CLK). Large setup violations at the end of those stages might be difficult to fix during the post-placement implementation flow and could be the result of non-optimal XDC constraints or non-optimal design architecture
Related violations: <none>

TIMING-16#348 Warning
Large setup violation  
There is a large setup violation of -2.257 ns between u_aes_slave/u_aes_core/key_schedule_inst/key_state_reg_reg[10][245]/C (clocked by CLK) and u_aes_slave/u_aes_core/key_schedule_inst/key_state_reg_reg[11][106]/D (clocked by CLK). Large setup violations at the end of those stages might be difficult to fix during the post-placement implementation flow and could be the result of non-optimal XDC constraints or non-optimal design architecture
Related violations: <none>

TIMING-16#349 Warning
Large setup violation  
There is a large setup violation of -2.259 ns between u_aes_slave/u_aes_core/key_schedule_inst/key_state_reg_reg[2][235]/C (clocked by CLK) and u_aes_slave/u_aes_core/key_schedule_inst/key_state_reg_reg[3][164]/D (clocked by CLK). Large setup violations at the end of those stages might be difficult to fix during the post-placement implementation flow and could be the result of non-optimal XDC constraints or non-optimal design architecture
Related violations: <none>

TIMING-16#350 Warning
Large setup violation  
There is a large setup violation of -2.263 ns between u_aes_slave/u_aes_core/key_schedule_inst/key_state_reg_reg[4][236]/C (clocked by CLK) and u_aes_slave/u_aes_core/key_schedule_inst/key_state_reg_reg[5][130]/D (clocked by CLK). Large setup violations at the end of those stages might be difficult to fix during the post-placement implementation flow and could be the result of non-optimal XDC constraints or non-optimal design architecture
Related violations: <none>

TIMING-16#351 Warning
Large setup violation  
There is a large setup violation of -2.270 ns between u_aes_slave/u_aes_core/key_schedule_inst/key_state_reg_reg[2][237]/C (clocked by CLK) and u_aes_slave/u_aes_core/key_schedule_inst/key_state_reg_reg[3][225]/D (clocked by CLK). Large setup violations at the end of those stages might be difficult to fix during the post-placement implementation flow and could be the result of non-optimal XDC constraints or non-optimal design architecture
Related violations: <none>

TIMING-16#352 Warning
Large setup violation  
There is a large setup violation of -2.276 ns between u_aes_slave/u_aes_core/key_schedule_inst/key_state_reg_reg[0][234]/C (clocked by CLK) and u_aes_slave/u_aes_core/key_schedule_inst/key_state_reg_reg[1][165]/D (clocked by CLK). Large setup violations at the end of those stages might be difficult to fix during the post-placement implementation flow and could be the result of non-optimal XDC constraints or non-optimal design architecture
Related violations: <none>

TIMING-16#353 Warning
Large setup violation  
There is a large setup violation of -2.280 ns between u_aes_slave/u_aes_core/key_schedule_inst/key_state_reg_reg[2][255]/C (clocked by CLK) and u_aes_slave/u_aes_core/key_schedule_inst/key_state_reg_reg[3][215]/D (clocked by CLK). Large setup violations at the end of those stages might be difficult to fix during the post-placement implementation flow and could be the result of non-optimal XDC constraints or non-optimal design architecture
Related violations: <none>

TIMING-16#354 Warning
Large setup violation  
There is a large setup violation of -2.282 ns between u_aes_slave/u_aes_core/key_schedule_inst/key_state_reg_reg[2][255]/C (clocked by CLK) and u_aes_slave/u_aes_core/key_schedule_inst/key_state_reg_reg[3][151]/D (clocked by CLK). Large setup violations at the end of those stages might be difficult to fix during the post-placement implementation flow and could be the result of non-optimal XDC constraints or non-optimal design architecture
Related violations: <none>

TIMING-16#355 Warning
Large setup violation  
There is a large setup violation of -2.288 ns between u_axi_master/mem_addr_q_reg[23]/C (clocked by CLK) and u_aes_slave/awaddr_q_reg[9]/D (clocked by CLK). Large setup violations at the end of those stages might be difficult to fix during the post-placement implementation flow and could be the result of non-optimal XDC constraints or non-optimal design architecture
Related violations: <none>

TIMING-16#356 Warning
Large setup violation  
There is a large setup violation of -2.296 ns between u_aes_slave/u_aes_core/key_schedule_inst/key_state_reg_reg[6][226]/C (clocked by CLK) and u_aes_slave/u_aes_core/key_schedule_inst/key_state_reg_reg[7][124]/D (clocked by CLK). Large setup violations at the end of those stages might be difficult to fix during the post-placement implementation flow and could be the result of non-optimal XDC constraints or non-optimal design architecture
Related violations: <none>

TIMING-16#357 Warning
Large setup violation  
There is a large setup violation of -2.300 ns between u_aes_slave/u_aes_core/key_schedule_inst/key_state_reg_reg[4][254]/C (clocked by CLK) and u_aes_slave/u_aes_core/key_schedule_inst/key_state_reg_reg[5][211]/D (clocked by CLK). Large setup violations at the end of those stages might be difficult to fix during the post-placement implementation flow and could be the result of non-optimal XDC constraints or non-optimal design architecture
Related violations: <none>

TIMING-16#358 Warning
Large setup violation  
There is a large setup violation of -2.304 ns between u_axi_master/mem_addr_q_reg[23]/C (clocked by CLK) and u_aes_slave/awaddr_q_reg[10]/D (clocked by CLK). Large setup violations at the end of those stages might be difficult to fix during the post-placement implementation flow and could be the result of non-optimal XDC constraints or non-optimal design architecture
Related violations: <none>

TIMING-16#359 Warning
Large setup violation  
There is a large setup violation of -2.319 ns between u_aes_slave/u_aes_core/key_schedule_inst/key_state_reg_reg[10][237]/C (clocked by CLK) and u_aes_slave/u_aes_core/key_schedule_inst/key_state_reg_reg[11][160]/D (clocked by CLK). Large setup violations at the end of those stages might be difficult to fix during the post-placement implementation flow and could be the result of non-optimal XDC constraints or non-optimal design architecture
Related violations: <none>

TIMING-16#360 Warning
Large setup violation  
There is a large setup violation of -2.331 ns between u_aes_slave/u_aes_core/key_schedule_inst/key_state_reg_reg[2][235]/C (clocked by CLK) and u_aes_slave/u_aes_core/key_schedule_inst/key_state_reg_reg[3][192]/D (clocked by CLK). Large setup violations at the end of those stages might be difficult to fix during the post-placement implementation flow and could be the result of non-optimal XDC constraints or non-optimal design architecture
Related violations: <none>

TIMING-16#361 Warning
Large setup violation  
There is a large setup violation of -2.333 ns between u_aes_slave/u_aes_core/key_schedule_inst/key_state_reg_reg[10][237]/C (clocked by CLK) and u_aes_slave/u_aes_core/key_schedule_inst/key_state_reg_reg[11][166]/D (clocked by CLK). Large setup violations at the end of those stages might be difficult to fix during the post-placement implementation flow and could be the result of non-optimal XDC constraints or non-optimal design architecture
Related violations: <none>

TIMING-16#362 Warning
Large setup violation  
There is a large setup violation of -2.334 ns between u_aes_slave/u_aes_core/key_schedule_inst/key_state_reg_reg[4][224]/C (clocked by CLK) and u_aes_slave/u_aes_core/key_schedule_inst/key_state_reg_reg[5][122]/D (clocked by CLK). Large setup violations at the end of those stages might be difficult to fix during the post-placement implementation flow and could be the result of non-optimal XDC constraints or non-optimal design architecture
Related violations: <none>

TIMING-16#363 Warning
Large setup violation  
There is a large setup violation of -2.335 ns between u_aes_slave/u_aes_core/key_schedule_inst/key_state_reg_reg[10][237]/C (clocked by CLK) and u_aes_slave/u_aes_core/key_schedule_inst/key_state_reg_reg[11][198]/D (clocked by CLK). Large setup violations at the end of those stages might be difficult to fix during the post-placement implementation flow and could be the result of non-optimal XDC constraints or non-optimal design architecture
Related violations: <none>

TIMING-16#364 Warning
Large setup violation  
There is a large setup violation of -2.335 ns between u_aes_slave/u_aes_core/key_schedule_inst/key_state_reg_reg[2][235]/C (clocked by CLK) and u_aes_slave/u_aes_core/key_schedule_inst/key_state_reg_reg[3][160]/D (clocked by CLK). Large setup violations at the end of those stages might be difficult to fix during the post-placement implementation flow and could be the result of non-optimal XDC constraints or non-optimal design architecture
Related violations: <none>

TIMING-16#365 Warning
Large setup violation  
There is a large setup violation of -2.340 ns between u_aes_slave/u_aes_core/key_schedule_inst/key_state_reg_reg[6][248]/C (clocked by CLK) and u_aes_slave/u_aes_core/key_schedule_inst/key_state_reg_reg[7][119]/D (clocked by CLK). Large setup violations at the end of those stages might be difficult to fix during the post-placement implementation flow and could be the result of non-optimal XDC constraints or non-optimal design architecture
Related violations: <none>

TIMING-16#366 Warning
Large setup violation  
There is a large setup violation of -2.348 ns between u_aes_slave/u_aes_core/key_schedule_inst/key_state_reg_reg[2][251]/C (clocked by CLK) and u_aes_slave/u_aes_core/key_schedule_inst/key_state_reg_reg[3][183]/D (clocked by CLK). Large setup violations at the end of those stages might be difficult to fix during the post-placement implementation flow and could be the result of non-optimal XDC constraints or non-optimal design architecture
Related violations: <none>

TIMING-16#367 Warning
Large setup violation  
There is a large setup violation of -2.353 ns between u_aes_slave/u_aes_core/key_schedule_inst/key_state_reg_reg[10][232]/C (clocked by CLK) and u_aes_slave/u_aes_core/key_schedule_inst/key_state_reg_reg[11][196]/D (clocked by CLK). Large setup violations at the end of those stages might be difficult to fix during the post-placement implementation flow and could be the result of non-optimal XDC constraints or non-optimal design architecture
Related violations: <none>

TIMING-16#368 Warning
Large setup violation  
There is a large setup violation of -2.359 ns between u_aes_slave/u_aes_core/key_schedule_inst/key_state_reg_reg[4][254]/C (clocked by CLK) and u_aes_slave/u_aes_core/key_schedule_inst/key_state_reg_reg[5][147]/D (clocked by CLK). Large setup violations at the end of those stages might be difficult to fix during the post-placement implementation flow and could be the result of non-optimal XDC constraints or non-optimal design architecture
Related violations: <none>

TIMING-16#369 Warning
Large setup violation  
There is a large setup violation of -2.365 ns between u_aes_slave/u_aes_core/key_schedule_inst/key_state_reg_reg[0][253]/C (clocked by CLK) and u_aes_slave/u_aes_core/key_schedule_inst/key_state_reg_reg[1][150]/D (clocked by CLK). Large setup violations at the end of those stages might be difficult to fix during the post-placement implementation flow and could be the result of non-optimal XDC constraints or non-optimal design architecture
Related violations: <none>

TIMING-16#370 Warning
Large setup violation  
There is a large setup violation of -2.370 ns between u_aes_slave/u_aes_core/key_schedule_inst/key_state_reg_reg[4][233]/C (clocked by CLK) and u_aes_slave/u_aes_core/key_schedule_inst/key_state_reg_reg[5][226]/D (clocked by CLK). Large setup violations at the end of those stages might be difficult to fix during the post-placement implementation flow and could be the result of non-optimal XDC constraints or non-optimal design architecture
Related violations: <none>

TIMING-16#371 Warning
Large setup violation  
There is a large setup violation of -2.373 ns between u_aes_slave/u_aes_core/key_schedule_inst/key_state_reg_reg[0][234]/C (clocked by CLK) and u_aes_slave/u_aes_core/key_schedule_inst/key_state_reg_reg[1][129]/D (clocked by CLK). Large setup violations at the end of those stages might be difficult to fix during the post-placement implementation flow and could be the result of non-optimal XDC constraints or non-optimal design architecture
Related violations: <none>

TIMING-16#372 Warning
Large setup violation  
There is a large setup violation of -2.376 ns between u_aes_slave/u_aes_core/key_schedule_inst/key_state_reg_reg[6][236]/C (clocked by CLK) and u_aes_slave/u_aes_core/key_schedule_inst/key_state_reg_reg[7][128]/D (clocked by CLK). Large setup violations at the end of those stages might be difficult to fix during the post-placement implementation flow and could be the result of non-optimal XDC constraints or non-optimal design architecture
Related violations: <none>

TIMING-16#373 Warning
Large setup violation  
There is a large setup violation of -2.377 ns between u_aes_slave/u_aes_core/key_schedule_inst/key_state_reg_reg[2][235]/C (clocked by CLK) and u_aes_slave/u_aes_core/key_schedule_inst/key_state_reg_reg[3][162]/D (clocked by CLK). Large setup violations at the end of those stages might be difficult to fix during the post-placement implementation flow and could be the result of non-optimal XDC constraints or non-optimal design architecture
Related violations: <none>

TIMING-16#374 Warning
Large setup violation  
There is a large setup violation of -2.377 ns between u_aes_slave/u_aes_core/key_schedule_inst/key_state_reg_reg[2][251]/C (clocked by CLK) and u_aes_slave/u_aes_core/key_schedule_inst/key_state_reg_reg[3][208]/D (clocked by CLK). Large setup violations at the end of those stages might be difficult to fix during the post-placement implementation flow and could be the result of non-optimal XDC constraints or non-optimal design architecture
Related violations: <none>

TIMING-16#375 Warning
Large setup violation  
There is a large setup violation of -2.383 ns between u_aes_slave/u_aes_core/key_schedule_inst/key_state_reg_reg[10][232]/C (clocked by CLK) and u_aes_slave/u_aes_core/key_schedule_inst/key_state_reg_reg[11][164]/D (clocked by CLK). Large setup violations at the end of those stages might be difficult to fix during the post-placement implementation flow and could be the result of non-optimal XDC constraints or non-optimal design architecture
Related violations: <none>

TIMING-16#376 Warning
Large setup violation  
There is a large setup violation of -2.386 ns between u_aes_slave/u_aes_core/key_schedule_inst/key_state_reg_reg[10][237]/C (clocked by CLK) and u_aes_slave/u_aes_core/key_schedule_inst/key_state_reg_reg[11][131]/D (clocked by CLK). Large setup violations at the end of those stages might be difficult to fix during the post-placement implementation flow and could be the result of non-optimal XDC constraints or non-optimal design architecture
Related violations: <none>

TIMING-16#377 Warning
Large setup violation  
There is a large setup violation of -2.404 ns between u_aes_slave/u_aes_core/key_schedule_inst/key_state_reg_reg[10][245]/C (clocked by CLK) and u_aes_slave/u_aes_core/key_schedule_inst/key_state_reg_reg[11][109]/D (clocked by CLK). Large setup violations at the end of those stages might be difficult to fix during the post-placement implementation flow and could be the result of non-optimal XDC constraints or non-optimal design architecture
Related violations: <none>

TIMING-16#378 Warning
Large setup violation  
There is a large setup violation of -2.415 ns between u_aes_slave/u_aes_core/key_schedule_inst/key_state_reg_reg[2][249]/C (clocked by CLK) and u_aes_slave/u_aes_core/key_schedule_inst/key_state_reg_reg[3][144]/D (clocked by CLK). Large setup violations at the end of those stages might be difficult to fix during the post-placement implementation flow and could be the result of non-optimal XDC constraints or non-optimal design architecture
Related violations: <none>

TIMING-16#379 Warning
Large setup violation  
There is a large setup violation of -2.423 ns between u_aes_slave/u_aes_core/key_schedule_inst/key_state_reg_reg[2][249]/C (clocked by CLK) and u_aes_slave/u_aes_core/key_schedule_inst/key_state_reg_reg[3][176]/D (clocked by CLK). Large setup violations at the end of those stages might be difficult to fix during the post-placement implementation flow and could be the result of non-optimal XDC constraints or non-optimal design architecture
Related violations: <none>

TIMING-16#380 Warning
Large setup violation  
There is a large setup violation of -2.425 ns between u_axi_master/mem_addr_q_reg[23]/C (clocked by CLK) and u_aes_slave/awaddr_q_reg[6]/D (clocked by CLK). Large setup violations at the end of those stages might be difficult to fix during the post-placement implementation flow and could be the result of non-optimal XDC constraints or non-optimal design architecture
Related violations: <none>

TIMING-16#381 Warning
Large setup violation  
There is a large setup violation of -2.426 ns between u_aes_slave/u_aes_core/key_schedule_inst/key_state_reg_reg[2][237]/C (clocked by CLK) and u_aes_slave/u_aes_core/key_schedule_inst/key_state_reg_reg[3][161]/D (clocked by CLK). Large setup violations at the end of those stages might be difficult to fix during the post-placement implementation flow and could be the result of non-optimal XDC constraints or non-optimal design architecture
Related violations: <none>

TIMING-16#382 Warning
Large setup violation  
There is a large setup violation of -2.426 ns between u_aes_slave/u_aes_core/key_schedule_inst/key_state_reg_reg[2][237]/C (clocked by CLK) and u_aes_slave/u_aes_core/key_schedule_inst/key_state_reg_reg[3][193]/D (clocked by CLK). Large setup violations at the end of those stages might be difficult to fix during the post-placement implementation flow and could be the result of non-optimal XDC constraints or non-optimal design architecture
Related violations: <none>

TIMING-16#383 Warning
Large setup violation  
There is a large setup violation of -2.426 ns between u_axi_master/mem_addr_q_reg[23]/C (clocked by CLK) and u_aes_slave/awaddr_q_reg[4]/D (clocked by CLK). Large setup violations at the end of those stages might be difficult to fix during the post-placement implementation flow and could be the result of non-optimal XDC constraints or non-optimal design architecture
Related violations: <none>

TIMING-16#384 Warning
Large setup violation  
There is a large setup violation of -2.428 ns between u_aes_slave/u_aes_core/key_schedule_inst/key_state_reg_reg[2][251]/C (clocked by CLK) and u_aes_slave/u_aes_core/key_schedule_inst/key_state_reg_reg[3][244]/D (clocked by CLK). Large setup violations at the end of those stages might be difficult to fix during the post-placement implementation flow and could be the result of non-optimal XDC constraints or non-optimal design architecture
Related violations: <none>

TIMING-16#385 Warning
Large setup violation  
There is a large setup violation of -2.430 ns between u_aes_slave/u_aes_core/key_schedule_inst/key_state_reg_reg[10][237]/C (clocked by CLK) and u_aes_slave/u_aes_core/key_schedule_inst/key_state_reg_reg[11][224]/D (clocked by CLK). Large setup violations at the end of those stages might be difficult to fix during the post-placement implementation flow and could be the result of non-optimal XDC constraints or non-optimal design architecture
Related violations: <none>

TIMING-16#386 Warning
Large setup violation  
There is a large setup violation of -2.432 ns between u_aes_slave/u_aes_core/key_schedule_inst/key_state_reg_reg[10][245]/C (clocked by CLK) and u_aes_slave/u_aes_core/key_schedule_inst/key_state_reg_reg[11][107]/D (clocked by CLK). Large setup violations at the end of those stages might be difficult to fix during the post-placement implementation flow and could be the result of non-optimal XDC constraints or non-optimal design architecture
Related violations: <none>

TIMING-16#387 Warning
Large setup violation  
There is a large setup violation of -2.435 ns between u_aes_slave/u_aes_core/key_schedule_inst/key_state_reg_reg[6][234]/C (clocked by CLK) and u_aes_slave/u_aes_core/key_schedule_inst/key_state_reg_reg[7][133]/D (clocked by CLK). Large setup violations at the end of those stages might be difficult to fix during the post-placement implementation flow and could be the result of non-optimal XDC constraints or non-optimal design architecture
Related violations: <none>

TIMING-16#388 Warning
Large setup violation  
There is a large setup violation of -2.436 ns between u_aes_slave/u_aes_core/key_schedule_inst/key_state_reg_reg[2][249]/C (clocked by CLK) and u_aes_slave/u_aes_core/key_schedule_inst/key_state_reg_reg[3][241]/D (clocked by CLK). Large setup violations at the end of those stages might be difficult to fix during the post-placement implementation flow and could be the result of non-optimal XDC constraints or non-optimal design architecture
Related violations: <none>

TIMING-16#389 Warning
Large setup violation  
There is a large setup violation of -2.438 ns between u_aes_slave/u_aes_core/key_schedule_inst/key_state_reg_reg[2][245]/C (clocked by CLK) and u_aes_slave/u_aes_core/key_schedule_inst/key_state_reg_reg[3][105]/D (clocked by CLK). Large setup violations at the end of those stages might be difficult to fix during the post-placement implementation flow and could be the result of non-optimal XDC constraints or non-optimal design architecture
Related violations: <none>

TIMING-16#390 Warning
Large setup violation  
There is a large setup violation of -2.441 ns between u_axi_master/mem_addr_q_reg[23]/C (clocked by CLK) and u_aes_slave/awaddr_q_reg[5]/D (clocked by CLK). Large setup violations at the end of those stages might be difficult to fix during the post-placement implementation flow and could be the result of non-optimal XDC constraints or non-optimal design architecture
Related violations: <none>

TIMING-16#391 Warning
Large setup violation  
There is a large setup violation of -2.443 ns between u_aes_slave/u_aes_core/key_schedule_inst/key_state_reg_reg[0][234]/C (clocked by CLK) and u_aes_slave/u_aes_core/key_schedule_inst/key_state_reg_reg[1][197]/D (clocked by CLK). Large setup violations at the end of those stages might be difficult to fix during the post-placement implementation flow and could be the result of non-optimal XDC constraints or non-optimal design architecture
Related violations: <none>

TIMING-16#392 Warning
Large setup violation  
There is a large setup violation of -2.444 ns between u_axi_master/mem_addr_q_reg[23]/C (clocked by CLK) and u_aes_slave/awaddr_q_reg[3]/D (clocked by CLK). Large setup violations at the end of those stages might be difficult to fix during the post-placement implementation flow and could be the result of non-optimal XDC constraints or non-optimal design architecture
Related violations: <none>

TIMING-16#393 Warning
Large setup violation  
There is a large setup violation of -2.448 ns between u_axi_master/mem_addr_q_reg[23]/C (clocked by CLK) and u_aes_slave/awaddr_q_reg[11]/D (clocked by CLK). Large setup violations at the end of those stages might be difficult to fix during the post-placement implementation flow and could be the result of non-optimal XDC constraints or non-optimal design architecture
Related violations: <none>

TIMING-16#394 Warning
Large setup violation  
There is a large setup violation of -2.453 ns between u_aes_slave/u_aes_core/key_schedule_inst/key_state_reg_reg[2][235]/C (clocked by CLK) and u_aes_slave/u_aes_core/key_schedule_inst/key_state_reg_reg[3][199]/D (clocked by CLK). Large setup violations at the end of those stages might be difficult to fix during the post-placement implementation flow and could be the result of non-optimal XDC constraints or non-optimal design architecture
Related violations: <none>

TIMING-16#395 Warning
Large setup violation  
There is a large setup violation of -2.461 ns between u_aes_slave/u_aes_core/key_schedule_inst/key_state_reg_reg[0][253]/C (clocked by CLK) and u_aes_slave/u_aes_core/key_schedule_inst/key_state_reg_reg[1][241]/D (clocked by CLK). Large setup violations at the end of those stages might be difficult to fix during the post-placement implementation flow and could be the result of non-optimal XDC constraints or non-optimal design architecture
Related violations: <none>

TIMING-16#396 Warning
Large setup violation  
There is a large setup violation of -2.462 ns between u_aes_slave/u_aes_core/key_schedule_inst/key_state_reg_reg[2][235]/C (clocked by CLK) and u_aes_slave/u_aes_core/key_schedule_inst/key_state_reg_reg[3][130]/D (clocked by CLK). Large setup violations at the end of those stages might be difficult to fix during the post-placement implementation flow and could be the result of non-optimal XDC constraints or non-optimal design architecture
Related violations: <none>

TIMING-16#397 Warning
Large setup violation  
There is a large setup violation of -2.462 ns between u_aes_slave/u_aes_core/key_schedule_inst/key_state_reg_reg[2][251]/C (clocked by CLK) and u_aes_slave/u_aes_core/key_schedule_inst/key_state_reg_reg[3][180]/D (clocked by CLK). Large setup violations at the end of those stages might be difficult to fix during the post-placement implementation flow and could be the result of non-optimal XDC constraints or non-optimal design architecture
Related violations: <none>

TIMING-16#398 Warning
Large setup violation  
There is a large setup violation of -2.465 ns between u_aes_slave/u_aes_core/key_schedule_inst/key_state_reg_reg[2][251]/C (clocked by CLK) and u_aes_slave/u_aes_core/key_schedule_inst/key_state_reg_reg[3][148]/D (clocked by CLK). Large setup violations at the end of those stages might be difficult to fix during the post-placement implementation flow and could be the result of non-optimal XDC constraints or non-optimal design architecture
Related violations: <none>

TIMING-16#399 Warning
Large setup violation  
There is a large setup violation of -2.471 ns between u_aes_slave/u_aes_core/key_schedule_inst/key_state_reg_reg[4][233]/C (clocked by CLK) and u_aes_slave/u_aes_core/key_schedule_inst/key_state_reg_reg[5][229]/D (clocked by CLK). Large setup violations at the end of those stages might be difficult to fix during the post-placement implementation flow and could be the result of non-optimal XDC constraints or non-optimal design architecture
Related violations: <none>

TIMING-16#400 Warning
Large setup violation  
There is a large setup violation of -2.475 ns between u_aes_slave/u_aes_core/key_schedule_inst/key_state_reg_reg[0][253]/C (clocked by CLK) and u_aes_slave/u_aes_core/key_schedule_inst/key_state_reg_reg[1][182]/D (clocked by CLK). Large setup violations at the end of those stages might be difficult to fix during the post-placement implementation flow and could be the result of non-optimal XDC constraints or non-optimal design architecture
Related violations: <none>

TIMING-16#401 Warning
Large setup violation  
There is a large setup violation of -2.477 ns between u_aes_slave/u_aes_core/key_schedule_inst/key_state_reg_reg[0][253]/C (clocked by CLK) and u_aes_slave/u_aes_core/key_schedule_inst/key_state_reg_reg[1][214]/D (clocked by CLK). Large setup violations at the end of those stages might be difficult to fix during the post-placement implementation flow and could be the result of non-optimal XDC constraints or non-optimal design architecture
Related violations: <none>

TIMING-16#402 Warning
Large setup violation  
There is a large setup violation of -2.478 ns between u_aes_slave/u_aes_core/key_schedule_inst/key_state_reg_reg[0][253]/C (clocked by CLK) and u_aes_slave/u_aes_core/key_schedule_inst/key_state_reg_reg[1][208]/D (clocked by CLK). Large setup violations at the end of those stages might be difficult to fix during the post-placement implementation flow and could be the result of non-optimal XDC constraints or non-optimal design architecture
Related violations: <none>

TIMING-16#403 Warning
Large setup violation  
There is a large setup violation of -2.479 ns between u_aes_slave/u_aes_core/key_schedule_inst/key_state_reg_reg[2][235]/C (clocked by CLK) and u_aes_slave/u_aes_core/key_schedule_inst/key_state_reg_reg[3][226]/D (clocked by CLK). Large setup violations at the end of those stages might be difficult to fix during the post-placement implementation flow and could be the result of non-optimal XDC constraints or non-optimal design architecture
Related violations: <none>

TIMING-16#404 Warning
Large setup violation  
There is a large setup violation of -2.485 ns between u_aes_slave/u_aes_core/key_schedule_inst/key_state_reg_reg[10][232]/C (clocked by CLK) and u_aes_slave/u_aes_core/key_schedule_inst/key_state_reg_reg[11][132]/D (clocked by CLK). Large setup violations at the end of those stages might be difficult to fix during the post-placement implementation flow and could be the result of non-optimal XDC constraints or non-optimal design architecture
Related violations: <none>

TIMING-16#405 Warning
Large setup violation  
There is a large setup violation of -2.485 ns between u_aes_slave/u_aes_core/key_schedule_inst/key_state_reg_reg[2][255]/C (clocked by CLK) and u_aes_slave/u_aes_core/key_schedule_inst/key_state_reg_reg[3][150]/D (clocked by CLK). Large setup violations at the end of those stages might be difficult to fix during the post-placement implementation flow and could be the result of non-optimal XDC constraints or non-optimal design architecture
Related violations: <none>

TIMING-16#406 Warning
Large setup violation  
There is a large setup violation of -2.516 ns between u_aes_slave/u_aes_core/key_schedule_inst/key_state_reg_reg[0][253]/C (clocked by CLK) and u_aes_slave/u_aes_core/key_schedule_inst/key_state_reg_reg[1][209]/D (clocked by CLK). Large setup violations at the end of those stages might be difficult to fix during the post-placement implementation flow and could be the result of non-optimal XDC constraints or non-optimal design architecture
Related violations: <none>

TIMING-16#407 Warning
Large setup violation  
There is a large setup violation of -2.521 ns between u_aes_slave/u_aes_core/key_schedule_inst/key_state_reg_reg[0][253]/C (clocked by CLK) and u_aes_slave/u_aes_core/key_schedule_inst/key_state_reg_reg[1][147]/D (clocked by CLK). Large setup violations at the end of those stages might be difficult to fix during the post-placement implementation flow and could be the result of non-optimal XDC constraints or non-optimal design architecture
Related violations: <none>

TIMING-16#408 Warning
Large setup violation  
There is a large setup violation of -2.525 ns between u_aes_slave/u_aes_core/key_schedule_inst/key_state_reg_reg[10][237]/C (clocked by CLK) and u_aes_slave/u_aes_core/key_schedule_inst/key_state_reg_reg[11][163]/D (clocked by CLK). Large setup violations at the end of those stages might be difficult to fix during the post-placement implementation flow and could be the result of non-optimal XDC constraints or non-optimal design architecture
Related violations: <none>

TIMING-16#409 Warning
Large setup violation  
There is a large setup violation of -2.525 ns between u_aes_slave/u_aes_core/key_schedule_inst/key_state_reg_reg[2][235]/C (clocked by CLK) and u_aes_slave/u_aes_core/key_schedule_inst/key_state_reg_reg[3][228]/D (clocked by CLK). Large setup violations at the end of those stages might be difficult to fix during the post-placement implementation flow and could be the result of non-optimal XDC constraints or non-optimal design architecture
Related violations: <none>

TIMING-16#410 Warning
Large setup violation  
There is a large setup violation of -2.527 ns between u_aes_slave/u_aes_core/key_schedule_inst/key_state_reg_reg[10][237]/C (clocked by CLK) and u_aes_slave/u_aes_core/key_schedule_inst/key_state_reg_reg[11][195]/D (clocked by CLK). Large setup violations at the end of those stages might be difficult to fix during the post-placement implementation flow and could be the result of non-optimal XDC constraints or non-optimal design architecture
Related violations: <none>

TIMING-16#411 Warning
Large setup violation  
There is a large setup violation of -2.534 ns between u_aes_slave/u_aes_core/key_schedule_inst/key_state_reg_reg[10][237]/C (clocked by CLK) and u_aes_slave/u_aes_core/key_schedule_inst/key_state_reg_reg[11][135]/D (clocked by CLK). Large setup violations at the end of those stages might be difficult to fix during the post-placement implementation flow and could be the result of non-optimal XDC constraints or non-optimal design architecture
Related violations: <none>

TIMING-16#412 Warning
Large setup violation  
There is a large setup violation of -2.534 ns between u_aes_slave/u_aes_core/key_schedule_inst/key_state_reg_reg[10][237]/C (clocked by CLK) and u_aes_slave/u_aes_core/key_schedule_inst/key_state_reg_reg[11][167]/D (clocked by CLK). Large setup violations at the end of those stages might be difficult to fix during the post-placement implementation flow and could be the result of non-optimal XDC constraints or non-optimal design architecture
Related violations: <none>

TIMING-16#413 Warning
Large setup violation  
There is a large setup violation of -2.536 ns between u_aes_slave/u_aes_core/key_schedule_inst/key_state_reg_reg[4][236]/C (clocked by CLK) and u_aes_slave/u_aes_core/key_schedule_inst/key_state_reg_reg[5][197]/D (clocked by CLK). Large setup violations at the end of those stages might be difficult to fix during the post-placement implementation flow and could be the result of non-optimal XDC constraints or non-optimal design architecture
Related violations: <none>

TIMING-16#414 Warning
Large setup violation  
There is a large setup violation of -2.539 ns between u_aes_slave/u_aes_core/key_schedule_inst/key_state_reg_reg[6][241]/C (clocked by CLK) and u_aes_slave/u_aes_core/key_schedule_inst/key_state_reg_reg[7][111]/D (clocked by CLK). Large setup violations at the end of those stages might be difficult to fix during the post-placement implementation flow and could be the result of non-optimal XDC constraints or non-optimal design architecture
Related violations: <none>

TIMING-16#415 Warning
Large setup violation  
There is a large setup violation of -2.543 ns between u_aes_slave/u_aes_core/key_schedule_inst/key_state_reg_reg[6][236]/C (clocked by CLK) and u_aes_slave/u_aes_core/key_schedule_inst/key_state_reg_reg[7][160]/D (clocked by CLK). Large setup violations at the end of those stages might be difficult to fix during the post-placement implementation flow and could be the result of non-optimal XDC constraints or non-optimal design architecture
Related violations: <none>

TIMING-16#416 Warning
Large setup violation  
There is a large setup violation of -2.547 ns between u_aes_slave/u_aes_core/key_schedule_inst/key_state_reg_reg[10][237]/C (clocked by CLK) and u_aes_slave/u_aes_core/key_schedule_inst/key_state_reg_reg[11][199]/D (clocked by CLK). Large setup violations at the end of those stages might be difficult to fix during the post-placement implementation flow and could be the result of non-optimal XDC constraints or non-optimal design architecture
Related violations: <none>

TIMING-16#417 Warning
Large setup violation  
There is a large setup violation of -2.551 ns between u_aes_slave/u_aes_core/key_schedule_inst/key_state_reg_reg[4][236]/C (clocked by CLK) and u_aes_slave/u_aes_core/key_schedule_inst/key_state_reg_reg[5][162]/D (clocked by CLK). Large setup violations at the end of those stages might be difficult to fix during the post-placement implementation flow and could be the result of non-optimal XDC constraints or non-optimal design architecture
Related violations: <none>

TIMING-16#418 Warning
Large setup violation  
There is a large setup violation of -2.553 ns between u_aes_slave/u_aes_core/key_schedule_inst/key_state_reg_reg[4][236]/C (clocked by CLK) and u_aes_slave/u_aes_core/key_schedule_inst/key_state_reg_reg[5][194]/D (clocked by CLK). Large setup violations at the end of those stages might be difficult to fix during the post-placement implementation flow and could be the result of non-optimal XDC constraints or non-optimal design architecture
Related violations: <none>

TIMING-16#419 Warning
Large setup violation  
There is a large setup violation of -2.558 ns between u_aes_slave/u_aes_core/key_schedule_inst/key_state_reg_reg[4][236]/C (clocked by CLK) and u_aes_slave/u_aes_core/key_schedule_inst/key_state_reg_reg[5][192]/D (clocked by CLK). Large setup violations at the end of those stages might be difficult to fix during the post-placement implementation flow and could be the result of non-optimal XDC constraints or non-optimal design architecture
Related violations: <none>

TIMING-16#420 Warning
Large setup violation  
There is a large setup violation of -2.571 ns between u_aes_slave/u_aes_core/key_schedule_inst/key_state_reg_reg[2][235]/C (clocked by CLK) and u_aes_slave/u_aes_core/key_schedule_inst/key_state_reg_reg[3][131]/D (clocked by CLK). Large setup violations at the end of those stages might be difficult to fix during the post-placement implementation flow and could be the result of non-optimal XDC constraints or non-optimal design architecture
Related violations: <none>

TIMING-16#421 Warning
Large setup violation  
There is a large setup violation of -2.575 ns between u_aes_slave/u_aes_core/key_schedule_inst/key_state_reg_reg[4][254]/C (clocked by CLK) and u_aes_slave/u_aes_core/key_schedule_inst/key_state_reg_reg[5][148]/D (clocked by CLK). Large setup violations at the end of those stages might be difficult to fix during the post-placement implementation flow and could be the result of non-optimal XDC constraints or non-optimal design architecture
Related violations: <none>

TIMING-16#422 Warning
Large setup violation  
There is a large setup violation of -2.604 ns between u_aes_slave/u_aes_core/key_schedule_inst/key_state_reg_reg[0][253]/C (clocked by CLK) and u_aes_slave/u_aes_core/key_schedule_inst/key_state_reg_reg[1][212]/D (clocked by CLK). Large setup violations at the end of those stages might be difficult to fix during the post-placement implementation flow and could be the result of non-optimal XDC constraints or non-optimal design architecture
Related violations: <none>

TIMING-16#423 Warning
Large setup violation  
There is a large setup violation of -2.605 ns between u_aes_slave/u_aes_core/key_schedule_inst/key_state_reg_reg[4][254]/C (clocked by CLK) and u_aes_slave/u_aes_core/key_schedule_inst/key_state_reg_reg[5][243]/D (clocked by CLK). Large setup violations at the end of those stages might be difficult to fix during the post-placement implementation flow and could be the result of non-optimal XDC constraints or non-optimal design architecture
Related violations: <none>

TIMING-16#424 Warning
Large setup violation  
There is a large setup violation of -2.609 ns between u_aes_slave/u_aes_core/key_schedule_inst/key_state_reg_reg[0][253]/C (clocked by CLK) and u_aes_slave/u_aes_core/key_schedule_inst/key_state_reg_reg[1][144]/D (clocked by CLK). Large setup violations at the end of those stages might be difficult to fix during the post-placement implementation flow and could be the result of non-optimal XDC constraints or non-optimal design architecture
Related violations: <none>

TIMING-16#425 Warning
Large setup violation  
There is a large setup violation of -2.612 ns between u_aes_slave/u_aes_core/key_schedule_inst/key_state_reg_reg[0][253]/C (clocked by CLK) and u_aes_slave/u_aes_core/key_schedule_inst/key_state_reg_reg[1][176]/D (clocked by CLK). Large setup violations at the end of those stages might be difficult to fix during the post-placement implementation flow and could be the result of non-optimal XDC constraints or non-optimal design architecture
Related violations: <none>

TIMING-16#426 Warning
Large setup violation  
There is a large setup violation of -2.612 ns between u_aes_slave/u_aes_core/key_schedule_inst/key_state_reg_reg[2][255]/C (clocked by CLK) and u_aes_slave/u_aes_core/key_schedule_inst/key_state_reg_reg[3][213]/D (clocked by CLK). Large setup violations at the end of those stages might be difficult to fix during the post-placement implementation flow and could be the result of non-optimal XDC constraints or non-optimal design architecture
Related violations: <none>

TIMING-16#427 Warning
Large setup violation  
There is a large setup violation of -2.643 ns between u_aes_slave/u_aes_core/key_schedule_inst/key_state_reg_reg[6][248]/C (clocked by CLK) and u_aes_slave/u_aes_core/key_schedule_inst/key_state_reg_reg[7][118]/D (clocked by CLK). Large setup violations at the end of those stages might be difficult to fix during the post-placement implementation flow and could be the result of non-optimal XDC constraints or non-optimal design architecture
Related violations: <none>

TIMING-16#428 Warning
Large setup violation  
There is a large setup violation of -2.660 ns between u_aes_slave/u_aes_core/key_schedule_inst/key_state_reg_reg[0][234]/C (clocked by CLK) and u_aes_slave/u_aes_core/key_schedule_inst/key_state_reg_reg[1][229]/D (clocked by CLK). Large setup violations at the end of those stages might be difficult to fix during the post-placement implementation flow and could be the result of non-optimal XDC constraints or non-optimal design architecture
Related violations: <none>

TIMING-16#429 Warning
Large setup violation  
There is a large setup violation of -2.668 ns between u_aes_slave/u_aes_core/key_schedule_inst/key_state_reg_reg[4][254]/C (clocked by CLK) and u_aes_slave/u_aes_core/key_schedule_inst/key_state_reg_reg[5][179]/D (clocked by CLK). Large setup violations at the end of those stages might be difficult to fix during the post-placement implementation flow and could be the result of non-optimal XDC constraints or non-optimal design architecture
Related violations: <none>

TIMING-16#430 Warning
Large setup violation  
There is a large setup violation of -2.671 ns between u_aes_slave/u_aes_core/key_schedule_inst/key_state_reg_reg[10][237]/C (clocked by CLK) and u_aes_slave/u_aes_core/key_schedule_inst/key_state_reg_reg[11][226]/D (clocked by CLK). Large setup violations at the end of those stages might be difficult to fix during the post-placement implementation flow and could be the result of non-optimal XDC constraints or non-optimal design architecture
Related violations: <none>

TIMING-16#431 Warning
Large setup violation  
There is a large setup violation of -2.673 ns between u_aes_slave/u_aes_core/key_schedule_inst/key_state_reg_reg[0][234]/C (clocked by CLK) and u_aes_slave/u_aes_core/key_schedule_inst/key_state_reg_reg[1][133]/D (clocked by CLK). Large setup violations at the end of those stages might be difficult to fix during the post-placement implementation flow and could be the result of non-optimal XDC constraints or non-optimal design architecture
Related violations: <none>

TIMING-16#432 Warning
Large setup violation  
There is a large setup violation of -2.679 ns between u_aes_slave/u_aes_core/key_schedule_inst/key_state_reg_reg[0][253]/C (clocked by CLK) and u_aes_slave/u_aes_core/key_schedule_inst/key_state_reg_reg[1][180]/D (clocked by CLK). Large setup violations at the end of those stages might be difficult to fix during the post-placement implementation flow and could be the result of non-optimal XDC constraints or non-optimal design architecture
Related violations: <none>

TIMING-16#433 Warning
Large setup violation  
There is a large setup violation of -2.680 ns between u_aes_slave/u_aes_core/key_schedule_inst/key_state_reg_reg[2][235]/C (clocked by CLK) and u_aes_slave/u_aes_core/key_schedule_inst/key_state_reg_reg[3][227]/D (clocked by CLK). Large setup violations at the end of those stages might be difficult to fix during the post-placement implementation flow and could be the result of non-optimal XDC constraints or non-optimal design architecture
Related violations: <none>

TIMING-16#434 Warning
Large setup violation  
There is a large setup violation of -2.682 ns between u_aes_slave/u_aes_core/key_schedule_inst/key_state_reg_reg[0][253]/C (clocked by CLK) and u_aes_slave/u_aes_core/key_schedule_inst/key_state_reg_reg[1][242]/D (clocked by CLK). Large setup violations at the end of those stages might be difficult to fix during the post-placement implementation flow and could be the result of non-optimal XDC constraints or non-optimal design architecture
Related violations: <none>

TIMING-16#435 Warning
Large setup violation  
There is a large setup violation of -2.686 ns between u_aes_slave/u_aes_core/key_schedule_inst/key_state_reg_reg[2][255]/C (clocked by CLK) and u_aes_slave/u_aes_core/key_schedule_inst/key_state_reg_reg[3][246]/D (clocked by CLK). Large setup violations at the end of those stages might be difficult to fix during the post-placement implementation flow and could be the result of non-optimal XDC constraints or non-optimal design architecture
Related violations: <none>

TIMING-16#436 Warning
Large setup violation  
There is a large setup violation of -2.689 ns between u_axi_master/mem_addr_q_reg[23]/C (clocked by CLK) and u_aes_slave/awsize_q_reg[1]/CE (clocked by CLK). Large setup violations at the end of those stages might be difficult to fix during the post-placement implementation flow and could be the result of non-optimal XDC constraints or non-optimal design architecture
Related violations: <none>

TIMING-16#437 Warning
Large setup violation  
There is a large setup violation of -2.694 ns between u_aes_slave/u_aes_core/key_schedule_inst/key_state_reg_reg[0][234]/C (clocked by CLK) and u_aes_slave/u_aes_core/key_schedule_inst/key_state_reg_reg[1][196]/D (clocked by CLK). Large setup violations at the end of those stages might be difficult to fix during the post-placement implementation flow and could be the result of non-optimal XDC constraints or non-optimal design architecture
Related violations: <none>

TIMING-16#438 Warning
Large setup violation  
There is a large setup violation of -2.695 ns between u_aes_slave/u_aes_core/key_schedule_inst/key_state_reg_reg[2][235]/C (clocked by CLK) and u_aes_slave/u_aes_core/key_schedule_inst/key_state_reg_reg[3][224]/D (clocked by CLK). Large setup violations at the end of those stages might be difficult to fix during the post-placement implementation flow and could be the result of non-optimal XDC constraints or non-optimal design architecture
Related violations: <none>

TIMING-16#439 Warning
Large setup violation  
There is a large setup violation of -2.697 ns between u_aes_slave/u_aes_core/key_schedule_inst/key_state_reg_reg[2][249]/C (clocked by CLK) and u_aes_slave/u_aes_core/key_schedule_inst/key_state_reg_reg[3][178]/D (clocked by CLK). Large setup violations at the end of those stages might be difficult to fix during the post-placement implementation flow and could be the result of non-optimal XDC constraints or non-optimal design architecture
Related violations: <none>

TIMING-16#440 Warning
Large setup violation  
There is a large setup violation of -2.699 ns between u_aes_slave/u_aes_core/key_schedule_inst/key_state_reg_reg[2][249]/C (clocked by CLK) and u_aes_slave/u_aes_core/key_schedule_inst/key_state_reg_reg[3][210]/D (clocked by CLK). Large setup violations at the end of those stages might be difficult to fix during the post-placement implementation flow and could be the result of non-optimal XDC constraints or non-optimal design architecture
Related violations: <none>

TIMING-16#441 Warning
Large setup violation  
There is a large setup violation of -2.705 ns between u_aes_slave/u_aes_core/key_schedule_inst/key_state_reg_reg[2][249]/C (clocked by CLK) and u_aes_slave/u_aes_core/key_schedule_inst/key_state_reg_reg[3][146]/D (clocked by CLK). Large setup violations at the end of those stages might be difficult to fix during the post-placement implementation flow and could be the result of non-optimal XDC constraints or non-optimal design architecture
Related violations: <none>

TIMING-16#442 Warning
Large setup violation  
There is a large setup violation of -2.719 ns between u_aes_slave/u_aes_core/key_schedule_inst/key_state_reg_reg[4][249]/C (clocked by CLK) and u_aes_slave/u_aes_core/key_schedule_inst/key_state_reg_reg[5][145]/D (clocked by CLK). Large setup violations at the end of those stages might be difficult to fix during the post-placement implementation flow and could be the result of non-optimal XDC constraints or non-optimal design architecture
Related violations: <none>

TIMING-16#443 Warning
Large setup violation  
There is a large setup violation of -2.722 ns between u_aes_slave/u_aes_core/key_schedule_inst/key_state_reg_reg[0][253]/C (clocked by CLK) and u_aes_slave/u_aes_core/key_schedule_inst/key_state_reg_reg[1][149]/D (clocked by CLK). Large setup violations at the end of those stages might be difficult to fix during the post-placement implementation flow and could be the result of non-optimal XDC constraints or non-optimal design architecture
Related violations: <none>

TIMING-16#444 Warning
Large setup violation  
There is a large setup violation of -2.722 ns between u_aes_slave/u_aes_core/key_schedule_inst/key_state_reg_reg[6][236]/C (clocked by CLK) and u_aes_slave/u_aes_core/key_schedule_inst/key_state_reg_reg[7][129]/D (clocked by CLK). Large setup violations at the end of those stages might be difficult to fix during the post-placement implementation flow and could be the result of non-optimal XDC constraints or non-optimal design architecture
Related violations: <none>

TIMING-16#445 Warning
Large setup violation  
There is a large setup violation of -2.722 ns between u_axi_master/mem_addr_q_reg[23]/C (clocked by CLK) and u_aes_slave/awaddr_q_reg[7]/CE (clocked by CLK). Large setup violations at the end of those stages might be difficult to fix during the post-placement implementation flow and could be the result of non-optimal XDC constraints or non-optimal design architecture
Related violations: <none>

TIMING-16#446 Warning
Large setup violation  
There is a large setup violation of -2.722 ns between u_axi_master/mem_addr_q_reg[23]/C (clocked by CLK) and u_aes_slave/awaddr_q_reg[8]/CE (clocked by CLK). Large setup violations at the end of those stages might be difficult to fix during the post-placement implementation flow and could be the result of non-optimal XDC constraints or non-optimal design architecture
Related violations: <none>

TIMING-16#447 Warning
Large setup violation  
There is a large setup violation of -2.724 ns between u_aes_slave/u_aes_core/key_schedule_inst/key_state_reg_reg[4][254]/C (clocked by CLK) and u_aes_slave/u_aes_core/key_schedule_inst/key_state_reg_reg[5][150]/D (clocked by CLK). Large setup violations at the end of those stages might be difficult to fix during the post-placement implementation flow and could be the result of non-optimal XDC constraints or non-optimal design architecture
Related violations: <none>

TIMING-16#448 Warning
Large setup violation  
There is a large setup violation of -2.727 ns between u_aes_slave/u_aes_core/key_schedule_inst/key_state_reg_reg[0][253]/C (clocked by CLK) and u_aes_slave/u_aes_core/key_schedule_inst/key_state_reg_reg[1][211]/D (clocked by CLK). Large setup violations at the end of those stages might be difficult to fix during the post-placement implementation flow and could be the result of non-optimal XDC constraints or non-optimal design architecture
Related violations: <none>

TIMING-16#449 Warning
Large setup violation  
There is a large setup violation of -2.736 ns between u_axi_master/mem_addr_q_reg[23]/C (clocked by CLK) and u_aes_slave/awaddr_q_reg[10]/CE (clocked by CLK). Large setup violations at the end of those stages might be difficult to fix during the post-placement implementation flow and could be the result of non-optimal XDC constraints or non-optimal design architecture
Related violations: <none>

TIMING-16#450 Warning
Large setup violation  
There is a large setup violation of -2.736 ns between u_axi_master/mem_addr_q_reg[23]/C (clocked by CLK) and u_aes_slave/awaddr_q_reg[11]/CE (clocked by CLK). Large setup violations at the end of those stages might be difficult to fix during the post-placement implementation flow and could be the result of non-optimal XDC constraints or non-optimal design architecture
Related violations: <none>

TIMING-16#451 Warning
Large setup violation  
There is a large setup violation of -2.736 ns between u_axi_master/mem_addr_q_reg[23]/C (clocked by CLK) and u_aes_slave/awaddr_q_reg[2]/CE (clocked by CLK). Large setup violations at the end of those stages might be difficult to fix during the post-placement implementation flow and could be the result of non-optimal XDC constraints or non-optimal design architecture
Related violations: <none>

TIMING-16#452 Warning
Large setup violation  
There is a large setup violation of -2.736 ns between u_axi_master/mem_addr_q_reg[23]/C (clocked by CLK) and u_aes_slave/awaddr_q_reg[9]/CE (clocked by CLK). Large setup violations at the end of those stages might be difficult to fix during the post-placement implementation flow and could be the result of non-optimal XDC constraints or non-optimal design architecture
Related violations: <none>

TIMING-16#453 Warning
Large setup violation  
There is a large setup violation of -2.740 ns between u_axi_master/mem_addr_q_reg[23]/C (clocked by CLK) and u_aes_slave/awaddr_q_reg[3]/CE (clocked by CLK). Large setup violations at the end of those stages might be difficult to fix during the post-placement implementation flow and could be the result of non-optimal XDC constraints or non-optimal design architecture
Related violations: <none>

TIMING-16#454 Warning
Large setup violation  
There is a large setup violation of -2.740 ns between u_axi_master/mem_addr_q_reg[23]/C (clocked by CLK) and u_aes_slave/awaddr_q_reg[4]/CE (clocked by CLK). Large setup violations at the end of those stages might be difficult to fix during the post-placement implementation flow and could be the result of non-optimal XDC constraints or non-optimal design architecture
Related violations: <none>

TIMING-16#455 Warning
Large setup violation  
There is a large setup violation of -2.740 ns between u_axi_master/mem_addr_q_reg[23]/C (clocked by CLK) and u_aes_slave/awaddr_q_reg[5]/CE (clocked by CLK). Large setup violations at the end of those stages might be difficult to fix during the post-placement implementation flow and could be the result of non-optimal XDC constraints or non-optimal design architecture
Related violations: <none>

TIMING-16#456 Warning
Large setup violation  
There is a large setup violation of -2.740 ns between u_axi_master/mem_addr_q_reg[23]/C (clocked by CLK) and u_aes_slave/awaddr_q_reg[6]/CE (clocked by CLK). Large setup violations at the end of those stages might be difficult to fix during the post-placement implementation flow and could be the result of non-optimal XDC constraints or non-optimal design architecture
Related violations: <none>

TIMING-16#457 Warning
Large setup violation  
There is a large setup violation of -2.754 ns between u_aes_slave/u_aes_core/key_schedule_inst/key_state_reg_reg[0][253]/C (clocked by CLK) and u_aes_slave/u_aes_core/key_schedule_inst/key_state_reg_reg[1][146]/D (clocked by CLK). Large setup violations at the end of those stages might be difficult to fix during the post-placement implementation flow and could be the result of non-optimal XDC constraints or non-optimal design architecture
Related violations: <none>

TIMING-16#458 Warning
Large setup violation  
There is a large setup violation of -2.760 ns between u_aes_slave/u_aes_core/key_schedule_inst/key_state_reg_reg[2][255]/C (clocked by CLK) and u_aes_slave/u_aes_core/key_schedule_inst/key_state_reg_reg[3][182]/D (clocked by CLK). Large setup violations at the end of those stages might be difficult to fix during the post-placement implementation flow and could be the result of non-optimal XDC constraints or non-optimal design architecture
Related violations: <none>

TIMING-16#459 Warning
Large setup violation  
There is a large setup violation of -2.763 ns between u_aes_slave/u_aes_core/key_schedule_inst/key_state_reg_reg[2][255]/C (clocked by CLK) and u_aes_slave/u_aes_core/key_schedule_inst/key_state_reg_reg[3][214]/D (clocked by CLK). Large setup violations at the end of those stages might be difficult to fix during the post-placement implementation flow and could be the result of non-optimal XDC constraints or non-optimal design architecture
Related violations: <none>

TIMING-16#460 Warning
Large setup violation  
There is a large setup violation of -2.767 ns between u_aes_slave/u_aes_core/key_schedule_inst/key_state_reg_reg[0][234]/C (clocked by CLK) and u_aes_slave/u_aes_core/key_schedule_inst/key_state_reg_reg[1][134]/D (clocked by CLK). Large setup violations at the end of those stages might be difficult to fix during the post-placement implementation flow and could be the result of non-optimal XDC constraints or non-optimal design architecture
Related violations: <none>

TIMING-16#461 Warning
Large setup violation  
There is a large setup violation of -2.769 ns between u_aes_slave/u_aes_core/key_schedule_inst/key_state_reg_reg[4][254]/C (clocked by CLK) and u_aes_slave/u_aes_core/key_schedule_inst/key_state_reg_reg[5][209]/D (clocked by CLK). Large setup violations at the end of those stages might be difficult to fix during the post-placement implementation flow and could be the result of non-optimal XDC constraints or non-optimal design architecture
Related violations: <none>

TIMING-16#462 Warning
Large setup violation  
There is a large setup violation of -2.770 ns between u_aes_slave/u_aes_core/key_schedule_inst/key_state_reg_reg[2][249]/C (clocked by CLK) and u_aes_slave/u_aes_core/key_schedule_inst/key_state_reg_reg[3][243]/D (clocked by CLK). Large setup violations at the end of those stages might be difficult to fix during the post-placement implementation flow and could be the result of non-optimal XDC constraints or non-optimal design architecture
Related violations: <none>

TIMING-16#463 Warning
Large setup violation  
There is a large setup violation of -2.782 ns between u_aes_slave/u_aes_core/key_schedule_inst/key_state_reg_reg[2][235]/C (clocked by CLK) and u_aes_slave/u_aes_core/key_schedule_inst/key_state_reg_reg[3][195]/D (clocked by CLK). Large setup violations at the end of those stages might be difficult to fix during the post-placement implementation flow and could be the result of non-optimal XDC constraints or non-optimal design architecture
Related violations: <none>

TIMING-16#464 Warning
Large setup violation  
There is a large setup violation of -2.783 ns between u_aes_slave/u_aes_core/key_schedule_inst/key_state_reg_reg[0][234]/C (clocked by CLK) and u_aes_slave/u_aes_core/key_schedule_inst/key_state_reg_reg[1][193]/D (clocked by CLK). Large setup violations at the end of those stages might be difficult to fix during the post-placement implementation flow and could be the result of non-optimal XDC constraints or non-optimal design architecture
Related violations: <none>

TIMING-16#465 Warning
Large setup violation  
There is a large setup violation of -2.794 ns between u_aes_slave/u_aes_core/key_schedule_inst/key_state_reg_reg[0][234]/C (clocked by CLK) and u_aes_slave/u_aes_core/key_schedule_inst/key_state_reg_reg[1][132]/D (clocked by CLK). Large setup violations at the end of those stages might be difficult to fix during the post-placement implementation flow and could be the result of non-optimal XDC constraints or non-optimal design architecture
Related violations: <none>

TIMING-16#466 Warning
Large setup violation  
There is a large setup violation of -2.800 ns between u_aes_slave/u_aes_core/key_schedule_inst/key_state_reg_reg[4][233]/C (clocked by CLK) and u_aes_slave/u_aes_core/key_schedule_inst/key_state_reg_reg[5][128]/D (clocked by CLK). Large setup violations at the end of those stages might be difficult to fix during the post-placement implementation flow and could be the result of non-optimal XDC constraints or non-optimal design architecture
Related violations: <none>

TIMING-16#467 Warning
Large setup violation  
There is a large setup violation of -2.807 ns between u_aes_slave/u_aes_core/key_schedule_inst/key_state_reg_reg[0][234]/C (clocked by CLK) and u_aes_slave/u_aes_core/key_schedule_inst/key_state_reg_reg[1][161]/D (clocked by CLK). Large setup violations at the end of those stages might be difficult to fix during the post-placement implementation flow and could be the result of non-optimal XDC constraints or non-optimal design architecture
Related violations: <none>

TIMING-16#468 Warning
Large setup violation  
There is a large setup violation of -2.810 ns between u_aes_slave/u_aes_core/key_schedule_inst/key_state_reg_reg[2][249]/C (clocked by CLK) and u_aes_slave/u_aes_core/key_schedule_inst/key_state_reg_reg[3][240]/D (clocked by CLK). Large setup violations at the end of those stages might be difficult to fix during the post-placement implementation flow and could be the result of non-optimal XDC constraints or non-optimal design architecture
Related violations: <none>

TIMING-16#469 Warning
Large setup violation  
There is a large setup violation of -2.816 ns between u_aes_slave/u_aes_core/key_schedule_inst/key_state_reg_reg[6][234]/C (clocked by CLK) and u_aes_slave/u_aes_core/key_schedule_inst/key_state_reg_reg[7][197]/D (clocked by CLK). Large setup violations at the end of those stages might be difficult to fix during the post-placement implementation flow and could be the result of non-optimal XDC constraints or non-optimal design architecture
Related violations: <none>

TIMING-16#470 Warning
Large setup violation  
There is a large setup violation of -2.820 ns between u_aes_slave/u_aes_core/key_schedule_inst/key_state_reg_reg[6][236]/C (clocked by CLK) and u_aes_slave/u_aes_core/key_schedule_inst/key_state_reg_reg[7][135]/D (clocked by CLK). Large setup violations at the end of those stages might be difficult to fix during the post-placement implementation flow and could be the result of non-optimal XDC constraints or non-optimal design architecture
Related violations: <none>

TIMING-16#471 Warning
Large setup violation  
There is a large setup violation of -2.823 ns between u_aes_slave/u_aes_core/key_schedule_inst/key_state_reg_reg[0][253]/C (clocked by CLK) and u_aes_slave/u_aes_core/key_schedule_inst/key_state_reg_reg[1][151]/D (clocked by CLK). Large setup violations at the end of those stages might be difficult to fix during the post-placement implementation flow and could be the result of non-optimal XDC constraints or non-optimal design architecture
Related violations: <none>

TIMING-16#472 Warning
Large setup violation  
There is a large setup violation of -2.830 ns between u_aes_slave/u_aes_core/key_schedule_inst/key_state_reg_reg[4][254]/C (clocked by CLK) and u_aes_slave/u_aes_core/key_schedule_inst/key_state_reg_reg[5][180]/D (clocked by CLK). Large setup violations at the end of those stages might be difficult to fix during the post-placement implementation flow and could be the result of non-optimal XDC constraints or non-optimal design architecture
Related violations: <none>

TIMING-16#473 Warning
Large setup violation  
There is a large setup violation of -2.831 ns between u_aes_slave/u_aes_core/key_schedule_inst/key_state_reg_reg[4][254]/C (clocked by CLK) and u_aes_slave/u_aes_core/key_schedule_inst/key_state_reg_reg[5][212]/D (clocked by CLK). Large setup violations at the end of those stages might be difficult to fix during the post-placement implementation flow and could be the result of non-optimal XDC constraints or non-optimal design architecture
Related violations: <none>

TIMING-16#474 Warning
Large setup violation  
There is a large setup violation of -2.833 ns between u_aes_slave/u_aes_core/key_schedule_inst/key_state_reg_reg[0][253]/C (clocked by CLK) and u_aes_slave/u_aes_core/key_schedule_inst/key_state_reg_reg[1][148]/D (clocked by CLK). Large setup violations at the end of those stages might be difficult to fix during the post-placement implementation flow and could be the result of non-optimal XDC constraints or non-optimal design architecture
Related violations: <none>

TIMING-16#475 Warning
Large setup violation  
There is a large setup violation of -2.845 ns between u_aes_slave/u_aes_core/key_schedule_inst/key_state_reg_reg[0][234]/C (clocked by CLK) and u_aes_slave/u_aes_core/key_schedule_inst/key_state_reg_reg[1][224]/D (clocked by CLK). Large setup violations at the end of those stages might be difficult to fix during the post-placement implementation flow and could be the result of non-optimal XDC constraints or non-optimal design architecture
Related violations: <none>

TIMING-16#476 Warning
Large setup violation  
There is a large setup violation of -2.846 ns between u_aes_slave/u_aes_core/key_schedule_inst/key_state_reg_reg[4][254]/C (clocked by CLK) and u_aes_slave/u_aes_core/key_schedule_inst/key_state_reg_reg[5][144]/D (clocked by CLK). Large setup violations at the end of those stages might be difficult to fix during the post-placement implementation flow and could be the result of non-optimal XDC constraints or non-optimal design architecture
Related violations: <none>

TIMING-16#477 Warning
Large setup violation  
There is a large setup violation of -2.847 ns between u_aes_slave/u_aes_core/key_schedule_inst/key_state_reg_reg[4][236]/C (clocked by CLK) and u_aes_slave/u_aes_core/key_schedule_inst/key_state_reg_reg[5][230]/D (clocked by CLK). Large setup violations at the end of those stages might be difficult to fix during the post-placement implementation flow and could be the result of non-optimal XDC constraints or non-optimal design architecture
Related violations: <none>

TIMING-16#478 Warning
Large setup violation  
There is a large setup violation of -2.858 ns between u_aes_slave/u_aes_core/key_schedule_inst/key_state_reg_reg[6][236]/C (clocked by CLK) and u_aes_slave/u_aes_core/key_schedule_inst/key_state_reg_reg[7][192]/D (clocked by CLK). Large setup violations at the end of those stages might be difficult to fix during the post-placement implementation flow and could be the result of non-optimal XDC constraints or non-optimal design architecture
Related violations: <none>

TIMING-16#479 Warning
Large setup violation  
There is a large setup violation of -2.866 ns between u_aes_slave/u_aes_core/key_schedule_inst/key_state_reg_reg[0][253]/C (clocked by CLK) and u_aes_slave/u_aes_core/key_schedule_inst/key_state_reg_reg[1][215]/D (clocked by CLK). Large setup violations at the end of those stages might be difficult to fix during the post-placement implementation flow and could be the result of non-optimal XDC constraints or non-optimal design architecture
Related violations: <none>

TIMING-16#480 Warning
Large setup violation  
There is a large setup violation of -2.869 ns between u_aes_slave/u_aes_core/key_schedule_inst/key_state_reg_reg[0][253]/C (clocked by CLK) and u_aes_slave/u_aes_core/key_schedule_inst/key_state_reg_reg[1][183]/D (clocked by CLK). Large setup violations at the end of those stages might be difficult to fix during the post-placement implementation flow and could be the result of non-optimal XDC constraints or non-optimal design architecture
Related violations: <none>

TIMING-16#481 Warning
Large setup violation  
There is a large setup violation of -2.871 ns between u_aes_slave/u_aes_core/key_schedule_inst/key_state_reg_reg[0][232]/C (clocked by CLK) and u_aes_slave/u_aes_core/key_schedule_inst/key_state_reg_reg[1][195]/D (clocked by CLK). Large setup violations at the end of those stages might be difficult to fix during the post-placement implementation flow and could be the result of non-optimal XDC constraints or non-optimal design architecture
Related violations: <none>

TIMING-16#482 Warning
Large setup violation  
There is a large setup violation of -2.895 ns between u_aes_slave/u_aes_core/key_schedule_inst/key_state_reg_reg[0][232]/C (clocked by CLK) and u_aes_slave/u_aes_core/key_schedule_inst/key_state_reg_reg[1][163]/D (clocked by CLK). Large setup violations at the end of those stages might be difficult to fix during the post-placement implementation flow and could be the result of non-optimal XDC constraints or non-optimal design architecture
Related violations: <none>

TIMING-16#483 Warning
Large setup violation  
There is a large setup violation of -2.896 ns between u_aes_slave/u_aes_core/key_schedule_inst/key_state_reg_reg[0][253]/C (clocked by CLK) and u_aes_slave/u_aes_core/key_schedule_inst/key_state_reg_reg[1][179]/D (clocked by CLK). Large setup violations at the end of those stages might be difficult to fix during the post-placement implementation flow and could be the result of non-optimal XDC constraints or non-optimal design architecture
Related violations: <none>

TIMING-16#484 Warning
Large setup violation  
There is a large setup violation of -2.896 ns between u_aes_slave/u_aes_core/key_schedule_inst/key_state_reg_reg[0][253]/C (clocked by CLK) and u_aes_slave/u_aes_core/key_schedule_inst/key_state_reg_reg[1][240]/D (clocked by CLK). Large setup violations at the end of those stages might be difficult to fix during the post-placement implementation flow and could be the result of non-optimal XDC constraints or non-optimal design architecture
Related violations: <none>

TIMING-16#485 Warning
Large setup violation  
There is a large setup violation of -2.919 ns between u_aes_slave/u_aes_core/key_schedule_inst/key_state_reg_reg[10][230]/C (clocked by CLK) and u_aes_slave/u_aes_core/key_schedule_inst/key_state_reg_reg[11][190]/D (clocked by CLK). Large setup violations at the end of those stages might be difficult to fix during the post-placement implementation flow and could be the result of non-optimal XDC constraints or non-optimal design architecture
Related violations: <none>

TIMING-16#486 Warning
Large setup violation  
There is a large setup violation of -2.919 ns between u_aes_slave/u_aes_core/key_schedule_inst/key_state_reg_reg[10][230]/C (clocked by CLK) and u_aes_slave/u_aes_core/key_schedule_inst/key_state_reg_reg[11][222]/D (clocked by CLK). Large setup violations at the end of those stages might be difficult to fix during the post-placement implementation flow and could be the result of non-optimal XDC constraints or non-optimal design architecture
Related violations: <none>

TIMING-16#487 Warning
Large setup violation  
There is a large setup violation of -2.925 ns between u_aes_slave/u_aes_core/key_schedule_inst/key_state_reg_reg[10][230]/C (clocked by CLK) and u_aes_slave/u_aes_core/key_schedule_inst/key_state_reg_reg[11][158]/D (clocked by CLK). Large setup violations at the end of those stages might be difficult to fix during the post-placement implementation flow and could be the result of non-optimal XDC constraints or non-optimal design architecture
Related violations: <none>

TIMING-16#488 Warning
Large setup violation  
There is a large setup violation of -2.926 ns between u_aes_slave/u_aes_core/key_schedule_inst/key_state_reg_reg[0][234]/C (clocked by CLK) and u_aes_slave/u_aes_core/key_schedule_inst/key_state_reg_reg[1][135]/D (clocked by CLK). Large setup violations at the end of those stages might be difficult to fix during the post-placement implementation flow and could be the result of non-optimal XDC constraints or non-optimal design architecture
Related violations: <none>

TIMING-16#489 Warning
Large setup violation  
There is a large setup violation of -2.939 ns between u_aes_slave/u_aes_core/key_schedule_inst/key_state_reg_reg[4][254]/C (clocked by CLK) and u_aes_slave/u_aes_core/key_schedule_inst/key_state_reg_reg[5][177]/D (clocked by CLK). Large setup violations at the end of those stages might be difficult to fix during the post-placement implementation flow and could be the result of non-optimal XDC constraints or non-optimal design architecture
Related violations: <none>

TIMING-16#490 Warning
Large setup violation  
There is a large setup violation of -2.948 ns between u_aes_slave/u_aes_core/key_schedule_inst/key_state_reg_reg[2][235]/C (clocked by CLK) and u_aes_slave/u_aes_core/key_schedule_inst/key_state_reg_reg[3][163]/D (clocked by CLK). Large setup violations at the end of those stages might be difficult to fix during the post-placement implementation flow and could be the result of non-optimal XDC constraints or non-optimal design architecture
Related violations: <none>

TIMING-16#491 Warning
Large setup violation  
There is a large setup violation of -2.957 ns between u_aes_slave/u_aes_core/key_schedule_inst/key_state_reg_reg[6][234]/C (clocked by CLK) and u_aes_slave/u_aes_core/key_schedule_inst/key_state_reg_reg[7][165]/D (clocked by CLK). Large setup violations at the end of those stages might be difficult to fix during the post-placement implementation flow and could be the result of non-optimal XDC constraints or non-optimal design architecture
Related violations: <none>

TIMING-16#492 Warning
Large setup violation  
There is a large setup violation of -2.963 ns between u_aes_slave/u_aes_core/key_schedule_inst/key_state_reg_reg[0][253]/C (clocked by CLK) and u_aes_slave/u_aes_core/key_schedule_inst/key_state_reg_reg[1][145]/D (clocked by CLK). Large setup violations at the end of those stages might be difficult to fix during the post-placement implementation flow and could be the result of non-optimal XDC constraints or non-optimal design architecture
Related violations: <none>

TIMING-16#493 Warning
Large setup violation  
There is a large setup violation of -2.966 ns between u_aes_slave/u_aes_core/key_schedule_inst/key_state_reg_reg[0][253]/C (clocked by CLK) and u_aes_slave/u_aes_core/key_schedule_inst/key_state_reg_reg[1][177]/D (clocked by CLK). Large setup violations at the end of those stages might be difficult to fix during the post-placement implementation flow and could be the result of non-optimal XDC constraints or non-optimal design architecture
Related violations: <none>

TIMING-16#494 Warning
Large setup violation  
There is a large setup violation of -2.969 ns between u_aes_slave/u_aes_core/key_schedule_inst/key_state_reg_reg[0][253]/C (clocked by CLK) and u_aes_slave/u_aes_core/key_schedule_inst/key_state_reg_reg[1][246]/D (clocked by CLK). Large setup violations at the end of those stages might be difficult to fix during the post-placement implementation flow and could be the result of non-optimal XDC constraints or non-optimal design architecture
Related violations: <none>

TIMING-16#495 Warning
Large setup violation  
There is a large setup violation of -2.973 ns between u_aes_slave/u_aes_core/key_schedule_inst/key_state_reg_reg[4][236]/C (clocked by CLK) and u_aes_slave/u_aes_core/key_schedule_inst/key_state_reg_reg[5][134]/D (clocked by CLK). Large setup violations at the end of those stages might be difficult to fix during the post-placement implementation flow and could be the result of non-optimal XDC constraints or non-optimal design architecture
Related violations: <none>

TIMING-16#496 Warning
Large setup violation  
There is a large setup violation of -2.975 ns between u_aes_slave/u_aes_core/key_schedule_inst/key_state_reg_reg[0][234]/C (clocked by CLK) and u_aes_slave/u_aes_core/key_schedule_inst/key_state_reg_reg[1][198]/D (clocked by CLK). Large setup violations at the end of those stages might be difficult to fix during the post-placement implementation flow and could be the result of non-optimal XDC constraints or non-optimal design architecture
Related violations: <none>

TIMING-16#497 Warning
Large setup violation  
There is a large setup violation of -2.977 ns between u_aes_slave/u_aes_core/key_schedule_inst/key_state_reg_reg[6][236]/C (clocked by CLK) and u_aes_slave/u_aes_core/key_schedule_inst/key_state_reg_reg[7][131]/D (clocked by CLK). Large setup violations at the end of those stages might be difficult to fix during the post-placement implementation flow and could be the result of non-optimal XDC constraints or non-optimal design architecture
Related violations: <none>

TIMING-16#498 Warning
Large setup violation  
There is a large setup violation of -2.981 ns between u_aes_slave/u_aes_core/key_schedule_inst/key_state_reg_reg[6][236]/C (clocked by CLK) and u_aes_slave/u_aes_core/key_schedule_inst/key_state_reg_reg[7][195]/D (clocked by CLK). Large setup violations at the end of those stages might be difficult to fix during the post-placement implementation flow and could be the result of non-optimal XDC constraints or non-optimal design architecture
Related violations: <none>

TIMING-16#499 Warning
Large setup violation  
There is a large setup violation of -2.983 ns between u_aes_slave/u_aes_core/key_schedule_inst/key_state_reg_reg[2][255]/C (clocked by CLK) and u_aes_slave/u_aes_core/key_schedule_inst/key_state_reg_reg[3][181]/D (clocked by CLK). Large setup violations at the end of those stages might be difficult to fix during the post-placement implementation flow and could be the result of non-optimal XDC constraints or non-optimal design architecture
Related violations: <none>

TIMING-16#500 Warning
Large setup violation  
There is a large setup violation of -2.984 ns between u_aes_slave/u_aes_core/key_schedule_inst/key_state_reg_reg[0][253]/C (clocked by CLK) and u_aes_slave/u_aes_core/key_schedule_inst/key_state_reg_reg[1][181]/D (clocked by CLK). Large setup violations at the end of those stages might be difficult to fix during the post-placement implementation flow and could be the result of non-optimal XDC constraints or non-optimal design architecture
Related violations: <none>

TIMING-16#501 Warning
Large setup violation  
There is a large setup violation of -2.985 ns between u_aes_slave/u_aes_core/key_schedule_inst/key_state_reg_reg[4][236]/C (clocked by CLK) and u_aes_slave/u_aes_core/key_schedule_inst/key_state_reg_reg[5][160]/D (clocked by CLK). Large setup violations at the end of those stages might be difficult to fix during the post-placement implementation flow and could be the result of non-optimal XDC constraints or non-optimal design architecture
Related violations: <none>

TIMING-16#502 Warning
Large setup violation  
There is a large setup violation of -2.987 ns between u_aes_slave/u_aes_core/key_schedule_inst/key_state_reg_reg[0][253]/C (clocked by CLK) and u_aes_slave/u_aes_core/key_schedule_inst/key_state_reg_reg[1][178]/D (clocked by CLK). Large setup violations at the end of those stages might be difficult to fix during the post-placement implementation flow and could be the result of non-optimal XDC constraints or non-optimal design architecture
Related violations: <none>

TIMING-16#503 Warning
Large setup violation  
There is a large setup violation of -2.989 ns between u_aes_slave/u_aes_core/key_schedule_inst/key_state_reg_reg[2][255]/C (clocked by CLK) and u_aes_slave/u_aes_core/key_schedule_inst/key_state_reg_reg[3][149]/D (clocked by CLK). Large setup violations at the end of those stages might be difficult to fix during the post-placement implementation flow and could be the result of non-optimal XDC constraints or non-optimal design architecture
Related violations: <none>

TIMING-16#504 Warning
Large setup violation  
There is a large setup violation of -2.997 ns between u_aes_slave/u_aes_core/key_schedule_inst/key_state_reg_reg[6][236]/C (clocked by CLK) and u_aes_slave/u_aes_core/key_schedule_inst/key_state_reg_reg[7][167]/D (clocked by CLK). Large setup violations at the end of those stages might be difficult to fix during the post-placement implementation flow and could be the result of non-optimal XDC constraints or non-optimal design architecture
Related violations: <none>

TIMING-16#505 Warning
Large setup violation  
There is a large setup violation of -3.000 ns between u_aes_slave/u_aes_core/key_schedule_inst/key_state_reg_reg[0][234]/C (clocked by CLK) and u_aes_slave/u_aes_core/key_schedule_inst/key_state_reg_reg[1][166]/D (clocked by CLK). Large setup violations at the end of those stages might be difficult to fix during the post-placement implementation flow and could be the result of non-optimal XDC constraints or non-optimal design architecture
Related violations: <none>

TIMING-16#506 Warning
Large setup violation  
There is a large setup violation of -3.005 ns between u_aes_slave/u_aes_core/key_schedule_inst/key_state_reg_reg[0][234]/C (clocked by CLK) and u_aes_slave/u_aes_core/key_schedule_inst/key_state_reg_reg[1][225]/D (clocked by CLK). Large setup violations at the end of those stages might be difficult to fix during the post-placement implementation flow and could be the result of non-optimal XDC constraints or non-optimal design architecture
Related violations: <none>

TIMING-16#507 Warning
Large setup violation  
There is a large setup violation of -3.006 ns between u_aes_slave/u_aes_core/key_schedule_inst/key_state_reg_reg[0][253]/C (clocked by CLK) and u_aes_slave/u_aes_core/key_schedule_inst/key_state_reg_reg[1][210]/D (clocked by CLK). Large setup violations at the end of those stages might be difficult to fix during the post-placement implementation flow and could be the result of non-optimal XDC constraints or non-optimal design architecture
Related violations: <none>

TIMING-16#508 Warning
Large setup violation  
There is a large setup violation of -3.006 ns between u_aes_slave/u_aes_core/key_schedule_inst/key_state_reg_reg[10][226]/C (clocked by CLK) and u_aes_slave/u_aes_core/key_schedule_inst/key_state_reg_reg[11][254]/D (clocked by CLK). Large setup violations at the end of those stages might be difficult to fix during the post-placement implementation flow and could be the result of non-optimal XDC constraints or non-optimal design architecture
Related violations: <none>

TIMING-16#509 Warning
Large setup violation  
There is a large setup violation of -3.016 ns between u_aes_slave/u_aes_core/key_schedule_inst/key_state_reg_reg[2][235]/C (clocked by CLK) and u_aes_slave/u_aes_core/key_schedule_inst/key_state_reg_reg[3][133]/D (clocked by CLK). Large setup violations at the end of those stages might be difficult to fix during the post-placement implementation flow and could be the result of non-optimal XDC constraints or non-optimal design architecture
Related violations: <none>

TIMING-16#510 Warning
Large setup violation  
There is a large setup violation of -3.018 ns between u_aes_slave/u_aes_core/key_schedule_inst/key_state_reg_reg[2][255]/C (clocked by CLK) and u_aes_slave/u_aes_core/key_schedule_inst/key_state_reg_reg[3][242]/D (clocked by CLK). Large setup violations at the end of those stages might be difficult to fix during the post-placement implementation flow and could be the result of non-optimal XDC constraints or non-optimal design architecture
Related violations: <none>

TIMING-16#511 Warning
Large setup violation  
There is a large setup violation of -3.025 ns between u_aes_slave/u_aes_core/key_schedule_inst/key_state_reg_reg[6][236]/C (clocked by CLK) and u_aes_slave/u_aes_core/key_schedule_inst/key_state_reg_reg[7][199]/D (clocked by CLK). Large setup violations at the end of those stages might be difficult to fix during the post-placement implementation flow and could be the result of non-optimal XDC constraints or non-optimal design architecture
Related violations: <none>

TIMING-16#512 Warning
Large setup violation  
There is a large setup violation of -3.027 ns between u_aes_slave/u_aes_core/key_schedule_inst/key_state_reg_reg[10][237]/C (clocked by CLK) and u_aes_slave/u_aes_core/key_schedule_inst/key_state_reg_reg[11][231]/D (clocked by CLK). Large setup violations at the end of those stages might be difficult to fix during the post-placement implementation flow and could be the result of non-optimal XDC constraints or non-optimal design architecture
Related violations: <none>

TIMING-16#513 Warning
Large setup violation  
There is a large setup violation of -3.028 ns between u_aes_slave/u_aes_core/key_schedule_inst/key_state_reg_reg[4][224]/C (clocked by CLK) and u_aes_slave/u_aes_core/key_schedule_inst/key_state_reg_reg[5][157]/D (clocked by CLK). Large setup violations at the end of those stages might be difficult to fix during the post-placement implementation flow and could be the result of non-optimal XDC constraints or non-optimal design architecture
Related violations: <none>

TIMING-16#514 Warning
Large setup violation  
There is a large setup violation of -3.030 ns between u_aes_slave/u_aes_core/key_schedule_inst/key_state_reg_reg[0][232]/C (clocked by CLK) and u_aes_slave/u_aes_core/key_schedule_inst/key_state_reg_reg[1][194]/D (clocked by CLK). Large setup violations at the end of those stages might be difficult to fix during the post-placement implementation flow and could be the result of non-optimal XDC constraints or non-optimal design architecture
Related violations: <none>

TIMING-16#515 Warning
Large setup violation  
There is a large setup violation of -3.041 ns between u_aes_slave/u_aes_core/key_schedule_inst/key_state_reg_reg[4][224]/C (clocked by CLK) and u_aes_slave/u_aes_core/key_schedule_inst/key_state_reg_reg[5][188]/D (clocked by CLK). Large setup violations at the end of those stages might be difficult to fix during the post-placement implementation flow and could be the result of non-optimal XDC constraints or non-optimal design architecture
Related violations: <none>

TIMING-16#516 Warning
Large setup violation  
There is a large setup violation of -3.043 ns between u_aes_slave/u_aes_core/key_schedule_inst/key_state_reg_reg[4][233]/C (clocked by CLK) and u_aes_slave/u_aes_core/key_schedule_inst/key_state_reg_reg[5][231]/D (clocked by CLK). Large setup violations at the end of those stages might be difficult to fix during the post-placement implementation flow and could be the result of non-optimal XDC constraints or non-optimal design architecture
Related violations: <none>

TIMING-16#517 Warning
Large setup violation  
There is a large setup violation of -3.044 ns between u_aes_slave/u_aes_core/key_schedule_inst/key_state_reg_reg[0][232]/C (clocked by CLK) and u_aes_slave/u_aes_core/key_schedule_inst/key_state_reg_reg[1][162]/D (clocked by CLK). Large setup violations at the end of those stages might be difficult to fix during the post-placement implementation flow and could be the result of non-optimal XDC constraints or non-optimal design architecture
Related violations: <none>

TIMING-16#518 Warning
Large setup violation  
There is a large setup violation of -3.044 ns between u_aes_slave/u_aes_core/key_schedule_inst/key_state_reg_reg[2][235]/C (clocked by CLK) and u_aes_slave/u_aes_core/key_schedule_inst/key_state_reg_reg[3][197]/D (clocked by CLK). Large setup violations at the end of those stages might be difficult to fix during the post-placement implementation flow and could be the result of non-optimal XDC constraints or non-optimal design architecture
Related violations: <none>

TIMING-16#519 Warning
Large setup violation  
There is a large setup violation of -3.044 ns between u_axi_master/mem_addr_q_reg[23]/C (clocked by CLK) and u_aes_slave/rdata_q_reg[22]/CE (clocked by CLK). Large setup violations at the end of those stages might be difficult to fix during the post-placement implementation flow and could be the result of non-optimal XDC constraints or non-optimal design architecture
Related violations: <none>

TIMING-16#520 Warning
Large setup violation  
There is a large setup violation of -3.046 ns between u_aes_slave/u_aes_core/key_schedule_inst/key_state_reg_reg[0][232]/C (clocked by CLK) and u_aes_slave/u_aes_core/key_schedule_inst/key_state_reg_reg[1][164]/D (clocked by CLK). Large setup violations at the end of those stages might be difficult to fix during the post-placement implementation flow and could be the result of non-optimal XDC constraints or non-optimal design architecture
Related violations: <none>

TIMING-16#521 Warning
Large setup violation  
There is a large setup violation of -3.049 ns between u_axi_master/mem_addr_q_reg[23]/C (clocked by CLK) and u_aes_slave/rdata_q_reg[16]/CE (clocked by CLK). Large setup violations at the end of those stages might be difficult to fix during the post-placement implementation flow and could be the result of non-optimal XDC constraints or non-optimal design architecture
Related violations: <none>

TIMING-16#522 Warning
Large setup violation  
There is a large setup violation of -3.051 ns between u_axi_master/mem_addr_q_reg[23]/C (clocked by CLK) and u_aes_slave/rdata_q_reg[18]/CE (clocked by CLK). Large setup violations at the end of those stages might be difficult to fix during the post-placement implementation flow and could be the result of non-optimal XDC constraints or non-optimal design architecture
Related violations: <none>

TIMING-16#523 Warning
Large setup violation  
There is a large setup violation of -3.062 ns between u_aes_slave/u_aes_core/key_schedule_inst/key_state_reg_reg[0][253]/C (clocked by CLK) and u_aes_slave/u_aes_core/key_schedule_inst/key_state_reg_reg[1][213]/D (clocked by CLK). Large setup violations at the end of those stages might be difficult to fix during the post-placement implementation flow and could be the result of non-optimal XDC constraints or non-optimal design architecture
Related violations: <none>

TIMING-16#524 Warning
Large setup violation  
There is a large setup violation of -3.071 ns between u_aes_slave/u_aes_core/key_schedule_inst/key_state_reg_reg[4][233]/C (clocked by CLK) and u_aes_slave/u_aes_core/key_schedule_inst/key_state_reg_reg[5][135]/D (clocked by CLK). Large setup violations at the end of those stages might be difficult to fix during the post-placement implementation flow and could be the result of non-optimal XDC constraints or non-optimal design architecture
Related violations: <none>

TIMING-16#525 Warning
Large setup violation  
There is a large setup violation of -3.072 ns between u_aes_slave/u_aes_core/key_schedule_inst/key_state_reg_reg[4][233]/C (clocked by CLK) and u_aes_slave/u_aes_core/key_schedule_inst/key_state_reg_reg[5][167]/D (clocked by CLK). Large setup violations at the end of those stages might be difficult to fix during the post-placement implementation flow and could be the result of non-optimal XDC constraints or non-optimal design architecture
Related violations: <none>

TIMING-16#526 Warning
Large setup violation  
There is a large setup violation of -3.076 ns between u_aes_slave/u_aes_core/key_schedule_inst/key_state_reg_reg[6][233]/C (clocked by CLK) and u_aes_slave/u_aes_core/key_schedule_inst/key_state_reg_reg[7][193]/D (clocked by CLK). Large setup violations at the end of those stages might be difficult to fix during the post-placement implementation flow and could be the result of non-optimal XDC constraints or non-optimal design architecture
Related violations: <none>

TIMING-16#527 Warning
Large setup violation  
There is a large setup violation of -3.077 ns between u_aes_slave/u_aes_core/key_schedule_inst/key_state_reg_reg[0][232]/C (clocked by CLK) and u_aes_slave/u_aes_core/key_schedule_inst/key_state_reg_reg[1][130]/D (clocked by CLK). Large setup violations at the end of those stages might be difficult to fix during the post-placement implementation flow and could be the result of non-optimal XDC constraints or non-optimal design architecture
Related violations: <none>

TIMING-16#528 Warning
Large setup violation  
There is a large setup violation of -3.088 ns between u_axi_master/mem_addr_q_reg[23]/C (clocked by CLK) and u_aes_slave/rdata_q_reg[19]/CE (clocked by CLK). Large setup violations at the end of those stages might be difficult to fix during the post-placement implementation flow and could be the result of non-optimal XDC constraints or non-optimal design architecture
Related violations: <none>

TIMING-16#529 Warning
Large setup violation  
There is a large setup violation of -3.099 ns between u_aes_slave/u_aes_core/key_schedule_inst/key_state_reg_reg[4][254]/C (clocked by CLK) and u_aes_slave/u_aes_core/key_schedule_inst/key_state_reg_reg[5][151]/D (clocked by CLK). Large setup violations at the end of those stages might be difficult to fix during the post-placement implementation flow and could be the result of non-optimal XDC constraints or non-optimal design architecture
Related violations: <none>

TIMING-16#530 Warning
Large setup violation  
There is a large setup violation of -3.101 ns between u_aes_slave/u_aes_core/key_schedule_inst/key_state_reg_reg[4][254]/C (clocked by CLK) and u_aes_slave/u_aes_core/key_schedule_inst/key_state_reg_reg[5][176]/D (clocked by CLK). Large setup violations at the end of those stages might be difficult to fix during the post-placement implementation flow and could be the result of non-optimal XDC constraints or non-optimal design architecture
Related violations: <none>

TIMING-16#531 Warning
Large setup violation  
There is a large setup violation of -3.102 ns between u_aes_slave/u_aes_core/key_schedule_inst/key_state_reg_reg[4][254]/C (clocked by CLK) and u_aes_slave/u_aes_core/key_schedule_inst/key_state_reg_reg[5][208]/D (clocked by CLK). Large setup violations at the end of those stages might be difficult to fix during the post-placement implementation flow and could be the result of non-optimal XDC constraints or non-optimal design architecture
Related violations: <none>

TIMING-16#532 Warning
Large setup violation  
There is a large setup violation of -3.103 ns between u_aes_slave/u_aes_core/key_schedule_inst/key_state_reg_reg[4][224]/C (clocked by CLK) and u_aes_slave/u_aes_core/key_schedule_inst/key_state_reg_reg[5][156]/D (clocked by CLK). Large setup violations at the end of those stages might be difficult to fix during the post-placement implementation flow and could be the result of non-optimal XDC constraints or non-optimal design architecture
Related violations: <none>

TIMING-16#533 Warning
Large setup violation  
There is a large setup violation of -3.105 ns between u_aes_slave/u_aes_core/key_schedule_inst/key_state_reg_reg[0][232]/C (clocked by CLK) and u_aes_slave/u_aes_core/key_schedule_inst/key_state_reg_reg[1][131]/D (clocked by CLK). Large setup violations at the end of those stages might be difficult to fix during the post-placement implementation flow and could be the result of non-optimal XDC constraints or non-optimal design architecture
Related violations: <none>

TIMING-16#534 Warning
Large setup violation  
There is a large setup violation of -3.105 ns between u_aes_slave/u_aes_core/key_schedule_inst/key_state_reg_reg[6][233]/C (clocked by CLK) and u_aes_slave/u_aes_core/key_schedule_inst/key_state_reg_reg[7][161]/D (clocked by CLK). Large setup violations at the end of those stages might be difficult to fix during the post-placement implementation flow and could be the result of non-optimal XDC constraints or non-optimal design architecture
Related violations: <none>

TIMING-16#535 Warning
Large setup violation  
There is a large setup violation of -3.115 ns between u_aes_slave/u_aes_core/key_schedule_inst/key_state_reg_reg[4][233]/C (clocked by CLK) and u_aes_slave/u_aes_core/key_schedule_inst/key_state_reg_reg[5][224]/D (clocked by CLK). Large setup violations at the end of those stages might be difficult to fix during the post-placement implementation flow and could be the result of non-optimal XDC constraints or non-optimal design architecture
Related violations: <none>

TIMING-16#536 Warning
Large setup violation  
There is a large setup violation of -3.115 ns between u_aes_slave/u_aes_core/key_schedule_inst/key_state_reg_reg[4][236]/C (clocked by CLK) and u_aes_slave/u_aes_core/key_schedule_inst/key_state_reg_reg[5][166]/D (clocked by CLK). Large setup violations at the end of those stages might be difficult to fix during the post-placement implementation flow and could be the result of non-optimal XDC constraints or non-optimal design architecture
Related violations: <none>

TIMING-16#537 Warning
Large setup violation  
There is a large setup violation of -3.122 ns between u_aes_slave/u_aes_core/key_schedule_inst/key_state_reg_reg[4][254]/C (clocked by CLK) and u_aes_slave/u_aes_core/key_schedule_inst/key_state_reg_reg[5][214]/D (clocked by CLK). Large setup violations at the end of those stages might be difficult to fix during the post-placement implementation flow and could be the result of non-optimal XDC constraints or non-optimal design architecture
Related violations: <none>

TIMING-16#538 Warning
Large setup violation  
There is a large setup violation of -3.123 ns between u_aes_slave/u_aes_core/key_schedule_inst/key_state_reg_reg[2][235]/C (clocked by CLK) and u_aes_slave/u_aes_core/key_schedule_inst/key_state_reg_reg[3][165]/D (clocked by CLK). Large setup violations at the end of those stages might be difficult to fix during the post-placement implementation flow and could be the result of non-optimal XDC constraints or non-optimal design architecture
Related violations: <none>

TIMING-16#539 Warning
Large setup violation  
There is a large setup violation of -3.124 ns between u_aes_slave/u_aes_core/key_schedule_inst/key_state_reg_reg[0][234]/C (clocked by CLK) and u_aes_slave/u_aes_core/key_schedule_inst/key_state_reg_reg[1][167]/D (clocked by CLK). Large setup violations at the end of those stages might be difficult to fix during the post-placement implementation flow and could be the result of non-optimal XDC constraints or non-optimal design architecture
Related violations: <none>

TIMING-16#540 Warning
Large setup violation  
There is a large setup violation of -3.124 ns between u_aes_slave/u_aes_core/key_schedule_inst/key_state_reg_reg[0][234]/C (clocked by CLK) and u_aes_slave/u_aes_core/key_schedule_inst/key_state_reg_reg[1][199]/D (clocked by CLK). Large setup violations at the end of those stages might be difficult to fix during the post-placement implementation flow and could be the result of non-optimal XDC constraints or non-optimal design architecture
Related violations: <none>

TIMING-16#541 Warning
Large setup violation  
There is a large setup violation of -3.128 ns between u_aes_slave/u_aes_core/key_schedule_inst/key_state_reg_reg[4][254]/C (clocked by CLK) and u_aes_slave/u_aes_core/key_schedule_inst/key_state_reg_reg[5][182]/D (clocked by CLK). Large setup violations at the end of those stages might be difficult to fix during the post-placement implementation flow and could be the result of non-optimal XDC constraints or non-optimal design architecture
Related violations: <none>

TIMING-16#542 Warning
Large setup violation  
There is a large setup violation of -3.137 ns between u_aes_slave/u_aes_core/key_schedule_inst/key_state_reg_reg[4][254]/C (clocked by CLK) and u_aes_slave/u_aes_core/key_schedule_inst/key_state_reg_reg[5][241]/D (clocked by CLK). Large setup violations at the end of those stages might be difficult to fix during the post-placement implementation flow and could be the result of non-optimal XDC constraints or non-optimal design architecture
Related violations: <none>

TIMING-16#543 Warning
Large setup violation  
There is a large setup violation of -3.144 ns between u_aes_slave/u_aes_core/key_schedule_inst/key_state_reg_reg[10][237]/C (clocked by CLK) and u_aes_slave/u_aes_core/key_schedule_inst/key_state_reg_reg[11][227]/D (clocked by CLK). Large setup violations at the end of those stages might be difficult to fix during the post-placement implementation flow and could be the result of non-optimal XDC constraints or non-optimal design architecture
Related violations: <none>

TIMING-16#544 Warning
Large setup violation  
There is a large setup violation of -3.147 ns between u_axi_master/mem_addr_q_reg[23]/C (clocked by CLK) and u_aes_slave/rdata_q_reg[23]/CE (clocked by CLK). Large setup violations at the end of those stages might be difficult to fix during the post-placement implementation flow and could be the result of non-optimal XDC constraints or non-optimal design architecture
Related violations: <none>

TIMING-16#545 Warning
Large setup violation  
There is a large setup violation of -3.147 ns between u_axi_master/mem_addr_q_reg[23]/C (clocked by CLK) and u_aes_slave/rdata_q_reg[7]/CE (clocked by CLK). Large setup violations at the end of those stages might be difficult to fix during the post-placement implementation flow and could be the result of non-optimal XDC constraints or non-optimal design architecture
Related violations: <none>

TIMING-16#546 Warning
Large setup violation  
There is a large setup violation of -3.151 ns between u_aes_slave/u_aes_core/key_schedule_inst/key_state_reg_reg[2][235]/C (clocked by CLK) and u_aes_slave/u_aes_core/key_schedule_inst/key_state_reg_reg[3][230]/D (clocked by CLK). Large setup violations at the end of those stages might be difficult to fix during the post-placement implementation flow and could be the result of non-optimal XDC constraints or non-optimal design architecture
Related violations: <none>

TIMING-16#547 Warning
Large setup violation  
There is a large setup violation of -3.157 ns between u_aes_slave/u_aes_core/key_schedule_inst/key_state_reg_reg[0][232]/C (clocked by CLK) and u_aes_slave/u_aes_core/key_schedule_inst/key_state_reg_reg[1][226]/D (clocked by CLK). Large setup violations at the end of those stages might be difficult to fix during the post-placement implementation flow and could be the result of non-optimal XDC constraints or non-optimal design architecture
Related violations: <none>

TIMING-16#548 Warning
Large setup violation  
There is a large setup violation of -3.172 ns between u_aes_slave/u_aes_core/key_schedule_inst/key_state_reg_reg[2][235]/C (clocked by CLK) and u_aes_slave/u_aes_core/key_schedule_inst/key_state_reg_reg[3][229]/D (clocked by CLK). Large setup violations at the end of those stages might be difficult to fix during the post-placement implementation flow and could be the result of non-optimal XDC constraints or non-optimal design architecture
Related violations: <none>

TIMING-16#549 Warning
Large setup violation  
There is a large setup violation of -3.191 ns between u_axi_master/mem_addr_q_reg[23]/C (clocked by CLK) and u_aes_slave/rdata_q_reg[21]/CE (clocked by CLK). Large setup violations at the end of those stages might be difficult to fix during the post-placement implementation flow and could be the result of non-optimal XDC constraints or non-optimal design architecture
Related violations: <none>

TIMING-16#550 Warning
Large setup violation  
There is a large setup violation of -3.199 ns between u_aes_slave/u_aes_core/key_schedule_inst/key_state_reg_reg[2][255]/C (clocked by CLK) and u_aes_slave/u_aes_core/key_schedule_inst/key_state_reg_reg[3][245]/D (clocked by CLK). Large setup violations at the end of those stages might be difficult to fix during the post-placement implementation flow and could be the result of non-optimal XDC constraints or non-optimal design architecture
Related violations: <none>

TIMING-16#551 Warning
Large setup violation  
There is a large setup violation of -3.200 ns between u_axi_master/mem_addr_q_reg[23]/C (clocked by CLK) and u_aes_slave/rdata_q_reg[2]/CE (clocked by CLK). Large setup violations at the end of those stages might be difficult to fix during the post-placement implementation flow and could be the result of non-optimal XDC constraints or non-optimal design architecture
Related violations: <none>

TIMING-16#552 Warning
Large setup violation  
There is a large setup violation of -3.202 ns between u_aes_slave/u_aes_core/key_schedule_inst/key_state_reg_reg[4][224]/C (clocked by CLK) and u_aes_slave/u_aes_core/key_schedule_inst/key_state_reg_reg[5][158]/D (clocked by CLK). Large setup violations at the end of those stages might be difficult to fix during the post-placement implementation flow and could be the result of non-optimal XDC constraints or non-optimal design architecture
Related violations: <none>

TIMING-16#553 Warning
Large setup violation  
There is a large setup violation of -3.207 ns between u_aes_slave/u_aes_core/key_schedule_inst/key_state_reg_reg[6][252]/C (clocked by CLK) and u_aes_slave/u_aes_core/key_schedule_inst/key_state_reg_reg[7][145]/D (clocked by CLK). Large setup violations at the end of those stages might be difficult to fix during the post-placement implementation flow and could be the result of non-optimal XDC constraints or non-optimal design architecture
Related violations: <none>

TIMING-16#554 Warning
Large setup violation  
There is a large setup violation of -3.207 ns between u_axi_master/mem_addr_q_reg[23]/C (clocked by CLK) and u_aes_slave/rdata_q_reg[0]/CE (clocked by CLK). Large setup violations at the end of those stages might be difficult to fix during the post-placement implementation flow and could be the result of non-optimal XDC constraints or non-optimal design architecture
Related violations: <none>

TIMING-16#555 Warning
Large setup violation  
There is a large setup violation of -3.207 ns between u_axi_master/mem_addr_q_reg[23]/C (clocked by CLK) and u_aes_slave/rdata_q_reg[1]/CE (clocked by CLK). Large setup violations at the end of those stages might be difficult to fix during the post-placement implementation flow and could be the result of non-optimal XDC constraints or non-optimal design architecture
Related violations: <none>

TIMING-16#556 Warning
Large setup violation  
There is a large setup violation of -3.208 ns between u_aes_slave/u_aes_core/key_schedule_inst/key_state_reg_reg[4][254]/C (clocked by CLK) and u_aes_slave/u_aes_core/key_schedule_inst/key_state_reg_reg[5][149]/D (clocked by CLK). Large setup violations at the end of those stages might be difficult to fix during the post-placement implementation flow and could be the result of non-optimal XDC constraints or non-optimal design architecture
Related violations: <none>

TIMING-16#557 Warning
Large setup violation  
There is a large setup violation of -3.211 ns between u_aes_slave/u_aes_core/key_schedule_inst/key_state_reg_reg[4][224]/C (clocked by CLK) and u_aes_slave/u_aes_core/key_schedule_inst/key_state_reg_reg[5][189]/D (clocked by CLK). Large setup violations at the end of those stages might be difficult to fix during the post-placement implementation flow and could be the result of non-optimal XDC constraints or non-optimal design architecture
Related violations: <none>

TIMING-16#558 Warning
Large setup violation  
There is a large setup violation of -3.222 ns between u_aes_slave/u_aes_core/key_schedule_inst/key_state_reg_reg[0][253]/C (clocked by CLK) and u_aes_slave/u_aes_core/key_schedule_inst/key_state_reg_reg[1][244]/D (clocked by CLK). Large setup violations at the end of those stages might be difficult to fix during the post-placement implementation flow and could be the result of non-optimal XDC constraints or non-optimal design architecture
Related violations: <none>

TIMING-16#559 Warning
Large setup violation  
There is a large setup violation of -3.228 ns between u_axi_master/mem_addr_q_reg[23]/C (clocked by CLK) and u_aes_slave/rdata_q_reg[17]/CE (clocked by CLK). Large setup violations at the end of those stages might be difficult to fix during the post-placement implementation flow and could be the result of non-optimal XDC constraints or non-optimal design architecture
Related violations: <none>

TIMING-16#560 Warning
Large setup violation  
There is a large setup violation of -3.231 ns between u_aes_slave/u_aes_core/key_schedule_inst/key_state_reg_reg[4][254]/C (clocked by CLK) and u_aes_slave/u_aes_core/key_schedule_inst/key_state_reg_reg[5][146]/D (clocked by CLK). Large setup violations at the end of those stages might be difficult to fix during the post-placement implementation flow and could be the result of non-optimal XDC constraints or non-optimal design architecture
Related violations: <none>

TIMING-16#561 Warning
Large setup violation  
There is a large setup violation of -3.234 ns between u_axi_master/mem_addr_q_reg[23]/C (clocked by CLK) and u_aes_slave/rdata_q_reg[20]/CE (clocked by CLK). Large setup violations at the end of those stages might be difficult to fix during the post-placement implementation flow and could be the result of non-optimal XDC constraints or non-optimal design architecture
Related violations: <none>

TIMING-16#562 Warning
Large setup violation  
There is a large setup violation of -3.241 ns between u_aes_slave/u_aes_core/key_schedule_inst/key_state_reg_reg[2][235]/C (clocked by CLK) and u_aes_slave/u_aes_core/key_schedule_inst/key_state_reg_reg[3][135]/D (clocked by CLK). Large setup violations at the end of those stages might be difficult to fix during the post-placement implementation flow and could be the result of non-optimal XDC constraints or non-optimal design architecture
Related violations: <none>

TIMING-16#563 Warning
Large setup violation  
There is a large setup violation of -3.251 ns between u_aes_slave/u_aes_core/key_schedule_inst/key_state_reg_reg[0][253]/C (clocked by CLK) and u_aes_slave/u_aes_core/key_schedule_inst/key_state_reg_reg[1][243]/D (clocked by CLK). Large setup violations at the end of those stages might be difficult to fix during the post-placement implementation flow and could be the result of non-optimal XDC constraints or non-optimal design architecture
Related violations: <none>

TIMING-16#564 Warning
Large setup violation  
There is a large setup violation of -3.254 ns between u_aes_slave/u_aes_core/key_schedule_inst/key_state_reg_reg[4][236]/C (clocked by CLK) and u_aes_slave/u_aes_core/key_schedule_inst/key_state_reg_reg[5][198]/D (clocked by CLK). Large setup violations at the end of those stages might be difficult to fix during the post-placement implementation flow and could be the result of non-optimal XDC constraints or non-optimal design architecture
Related violations: <none>

TIMING-16#565 Warning
Large setup violation  
There is a large setup violation of -3.255 ns between u_aes_slave/u_aes_core/key_schedule_inst/key_state_reg_reg[2][235]/C (clocked by CLK) and u_aes_slave/u_aes_core/key_schedule_inst/key_state_reg_reg[3][167]/D (clocked by CLK). Large setup violations at the end of those stages might be difficult to fix during the post-placement implementation flow and could be the result of non-optimal XDC constraints or non-optimal design architecture
Related violations: <none>

TIMING-16#566 Warning
Large setup violation  
There is a large setup violation of -3.262 ns between u_aes_slave/u_aes_core/key_schedule_inst/key_state_reg_reg[4][254]/C (clocked by CLK) and u_aes_slave/u_aes_core/key_schedule_inst/key_state_reg_reg[5][240]/D (clocked by CLK). Large setup violations at the end of those stages might be difficult to fix during the post-placement implementation flow and could be the result of non-optimal XDC constraints or non-optimal design architecture
Related violations: <none>

TIMING-16#567 Warning
Large setup violation  
There is a large setup violation of -3.263 ns between u_aes_slave/u_aes_core/key_schedule_inst/key_state_reg_reg[4][224]/C (clocked by CLK) and u_aes_slave/u_aes_core/key_schedule_inst/key_state_reg_reg[5][185]/D (clocked by CLK). Large setup violations at the end of those stages might be difficult to fix during the post-placement implementation flow and could be the result of non-optimal XDC constraints or non-optimal design architecture
Related violations: <none>

TIMING-16#568 Warning
Large setup violation  
There is a large setup violation of -3.275 ns between u_aes_slave/u_aes_core/key_schedule_inst/key_state_reg_reg[4][254]/C (clocked by CLK) and u_aes_slave/u_aes_core/key_schedule_inst/key_state_reg_reg[5][215]/D (clocked by CLK). Large setup violations at the end of those stages might be difficult to fix during the post-placement implementation flow and could be the result of non-optimal XDC constraints or non-optimal design architecture
Related violations: <none>

TIMING-16#569 Warning
Large setup violation  
There is a large setup violation of -3.284 ns between u_axi_master/mem_addr_q_reg[23]/C (clocked by CLK) and u_aes_slave/rdata_q_reg[27]/CE (clocked by CLK). Large setup violations at the end of those stages might be difficult to fix during the post-placement implementation flow and could be the result of non-optimal XDC constraints or non-optimal design architecture
Related violations: <none>

TIMING-16#570 Warning
Large setup violation  
There is a large setup violation of -3.284 ns between u_axi_master/mem_addr_q_reg[23]/C (clocked by CLK) and u_aes_slave/rdata_q_reg[28]/CE (clocked by CLK). Large setup violations at the end of those stages might be difficult to fix during the post-placement implementation flow and could be the result of non-optimal XDC constraints or non-optimal design architecture
Related violations: <none>

TIMING-16#571 Warning
Large setup violation  
There is a large setup violation of -3.291 ns between u_aes_slave/u_aes_core/key_schedule_inst/key_state_reg_reg[4][224]/C (clocked by CLK) and u_aes_slave/u_aes_core/key_schedule_inst/key_state_reg_reg[5][154]/D (clocked by CLK). Large setup violations at the end of those stages might be difficult to fix during the post-placement implementation flow and could be the result of non-optimal XDC constraints or non-optimal design architecture
Related violations: <none>

TIMING-16#572 Warning
Large setup violation  
There is a large setup violation of -3.292 ns between u_aes_slave/u_aes_core/key_schedule_inst/key_state_reg_reg[4][236]/C (clocked by CLK) and u_aes_slave/u_aes_core/key_schedule_inst/key_state_reg_reg[5][131]/D (clocked by CLK). Large setup violations at the end of those stages might be difficult to fix during the post-placement implementation flow and could be the result of non-optimal XDC constraints or non-optimal design architecture
Related violations: <none>

TIMING-16#573 Warning
Large setup violation  
There is a large setup violation of -3.294 ns between u_aes_slave/u_aes_core/key_schedule_inst/key_state_reg_reg[4][236]/C (clocked by CLK) and u_aes_slave/u_aes_core/key_schedule_inst/key_state_reg_reg[5][193]/D (clocked by CLK). Large setup violations at the end of those stages might be difficult to fix during the post-placement implementation flow and could be the result of non-optimal XDC constraints or non-optimal design architecture
Related violations: <none>

TIMING-16#574 Warning
Large setup violation  
There is a large setup violation of -3.299 ns between u_aes_slave/u_aes_core/key_schedule_inst/key_state_reg_reg[10][230]/C (clocked by CLK) and u_aes_slave/u_aes_core/key_schedule_inst/key_state_reg_reg[11][157]/D (clocked by CLK). Large setup violations at the end of those stages might be difficult to fix during the post-placement implementation flow and could be the result of non-optimal XDC constraints or non-optimal design architecture
Related violations: <none>

TIMING-16#575 Warning
Large setup violation  
There is a large setup violation of -3.299 ns between u_aes_slave/u_aes_core/key_schedule_inst/key_state_reg_reg[4][236]/C (clocked by CLK) and u_aes_slave/u_aes_core/key_schedule_inst/key_state_reg_reg[5][161]/D (clocked by CLK). Large setup violations at the end of those stages might be difficult to fix during the post-placement implementation flow and could be the result of non-optimal XDC constraints or non-optimal design architecture
Related violations: <none>

TIMING-16#576 Warning
Large setup violation  
There is a large setup violation of -3.306 ns between u_axi_master/mem_addr_q_reg[23]/C (clocked by CLK) and u_aes_slave/rdata_q_reg[10]/CE (clocked by CLK). Large setup violations at the end of those stages might be difficult to fix during the post-placement implementation flow and could be the result of non-optimal XDC constraints or non-optimal design architecture
Related violations: <none>

TIMING-16#577 Warning
Large setup violation  
There is a large setup violation of -3.307 ns between u_aes_slave/u_aes_core/key_schedule_inst/key_state_reg_reg[0][224]/C (clocked by CLK) and u_aes_slave/u_aes_core/key_schedule_inst/key_state_reg_reg[1][152]/D (clocked by CLK). Large setup violations at the end of those stages might be difficult to fix during the post-placement implementation flow and could be the result of non-optimal XDC constraints or non-optimal design architecture
Related violations: <none>

TIMING-16#578 Warning
Large setup violation  
There is a large setup violation of -3.312 ns between u_aes_slave/u_aes_core/key_schedule_inst/key_state_reg_reg[0][253]/C (clocked by CLK) and u_aes_slave/u_aes_core/key_schedule_inst/key_state_reg_reg[1][245]/D (clocked by CLK). Large setup violations at the end of those stages might be difficult to fix during the post-placement implementation flow and could be the result of non-optimal XDC constraints or non-optimal design architecture
Related violations: <none>

TIMING-16#579 Warning
Large setup violation  
There is a large setup violation of -3.313 ns between u_aes_slave/u_aes_core/key_schedule_inst/key_state_reg_reg[10][226]/C (clocked by CLK) and u_aes_slave/u_aes_core/key_schedule_inst/key_state_reg_reg[11][152]/D (clocked by CLK). Large setup violations at the end of those stages might be difficult to fix during the post-placement implementation flow and could be the result of non-optimal XDC constraints or non-optimal design architecture
Related violations: <none>

TIMING-16#580 Warning
Large setup violation  
There is a large setup violation of -3.323 ns between u_aes_slave/u_aes_core/key_schedule_inst/key_state_reg_reg[0][232]/C (clocked by CLK) and u_aes_slave/u_aes_core/key_schedule_inst/key_state_reg_reg[1][227]/D (clocked by CLK). Large setup violations at the end of those stages might be difficult to fix during the post-placement implementation flow and could be the result of non-optimal XDC constraints or non-optimal design architecture
Related violations: <none>

TIMING-16#581 Warning
Large setup violation  
There is a large setup violation of -3.331 ns between u_aes_slave/u_aes_core/key_schedule_inst/key_state_reg_reg[6][248]/C (clocked by CLK) and u_aes_slave/u_aes_core/key_schedule_inst/key_state_reg_reg[7][148]/D (clocked by CLK). Large setup violations at the end of those stages might be difficult to fix during the post-placement implementation flow and could be the result of non-optimal XDC constraints or non-optimal design architecture
Related violations: <none>

TIMING-16#582 Warning
Large setup violation  
There is a large setup violation of -3.343 ns between u_axi_master/mem_addr_q_reg[23]/C (clocked by CLK) and u_aes_slave/rdata_q_reg[5]/CE (clocked by CLK). Large setup violations at the end of those stages might be difficult to fix during the post-placement implementation flow and could be the result of non-optimal XDC constraints or non-optimal design architecture
Related violations: <none>

TIMING-16#583 Warning
Large setup violation  
There is a large setup violation of -3.346 ns between u_axi_master/mem_addr_q_reg[23]/C (clocked by CLK) and u_aes_slave/rdata_q_reg[15]/CE (clocked by CLK). Large setup violations at the end of those stages might be difficult to fix during the post-placement implementation flow and could be the result of non-optimal XDC constraints or non-optimal design architecture
Related violations: <none>

TIMING-16#584 Warning
Large setup violation  
There is a large setup violation of -3.349 ns between u_aes_slave/u_aes_core/key_schedule_inst/key_state_reg_reg[6][236]/C (clocked by CLK) and u_aes_slave/u_aes_core/key_schedule_inst/key_state_reg_reg[7][164]/D (clocked by CLK). Large setup violations at the end of those stages might be difficult to fix during the post-placement implementation flow and could be the result of non-optimal XDC constraints or non-optimal design architecture
Related violations: <none>

TIMING-16#585 Warning
Large setup violation  
There is a large setup violation of -3.350 ns between u_aes_slave/u_aes_core/key_schedule_inst/key_state_reg_reg[6][236]/C (clocked by CLK) and u_aes_slave/u_aes_core/key_schedule_inst/key_state_reg_reg[7][163]/D (clocked by CLK). Large setup violations at the end of those stages might be difficult to fix during the post-placement implementation flow and could be the result of non-optimal XDC constraints or non-optimal design architecture
Related violations: <none>

TIMING-16#586 Warning
Large setup violation  
There is a large setup violation of -3.350 ns between u_aes_slave/u_aes_core/key_schedule_inst/key_state_reg_reg[6][236]/C (clocked by CLK) and u_aes_slave/u_aes_core/key_schedule_inst/key_state_reg_reg[7][196]/D (clocked by CLK). Large setup violations at the end of those stages might be difficult to fix during the post-placement implementation flow and could be the result of non-optimal XDC constraints or non-optimal design architecture
Related violations: <none>

TIMING-16#587 Warning
Large setup violation  
There is a large setup violation of -3.352 ns between u_aes_slave/u_aes_core/key_schedule_inst/key_state_reg_reg[6][236]/C (clocked by CLK) and u_aes_slave/u_aes_core/key_schedule_inst/key_state_reg_reg[7][132]/D (clocked by CLK). Large setup violations at the end of those stages might be difficult to fix during the post-placement implementation flow and could be the result of non-optimal XDC constraints or non-optimal design architecture
Related violations: <none>

TIMING-16#588 Warning
Large setup violation  
There is a large setup violation of -3.355 ns between u_aes_slave/u_aes_core/key_schedule_inst/key_state_reg_reg[10][237]/C (clocked by CLK) and u_aes_slave/u_aes_core/key_schedule_inst/key_state_reg_reg[11][230]/D (clocked by CLK). Large setup violations at the end of those stages might be difficult to fix during the post-placement implementation flow and could be the result of non-optimal XDC constraints or non-optimal design architecture
Related violations: <none>

TIMING-16#589 Warning
Large setup violation  
There is a large setup violation of -3.357 ns between u_aes_slave/u_aes_core/key_schedule_inst/key_state_reg_reg[6][236]/C (clocked by CLK) and u_aes_slave/u_aes_core/key_schedule_inst/key_state_reg_reg[7][130]/D (clocked by CLK). Large setup violations at the end of those stages might be difficult to fix during the post-placement implementation flow and could be the result of non-optimal XDC constraints or non-optimal design architecture
Related violations: <none>

TIMING-16#590 Warning
Large setup violation  
There is a large setup violation of -3.359 ns between u_aes_slave/u_aes_core/key_schedule_inst/key_state_reg_reg[4][251]/C (clocked by CLK) and u_aes_slave/u_aes_core/key_schedule_inst/key_state_reg_reg[5][213]/D (clocked by CLK). Large setup violations at the end of those stages might be difficult to fix during the post-placement implementation flow and could be the result of non-optimal XDC constraints or non-optimal design architecture
Related violations: <none>

TIMING-16#591 Warning
Large setup violation  
There is a large setup violation of -3.363 ns between u_aes_slave/u_aes_core/key_schedule_inst/key_state_reg_reg[2][235]/C (clocked by CLK) and u_aes_slave/u_aes_core/key_schedule_inst/key_state_reg_reg[3][231]/D (clocked by CLK). Large setup violations at the end of those stages might be difficult to fix during the post-placement implementation flow and could be the result of non-optimal XDC constraints or non-optimal design architecture
Related violations: <none>

TIMING-16#592 Warning
Large setup violation  
There is a large setup violation of -3.363 ns between u_aes_slave/u_aes_core/key_schedule_inst/key_state_reg_reg[4][251]/C (clocked by CLK) and u_aes_slave/u_aes_core/key_schedule_inst/key_state_reg_reg[5][181]/D (clocked by CLK). Large setup violations at the end of those stages might be difficult to fix during the post-placement implementation flow and could be the result of non-optimal XDC constraints or non-optimal design architecture
Related violations: <none>

TIMING-16#593 Warning
Large setup violation  
There is a large setup violation of -3.365 ns between u_aes_slave/u_aes_core/key_schedule_inst/key_state_reg_reg[0][224]/C (clocked by CLK) and u_aes_slave/u_aes_core/key_schedule_inst/key_state_reg_reg[1][155]/D (clocked by CLK). Large setup violations at the end of those stages might be difficult to fix during the post-placement implementation flow and could be the result of non-optimal XDC constraints or non-optimal design architecture
Related violations: <none>

TIMING-16#594 Warning
Large setup violation  
There is a large setup violation of -3.370 ns between u_aes_slave/u_aes_core/key_schedule_inst/key_state_reg_reg[4][224]/C (clocked by CLK) and u_aes_slave/u_aes_core/key_schedule_inst/key_state_reg_reg[5][190]/D (clocked by CLK). Large setup violations at the end of those stages might be difficult to fix during the post-placement implementation flow and could be the result of non-optimal XDC constraints or non-optimal design architecture
Related violations: <none>

TIMING-16#595 Warning
Large setup violation  
There is a large setup violation of -3.377 ns between u_aes_slave/u_aes_core/key_schedule_inst/key_state_reg_reg[4][254]/C (clocked by CLK) and u_aes_slave/u_aes_core/key_schedule_inst/key_state_reg_reg[5][244]/D (clocked by CLK). Large setup violations at the end of those stages might be difficult to fix during the post-placement implementation flow and could be the result of non-optimal XDC constraints or non-optimal design architecture
Related violations: <none>

TIMING-16#596 Warning
Large setup violation  
There is a large setup violation of -3.382 ns between u_axi_master/mem_addr_q_reg[23]/C (clocked by CLK) and u_aes_slave/rdata_q_reg[4]/CE (clocked by CLK). Large setup violations at the end of those stages might be difficult to fix during the post-placement implementation flow and could be the result of non-optimal XDC constraints or non-optimal design architecture
Related violations: <none>

TIMING-16#597 Warning
Large setup violation  
There is a large setup violation of -3.384 ns between u_aes_slave/u_aes_core/key_schedule_inst/key_state_reg_reg[6][252]/C (clocked by CLK) and u_aes_slave/u_aes_core/key_schedule_inst/key_state_reg_reg[7][177]/D (clocked by CLK). Large setup violations at the end of those stages might be difficult to fix during the post-placement implementation flow and could be the result of non-optimal XDC constraints or non-optimal design architecture
Related violations: <none>

TIMING-16#598 Warning
Large setup violation  
There is a large setup violation of -3.393 ns between u_axi_master/mem_addr_q_reg[23]/C (clocked by CLK) and u_aes_slave/rdata_q_reg[30]/CE (clocked by CLK). Large setup violations at the end of those stages might be difficult to fix during the post-placement implementation flow and could be the result of non-optimal XDC constraints or non-optimal design architecture
Related violations: <none>

TIMING-16#599 Warning
Large setup violation  
There is a large setup violation of -3.393 ns between u_axi_master/mem_addr_q_reg[23]/C (clocked by CLK) and u_aes_slave/rdata_q_reg[31]/CE (clocked by CLK). Large setup violations at the end of those stages might be difficult to fix during the post-placement implementation flow and could be the result of non-optimal XDC constraints or non-optimal design architecture
Related violations: <none>

TIMING-16#600 Warning
Large setup violation  
There is a large setup violation of -3.396 ns between u_aes_slave/u_aes_core/key_schedule_inst/key_state_reg_reg[4][236]/C (clocked by CLK) and u_aes_slave/u_aes_core/key_schedule_inst/key_state_reg_reg[5][129]/D (clocked by CLK). Large setup violations at the end of those stages might be difficult to fix during the post-placement implementation flow and could be the result of non-optimal XDC constraints or non-optimal design architecture
Related violations: <none>

TIMING-16#601 Warning
Large setup violation  
There is a large setup violation of -3.398 ns between u_aes_slave/u_aes_core/key_schedule_inst/key_state_reg_reg[10][226]/C (clocked by CLK) and u_aes_slave/u_aes_core/key_schedule_inst/key_state_reg_reg[11][218]/D (clocked by CLK). Large setup violations at the end of those stages might be difficult to fix during the post-placement implementation flow and could be the result of non-optimal XDC constraints or non-optimal design architecture
Related violations: <none>

TIMING-16#602 Warning
Large setup violation  
There is a large setup violation of -3.400 ns between u_aes_slave/u_aes_core/key_schedule_inst/key_state_reg_reg[0][241]/C (clocked by CLK) and u_aes_slave/u_aes_core/key_schedule_inst/key_state_reg_reg[1][136]/D (clocked by CLK). Large setup violations at the end of those stages might be difficult to fix during the post-placement implementation flow and could be the result of non-optimal XDC constraints or non-optimal design architecture
Related violations: <none>

TIMING-16#603 Warning
Large setup violation  
There is a large setup violation of -3.405 ns between u_aes_slave/u_aes_core/key_schedule_inst/key_state_reg_reg[4][224]/C (clocked by CLK) and u_aes_slave/u_aes_core/key_schedule_inst/key_state_reg_reg[5][220]/D (clocked by CLK). Large setup violations at the end of those stages might be difficult to fix during the post-placement implementation flow and could be the result of non-optimal XDC constraints or non-optimal design architecture
Related violations: <none>

TIMING-16#604 Warning
Large setup violation  
There is a large setup violation of -3.411 ns between u_aes_slave/u_aes_core/key_schedule_inst/key_state_reg_reg[4][233]/C (clocked by CLK) and u_aes_slave/u_aes_core/key_schedule_inst/key_state_reg_reg[5][199]/D (clocked by CLK). Large setup violations at the end of those stages might be difficult to fix during the post-placement implementation flow and could be the result of non-optimal XDC constraints or non-optimal design architecture
Related violations: <none>

TIMING-16#605 Warning
Large setup violation  
There is a large setup violation of -3.414 ns between u_aes_slave/u_aes_core/key_schedule_inst/key_state_reg_reg[4][254]/C (clocked by CLK) and u_aes_slave/u_aes_core/key_schedule_inst/key_state_reg_reg[5][183]/D (clocked by CLK). Large setup violations at the end of those stages might be difficult to fix during the post-placement implementation flow and could be the result of non-optimal XDC constraints or non-optimal design architecture
Related violations: <none>

TIMING-16#606 Warning
Large setup violation  
There is a large setup violation of -3.422 ns between u_aes_slave/u_aes_core/key_schedule_inst/key_state_reg_reg[6][236]/C (clocked by CLK) and u_aes_slave/u_aes_core/key_schedule_inst/key_state_reg_reg[7][134]/D (clocked by CLK). Large setup violations at the end of those stages might be difficult to fix during the post-placement implementation flow and could be the result of non-optimal XDC constraints or non-optimal design architecture
Related violations: <none>

TIMING-16#607 Warning
Large setup violation  
There is a large setup violation of -3.423 ns between u_aes_slave/u_aes_core/key_schedule_inst/key_state_reg_reg[4][236]/C (clocked by CLK) and u_aes_slave/u_aes_core/key_schedule_inst/key_state_reg_reg[5][163]/D (clocked by CLK). Large setup violations at the end of those stages might be difficult to fix during the post-placement implementation flow and could be the result of non-optimal XDC constraints or non-optimal design architecture
Related violations: <none>

TIMING-16#608 Warning
Large setup violation  
There is a large setup violation of -3.423 ns between u_axi_master/mem_addr_q_reg[23]/C (clocked by CLK) and u_aes_slave/rdata_q_reg[24]/CE (clocked by CLK). Large setup violations at the end of those stages might be difficult to fix during the post-placement implementation flow and could be the result of non-optimal XDC constraints or non-optimal design architecture
Related violations: <none>

TIMING-16#609 Warning
Large setup violation  
There is a large setup violation of -3.423 ns between u_axi_master/mem_addr_q_reg[23]/C (clocked by CLK) and u_aes_slave/rdata_q_reg[25]/CE (clocked by CLK). Large setup violations at the end of those stages might be difficult to fix during the post-placement implementation flow and could be the result of non-optimal XDC constraints or non-optimal design architecture
Related violations: <none>

TIMING-16#610 Warning
Large setup violation  
There is a large setup violation of -3.423 ns between u_axi_master/mem_addr_q_reg[23]/C (clocked by CLK) and u_aes_slave/rdata_q_reg[26]/CE (clocked by CLK). Large setup violations at the end of those stages might be difficult to fix during the post-placement implementation flow and could be the result of non-optimal XDC constraints or non-optimal design architecture
Related violations: <none>

TIMING-16#611 Warning
Large setup violation  
There is a large setup violation of -3.423 ns between u_axi_master/mem_addr_q_reg[23]/C (clocked by CLK) and u_aes_slave/rdata_q_reg[29]/CE (clocked by CLK). Large setup violations at the end of those stages might be difficult to fix during the post-placement implementation flow and could be the result of non-optimal XDC constraints or non-optimal design architecture
Related violations: <none>

TIMING-16#612 Warning
Large setup violation  
There is a large setup violation of -3.428 ns between u_aes_slave/u_aes_core/key_schedule_inst/key_state_reg_reg[2][226]/C (clocked by CLK) and u_aes_slave/u_aes_core/key_schedule_inst/key_state_reg_reg[3][158]/D (clocked by CLK). Large setup violations at the end of those stages might be difficult to fix during the post-placement implementation flow and could be the result of non-optimal XDC constraints or non-optimal design architecture
Related violations: <none>

TIMING-16#613 Warning
Large setup violation  
There is a large setup violation of -3.436 ns between u_aes_slave/u_aes_core/key_schedule_inst/key_state_reg_reg[6][224]/C (clocked by CLK) and u_aes_slave/u_aes_core/key_schedule_inst/key_state_reg_reg[7][157]/D (clocked by CLK). Large setup violations at the end of those stages might be difficult to fix during the post-placement implementation flow and could be the result of non-optimal XDC constraints or non-optimal design architecture
Related violations: <none>

TIMING-16#614 Warning
Large setup violation  
There is a large setup violation of -3.451 ns between u_aes_slave/u_aes_core/key_schedule_inst/key_state_reg_reg[4][224]/C (clocked by CLK) and u_aes_slave/u_aes_core/key_schedule_inst/key_state_reg_reg[5][221]/D (clocked by CLK). Large setup violations at the end of those stages might be difficult to fix during the post-placement implementation flow and could be the result of non-optimal XDC constraints or non-optimal design architecture
Related violations: <none>

TIMING-16#615 Warning
Large setup violation  
There is a large setup violation of -3.455 ns between u_aes_slave/u_aes_core/key_schedule_inst/key_state_reg_reg[4][254]/C (clocked by CLK) and u_aes_slave/u_aes_core/key_schedule_inst/key_state_reg_reg[5][210]/D (clocked by CLK). Large setup violations at the end of those stages might be difficult to fix during the post-placement implementation flow and could be the result of non-optimal XDC constraints or non-optimal design architecture
Related violations: <none>

TIMING-16#616 Warning
Large setup violation  
There is a large setup violation of -3.457 ns between u_aes_slave/u_aes_core/key_schedule_inst/key_state_reg_reg[0][253]/C (clocked by CLK) and u_aes_slave/u_aes_core/key_schedule_inst/key_state_reg_reg[1][247]/D (clocked by CLK). Large setup violations at the end of those stages might be difficult to fix during the post-placement implementation flow and could be the result of non-optimal XDC constraints or non-optimal design architecture
Related violations: <none>

TIMING-16#617 Warning
Large setup violation  
There is a large setup violation of -3.458 ns between u_aes_slave/u_aes_core/key_schedule_inst/key_state_reg_reg[6][224]/C (clocked by CLK) and u_aes_slave/u_aes_core/key_schedule_inst/key_state_reg_reg[7][185]/D (clocked by CLK). Large setup violations at the end of those stages might be difficult to fix during the post-placement implementation flow and could be the result of non-optimal XDC constraints or non-optimal design architecture
Related violations: <none>

TIMING-16#618 Warning
Large setup violation  
There is a large setup violation of -3.459 ns between u_aes_slave/u_aes_core/key_schedule_inst/key_state_reg_reg[0][224]/C (clocked by CLK) and u_aes_slave/u_aes_core/key_schedule_inst/key_state_reg_reg[1][216]/D (clocked by CLK). Large setup violations at the end of those stages might be difficult to fix during the post-placement implementation flow and could be the result of non-optimal XDC constraints or non-optimal design architecture
Related violations: <none>

TIMING-16#619 Warning
Large setup violation  
There is a large setup violation of -3.459 ns between u_aes_slave/u_aes_core/key_schedule_inst/key_state_reg_reg[2][226]/C (clocked by CLK) and u_aes_slave/u_aes_core/key_schedule_inst/key_state_reg_reg[3][159]/D (clocked by CLK). Large setup violations at the end of those stages might be difficult to fix during the post-placement implementation flow and could be the result of non-optimal XDC constraints or non-optimal design architecture
Related violations: <none>

TIMING-16#620 Warning
Large setup violation  
There is a large setup violation of -3.472 ns between u_aes_slave/u_aes_core/key_schedule_inst/key_state_reg_reg[6][224]/C (clocked by CLK) and u_aes_slave/u_aes_core/key_schedule_inst/key_state_reg_reg[7][217]/D (clocked by CLK). Large setup violations at the end of those stages might be difficult to fix during the post-placement implementation flow and could be the result of non-optimal XDC constraints or non-optimal design architecture
Related violations: <none>

TIMING-16#621 Warning
Large setup violation  
There is a large setup violation of -3.473 ns between u_axi_master/mem_addr_q_reg[23]/C (clocked by CLK) and u_aes_slave/rdata_q_reg[3]/CE (clocked by CLK). Large setup violations at the end of those stages might be difficult to fix during the post-placement implementation flow and could be the result of non-optimal XDC constraints or non-optimal design architecture
Related violations: <none>

TIMING-16#622 Warning
Large setup violation  
There is a large setup violation of -3.473 ns between u_axi_master/mem_addr_q_reg[23]/C (clocked by CLK) and u_aes_slave/rdata_q_reg[6]/CE (clocked by CLK). Large setup violations at the end of those stages might be difficult to fix during the post-placement implementation flow and could be the result of non-optimal XDC constraints or non-optimal design architecture
Related violations: <none>

TIMING-16#623 Warning
Large setup violation  
There is a large setup violation of -3.477 ns between u_aes_slave/u_aes_core/key_schedule_inst/key_state_reg_reg[6][248]/C (clocked by CLK) and u_aes_slave/u_aes_core/key_schedule_inst/key_state_reg_reg[7][147]/D (clocked by CLK). Large setup violations at the end of those stages might be difficult to fix during the post-placement implementation flow and could be the result of non-optimal XDC constraints or non-optimal design architecture
Related violations: <none>

TIMING-16#624 Warning
Large setup violation  
There is a large setup violation of -3.477 ns between u_aes_slave/u_aes_core/key_schedule_inst/key_state_reg_reg[6][248]/C (clocked by CLK) and u_aes_slave/u_aes_core/key_schedule_inst/key_state_reg_reg[7][209]/D (clocked by CLK). Large setup violations at the end of those stages might be difficult to fix during the post-placement implementation flow and could be the result of non-optimal XDC constraints or non-optimal design architecture
Related violations: <none>

TIMING-16#625 Warning
Large setup violation  
There is a large setup violation of -3.481 ns between u_aes_slave/u_aes_core/key_schedule_inst/key_state_reg_reg[10][252]/C (clocked by CLK) and u_aes_slave/u_aes_core/key_schedule_inst/key_state_reg_reg[11][147]/D (clocked by CLK). Large setup violations at the end of those stages might be difficult to fix during the post-placement implementation flow and could be the result of non-optimal XDC constraints or non-optimal design architecture
Related violations: <none>

TIMING-16#626 Warning
Large setup violation  
There is a large setup violation of -3.491 ns between u_aes_slave/u_aes_core/key_schedule_inst/key_state_reg_reg[4][224]/C (clocked by CLK) and u_aes_slave/u_aes_core/key_schedule_inst/key_state_reg_reg[5][217]/D (clocked by CLK). Large setup violations at the end of those stages might be difficult to fix during the post-placement implementation flow and could be the result of non-optimal XDC constraints or non-optimal design architecture
Related violations: <none>

TIMING-16#627 Warning
Large setup violation  
There is a large setup violation of -3.497 ns between u_aes_slave/u_aes_core/key_schedule_inst/key_state_reg_reg[10][228]/C (clocked by CLK) and u_aes_slave/u_aes_core/key_schedule_inst/key_state_reg_reg[11][221]/D (clocked by CLK). Large setup violations at the end of those stages might be difficult to fix during the post-placement implementation flow and could be the result of non-optimal XDC constraints or non-optimal design architecture
Related violations: <none>

TIMING-16#628 Warning
Large setup violation  
There is a large setup violation of -3.500 ns between u_aes_slave/u_aes_core/key_schedule_inst/key_state_reg_reg[10][228]/C (clocked by CLK) and u_aes_slave/u_aes_core/key_schedule_inst/key_state_reg_reg[11][189]/D (clocked by CLK). Large setup violations at the end of those stages might be difficult to fix during the post-placement implementation flow and could be the result of non-optimal XDC constraints or non-optimal design architecture
Related violations: <none>

TIMING-16#629 Warning
Large setup violation  
There is a large setup violation of -3.500 ns between u_aes_slave/u_aes_core/key_schedule_inst/key_state_reg_reg[2][226]/C (clocked by CLK) and u_aes_slave/u_aes_core/key_schedule_inst/key_state_reg_reg[3][191]/D (clocked by CLK). Large setup violations at the end of those stages might be difficult to fix during the post-placement implementation flow and could be the result of non-optimal XDC constraints or non-optimal design architecture
Related violations: <none>

TIMING-16#630 Warning
Large setup violation  
There is a large setup violation of -3.503 ns between u_aes_slave/u_aes_core/key_schedule_inst/key_state_reg_reg[2][226]/C (clocked by CLK) and u_aes_slave/u_aes_core/key_schedule_inst/key_state_reg_reg[3][223]/D (clocked by CLK). Large setup violations at the end of those stages might be difficult to fix during the post-placement implementation flow and could be the result of non-optimal XDC constraints or non-optimal design architecture
Related violations: <none>

TIMING-16#631 Warning
Large setup violation  
There is a large setup violation of -3.509 ns between u_aes_slave/u_aes_core/key_schedule_inst/key_state_reg_reg[0][234]/C (clocked by CLK) and u_aes_slave/u_aes_core/key_schedule_inst/key_state_reg_reg[1][230]/D (clocked by CLK). Large setup violations at the end of those stages might be difficult to fix during the post-placement implementation flow and could be the result of non-optimal XDC constraints or non-optimal design architecture
Related violations: <none>

TIMING-16#632 Warning
Large setup violation  
There is a large setup violation of -3.513 ns between u_aes_slave/u_aes_core/key_schedule_inst/key_state_reg_reg[0][224]/C (clocked by CLK) and u_aes_slave/u_aes_core/key_schedule_inst/key_state_reg_reg[1][184]/D (clocked by CLK). Large setup violations at the end of those stages might be difficult to fix during the post-placement implementation flow and could be the result of non-optimal XDC constraints or non-optimal design architecture
Related violations: <none>

TIMING-16#633 Warning
Large setup violation  
There is a large setup violation of -3.527 ns between u_aes_slave/u_aes_core/key_schedule_inst/key_state_reg_reg[4][254]/C (clocked by CLK) and u_aes_slave/u_aes_core/key_schedule_inst/key_state_reg_reg[5][178]/D (clocked by CLK). Large setup violations at the end of those stages might be difficult to fix during the post-placement implementation flow and could be the result of non-optimal XDC constraints or non-optimal design architecture
Related violations: <none>

TIMING-16#634 Warning
Large setup violation  
There is a large setup violation of -3.529 ns between u_aes_slave/u_aes_core/key_schedule_inst/key_state_reg_reg[6][248]/C (clocked by CLK) and u_aes_slave/u_aes_core/key_schedule_inst/key_state_reg_reg[7][211]/D (clocked by CLK). Large setup violations at the end of those stages might be difficult to fix during the post-placement implementation flow and could be the result of non-optimal XDC constraints or non-optimal design architecture
Related violations: <none>

TIMING-16#635 Warning
Large setup violation  
There is a large setup violation of -3.531 ns between u_aes_slave/u_aes_core/key_schedule_inst/key_state_reg_reg[0][224]/C (clocked by CLK) and u_aes_slave/u_aes_core/key_schedule_inst/key_state_reg_reg[1][218]/D (clocked by CLK). Large setup violations at the end of those stages might be difficult to fix during the post-placement implementation flow and could be the result of non-optimal XDC constraints or non-optimal design architecture
Related violations: <none>

TIMING-16#636 Warning
Large setup violation  
There is a large setup violation of -3.533 ns between u_aes_slave/u_aes_core/key_schedule_inst/key_state_reg_reg[6][226]/C (clocked by CLK) and u_aes_slave/u_aes_core/key_schedule_inst/key_state_reg_reg[7][155]/D (clocked by CLK). Large setup violations at the end of those stages might be difficult to fix during the post-placement implementation flow and could be the result of non-optimal XDC constraints or non-optimal design architecture
Related violations: <none>

TIMING-16#637 Warning
Large setup violation  
There is a large setup violation of -3.536 ns between u_aes_slave/u_aes_core/key_schedule_inst/key_state_reg_reg[4][236]/C (clocked by CLK) and u_aes_slave/u_aes_core/key_schedule_inst/key_state_reg_reg[5][228]/D (clocked by CLK). Large setup violations at the end of those stages might be difficult to fix during the post-placement implementation flow and could be the result of non-optimal XDC constraints or non-optimal design architecture
Related violations: <none>

TIMING-16#638 Warning
Large setup violation  
There is a large setup violation of -3.546 ns between u_aes_slave/u_aes_core/key_schedule_inst/key_state_reg_reg[6][226]/C (clocked by CLK) and u_aes_slave/u_aes_core/key_schedule_inst/key_state_reg_reg[7][153]/D (clocked by CLK). Large setup violations at the end of those stages might be difficult to fix during the post-placement implementation flow and could be the result of non-optimal XDC constraints or non-optimal design architecture
Related violations: <none>

TIMING-16#639 Warning
Large setup violation  
There is a large setup violation of -3.550 ns between u_aes_slave/u_aes_core/key_schedule_inst/key_state_reg_reg[2][225]/C (clocked by CLK) and u_aes_slave/u_aes_core/key_schedule_inst/key_state_reg_reg[3][154]/D (clocked by CLK). Large setup violations at the end of those stages might be difficult to fix during the post-placement implementation flow and could be the result of non-optimal XDC constraints or non-optimal design architecture
Related violations: <none>

TIMING-16#640 Warning
Large setup violation  
There is a large setup violation of -3.554 ns between u_aes_slave/u_aes_core/key_schedule_inst/key_state_reg_reg[4][236]/C (clocked by CLK) and u_aes_slave/u_aes_core/key_schedule_inst/key_state_reg_reg[5][164]/D (clocked by CLK). Large setup violations at the end of those stages might be difficult to fix during the post-placement implementation flow and could be the result of non-optimal XDC constraints or non-optimal design architecture
Related violations: <none>

TIMING-16#641 Warning
Large setup violation  
There is a large setup violation of -3.557 ns between u_aes_slave/u_aes_core/key_schedule_inst/key_state_reg_reg[4][224]/C (clocked by CLK) and u_aes_slave/u_aes_core/key_schedule_inst/key_state_reg_reg[5][153]/D (clocked by CLK). Large setup violations at the end of those stages might be difficult to fix during the post-placement implementation flow and could be the result of non-optimal XDC constraints or non-optimal design architecture
Related violations: <none>

TIMING-16#642 Warning
Large setup violation  
There is a large setup violation of -3.557 ns between u_aes_slave/u_aes_core/key_schedule_inst/key_state_reg_reg[6][226]/C (clocked by CLK) and u_aes_slave/u_aes_core/key_schedule_inst/key_state_reg_reg[7][187]/D (clocked by CLK). Large setup violations at the end of those stages might be difficult to fix during the post-placement implementation flow and could be the result of non-optimal XDC constraints or non-optimal design architecture
Related violations: <none>

TIMING-16#643 Warning
Large setup violation  
There is a large setup violation of -3.559 ns between u_aes_slave/u_aes_core/key_schedule_inst/key_state_reg_reg[0][224]/C (clocked by CLK) and u_aes_slave/u_aes_core/key_schedule_inst/key_state_reg_reg[1][159]/D (clocked by CLK). Large setup violations at the end of those stages might be difficult to fix during the post-placement implementation flow and could be the result of non-optimal XDC constraints or non-optimal design architecture
Related violations: <none>

TIMING-16#644 Warning
Large setup violation  
There is a large setup violation of -3.559 ns between u_aes_slave/u_aes_core/key_schedule_inst/key_state_reg_reg[4][224]/C (clocked by CLK) and u_aes_slave/u_aes_core/key_schedule_inst/key_state_reg_reg[5][191]/D (clocked by CLK). Large setup violations at the end of those stages might be difficult to fix during the post-placement implementation flow and could be the result of non-optimal XDC constraints or non-optimal design architecture
Related violations: <none>

TIMING-16#645 Warning
Large setup violation  
There is a large setup violation of -3.560 ns between u_aes_slave/u_aes_core/key_schedule_inst/key_state_reg_reg[4][224]/C (clocked by CLK) and u_aes_slave/u_aes_core/key_schedule_inst/key_state_reg_reg[5][223]/D (clocked by CLK). Large setup violations at the end of those stages might be difficult to fix during the post-placement implementation flow and could be the result of non-optimal XDC constraints or non-optimal design architecture
Related violations: <none>

TIMING-16#646 Warning
Large setup violation  
There is a large setup violation of -3.562 ns between u_aes_slave/u_aes_core/key_schedule_inst/key_state_reg_reg[4][242]/C (clocked by CLK) and u_aes_slave/u_aes_core/key_schedule_inst/key_state_reg_reg[5][141]/D (clocked by CLK). Large setup violations at the end of those stages might be difficult to fix during the post-placement implementation flow and could be the result of non-optimal XDC constraints or non-optimal design architecture
Related violations: <none>

TIMING-16#647 Warning
Large setup violation  
There is a large setup violation of -3.563 ns between u_aes_slave/u_aes_core/key_schedule_inst/key_state_reg_reg[10][252]/C (clocked by CLK) and u_aes_slave/u_aes_core/key_schedule_inst/key_state_reg_reg[11][179]/D (clocked by CLK). Large setup violations at the end of those stages might be difficult to fix during the post-placement implementation flow and could be the result of non-optimal XDC constraints or non-optimal design architecture
Related violations: <none>

TIMING-16#648 Warning
Large setup violation  
There is a large setup violation of -3.565 ns between u_aes_slave/u_aes_core/key_schedule_inst/key_state_reg_reg[0][224]/C (clocked by CLK) and u_aes_slave/u_aes_core/key_schedule_inst/key_state_reg_reg[1][154]/D (clocked by CLK). Large setup violations at the end of those stages might be difficult to fix during the post-placement implementation flow and could be the result of non-optimal XDC constraints or non-optimal design architecture
Related violations: <none>

TIMING-16#649 Warning
Large setup violation  
There is a large setup violation of -3.565 ns between u_aes_slave/u_aes_core/key_schedule_inst/key_state_reg_reg[10][226]/C (clocked by CLK) and u_aes_slave/u_aes_core/key_schedule_inst/key_state_reg_reg[11][154]/D (clocked by CLK). Large setup violations at the end of those stages might be difficult to fix during the post-placement implementation flow and could be the result of non-optimal XDC constraints or non-optimal design architecture
Related violations: <none>

TIMING-16#650 Warning
Large setup violation  
There is a large setup violation of -3.565 ns between u_aes_slave/u_aes_core/key_schedule_inst/key_state_reg_reg[10][226]/C (clocked by CLK) and u_aes_slave/u_aes_core/key_schedule_inst/key_state_reg_reg[11][186]/D (clocked by CLK). Large setup violations at the end of those stages might be difficult to fix during the post-placement implementation flow and could be the result of non-optimal XDC constraints or non-optimal design architecture
Related violations: <none>

TIMING-16#651 Warning
Large setup violation  
There is a large setup violation of -3.566 ns between u_aes_slave/u_aes_core/key_schedule_inst/key_state_reg_reg[10][252]/C (clocked by CLK) and u_aes_slave/u_aes_core/key_schedule_inst/key_state_reg_reg[11][211]/D (clocked by CLK). Large setup violations at the end of those stages might be difficult to fix during the post-placement implementation flow and could be the result of non-optimal XDC constraints or non-optimal design architecture
Related violations: <none>

TIMING-16#652 Warning
Large setup violation  
There is a large setup violation of -3.567 ns between u_axi_master/mem_addr_q_reg[23]/C (clocked by CLK) and u_aes_slave/rdata_q_reg[12]/CE (clocked by CLK). Large setup violations at the end of those stages might be difficult to fix during the post-placement implementation flow and could be the result of non-optimal XDC constraints or non-optimal design architecture
Related violations: <none>

TIMING-16#653 Warning
Large setup violation  
There is a large setup violation of -3.567 ns between u_axi_master/mem_addr_q_reg[23]/C (clocked by CLK) and u_aes_slave/rdata_q_reg[13]/CE (clocked by CLK). Large setup violations at the end of those stages might be difficult to fix during the post-placement implementation flow and could be the result of non-optimal XDC constraints or non-optimal design architecture
Related violations: <none>

TIMING-16#654 Warning
Large setup violation  
There is a large setup violation of -3.570 ns between u_aes_slave/u_aes_core/key_schedule_inst/key_state_reg_reg[10][245]/C (clocked by CLK) and u_aes_slave/u_aes_core/key_schedule_inst/key_state_reg_reg[11][141]/D (clocked by CLK). Large setup violations at the end of those stages might be difficult to fix during the post-placement implementation flow and could be the result of non-optimal XDC constraints or non-optimal design architecture
Related violations: <none>

TIMING-16#655 Warning
Large setup violation  
There is a large setup violation of -3.578 ns between u_axi_master/mem_addr_q_reg[23]/C (clocked by CLK) and u_aes_slave/rdata_q_reg[14]/CE (clocked by CLK). Large setup violations at the end of those stages might be difficult to fix during the post-placement implementation flow and could be the result of non-optimal XDC constraints or non-optimal design architecture
Related violations: <none>

TIMING-16#656 Warning
Large setup violation  
There is a large setup violation of -3.578 ns between u_axi_master/mem_addr_q_reg[23]/C (clocked by CLK) and u_aes_slave/rdata_q_reg[8]/CE (clocked by CLK). Large setup violations at the end of those stages might be difficult to fix during the post-placement implementation flow and could be the result of non-optimal XDC constraints or non-optimal design architecture
Related violations: <none>

TIMING-16#657 Warning
Large setup violation  
There is a large setup violation of -3.578 ns between u_axi_master/mem_addr_q_reg[23]/C (clocked by CLK) and u_aes_slave/rdata_q_reg[9]/CE (clocked by CLK). Large setup violations at the end of those stages might be difficult to fix during the post-placement implementation flow and could be the result of non-optimal XDC constraints or non-optimal design architecture
Related violations: <none>

TIMING-16#658 Warning
Large setup violation  
There is a large setup violation of -3.581 ns between u_aes_slave/u_aes_core/key_schedule_inst/key_state_reg_reg[0][224]/C (clocked by CLK) and u_aes_slave/u_aes_core/key_schedule_inst/key_state_reg_reg[1][153]/D (clocked by CLK). Large setup violations at the end of those stages might be difficult to fix during the post-placement implementation flow and could be the result of non-optimal XDC constraints or non-optimal design architecture
Related violations: <none>

TIMING-16#659 Warning
Large setup violation  
There is a large setup violation of -3.583 ns between u_aes_slave/u_aes_core/key_schedule_inst/key_state_reg_reg[4][254]/C (clocked by CLK) and u_aes_slave/u_aes_core/key_schedule_inst/key_state_reg_reg[5][247]/D (clocked by CLK). Large setup violations at the end of those stages might be difficult to fix during the post-placement implementation flow and could be the result of non-optimal XDC constraints or non-optimal design architecture
Related violations: <none>

TIMING-16#660 Warning
Large setup violation  
There is a large setup violation of -3.584 ns between u_aes_slave/u_aes_core/key_schedule_inst/key_state_reg_reg[0][224]/C (clocked by CLK) and u_aes_slave/u_aes_core/key_schedule_inst/key_state_reg_reg[1][185]/D (clocked by CLK). Large setup violations at the end of those stages might be difficult to fix during the post-placement implementation flow and could be the result of non-optimal XDC constraints or non-optimal design architecture
Related violations: <none>

TIMING-16#661 Warning
Large setup violation  
There is a large setup violation of -3.587 ns between u_aes_slave/u_aes_core/key_schedule_inst/key_state_reg_reg[4][224]/C (clocked by CLK) and u_aes_slave/u_aes_core/key_schedule_inst/key_state_reg_reg[5][222]/D (clocked by CLK). Large setup violations at the end of those stages might be difficult to fix during the post-placement implementation flow and could be the result of non-optimal XDC constraints or non-optimal design architecture
Related violations: <none>

TIMING-16#662 Warning
Large setup violation  
There is a large setup violation of -3.598 ns between u_aes_slave/u_aes_core/key_schedule_inst/key_state_reg_reg[4][236]/C (clocked by CLK) and u_aes_slave/u_aes_core/key_schedule_inst/key_state_reg_reg[5][195]/D (clocked by CLK). Large setup violations at the end of those stages might be difficult to fix during the post-placement implementation flow and could be the result of non-optimal XDC constraints or non-optimal design architecture
Related violations: <none>

TIMING-16#663 Warning
Large setup violation  
There is a large setup violation of -3.604 ns between u_aes_slave/u_aes_core/key_schedule_inst/key_state_reg_reg[10][226]/C (clocked by CLK) and u_aes_slave/u_aes_core/key_schedule_inst/key_state_reg_reg[11][184]/D (clocked by CLK). Large setup violations at the end of those stages might be difficult to fix during the post-placement implementation flow and could be the result of non-optimal XDC constraints or non-optimal design architecture
Related violations: <none>

TIMING-16#664 Warning
Large setup violation  
There is a large setup violation of -3.615 ns between u_aes_slave/u_aes_core/key_schedule_inst/key_state_reg_reg[10][245]/C (clocked by CLK) and u_aes_slave/u_aes_core/key_schedule_inst/key_state_reg_reg[11][136]/D (clocked by CLK). Large setup violations at the end of those stages might be difficult to fix during the post-placement implementation flow and could be the result of non-optimal XDC constraints or non-optimal design architecture
Related violations: <none>

TIMING-16#665 Warning
Large setup violation  
There is a large setup violation of -3.624 ns between u_aes_slave/u_aes_core/key_schedule_inst/key_state_reg_reg[4][254]/C (clocked by CLK) and u_aes_slave/u_aes_core/key_schedule_inst/key_state_reg_reg[5][245]/D (clocked by CLK). Large setup violations at the end of those stages might be difficult to fix during the post-placement implementation flow and could be the result of non-optimal XDC constraints or non-optimal design architecture
Related violations: <none>

TIMING-16#666 Warning
Large setup violation  
There is a large setup violation of -3.636 ns between u_aes_slave/u_aes_core/key_schedule_inst/key_state_reg_reg[10][245]/C (clocked by CLK) and u_aes_slave/u_aes_core/key_schedule_inst/key_state_reg_reg[11][200]/D (clocked by CLK). Large setup violations at the end of those stages might be difficult to fix during the post-placement implementation flow and could be the result of non-optimal XDC constraints or non-optimal design architecture
Related violations: <none>

TIMING-16#667 Warning
Large setup violation  
There is a large setup violation of -3.639 ns between u_aes_slave/u_aes_core/key_schedule_inst/key_state_reg_reg[2][226]/C (clocked by CLK) and u_aes_slave/u_aes_core/key_schedule_inst/key_state_reg_reg[3][184]/D (clocked by CLK). Large setup violations at the end of those stages might be difficult to fix during the post-placement implementation flow and could be the result of non-optimal XDC constraints or non-optimal design architecture
Related violations: <none>

TIMING-16#668 Warning
Large setup violation  
There is a large setup violation of -3.642 ns between u_aes_slave/u_aes_core/key_schedule_inst/key_state_reg_reg[10][245]/C (clocked by CLK) and u_aes_slave/u_aes_core/key_schedule_inst/key_state_reg_reg[11][168]/D (clocked by CLK). Large setup violations at the end of those stages might be difficult to fix during the post-placement implementation flow and could be the result of non-optimal XDC constraints or non-optimal design architecture
Related violations: <none>

TIMING-16#669 Warning
Large setup violation  
There is a large setup violation of -3.644 ns between u_aes_slave/u_aes_core/key_schedule_inst/key_state_reg_reg[0][224]/C (clocked by CLK) and u_aes_slave/u_aes_core/key_schedule_inst/key_state_reg_reg[1][187]/D (clocked by CLK). Large setup violations at the end of those stages might be difficult to fix during the post-placement implementation flow and could be the result of non-optimal XDC constraints or non-optimal design architecture
Related violations: <none>

TIMING-16#670 Warning
Large setup violation  
There is a large setup violation of -3.646 ns between u_aes_slave/u_aes_core/key_schedule_inst/key_state_reg_reg[10][252]/C (clocked by CLK) and u_aes_slave/u_aes_core/key_schedule_inst/key_state_reg_reg[11][145]/D (clocked by CLK). Large setup violations at the end of those stages might be difficult to fix during the post-placement implementation flow and could be the result of non-optimal XDC constraints or non-optimal design architecture
Related violations: <none>

TIMING-16#671 Warning
Large setup violation  
There is a large setup violation of -3.650 ns between u_aes_slave/u_aes_core/key_schedule_inst/key_state_reg_reg[4][236]/C (clocked by CLK) and u_aes_slave/u_aes_core/key_schedule_inst/key_state_reg_reg[5][227]/D (clocked by CLK). Large setup violations at the end of those stages might be difficult to fix during the post-placement implementation flow and could be the result of non-optimal XDC constraints or non-optimal design architecture
Related violations: <none>

TIMING-16#672 Warning
Large setup violation  
There is a large setup violation of -3.653 ns between u_aes_slave/u_aes_core/key_schedule_inst/key_state_reg_reg[2][230]/C (clocked by CLK) and u_aes_slave/u_aes_core/key_schedule_inst/key_state_reg_reg[3][222]/D (clocked by CLK). Large setup violations at the end of those stages might be difficult to fix during the post-placement implementation flow and could be the result of non-optimal XDC constraints or non-optimal design architecture
Related violations: <none>

TIMING-16#673 Warning
Large setup violation  
There is a large setup violation of -3.657 ns between u_aes_slave/u_aes_core/key_schedule_inst/key_state_reg_reg[2][230]/C (clocked by CLK) and u_aes_slave/u_aes_core/key_schedule_inst/key_state_reg_reg[3][190]/D (clocked by CLK). Large setup violations at the end of those stages might be difficult to fix during the post-placement implementation flow and could be the result of non-optimal XDC constraints or non-optimal design architecture
Related violations: <none>

TIMING-16#674 Warning
Large setup violation  
There is a large setup violation of -3.660 ns between u_aes_slave/u_aes_core/key_schedule_inst/key_state_reg_reg[4][224]/C (clocked by CLK) and u_aes_slave/u_aes_core/key_schedule_inst/key_state_reg_reg[5][186]/D (clocked by CLK). Large setup violations at the end of those stages might be difficult to fix during the post-placement implementation flow and could be the result of non-optimal XDC constraints or non-optimal design architecture
Related violations: <none>

TIMING-16#675 Warning
Large setup violation  
There is a large setup violation of -3.665 ns between u_aes_slave/u_aes_core/key_schedule_inst/key_state_reg_reg[4][224]/C (clocked by CLK) and u_aes_slave/u_aes_core/key_schedule_inst/key_state_reg_reg[5][159]/D (clocked by CLK). Large setup violations at the end of those stages might be difficult to fix during the post-placement implementation flow and could be the result of non-optimal XDC constraints or non-optimal design architecture
Related violations: <none>

TIMING-16#676 Warning
Large setup violation  
There is a large setup violation of -3.665 ns between u_aes_slave/u_aes_core/key_schedule_inst/key_state_reg_reg[4][254]/C (clocked by CLK) and u_aes_slave/u_aes_core/key_schedule_inst/key_state_reg_reg[5][242]/D (clocked by CLK). Large setup violations at the end of those stages might be difficult to fix during the post-placement implementation flow and could be the result of non-optimal XDC constraints or non-optimal design architecture
Related violations: <none>

TIMING-16#677 Warning
Large setup violation  
There is a large setup violation of -3.666 ns between u_aes_slave/u_aes_core/key_schedule_inst/key_state_reg_reg[6][242]/C (clocked by CLK) and u_aes_slave/u_aes_core/key_schedule_inst/key_state_reg_reg[7][140]/D (clocked by CLK). Large setup violations at the end of those stages might be difficult to fix during the post-placement implementation flow and could be the result of non-optimal XDC constraints or non-optimal design architecture
Related violations: <none>

TIMING-16#678 Warning
Large setup violation  
There is a large setup violation of -3.669 ns between u_aes_slave/u_aes_core/key_schedule_inst/key_state_reg_reg[6][224]/C (clocked by CLK) and u_aes_slave/u_aes_core/key_schedule_inst/key_state_reg_reg[7][154]/D (clocked by CLK). Large setup violations at the end of those stages might be difficult to fix during the post-placement implementation flow and could be the result of non-optimal XDC constraints or non-optimal design architecture
Related violations: <none>

TIMING-16#679 Warning
Large setup violation  
There is a large setup violation of -3.670 ns between u_aes_slave/u_aes_core/key_schedule_inst/key_state_reg_reg[10][252]/C (clocked by CLK) and u_aes_slave/u_aes_core/key_schedule_inst/key_state_reg_reg[11][151]/D (clocked by CLK). Large setup violations at the end of those stages might be difficult to fix during the post-placement implementation flow and could be the result of non-optimal XDC constraints or non-optimal design architecture
Related violations: <none>

TIMING-16#680 Warning
Large setup violation  
There is a large setup violation of -3.670 ns between u_aes_slave/u_aes_core/key_schedule_inst/key_state_reg_reg[6][248]/C (clocked by CLK) and u_aes_slave/u_aes_core/key_schedule_inst/key_state_reg_reg[7][212]/D (clocked by CLK). Large setup violations at the end of those stages might be difficult to fix during the post-placement implementation flow and could be the result of non-optimal XDC constraints or non-optimal design architecture
Related violations: <none>

TIMING-16#681 Warning
Large setup violation  
There is a large setup violation of -3.675 ns between u_aes_slave/u_aes_core/key_schedule_inst/key_state_reg_reg[10][252]/C (clocked by CLK) and u_aes_slave/u_aes_core/key_schedule_inst/key_state_reg_reg[11][243]/D (clocked by CLK). Large setup violations at the end of those stages might be difficult to fix during the post-placement implementation flow and could be the result of non-optimal XDC constraints or non-optimal design architecture
Related violations: <none>

TIMING-16#682 Warning
Large setup violation  
There is a large setup violation of -3.677 ns between u_aes_slave/u_aes_core/key_schedule_inst/key_state_reg_reg[4][224]/C (clocked by CLK) and u_aes_slave/u_aes_core/key_schedule_inst/key_state_reg_reg[5][218]/D (clocked by CLK). Large setup violations at the end of those stages might be difficult to fix during the post-placement implementation flow and could be the result of non-optimal XDC constraints or non-optimal design architecture
Related violations: <none>

TIMING-16#683 Warning
Large setup violation  
There is a large setup violation of -3.678 ns between u_aes_slave/u_aes_core/key_schedule_inst/key_state_reg_reg[0][241]/C (clocked by CLK) and u_aes_slave/u_aes_core/key_schedule_inst/key_state_reg_reg[1][168]/D (clocked by CLK). Large setup violations at the end of those stages might be difficult to fix during the post-placement implementation flow and could be the result of non-optimal XDC constraints or non-optimal design architecture
Related violations: <none>

TIMING-16#684 Warning
Large setup violation  
There is a large setup violation of -3.679 ns between u_aes_slave/u_aes_core/key_schedule_inst/key_state_reg_reg[0][241]/C (clocked by CLK) and u_aes_slave/u_aes_core/key_schedule_inst/key_state_reg_reg[1][200]/D (clocked by CLK). Large setup violations at the end of those stages might be difficult to fix during the post-placement implementation flow and could be the result of non-optimal XDC constraints or non-optimal design architecture
Related violations: <none>

TIMING-16#685 Warning
Large setup violation  
There is a large setup violation of -3.680 ns between u_aes_slave/u_aes_core/key_schedule_inst/key_state_reg_reg[0][232]/C (clocked by CLK) and u_aes_slave/u_aes_core/key_schedule_inst/key_state_reg_reg[1][228]/D (clocked by CLK). Large setup violations at the end of those stages might be difficult to fix during the post-placement implementation flow and could be the result of non-optimal XDC constraints or non-optimal design architecture
Related violations: <none>

TIMING-16#686 Warning
Large setup violation  
There is a large setup violation of -3.680 ns between u_aes_slave/u_aes_core/key_schedule_inst/key_state_reg_reg[10][252]/C (clocked by CLK) and u_aes_slave/u_aes_core/key_schedule_inst/key_state_reg_reg[11][146]/D (clocked by CLK). Large setup violations at the end of those stages might be difficult to fix during the post-placement implementation flow and could be the result of non-optimal XDC constraints or non-optimal design architecture
Related violations: <none>

TIMING-16#687 Warning
Large setup violation  
There is a large setup violation of -3.683 ns between u_aes_slave/u_aes_core/key_schedule_inst/key_state_reg_reg[2][226]/C (clocked by CLK) and u_aes_slave/u_aes_core/key_schedule_inst/key_state_reg_reg[3][248]/D (clocked by CLK). Large setup violations at the end of those stages might be difficult to fix during the post-placement implementation flow and could be the result of non-optimal XDC constraints or non-optimal design architecture
Related violations: <none>

TIMING-16#688 Warning
Large setup violation  
There is a large setup violation of -3.684 ns between u_aes_slave/u_aes_core/key_schedule_inst/key_state_reg_reg[6][248]/C (clocked by CLK) and u_aes_slave/u_aes_core/key_schedule_inst/key_state_reg_reg[7][180]/D (clocked by CLK). Large setup violations at the end of those stages might be difficult to fix during the post-placement implementation flow and could be the result of non-optimal XDC constraints or non-optimal design architecture
Related violations: <none>

TIMING-16#689 Warning
Large setup violation  
There is a large setup violation of -3.685 ns between u_aes_slave/u_aes_core/key_schedule_inst/key_state_reg_reg[4][233]/C (clocked by CLK) and u_aes_slave/u_aes_core/key_schedule_inst/key_state_reg_reg[5][225]/D (clocked by CLK). Large setup violations at the end of those stages might be difficult to fix during the post-placement implementation flow and could be the result of non-optimal XDC constraints or non-optimal design architecture
Related violations: <none>

TIMING-16#690 Warning
Large setup violation  
There is a large setup violation of -3.685 ns between u_aes_slave/u_aes_core/key_schedule_inst/key_state_reg_reg[6][243]/C (clocked by CLK) and u_aes_slave/u_aes_core/key_schedule_inst/key_state_reg_reg[7][138]/D (clocked by CLK). Large setup violations at the end of those stages might be difficult to fix during the post-placement implementation flow and could be the result of non-optimal XDC constraints or non-optimal design architecture
Related violations: <none>

TIMING-16#691 Warning
Large setup violation  
There is a large setup violation of -3.686 ns between u_aes_slave/u_aes_core/key_schedule_inst/key_state_reg_reg[2][226]/C (clocked by CLK) and u_aes_slave/u_aes_core/key_schedule_inst/key_state_reg_reg[3][152]/D (clocked by CLK). Large setup violations at the end of those stages might be difficult to fix during the post-placement implementation flow and could be the result of non-optimal XDC constraints or non-optimal design architecture
Related violations: <none>

TIMING-16#692 Warning
Large setup violation  
There is a large setup violation of -3.687 ns between u_aes_slave/u_aes_core/key_schedule_inst/key_state_reg_reg[2][226]/C (clocked by CLK) and u_aes_slave/u_aes_core/key_schedule_inst/key_state_reg_reg[3][254]/D (clocked by CLK). Large setup violations at the end of those stages might be difficult to fix during the post-placement implementation flow and could be the result of non-optimal XDC constraints or non-optimal design architecture
Related violations: <none>

TIMING-16#693 Warning
Large setup violation  
There is a large setup violation of -3.691 ns between u_aes_slave/u_aes_core/key_schedule_inst/key_state_reg_reg[6][243]/C (clocked by CLK) and u_aes_slave/u_aes_core/key_schedule_inst/key_state_reg_reg[7][137]/D (clocked by CLK). Large setup violations at the end of those stages might be difficult to fix during the post-placement implementation flow and could be the result of non-optimal XDC constraints or non-optimal design architecture
Related violations: <none>

TIMING-16#694 Warning
Large setup violation  
There is a large setup violation of -3.693 ns between u_aes_slave/u_aes_core/key_schedule_inst/key_state_reg_reg[10][230]/C (clocked by CLK) and u_aes_slave/u_aes_core/key_schedule_inst/key_state_reg_reg[11][253]/D (clocked by CLK). Large setup violations at the end of those stages might be difficult to fix during the post-placement implementation flow and could be the result of non-optimal XDC constraints or non-optimal design architecture
Related violations: <none>

TIMING-16#695 Warning
Large setup violation  
There is a large setup violation of -3.696 ns between u_aes_slave/u_aes_core/key_schedule_inst/key_state_reg_reg[4][224]/C (clocked by CLK) and u_aes_slave/u_aes_core/key_schedule_inst/key_state_reg_reg[5][152]/D (clocked by CLK). Large setup violations at the end of those stages might be difficult to fix during the post-placement implementation flow and could be the result of non-optimal XDC constraints or non-optimal design architecture
Related violations: <none>

TIMING-16#696 Warning
Large setup violation  
There is a large setup violation of -3.701 ns between u_aes_slave/u_aes_core/key_schedule_inst/key_state_reg_reg[4][236]/C (clocked by CLK) and u_aes_slave/u_aes_core/key_schedule_inst/key_state_reg_reg[5][132]/D (clocked by CLK). Large setup violations at the end of those stages might be difficult to fix during the post-placement implementation flow and could be the result of non-optimal XDC constraints or non-optimal design architecture
Related violations: <none>

TIMING-16#697 Warning
Large setup violation  
There is a large setup violation of -3.720 ns between u_axi_master/mem_addr_q_reg[23]/C (clocked by CLK) and u_aes_slave/rdata_q_reg[11]/CE (clocked by CLK). Large setup violations at the end of those stages might be difficult to fix during the post-placement implementation flow and could be the result of non-optimal XDC constraints or non-optimal design architecture
Related violations: <none>

TIMING-16#698 Warning
Large setup violation  
There is a large setup violation of -3.726 ns between u_aes_slave/u_aes_core/key_schedule_inst/key_state_reg_reg[6][224]/C (clocked by CLK) and u_aes_slave/u_aes_core/key_schedule_inst/key_state_reg_reg[7][152]/D (clocked by CLK). Large setup violations at the end of those stages might be difficult to fix during the post-placement implementation flow and could be the result of non-optimal XDC constraints or non-optimal design architecture
Related violations: <none>

TIMING-16#699 Warning
Large setup violation  
There is a large setup violation of -3.730 ns between u_aes_slave/u_aes_core/key_schedule_inst/key_state_reg_reg[2][225]/C (clocked by CLK) and u_aes_slave/u_aes_core/key_schedule_inst/key_state_reg_reg[3][221]/D (clocked by CLK). Large setup violations at the end of those stages might be difficult to fix during the post-placement implementation flow and could be the result of non-optimal XDC constraints or non-optimal design architecture
Related violations: <none>

TIMING-16#700 Warning
Large setup violation  
There is a large setup violation of -3.731 ns between u_aes_slave/u_aes_core/key_schedule_inst/key_state_reg_reg[4][242]/C (clocked by CLK) and u_aes_slave/u_aes_core/key_schedule_inst/key_state_reg_reg[5][173]/D (clocked by CLK). Large setup violations at the end of those stages might be difficult to fix during the post-placement implementation flow and could be the result of non-optimal XDC constraints or non-optimal design architecture
Related violations: <none>

TIMING-16#701 Warning
Large setup violation  
There is a large setup violation of -3.734 ns between u_aes_slave/u_aes_core/key_schedule_inst/key_state_reg_reg[10][252]/C (clocked by CLK) and u_aes_slave/u_aes_core/key_schedule_inst/key_state_reg_reg[11][148]/D (clocked by CLK). Large setup violations at the end of those stages might be difficult to fix during the post-placement implementation flow and could be the result of non-optimal XDC constraints or non-optimal design architecture
Related violations: <none>

TIMING-16#702 Warning
Large setup violation  
There is a large setup violation of -3.735 ns between u_aes_slave/u_aes_core/key_schedule_inst/key_state_reg_reg[0][224]/C (clocked by CLK) and u_aes_slave/u_aes_core/key_schedule_inst/key_state_reg_reg[1][248]/D (clocked by CLK). Large setup violations at the end of those stages might be difficult to fix during the post-placement implementation flow and could be the result of non-optimal XDC constraints or non-optimal design architecture
Related violations: <none>

TIMING-16#703 Warning
Large setup violation  
There is a large setup violation of -3.736 ns between u_aes_slave/u_aes_core/key_schedule_inst/key_state_reg_reg[6][236]/C (clocked by CLK) and u_aes_slave/u_aes_core/key_schedule_inst/key_state_reg_reg[7][166]/D (clocked by CLK). Large setup violations at the end of those stages might be difficult to fix during the post-placement implementation flow and could be the result of non-optimal XDC constraints or non-optimal design architecture
Related violations: <none>

TIMING-16#704 Warning
Large setup violation  
There is a large setup violation of -3.738 ns between u_aes_slave/u_aes_core/key_schedule_inst/key_state_reg_reg[4][242]/C (clocked by CLK) and u_aes_slave/u_aes_core/key_schedule_inst/key_state_reg_reg[5][205]/D (clocked by CLK). Large setup violations at the end of those stages might be difficult to fix during the post-placement implementation flow and could be the result of non-optimal XDC constraints or non-optimal design architecture
Related violations: <none>

TIMING-16#705 Warning
Large setup violation  
There is a large setup violation of -3.740 ns between u_aes_slave/u_aes_core/key_schedule_inst/key_state_reg_reg[10][226]/C (clocked by CLK) and u_aes_slave/u_aes_core/key_schedule_inst/key_state_reg_reg[11][159]/D (clocked by CLK). Large setup violations at the end of those stages might be difficult to fix during the post-placement implementation flow and could be the result of non-optimal XDC constraints or non-optimal design architecture
Related violations: <none>

TIMING-16#706 Warning
Large setup violation  
There is a large setup violation of -3.752 ns between u_aes_slave/u_aes_core/key_schedule_inst/key_state_reg_reg[4][224]/C (clocked by CLK) and u_aes_slave/u_aes_core/key_schedule_inst/key_state_reg_reg[5][219]/D (clocked by CLK). Large setup violations at the end of those stages might be difficult to fix during the post-placement implementation flow and could be the result of non-optimal XDC constraints or non-optimal design architecture
Related violations: <none>

TIMING-16#707 Warning
Large setup violation  
There is a large setup violation of -3.754 ns between u_aes_slave/u_aes_core/key_schedule_inst/key_state_reg_reg[6][248]/C (clocked by CLK) and u_aes_slave/u_aes_core/key_schedule_inst/key_state_reg_reg[7][179]/D (clocked by CLK). Large setup violations at the end of those stages might be difficult to fix during the post-placement implementation flow and could be the result of non-optimal XDC constraints or non-optimal design architecture
Related violations: <none>

TIMING-16#708 Warning
Large setup violation  
There is a large setup violation of -3.758 ns between u_aes_slave/u_aes_core/key_schedule_inst/key_state_reg_reg[0][224]/C (clocked by CLK) and u_aes_slave/u_aes_core/key_schedule_inst/key_state_reg_reg[1][158]/D (clocked by CLK). Large setup violations at the end of those stages might be difficult to fix during the post-placement implementation flow and could be the result of non-optimal XDC constraints or non-optimal design architecture
Related violations: <none>

TIMING-16#709 Warning
Large setup violation  
There is a large setup violation of -3.767 ns between u_aes_slave/u_aes_core/key_schedule_inst/key_state_reg_reg[10][252]/C (clocked by CLK) and u_aes_slave/u_aes_core/key_schedule_inst/key_state_reg_reg[11][210]/D (clocked by CLK). Large setup violations at the end of those stages might be difficult to fix during the post-placement implementation flow and could be the result of non-optimal XDC constraints or non-optimal design architecture
Related violations: <none>

TIMING-16#710 Warning
Large setup violation  
There is a large setup violation of -3.769 ns between u_aes_slave/u_aes_core/key_schedule_inst/key_state_reg_reg[0][241]/C (clocked by CLK) and u_aes_slave/u_aes_core/key_schedule_inst/key_state_reg_reg[1][232]/D (clocked by CLK). Large setup violations at the end of those stages might be difficult to fix during the post-placement implementation flow and could be the result of non-optimal XDC constraints or non-optimal design architecture
Related violations: <none>

TIMING-16#711 Warning
Large setup violation  
There is a large setup violation of -3.780 ns between u_aes_slave/u_aes_core/key_schedule_inst/key_state_reg_reg[2][225]/C (clocked by CLK) and u_aes_slave/u_aes_core/key_schedule_inst/key_state_reg_reg[3][153]/D (clocked by CLK). Large setup violations at the end of those stages might be difficult to fix during the post-placement implementation flow and could be the result of non-optimal XDC constraints or non-optimal design architecture
Related violations: <none>

TIMING-16#712 Warning
Large setup violation  
There is a large setup violation of -3.783 ns between u_aes_slave/u_aes_core/key_schedule_inst/key_state_reg_reg[10][252]/C (clocked by CLK) and u_aes_slave/u_aes_core/key_schedule_inst/key_state_reg_reg[11][150]/D (clocked by CLK). Large setup violations at the end of those stages might be difficult to fix during the post-placement implementation flow and could be the result of non-optimal XDC constraints or non-optimal design architecture
Related violations: <none>

TIMING-16#713 Warning
Large setup violation  
There is a large setup violation of -3.783 ns between u_aes_slave/u_aes_core/key_schedule_inst/key_state_reg_reg[4][224]/C (clocked by CLK) and u_aes_slave/u_aes_core/key_schedule_inst/key_state_reg_reg[5][155]/D (clocked by CLK). Large setup violations at the end of those stages might be difficult to fix during the post-placement implementation flow and could be the result of non-optimal XDC constraints or non-optimal design architecture
Related violations: <none>

TIMING-16#714 Warning
Large setup violation  
There is a large setup violation of -3.784 ns between u_aes_slave/u_aes_core/key_schedule_inst/key_state_reg_reg[4][224]/C (clocked by CLK) and u_aes_slave/u_aes_core/key_schedule_inst/key_state_reg_reg[5][187]/D (clocked by CLK). Large setup violations at the end of those stages might be difficult to fix during the post-placement implementation flow and could be the result of non-optimal XDC constraints or non-optimal design architecture
Related violations: <none>

TIMING-16#715 Warning
Large setup violation  
There is a large setup violation of -3.786 ns between u_aes_slave/u_aes_core/key_schedule_inst/key_state_reg_reg[0][224]/C (clocked by CLK) and u_aes_slave/u_aes_core/key_schedule_inst/key_state_reg_reg[1][186]/D (clocked by CLK). Large setup violations at the end of those stages might be difficult to fix during the post-placement implementation flow and could be the result of non-optimal XDC constraints or non-optimal design architecture
Related violations: <none>

TIMING-16#716 Warning
Large setup violation  
There is a large setup violation of -3.787 ns between u_aes_slave/u_aes_core/key_schedule_inst/key_state_reg_reg[6][224]/C (clocked by CLK) and u_aes_slave/u_aes_core/key_schedule_inst/key_state_reg_reg[7][186]/D (clocked by CLK). Large setup violations at the end of those stages might be difficult to fix during the post-placement implementation flow and could be the result of non-optimal XDC constraints or non-optimal design architecture
Related violations: <none>

TIMING-16#717 Warning
Large setup violation  
There is a large setup violation of -3.794 ns between u_aes_slave/u_aes_core/key_schedule_inst/key_state_reg_reg[10][252]/C (clocked by CLK) and u_aes_slave/u_aes_core/key_schedule_inst/key_state_reg_reg[11][215]/D (clocked by CLK). Large setup violations at the end of those stages might be difficult to fix during the post-placement implementation flow and could be the result of non-optimal XDC constraints or non-optimal design architecture
Related violations: <none>

TIMING-16#718 Warning
Large setup violation  
There is a large setup violation of -3.801 ns between u_aes_slave/u_aes_core/key_schedule_inst/key_state_reg_reg[10][226]/C (clocked by CLK) and u_aes_slave/u_aes_core/key_schedule_inst/key_state_reg_reg[11][216]/D (clocked by CLK). Large setup violations at the end of those stages might be difficult to fix during the post-placement implementation flow and could be the result of non-optimal XDC constraints or non-optimal design architecture
Related violations: <none>

TIMING-16#719 Warning
Large setup violation  
There is a large setup violation of -3.808 ns between u_aes_slave/u_aes_core/key_schedule_inst/key_state_reg_reg[6][226]/C (clocked by CLK) and u_aes_slave/u_aes_core/key_schedule_inst/key_state_reg_reg[7][188]/D (clocked by CLK). Large setup violations at the end of those stages might be difficult to fix during the post-placement implementation flow and could be the result of non-optimal XDC constraints or non-optimal design architecture
Related violations: <none>

TIMING-16#720 Warning
Large setup violation  
There is a large setup violation of -3.812 ns between u_aes_slave/u_aes_core/key_schedule_inst/key_state_reg_reg[0][224]/C (clocked by CLK) and u_aes_slave/u_aes_core/key_schedule_inst/key_state_reg_reg[1][219]/D (clocked by CLK). Large setup violations at the end of those stages might be difficult to fix during the post-placement implementation flow and could be the result of non-optimal XDC constraints or non-optimal design architecture
Related violations: <none>

TIMING-16#721 Warning
Large setup violation  
There is a large setup violation of -3.815 ns between u_aes_slave/u_aes_core/key_schedule_inst/key_state_reg_reg[10][252]/C (clocked by CLK) and u_aes_slave/u_aes_core/key_schedule_inst/key_state_reg_reg[11][183]/D (clocked by CLK). Large setup violations at the end of those stages might be difficult to fix during the post-placement implementation flow and could be the result of non-optimal XDC constraints or non-optimal design architecture
Related violations: <none>

TIMING-16#722 Warning
Large setup violation  
There is a large setup violation of -3.817 ns between u_aes_slave/u_aes_core/key_schedule_inst/key_state_reg_reg[0][224]/C (clocked by CLK) and u_aes_slave/u_aes_core/key_schedule_inst/key_state_reg_reg[1][250]/D (clocked by CLK). Large setup violations at the end of those stages might be difficult to fix during the post-placement implementation flow and could be the result of non-optimal XDC constraints or non-optimal design architecture
Related violations: <none>

TIMING-16#723 Warning
Large setup violation  
There is a large setup violation of -3.819 ns between u_aes_slave/u_aes_core/key_schedule_inst/key_state_reg_reg[4][225]/C (clocked by CLK) and u_aes_slave/u_aes_core/key_schedule_inst/key_state_reg_reg[5][253]/D (clocked by CLK). Large setup violations at the end of those stages might be difficult to fix during the post-placement implementation flow and could be the result of non-optimal XDC constraints or non-optimal design architecture
Related violations: <none>

TIMING-16#724 Warning
Large setup violation  
There is a large setup violation of -3.825 ns between u_aes_slave/u_aes_core/key_schedule_inst/key_state_reg_reg[4][244]/C (clocked by CLK) and u_aes_slave/u_aes_core/key_schedule_inst/key_state_reg_reg[5][137]/D (clocked by CLK). Large setup violations at the end of those stages might be difficult to fix during the post-placement implementation flow and could be the result of non-optimal XDC constraints or non-optimal design architecture
Related violations: <none>

TIMING-16#725 Warning
Large setup violation  
There is a large setup violation of -3.837 ns between u_aes_slave/u_aes_core/key_schedule_inst/key_state_reg_reg[10][252]/C (clocked by CLK) and u_aes_slave/u_aes_core/key_schedule_inst/key_state_reg_reg[11][209]/D (clocked by CLK). Large setup violations at the end of those stages might be difficult to fix during the post-placement implementation flow and could be the result of non-optimal XDC constraints or non-optimal design architecture
Related violations: <none>

TIMING-16#726 Warning
Large setup violation  
There is a large setup violation of -3.838 ns between u_aes_slave/u_aes_core/key_schedule_inst/key_state_reg_reg[4][254]/C (clocked by CLK) and u_aes_slave/u_aes_core/key_schedule_inst/key_state_reg_reg[5][246]/D (clocked by CLK). Large setup violations at the end of those stages might be difficult to fix during the post-placement implementation flow and could be the result of non-optimal XDC constraints or non-optimal design architecture
Related violations: <none>

TIMING-16#727 Warning
Large setup violation  
There is a large setup violation of -3.845 ns between u_aes_slave/u_aes_core/key_schedule_inst/key_state_reg_reg[10][252]/C (clocked by CLK) and u_aes_slave/u_aes_core/key_schedule_inst/key_state_reg_reg[11][178]/D (clocked by CLK). Large setup violations at the end of those stages might be difficult to fix during the post-placement implementation flow and could be the result of non-optimal XDC constraints or non-optimal design architecture
Related violations: <none>

TIMING-16#728 Warning
Large setup violation  
There is a large setup violation of -3.846 ns between u_aes_slave/u_aes_core/key_schedule_inst/key_state_reg_reg[4][244]/C (clocked by CLK) and u_aes_slave/u_aes_core/key_schedule_inst/key_state_reg_reg[5][138]/D (clocked by CLK). Large setup violations at the end of those stages might be difficult to fix during the post-placement implementation flow and could be the result of non-optimal XDC constraints or non-optimal design architecture
Related violations: <none>

TIMING-16#729 Warning
Large setup violation  
There is a large setup violation of -3.848 ns between u_aes_slave/u_aes_core/key_schedule_inst/key_state_reg_reg[2][225]/C (clocked by CLK) and u_aes_slave/u_aes_core/key_schedule_inst/key_state_reg_reg[3][155]/D (clocked by CLK). Large setup violations at the end of those stages might be difficult to fix during the post-placement implementation flow and could be the result of non-optimal XDC constraints or non-optimal design architecture
Related violations: <none>

TIMING-16#730 Warning
Large setup violation  
There is a large setup violation of -3.859 ns between u_aes_slave/u_aes_core/key_schedule_inst/key_state_reg_reg[10][226]/C (clocked by CLK) and u_aes_slave/u_aes_core/key_schedule_inst/key_state_reg_reg[11][156]/D (clocked by CLK). Large setup violations at the end of those stages might be difficult to fix during the post-placement implementation flow and could be the result of non-optimal XDC constraints or non-optimal design architecture
Related violations: <none>

TIMING-16#731 Warning
Large setup violation  
There is a large setup violation of -3.859 ns between u_aes_slave/u_aes_core/key_schedule_inst/key_state_reg_reg[6][224]/C (clocked by CLK) and u_aes_slave/u_aes_core/key_schedule_inst/key_state_reg_reg[7][189]/D (clocked by CLK). Large setup violations at the end of those stages might be difficult to fix during the post-placement implementation flow and could be the result of non-optimal XDC constraints or non-optimal design architecture
Related violations: <none>

TIMING-16#732 Warning
Large setup violation  
There is a large setup violation of -3.861 ns between u_aes_slave/u_aes_core/key_schedule_inst/key_state_reg_reg[4][224]/C (clocked by CLK) and u_aes_slave/u_aes_core/key_schedule_inst/key_state_reg_reg[5][216]/D (clocked by CLK). Large setup violations at the end of those stages might be difficult to fix during the post-placement implementation flow and could be the result of non-optimal XDC constraints or non-optimal design architecture
Related violations: <none>

TIMING-16#733 Warning
Large setup violation  
There is a large setup violation of -3.861 ns between u_aes_slave/u_aes_core/key_schedule_inst/key_state_reg_reg[6][236]/C (clocked by CLK) and u_aes_slave/u_aes_core/key_schedule_inst/key_state_reg_reg[7][198]/D (clocked by CLK). Large setup violations at the end of those stages might be difficult to fix during the post-placement implementation flow and could be the result of non-optimal XDC constraints or non-optimal design architecture
Related violations: <none>

TIMING-16#734 Warning
Large setup violation  
There is a large setup violation of -3.864 ns between u_aes_slave/u_aes_core/key_schedule_inst/key_state_reg_reg[4][244]/C (clocked by CLK) and u_aes_slave/u_aes_core/key_schedule_inst/key_state_reg_reg[5][169]/D (clocked by CLK). Large setup violations at the end of those stages might be difficult to fix during the post-placement implementation flow and could be the result of non-optimal XDC constraints or non-optimal design architecture
Related violations: <none>

TIMING-16#735 Warning
Large setup violation  
There is a large setup violation of -3.876 ns between u_aes_slave/u_aes_core/key_schedule_inst/key_state_reg_reg[0][241]/C (clocked by CLK) and u_aes_slave/u_aes_core/key_schedule_inst/key_state_reg_reg[1][141]/D (clocked by CLK). Large setup violations at the end of those stages might be difficult to fix during the post-placement implementation flow and could be the result of non-optimal XDC constraints or non-optimal design architecture
Related violations: <none>

TIMING-16#736 Warning
Large setup violation  
There is a large setup violation of -3.885 ns between u_aes_slave/u_aes_core/key_schedule_inst/key_state_reg_reg[2][226]/C (clocked by CLK) and u_aes_slave/u_aes_core/key_schedule_inst/key_state_reg_reg[3][189]/D (clocked by CLK). Large setup violations at the end of those stages might be difficult to fix during the post-placement implementation flow and could be the result of non-optimal XDC constraints or non-optimal design architecture
Related violations: <none>

TIMING-16#737 Warning
Large setup violation  
There is a large setup violation of -3.886 ns between u_aes_slave/u_aes_core/key_schedule_inst/key_state_reg_reg[10][245]/C (clocked by CLK) and u_aes_slave/u_aes_core/key_schedule_inst/key_state_reg_reg[11][140]/D (clocked by CLK). Large setup violations at the end of those stages might be difficult to fix during the post-placement implementation flow and could be the result of non-optimal XDC constraints or non-optimal design architecture
Related violations: <none>

TIMING-16#738 Warning
Large setup violation  
There is a large setup violation of -3.889 ns between u_aes_slave/u_aes_core/key_schedule_inst/key_state_reg_reg[0][241]/C (clocked by CLK) and u_aes_slave/u_aes_core/key_schedule_inst/key_state_reg_reg[1][204]/D (clocked by CLK). Large setup violations at the end of those stages might be difficult to fix during the post-placement implementation flow and could be the result of non-optimal XDC constraints or non-optimal design architecture
Related violations: <none>

TIMING-16#739 Warning
Large setup violation  
There is a large setup violation of -3.891 ns between u_aes_slave/u_aes_core/key_schedule_inst/key_state_reg_reg[0][224]/C (clocked by CLK) and u_aes_slave/u_aes_core/key_schedule_inst/key_state_reg_reg[1][191]/D (clocked by CLK). Large setup violations at the end of those stages might be difficult to fix during the post-placement implementation flow and could be the result of non-optimal XDC constraints or non-optimal design architecture
Related violations: <none>

TIMING-16#740 Warning
Large setup violation  
There is a large setup violation of -3.892 ns between u_aes_slave/u_aes_core/key_schedule_inst/key_state_reg_reg[0][224]/C (clocked by CLK) and u_aes_slave/u_aes_core/key_schedule_inst/key_state_reg_reg[1][223]/D (clocked by CLK). Large setup violations at the end of those stages might be difficult to fix during the post-placement implementation flow and could be the result of non-optimal XDC constraints or non-optimal design architecture
Related violations: <none>

TIMING-16#741 Warning
Large setup violation  
There is a large setup violation of -3.893 ns between u_aes_slave/u_aes_core/key_schedule_inst/key_state_reg_reg[2][226]/C (clocked by CLK) and u_aes_slave/u_aes_core/key_schedule_inst/key_state_reg_reg[3][157]/D (clocked by CLK). Large setup violations at the end of those stages might be difficult to fix during the post-placement implementation flow and could be the result of non-optimal XDC constraints or non-optimal design architecture
Related violations: <none>

TIMING-16#742 Warning
Large setup violation  
There is a large setup violation of -3.909 ns between u_aes_slave/u_aes_core/key_schedule_inst/key_state_reg_reg[4][224]/C (clocked by CLK) and u_aes_slave/u_aes_core/key_schedule_inst/key_state_reg_reg[5][184]/D (clocked by CLK). Large setup violations at the end of those stages might be difficult to fix during the post-placement implementation flow and could be the result of non-optimal XDC constraints or non-optimal design architecture
Related violations: <none>

TIMING-16#743 Warning
Large setup violation  
There is a large setup violation of -3.910 ns between u_aes_slave/u_aes_core/key_schedule_inst/key_state_reg_reg[0][224]/C (clocked by CLK) and u_aes_slave/u_aes_core/key_schedule_inst/key_state_reg_reg[1][255]/D (clocked by CLK). Large setup violations at the end of those stages might be difficult to fix during the post-placement implementation flow and could be the result of non-optimal XDC constraints or non-optimal design architecture
Related violations: <none>

TIMING-16#744 Warning
Large setup violation  
There is a large setup violation of -3.911 ns between u_aes_slave/u_aes_core/key_schedule_inst/key_state_reg_reg[6][224]/C (clocked by CLK) and u_aes_slave/u_aes_core/key_schedule_inst/key_state_reg_reg[7][159]/D (clocked by CLK). Large setup violations at the end of those stages might be difficult to fix during the post-placement implementation flow and could be the result of non-optimal XDC constraints or non-optimal design architecture
Related violations: <none>

TIMING-16#745 Warning
Large setup violation  
There is a large setup violation of -3.914 ns between u_aes_slave/u_aes_core/key_schedule_inst/key_state_reg_reg[0][224]/C (clocked by CLK) and u_aes_slave/u_aes_core/key_schedule_inst/key_state_reg_reg[1][217]/D (clocked by CLK). Large setup violations at the end of those stages might be difficult to fix during the post-placement implementation flow and could be the result of non-optimal XDC constraints or non-optimal design architecture
Related violations: <none>

TIMING-16#746 Warning
Large setup violation  
There is a large setup violation of -3.941 ns between u_aes_slave/u_aes_core/key_schedule_inst/key_state_reg_reg[10][226]/C (clocked by CLK) and u_aes_slave/u_aes_core/key_schedule_inst/key_state_reg_reg[11][223]/D (clocked by CLK). Large setup violations at the end of those stages might be difficult to fix during the post-placement implementation flow and could be the result of non-optimal XDC constraints or non-optimal design architecture
Related violations: <none>

TIMING-16#747 Warning
Large setup violation  
There is a large setup violation of -3.944 ns between u_aes_slave/u_aes_core/key_schedule_inst/key_state_reg_reg[10][226]/C (clocked by CLK) and u_aes_slave/u_aes_core/key_schedule_inst/key_state_reg_reg[11][250]/D (clocked by CLK). Large setup violations at the end of those stages might be difficult to fix during the post-placement implementation flow and could be the result of non-optimal XDC constraints or non-optimal design architecture
Related violations: <none>

TIMING-16#748 Warning
Large setup violation  
There is a large setup violation of -3.944 ns between u_aes_slave/u_aes_core/key_schedule_inst/key_state_reg_reg[2][226]/C (clocked by CLK) and u_aes_slave/u_aes_core/key_schedule_inst/key_state_reg_reg[3][156]/D (clocked by CLK). Large setup violations at the end of those stages might be difficult to fix during the post-placement implementation flow and could be the result of non-optimal XDC constraints or non-optimal design architecture
Related violations: <none>

TIMING-16#749 Warning
Large setup violation  
There is a large setup violation of -3.945 ns between u_aes_slave/u_aes_core/key_schedule_inst/key_state_reg_reg[4][236]/C (clocked by CLK) and u_aes_slave/u_aes_core/key_schedule_inst/key_state_reg_reg[5][196]/D (clocked by CLK). Large setup violations at the end of those stages might be difficult to fix during the post-placement implementation flow and could be the result of non-optimal XDC constraints or non-optimal design architecture
Related violations: <none>

TIMING-16#750 Warning
Large setup violation  
There is a large setup violation of -3.946 ns between u_aes_slave/u_aes_core/key_schedule_inst/key_state_reg_reg[0][241]/C (clocked by CLK) and u_aes_slave/u_aes_core/key_schedule_inst/key_state_reg_reg[1][172]/D (clocked by CLK). Large setup violations at the end of those stages might be difficult to fix during the post-placement implementation flow and could be the result of non-optimal XDC constraints or non-optimal design architecture
Related violations: <none>

TIMING-16#751 Warning
Large setup violation  
There is a large setup violation of -3.949 ns between u_aes_slave/u_aes_core/key_schedule_inst/key_state_reg_reg[2][225]/C (clocked by CLK) and u_aes_slave/u_aes_core/key_schedule_inst/key_state_reg_reg[3][185]/D (clocked by CLK). Large setup violations at the end of those stages might be difficult to fix during the post-placement implementation flow and could be the result of non-optimal XDC constraints or non-optimal design architecture
Related violations: <none>

TIMING-16#752 Warning
Large setup violation  
There is a large setup violation of -3.956 ns between u_aes_slave/u_aes_core/key_schedule_inst/key_state_reg_reg[2][225]/C (clocked by CLK) and u_aes_slave/u_aes_core/key_schedule_inst/key_state_reg_reg[3][217]/D (clocked by CLK). Large setup violations at the end of those stages might be difficult to fix during the post-placement implementation flow and could be the result of non-optimal XDC constraints or non-optimal design architecture
Related violations: <none>

TIMING-16#753 Warning
Large setup violation  
There is a large setup violation of -3.968 ns between u_aes_slave/u_aes_core/key_schedule_inst/key_state_reg_reg[10][245]/C (clocked by CLK) and u_aes_slave/u_aes_core/key_schedule_inst/key_state_reg_reg[11][169]/D (clocked by CLK). Large setup violations at the end of those stages might be difficult to fix during the post-placement implementation flow and could be the result of non-optimal XDC constraints or non-optimal design architecture
Related violations: <none>

TIMING-16#754 Warning
Large setup violation  
There is a large setup violation of -3.970 ns between u_aes_slave/u_aes_core/key_schedule_inst/key_state_reg_reg[2][225]/C (clocked by CLK) and u_aes_slave/u_aes_core/key_schedule_inst/key_state_reg_reg[3][218]/D (clocked by CLK). Large setup violations at the end of those stages might be difficult to fix during the post-placement implementation flow and could be the result of non-optimal XDC constraints or non-optimal design architecture
Related violations: <none>

TIMING-16#755 Warning
Large setup violation  
There is a large setup violation of -3.971 ns between u_aes_slave/u_aes_core/key_schedule_inst/key_state_reg_reg[6][241]/C (clocked by CLK) and u_aes_slave/u_aes_core/key_schedule_inst/key_state_reg_reg[7][201]/D (clocked by CLK). Large setup violations at the end of those stages might be difficult to fix during the post-placement implementation flow and could be the result of non-optimal XDC constraints or non-optimal design architecture
Related violations: <none>

TIMING-16#756 Warning
Large setup violation  
There is a large setup violation of -3.973 ns between u_aes_slave/u_aes_core/key_schedule_inst/key_state_reg_reg[2][225]/C (clocked by CLK) and u_aes_slave/u_aes_core/key_schedule_inst/key_state_reg_reg[3][186]/D (clocked by CLK). Large setup violations at the end of those stages might be difficult to fix during the post-placement implementation flow and could be the result of non-optimal XDC constraints or non-optimal design architecture
Related violations: <none>

TIMING-16#757 Warning
Large setup violation  
There is a large setup violation of -3.979 ns between u_aes_slave/u_aes_core/key_schedule_inst/key_state_reg_reg[10][252]/C (clocked by CLK) and u_aes_slave/u_aes_core/key_schedule_inst/key_state_reg_reg[11][212]/D (clocked by CLK). Large setup violations at the end of those stages might be difficult to fix during the post-placement implementation flow and could be the result of non-optimal XDC constraints or non-optimal design architecture
Related violations: <none>

TIMING-16#758 Warning
Large setup violation  
There is a large setup violation of -3.981 ns between u_aes_slave/u_aes_core/key_schedule_inst/key_state_reg_reg[6][224]/C (clocked by CLK) and u_aes_slave/u_aes_core/key_schedule_inst/key_state_reg_reg[7][184]/D (clocked by CLK). Large setup violations at the end of those stages might be difficult to fix during the post-placement implementation flow and could be the result of non-optimal XDC constraints or non-optimal design architecture
Related violations: <none>

TIMING-16#759 Warning
Large setup violation  
There is a large setup violation of -3.982 ns between u_aes_slave/u_aes_core/key_schedule_inst/key_state_reg_reg[0][241]/C (clocked by CLK) and u_aes_slave/u_aes_core/key_schedule_inst/key_state_reg_reg[1][143]/D (clocked by CLK). Large setup violations at the end of those stages might be difficult to fix during the post-placement implementation flow and could be the result of non-optimal XDC constraints or non-optimal design architecture
Related violations: <none>

TIMING-16#760 Warning
Large setup violation  
There is a large setup violation of -3.982 ns between u_aes_slave/u_aes_core/key_schedule_inst/key_state_reg_reg[6][224]/C (clocked by CLK) and u_aes_slave/u_aes_core/key_schedule_inst/key_state_reg_reg[7][216]/D (clocked by CLK). Large setup violations at the end of those stages might be difficult to fix during the post-placement implementation flow and could be the result of non-optimal XDC constraints or non-optimal design architecture
Related violations: <none>

TIMING-16#761 Warning
Large setup violation  
There is a large setup violation of -3.986 ns between u_aes_slave/u_aes_core/key_schedule_inst/key_state_reg_reg[2][226]/C (clocked by CLK) and u_aes_slave/u_aes_core/key_schedule_inst/key_state_reg_reg[3][255]/D (clocked by CLK). Large setup violations at the end of those stages might be difficult to fix during the post-placement implementation flow and could be the result of non-optimal XDC constraints or non-optimal design architecture
Related violations: <none>

TIMING-16#762 Warning
Large setup violation  
There is a large setup violation of -3.990 ns between u_aes_slave/u_aes_core/key_schedule_inst/key_state_reg_reg[4][244]/C (clocked by CLK) and u_aes_slave/u_aes_core/key_schedule_inst/key_state_reg_reg[5][136]/D (clocked by CLK). Large setup violations at the end of those stages might be difficult to fix during the post-placement implementation flow and could be the result of non-optimal XDC constraints or non-optimal design architecture
Related violations: <none>

TIMING-16#763 Warning
Large setup violation  
There is a large setup violation of -4.005 ns between u_aes_slave/u_aes_core/key_schedule_inst/key_state_reg_reg[2][245]/C (clocked by CLK) and u_aes_slave/u_aes_core/key_schedule_inst/key_state_reg_reg[3][142]/D (clocked by CLK). Large setup violations at the end of those stages might be difficult to fix during the post-placement implementation flow and could be the result of non-optimal XDC constraints or non-optimal design architecture
Related violations: <none>

TIMING-16#764 Warning
Large setup violation  
There is a large setup violation of -4.006 ns between u_aes_slave/u_aes_core/key_schedule_inst/key_state_reg_reg[6][236]/C (clocked by CLK) and u_aes_slave/u_aes_core/key_schedule_inst/key_state_reg_reg[7][162]/D (clocked by CLK). Large setup violations at the end of those stages might be difficult to fix during the post-placement implementation flow and could be the result of non-optimal XDC constraints or non-optimal design architecture
Related violations: <none>

TIMING-16#765 Warning
Large setup violation  
There is a large setup violation of -4.006 ns between u_aes_slave/u_aes_core/key_schedule_inst/key_state_reg_reg[6][236]/C (clocked by CLK) and u_aes_slave/u_aes_core/key_schedule_inst/key_state_reg_reg[7][194]/D (clocked by CLK). Large setup violations at the end of those stages might be difficult to fix during the post-placement implementation flow and could be the result of non-optimal XDC constraints or non-optimal design architecture
Related violations: <none>

TIMING-16#766 Warning
Large setup violation  
There is a large setup violation of -4.011 ns between u_aes_slave/u_aes_core/key_schedule_inst/key_state_reg_reg[10][252]/C (clocked by CLK) and u_aes_slave/u_aes_core/key_schedule_inst/key_state_reg_reg[11][177]/D (clocked by CLK). Large setup violations at the end of those stages might be difficult to fix during the post-placement implementation flow and could be the result of non-optimal XDC constraints or non-optimal design architecture
Related violations: <none>

TIMING-16#767 Warning
Large setup violation  
There is a large setup violation of -4.012 ns between u_aes_slave/u_aes_core/key_schedule_inst/key_state_reg_reg[10][245]/C (clocked by CLK) and u_aes_slave/u_aes_core/key_schedule_inst/key_state_reg_reg[11][173]/D (clocked by CLK). Large setup violations at the end of those stages might be difficult to fix during the post-placement implementation flow and could be the result of non-optimal XDC constraints or non-optimal design architecture
Related violations: <none>

TIMING-16#768 Warning
Large setup violation  
There is a large setup violation of -4.020 ns between u_aes_slave/u_aes_core/key_schedule_inst/key_state_reg_reg[6][226]/C (clocked by CLK) and u_aes_slave/u_aes_core/key_schedule_inst/key_state_reg_reg[7][156]/D (clocked by CLK). Large setup violations at the end of those stages might be difficult to fix during the post-placement implementation flow and could be the result of non-optimal XDC constraints or non-optimal design architecture
Related violations: <none>

TIMING-16#769 Warning
Large setup violation  
There is a large setup violation of -4.024 ns between u_aes_slave/u_aes_core/key_schedule_inst/key_state_reg_reg[10][226]/C (clocked by CLK) and u_aes_slave/u_aes_core/key_schedule_inst/key_state_reg_reg[11][248]/D (clocked by CLK). Large setup violations at the end of those stages might be difficult to fix during the post-placement implementation flow and could be the result of non-optimal XDC constraints or non-optimal design architecture
Related violations: <none>

TIMING-16#770 Warning
Large setup violation  
There is a large setup violation of -4.024 ns between u_aes_slave/u_aes_core/key_schedule_inst/key_state_reg_reg[10][252]/C (clocked by CLK) and u_aes_slave/u_aes_core/key_schedule_inst/key_state_reg_reg[11][181]/D (clocked by CLK). Large setup violations at the end of those stages might be difficult to fix during the post-placement implementation flow and could be the result of non-optimal XDC constraints or non-optimal design architecture
Related violations: <none>

TIMING-16#771 Warning
Large setup violation  
There is a large setup violation of -4.027 ns between u_aes_slave/u_aes_core/key_schedule_inst/key_state_reg_reg[10][252]/C (clocked by CLK) and u_aes_slave/u_aes_core/key_schedule_inst/key_state_reg_reg[11][149]/D (clocked by CLK). Large setup violations at the end of those stages might be difficult to fix during the post-placement implementation flow and could be the result of non-optimal XDC constraints or non-optimal design architecture
Related violations: <none>

TIMING-16#772 Warning
Large setup violation  
There is a large setup violation of -4.030 ns between u_aes_slave/u_aes_core/key_schedule_inst/key_state_reg_reg[10][245]/C (clocked by CLK) and u_aes_slave/u_aes_core/key_schedule_inst/key_state_reg_reg[11][143]/D (clocked by CLK). Large setup violations at the end of those stages might be difficult to fix during the post-placement implementation flow and could be the result of non-optimal XDC constraints or non-optimal design architecture
Related violations: <none>

TIMING-16#773 Warning
Large setup violation  
There is a large setup violation of -4.031 ns between u_aes_slave/u_aes_core/key_schedule_inst/key_state_reg_reg[2][226]/C (clocked by CLK) and u_aes_slave/u_aes_core/key_schedule_inst/key_state_reg_reg[3][216]/D (clocked by CLK). Large setup violations at the end of those stages might be difficult to fix during the post-placement implementation flow and could be the result of non-optimal XDC constraints or non-optimal design architecture
Related violations: <none>

TIMING-16#774 Warning
Large setup violation  
There is a large setup violation of -4.031 ns between u_aes_slave/u_aes_core/key_schedule_inst/key_state_reg_reg[2][226]/C (clocked by CLK) and u_aes_slave/u_aes_core/key_schedule_inst/key_state_reg_reg[3][253]/D (clocked by CLK). Large setup violations at the end of those stages might be difficult to fix during the post-placement implementation flow and could be the result of non-optimal XDC constraints or non-optimal design architecture
Related violations: <none>

TIMING-16#775 Warning
Large setup violation  
There is a large setup violation of -4.035 ns between u_aes_slave/u_aes_core/key_schedule_inst/key_state_reg_reg[0][234]/C (clocked by CLK) and u_aes_slave/u_aes_core/key_schedule_inst/key_state_reg_reg[1][231]/D (clocked by CLK). Large setup violations at the end of those stages might be difficult to fix during the post-placement implementation flow and could be the result of non-optimal XDC constraints or non-optimal design architecture
Related violations: <none>

TIMING-16#776 Warning
Large setup violation  
There is a large setup violation of -4.046 ns between u_aes_slave/u_aes_core/key_schedule_inst/key_state_reg_reg[0][241]/C (clocked by CLK) and u_aes_slave/u_aes_core/key_schedule_inst/key_state_reg_reg[1][205]/D (clocked by CLK). Large setup violations at the end of those stages might be difficult to fix during the post-placement implementation flow and could be the result of non-optimal XDC constraints or non-optimal design architecture
Related violations: <none>

TIMING-16#777 Warning
Large setup violation  
There is a large setup violation of -4.046 ns between u_aes_slave/u_aes_core/key_schedule_inst/key_state_reg_reg[2][225]/C (clocked by CLK) and u_aes_slave/u_aes_core/key_schedule_inst/key_state_reg_reg[3][250]/D (clocked by CLK). Large setup violations at the end of those stages might be difficult to fix during the post-placement implementation flow and could be the result of non-optimal XDC constraints or non-optimal design architecture
Related violations: <none>

TIMING-16#778 Warning
Large setup violation  
There is a large setup violation of -4.053 ns between u_aes_slave/u_aes_core/key_schedule_inst/key_state_reg_reg[0][241]/C (clocked by CLK) and u_aes_slave/u_aes_core/key_schedule_inst/key_state_reg_reg[1][173]/D (clocked by CLK). Large setup violations at the end of those stages might be difficult to fix during the post-placement implementation flow and could be the result of non-optimal XDC constraints or non-optimal design architecture
Related violations: <none>

TIMING-16#779 Warning
Large setup violation  
There is a large setup violation of -4.060 ns between u_aes_slave/u_aes_core/key_schedule_inst/key_state_reg_reg[6][224]/C (clocked by CLK) and u_aes_slave/u_aes_core/key_schedule_inst/key_state_reg_reg[7][158]/D (clocked by CLK). Large setup violations at the end of those stages might be difficult to fix during the post-placement implementation flow and could be the result of non-optimal XDC constraints or non-optimal design architecture
Related violations: <none>

TIMING-16#780 Warning
Large setup violation  
There is a large setup violation of -4.062 ns between u_aes_slave/u_aes_core/key_schedule_inst/key_state_reg_reg[6][242]/C (clocked by CLK) and u_aes_slave/u_aes_core/key_schedule_inst/key_state_reg_reg[7][172]/D (clocked by CLK). Large setup violations at the end of those stages might be difficult to fix during the post-placement implementation flow and could be the result of non-optimal XDC constraints or non-optimal design architecture
Related violations: <none>

TIMING-16#781 Warning
Large setup violation  
There is a large setup violation of -4.062 ns between u_aes_slave/u_aes_core/key_schedule_inst/key_state_reg_reg[6][242]/C (clocked by CLK) and u_aes_slave/u_aes_core/key_schedule_inst/key_state_reg_reg[7][204]/D (clocked by CLK). Large setup violations at the end of those stages might be difficult to fix during the post-placement implementation flow and could be the result of non-optimal XDC constraints or non-optimal design architecture
Related violations: <none>

TIMING-16#782 Warning
Large setup violation  
There is a large setup violation of -4.069 ns between u_aes_slave/u_aes_core/key_schedule_inst/key_state_reg_reg[4][244]/C (clocked by CLK) and u_aes_slave/u_aes_core/key_schedule_inst/key_state_reg_reg[5][142]/D (clocked by CLK). Large setup violations at the end of those stages might be difficult to fix during the post-placement implementation flow and could be the result of non-optimal XDC constraints or non-optimal design architecture
Related violations: <none>

TIMING-16#783 Warning
Large setup violation  
There is a large setup violation of -4.078 ns between u_aes_slave/u_aes_core/key_schedule_inst/key_state_reg_reg[0][224]/C (clocked by CLK) and u_aes_slave/u_aes_core/key_schedule_inst/key_state_reg_reg[1][254]/D (clocked by CLK). Large setup violations at the end of those stages might be difficult to fix during the post-placement implementation flow and could be the result of non-optimal XDC constraints or non-optimal design architecture
Related violations: <none>

TIMING-16#784 Warning
Large setup violation  
There is a large setup violation of -4.080 ns between u_aes_slave/u_aes_core/key_schedule_inst/key_state_reg_reg[0][224]/C (clocked by CLK) and u_aes_slave/u_aes_core/key_schedule_inst/key_state_reg_reg[1][190]/D (clocked by CLK). Large setup violations at the end of those stages might be difficult to fix during the post-placement implementation flow and could be the result of non-optimal XDC constraints or non-optimal design architecture
Related violations: <none>

TIMING-16#785 Warning
Large setup violation  
There is a large setup violation of -4.086 ns between u_aes_slave/u_aes_core/key_schedule_inst/key_state_reg_reg[4][242]/C (clocked by CLK) and u_aes_slave/u_aes_core/key_schedule_inst/key_state_reg_reg[5][170]/D (clocked by CLK). Large setup violations at the end of those stages might be difficult to fix during the post-placement implementation flow and could be the result of non-optimal XDC constraints or non-optimal design architecture
Related violations: <none>

TIMING-16#786 Warning
Large setup violation  
There is a large setup violation of -4.088 ns between u_aes_slave/u_aes_core/key_schedule_inst/key_state_reg_reg[6][224]/C (clocked by CLK) and u_aes_slave/u_aes_core/key_schedule_inst/key_state_reg_reg[7][191]/D (clocked by CLK). Large setup violations at the end of those stages might be difficult to fix during the post-placement implementation flow and could be the result of non-optimal XDC constraints or non-optimal design architecture
Related violations: <none>

TIMING-16#787 Warning
Large setup violation  
There is a large setup violation of -4.096 ns between u_aes_slave/u_aes_core/key_schedule_inst/key_state_reg_reg[10][226]/C (clocked by CLK) and u_aes_slave/u_aes_core/key_schedule_inst/key_state_reg_reg[11][219]/D (clocked by CLK). Large setup violations at the end of those stages might be difficult to fix during the post-placement implementation flow and could be the result of non-optimal XDC constraints or non-optimal design architecture
Related violations: <none>

TIMING-16#788 Warning
Large setup violation  
There is a large setup violation of -4.103 ns between u_aes_slave/u_aes_core/key_schedule_inst/key_state_reg_reg[2][225]/C (clocked by CLK) and u_aes_slave/u_aes_core/key_schedule_inst/key_state_reg_reg[3][187]/D (clocked by CLK). Large setup violations at the end of those stages might be difficult to fix during the post-placement implementation flow and could be the result of non-optimal XDC constraints or non-optimal design architecture
Related violations: <none>

TIMING-16#789 Warning
Large setup violation  
There is a large setup violation of -4.104 ns between u_aes_slave/u_aes_core/key_schedule_inst/key_state_reg_reg[2][225]/C (clocked by CLK) and u_aes_slave/u_aes_core/key_schedule_inst/key_state_reg_reg[3][219]/D (clocked by CLK). Large setup violations at the end of those stages might be difficult to fix during the post-placement implementation flow and could be the result of non-optimal XDC constraints or non-optimal design architecture
Related violations: <none>

TIMING-16#790 Warning
Large setup violation  
There is a large setup violation of -4.105 ns between u_aes_slave/u_aes_core/key_schedule_inst/key_state_reg_reg[0][224]/C (clocked by CLK) and u_aes_slave/u_aes_core/key_schedule_inst/key_state_reg_reg[1][249]/D (clocked by CLK). Large setup violations at the end of those stages might be difficult to fix during the post-placement implementation flow and could be the result of non-optimal XDC constraints or non-optimal design architecture
Related violations: <none>

TIMING-16#791 Warning
Large setup violation  
There is a large setup violation of -4.124 ns between u_aes_slave/u_aes_core/key_schedule_inst/key_state_reg_reg[6][241]/C (clocked by CLK) and u_aes_slave/u_aes_core/key_schedule_inst/key_state_reg_reg[7][175]/D (clocked by CLK). Large setup violations at the end of those stages might be difficult to fix during the post-placement implementation flow and could be the result of non-optimal XDC constraints or non-optimal design architecture
Related violations: <none>

TIMING-16#792 Warning
Large setup violation  
There is a large setup violation of -4.127 ns between u_aes_slave/u_aes_core/key_schedule_inst/key_state_reg_reg[4][224]/C (clocked by CLK) and u_aes_slave/u_aes_core/key_schedule_inst/key_state_reg_reg[5][248]/D (clocked by CLK). Large setup violations at the end of those stages might be difficult to fix during the post-placement implementation flow and could be the result of non-optimal XDC constraints or non-optimal design architecture
Related violations: <none>

TIMING-16#793 Warning
Large setup violation  
There is a large setup violation of -4.133 ns between u_aes_slave/u_aes_core/key_schedule_inst/key_state_reg_reg[10][245]/C (clocked by CLK) and u_aes_slave/u_aes_core/key_schedule_inst/key_state_reg_reg[11][237]/D (clocked by CLK). Large setup violations at the end of those stages might be difficult to fix during the post-placement implementation flow and could be the result of non-optimal XDC constraints or non-optimal design architecture
Related violations: <none>

TIMING-16#794 Warning
Large setup violation  
There is a large setup violation of -4.135 ns between u_aes_slave/u_aes_core/key_schedule_inst/key_state_reg_reg[0][224]/C (clocked by CLK) and u_aes_slave/u_aes_core/key_schedule_inst/key_state_reg_reg[1][222]/D (clocked by CLK). Large setup violations at the end of those stages might be difficult to fix during the post-placement implementation flow and could be the result of non-optimal XDC constraints or non-optimal design architecture
Related violations: <none>

TIMING-16#795 Warning
Large setup violation  
There is a large setup violation of -4.139 ns between u_aes_slave/u_aes_core/key_schedule_inst/key_state_reg_reg[10][252]/C (clocked by CLK) and u_aes_slave/u_aes_core/key_schedule_inst/key_state_reg_reg[11][180]/D (clocked by CLK). Large setup violations at the end of those stages might be difficult to fix during the post-placement implementation flow and could be the result of non-optimal XDC constraints or non-optimal design architecture
Related violations: <none>

TIMING-16#796 Warning
Large setup violation  
There is a large setup violation of -4.142 ns between u_aes_slave/u_aes_core/key_schedule_inst/key_state_reg_reg[10][226]/C (clocked by CLK) and u_aes_slave/u_aes_core/key_schedule_inst/key_state_reg_reg[11][220]/D (clocked by CLK). Large setup violations at the end of those stages might be difficult to fix during the post-placement implementation flow and could be the result of non-optimal XDC constraints or non-optimal design architecture
Related violations: <none>

TIMING-16#797 Warning
Large setup violation  
There is a large setup violation of -4.142 ns between u_aes_slave/u_aes_core/key_schedule_inst/key_state_reg_reg[10][245]/C (clocked by CLK) and u_aes_slave/u_aes_core/key_schedule_inst/key_state_reg_reg[11][204]/D (clocked by CLK). Large setup violations at the end of those stages might be difficult to fix during the post-placement implementation flow and could be the result of non-optimal XDC constraints or non-optimal design architecture
Related violations: <none>

TIMING-16#798 Warning
Large setup violation  
There is a large setup violation of -4.147 ns between u_aes_slave/u_aes_core/key_schedule_inst/key_state_reg_reg[2][226]/C (clocked by CLK) and u_aes_slave/u_aes_core/key_schedule_inst/key_state_reg_reg[3][251]/D (clocked by CLK). Large setup violations at the end of those stages might be difficult to fix during the post-placement implementation flow and could be the result of non-optimal XDC constraints or non-optimal design architecture
Related violations: <none>

TIMING-16#799 Warning
Large setup violation  
There is a large setup violation of -4.151 ns between u_aes_slave/u_aes_core/key_schedule_inst/key_state_reg_reg[6][241]/C (clocked by CLK) and u_aes_slave/u_aes_core/key_schedule_inst/key_state_reg_reg[7][143]/D (clocked by CLK). Large setup violations at the end of those stages might be difficult to fix during the post-placement implementation flow and could be the result of non-optimal XDC constraints or non-optimal design architecture
Related violations: <none>

TIMING-16#800 Warning
Large setup violation  
There is a large setup violation of -4.156 ns between u_aes_slave/u_aes_core/key_schedule_inst/key_state_reg_reg[10][226]/C (clocked by CLK) and u_aes_slave/u_aes_core/key_schedule_inst/key_state_reg_reg[11][188]/D (clocked by CLK). Large setup violations at the end of those stages might be difficult to fix during the post-placement implementation flow and could be the result of non-optimal XDC constraints or non-optimal design architecture
Related violations: <none>

TIMING-16#801 Warning
Large setup violation  
There is a large setup violation of -4.168 ns between u_aes_slave/u_aes_core/key_schedule_inst/key_state_reg_reg[10][226]/C (clocked by CLK) and u_aes_slave/u_aes_core/key_schedule_inst/key_state_reg_reg[11][191]/D (clocked by CLK). Large setup violations at the end of those stages might be difficult to fix during the post-placement implementation flow and could be the result of non-optimal XDC constraints or non-optimal design architecture
Related violations: <none>

TIMING-16#802 Warning
Large setup violation  
There is a large setup violation of -4.168 ns between u_aes_slave/u_aes_core/key_schedule_inst/key_state_reg_reg[4][224]/C (clocked by CLK) and u_aes_slave/u_aes_core/key_schedule_inst/key_state_reg_reg[5][250]/D (clocked by CLK). Large setup violations at the end of those stages might be difficult to fix during the post-placement implementation flow and could be the result of non-optimal XDC constraints or non-optimal design architecture
Related violations: <none>

TIMING-16#803 Warning
Large setup violation  
There is a large setup violation of -4.171 ns between u_aes_slave/u_aes_core/key_schedule_inst/key_state_reg_reg[10][252]/C (clocked by CLK) and u_aes_slave/u_aes_core/key_schedule_inst/key_state_reg_reg[11][144]/D (clocked by CLK). Large setup violations at the end of those stages might be difficult to fix during the post-placement implementation flow and could be the result of non-optimal XDC constraints or non-optimal design architecture
Related violations: <none>

TIMING-16#804 Warning
Large setup violation  
There is a large setup violation of -4.179 ns between u_aes_slave/u_aes_core/key_schedule_inst/key_state_reg_reg[6][242]/C (clocked by CLK) and u_aes_slave/u_aes_core/key_schedule_inst/key_state_reg_reg[7][142]/D (clocked by CLK). Large setup violations at the end of those stages might be difficult to fix during the post-placement implementation flow and could be the result of non-optimal XDC constraints or non-optimal design architecture
Related violations: <none>

TIMING-16#805 Warning
Large setup violation  
There is a large setup violation of -4.190 ns between u_aes_slave/u_aes_core/key_schedule_inst/key_state_reg_reg[4][244]/C (clocked by CLK) and u_aes_slave/u_aes_core/key_schedule_inst/key_state_reg_reg[5][204]/D (clocked by CLK). Large setup violations at the end of those stages might be difficult to fix during the post-placement implementation flow and could be the result of non-optimal XDC constraints or non-optimal design architecture
Related violations: <none>

TIMING-16#806 Warning
Large setup violation  
There is a large setup violation of -4.193 ns between u_aes_slave/u_aes_core/key_schedule_inst/key_state_reg_reg[4][244]/C (clocked by CLK) and u_aes_slave/u_aes_core/key_schedule_inst/key_state_reg_reg[5][200]/D (clocked by CLK). Large setup violations at the end of those stages might be difficult to fix during the post-placement implementation flow and could be the result of non-optimal XDC constraints or non-optimal design architecture
Related violations: <none>

TIMING-16#807 Warning
Large setup violation  
There is a large setup violation of -4.199 ns between u_aes_slave/u_aes_core/key_schedule_inst/key_state_reg_reg[2][226]/C (clocked by CLK) and u_aes_slave/u_aes_core/key_schedule_inst/key_state_reg_reg[3][188]/D (clocked by CLK). Large setup violations at the end of those stages might be difficult to fix during the post-placement implementation flow and could be the result of non-optimal XDC constraints or non-optimal design architecture
Related violations: <none>

TIMING-16#808 Warning
Large setup violation  
There is a large setup violation of -4.200 ns between u_aes_slave/u_aes_core/key_schedule_inst/key_state_reg_reg[2][226]/C (clocked by CLK) and u_aes_slave/u_aes_core/key_schedule_inst/key_state_reg_reg[3][220]/D (clocked by CLK). Large setup violations at the end of those stages might be difficult to fix during the post-placement implementation flow and could be the result of non-optimal XDC constraints or non-optimal design architecture
Related violations: <none>

TIMING-16#809 Warning
Large setup violation  
There is a large setup violation of -4.204 ns between u_aes_slave/u_aes_core/key_schedule_inst/key_state_reg_reg[4][224]/C (clocked by CLK) and u_aes_slave/u_aes_core/key_schedule_inst/key_state_reg_reg[5][254]/D (clocked by CLK). Large setup violations at the end of those stages might be difficult to fix during the post-placement implementation flow and could be the result of non-optimal XDC constraints or non-optimal design architecture
Related violations: <none>

TIMING-16#810 Warning
Large setup violation  
There is a large setup violation of -4.210 ns between u_aes_slave/u_aes_core/key_schedule_inst/key_state_reg_reg[0][241]/C (clocked by CLK) and u_aes_slave/u_aes_core/key_schedule_inst/key_state_reg_reg[1][138]/D (clocked by CLK). Large setup violations at the end of those stages might be difficult to fix during the post-placement implementation flow and could be the result of non-optimal XDC constraints or non-optimal design architecture
Related violations: <none>

TIMING-16#811 Warning
Large setup violation  
There is a large setup violation of -4.211 ns between u_aes_slave/u_aes_core/key_schedule_inst/key_state_reg_reg[4][244]/C (clocked by CLK) and u_aes_slave/u_aes_core/key_schedule_inst/key_state_reg_reg[5][234]/D (clocked by CLK). Large setup violations at the end of those stages might be difficult to fix during the post-placement implementation flow and could be the result of non-optimal XDC constraints or non-optimal design architecture
Related violations: <none>

TIMING-16#812 Warning
Large setup violation  
There is a large setup violation of -4.223 ns between u_aes_slave/u_aes_core/key_schedule_inst/key_state_reg_reg[6][243]/C (clocked by CLK) and u_aes_slave/u_aes_core/key_schedule_inst/key_state_reg_reg[7][169]/D (clocked by CLK). Large setup violations at the end of those stages might be difficult to fix during the post-placement implementation flow and could be the result of non-optimal XDC constraints or non-optimal design architecture
Related violations: <none>

TIMING-16#813 Warning
Large setup violation  
There is a large setup violation of -4.230 ns between u_aes_slave/u_aes_core/key_schedule_inst/key_state_reg_reg[4][244]/C (clocked by CLK) and u_aes_slave/u_aes_core/key_schedule_inst/key_state_reg_reg[5][168]/D (clocked by CLK). Large setup violations at the end of those stages might be difficult to fix during the post-placement implementation flow and could be the result of non-optimal XDC constraints or non-optimal design architecture
Related violations: <none>

TIMING-16#814 Warning
Large setup violation  
There is a large setup violation of -4.239 ns between u_aes_slave/u_aes_core/key_schedule_inst/key_state_reg_reg[4][244]/C (clocked by CLK) and u_aes_slave/u_aes_core/key_schedule_inst/key_state_reg_reg[5][201]/D (clocked by CLK). Large setup violations at the end of those stages might be difficult to fix during the post-placement implementation flow and could be the result of non-optimal XDC constraints or non-optimal design architecture
Related violations: <none>

TIMING-16#815 Warning
Large setup violation  
There is a large setup violation of -4.239 ns between u_aes_slave/u_aes_core/key_schedule_inst/key_state_reg_reg[4][244]/C (clocked by CLK) and u_aes_slave/u_aes_core/key_schedule_inst/key_state_reg_reg[5][202]/D (clocked by CLK). Large setup violations at the end of those stages might be difficult to fix during the post-placement implementation flow and could be the result of non-optimal XDC constraints or non-optimal design architecture
Related violations: <none>

TIMING-16#816 Warning
Large setup violation  
There is a large setup violation of -4.241 ns between u_aes_slave/u_aes_core/key_schedule_inst/key_state_reg_reg[10][226]/C (clocked by CLK) and u_aes_slave/u_aes_core/key_schedule_inst/key_state_reg_reg[11][252]/D (clocked by CLK). Large setup violations at the end of those stages might be difficult to fix during the post-placement implementation flow and could be the result of non-optimal XDC constraints or non-optimal design architecture
Related violations: <none>

TIMING-16#817 Warning
Large setup violation  
There is a large setup violation of -4.244 ns between u_aes_slave/u_aes_core/key_schedule_inst/key_state_reg_reg[4][224]/C (clocked by CLK) and u_aes_slave/u_aes_core/key_schedule_inst/key_state_reg_reg[5][252]/D (clocked by CLK). Large setup violations at the end of those stages might be difficult to fix during the post-placement implementation flow and could be the result of non-optimal XDC constraints or non-optimal design architecture
Related violations: <none>

TIMING-16#818 Warning
Large setup violation  
There is a large setup violation of -4.259 ns between u_aes_slave/u_aes_core/key_schedule_inst/key_state_reg_reg[2][245]/C (clocked by CLK) and u_aes_slave/u_aes_core/key_schedule_inst/key_state_reg_reg[3][138]/D (clocked by CLK). Large setup violations at the end of those stages might be difficult to fix during the post-placement implementation flow and could be the result of non-optimal XDC constraints or non-optimal design architecture
Related violations: <none>

TIMING-16#819 Warning
Large setup violation  
There is a large setup violation of -4.264 ns between u_aes_slave/u_aes_core/key_schedule_inst/key_state_reg_reg[10][245]/C (clocked by CLK) and u_aes_slave/u_aes_core/key_schedule_inst/key_state_reg_reg[11][174]/D (clocked by CLK). Large setup violations at the end of those stages might be difficult to fix during the post-placement implementation flow and could be the result of non-optimal XDC constraints or non-optimal design architecture
Related violations: <none>

TIMING-16#820 Warning
Large setup violation  
There is a large setup violation of -4.266 ns between u_aes_slave/u_aes_core/key_schedule_inst/key_state_reg_reg[10][226]/C (clocked by CLK) and u_aes_slave/u_aes_core/key_schedule_inst/key_state_reg_reg[11][187]/D (clocked by CLK). Large setup violations at the end of those stages might be difficult to fix during the post-placement implementation flow and could be the result of non-optimal XDC constraints or non-optimal design architecture
Related violations: <none>

TIMING-16#821 Warning
Large setup violation  
There is a large setup violation of -4.266 ns between u_aes_slave/u_aes_core/key_schedule_inst/key_state_reg_reg[10][245]/C (clocked by CLK) and u_aes_slave/u_aes_core/key_schedule_inst/key_state_reg_reg[11][206]/D (clocked by CLK). Large setup violations at the end of those stages might be difficult to fix during the post-placement implementation flow and could be the result of non-optimal XDC constraints or non-optimal design architecture
Related violations: <none>

TIMING-16#822 Warning
Large setup violation  
There is a large setup violation of -4.272 ns between u_aes_slave/u_aes_core/key_schedule_inst/key_state_reg_reg[10][245]/C (clocked by CLK) and u_aes_slave/u_aes_core/key_schedule_inst/key_state_reg_reg[11][139]/D (clocked by CLK). Large setup violations at the end of those stages might be difficult to fix during the post-placement implementation flow and could be the result of non-optimal XDC constraints or non-optimal design architecture
Related violations: <none>

TIMING-16#823 Warning
Large setup violation  
There is a large setup violation of -4.279 ns between u_aes_slave/u_aes_core/key_schedule_inst/key_state_reg_reg[6][224]/C (clocked by CLK) and u_aes_slave/u_aes_core/key_schedule_inst/key_state_reg_reg[7][190]/D (clocked by CLK). Large setup violations at the end of those stages might be difficult to fix during the post-placement implementation flow and could be the result of non-optimal XDC constraints or non-optimal design architecture
Related violations: <none>

TIMING-16#824 Warning
Large setup violation  
There is a large setup violation of -4.283 ns between u_aes_slave/u_aes_core/key_schedule_inst/key_state_reg_reg[10][252]/C (clocked by CLK) and u_aes_slave/u_aes_core/key_schedule_inst/key_state_reg_reg[11][244]/D (clocked by CLK). Large setup violations at the end of those stages might be difficult to fix during the post-placement implementation flow and could be the result of non-optimal XDC constraints or non-optimal design architecture
Related violations: <none>

TIMING-16#825 Warning
Large setup violation  
There is a large setup violation of -4.283 ns between u_aes_slave/u_aes_core/key_schedule_inst/key_state_reg_reg[4][244]/C (clocked by CLK) and u_aes_slave/u_aes_core/key_schedule_inst/key_state_reg_reg[5][237]/D (clocked by CLK). Large setup violations at the end of those stages might be difficult to fix during the post-placement implementation flow and could be the result of non-optimal XDC constraints or non-optimal design architecture
Related violations: <none>

TIMING-16#826 Warning
Large setup violation  
There is a large setup violation of -4.284 ns between u_aes_slave/u_aes_core/key_schedule_inst/key_state_reg_reg[2][245]/C (clocked by CLK) and u_aes_slave/u_aes_core/key_schedule_inst/key_state_reg_reg[3][202]/D (clocked by CLK). Large setup violations at the end of those stages might be difficult to fix during the post-placement implementation flow and could be the result of non-optimal XDC constraints or non-optimal design architecture
Related violations: <none>

TIMING-16#827 Warning
Large setup violation  
There is a large setup violation of -4.289 ns between u_aes_slave/u_aes_core/key_schedule_inst/key_state_reg_reg[10][252]/C (clocked by CLK) and u_aes_slave/u_aes_core/key_schedule_inst/key_state_reg_reg[11][214]/D (clocked by CLK). Large setup violations at the end of those stages might be difficult to fix during the post-placement implementation flow and could be the result of non-optimal XDC constraints or non-optimal design architecture
Related violations: <none>

TIMING-16#828 Warning
Large setup violation  
There is a large setup violation of -4.295 ns between u_aes_slave/u_aes_core/key_schedule_inst/key_state_reg_reg[2][226]/C (clocked by CLK) and u_aes_slave/u_aes_core/key_schedule_inst/key_state_reg_reg[3][249]/D (clocked by CLK). Large setup violations at the end of those stages might be difficult to fix during the post-placement implementation flow and could be the result of non-optimal XDC constraints or non-optimal design architecture
Related violations: <none>

TIMING-16#829 Warning
Large setup violation  
There is a large setup violation of -4.295 ns between u_aes_slave/u_aes_core/key_schedule_inst/key_state_reg_reg[6][243]/C (clocked by CLK) and u_aes_slave/u_aes_core/key_schedule_inst/key_state_reg_reg[7][170]/D (clocked by CLK). Large setup violations at the end of those stages might be difficult to fix during the post-placement implementation flow and could be the result of non-optimal XDC constraints or non-optimal design architecture
Related violations: <none>

TIMING-16#830 Warning
Large setup violation  
There is a large setup violation of -4.297 ns between u_aes_slave/u_aes_core/key_schedule_inst/key_state_reg_reg[6][243]/C (clocked by CLK) and u_aes_slave/u_aes_core/key_schedule_inst/key_state_reg_reg[7][202]/D (clocked by CLK). Large setup violations at the end of those stages might be difficult to fix during the post-placement implementation flow and could be the result of non-optimal XDC constraints or non-optimal design architecture
Related violations: <none>

TIMING-16#831 Warning
Large setup violation  
There is a large setup violation of -4.301 ns between u_aes_slave/u_aes_core/key_schedule_inst/key_state_reg_reg[0][224]/C (clocked by CLK) and u_aes_slave/u_aes_core/key_schedule_inst/key_state_reg_reg[1][157]/D (clocked by CLK). Large setup violations at the end of those stages might be difficult to fix during the post-placement implementation flow and could be the result of non-optimal XDC constraints or non-optimal design architecture
Related violations: <none>

TIMING-16#832 Warning
Large setup violation  
There is a large setup violation of -4.303 ns between u_aes_slave/u_aes_core/key_schedule_inst/key_state_reg_reg[10][252]/C (clocked by CLK) and u_aes_slave/u_aes_core/key_schedule_inst/key_state_reg_reg[11][182]/D (clocked by CLK). Large setup violations at the end of those stages might be difficult to fix during the post-placement implementation flow and could be the result of non-optimal XDC constraints or non-optimal design architecture
Related violations: <none>

TIMING-16#833 Warning
Large setup violation  
There is a large setup violation of -4.314 ns between u_aes_slave/u_aes_core/key_schedule_inst/key_state_reg_reg[4][244]/C (clocked by CLK) and u_aes_slave/u_aes_core/key_schedule_inst/key_state_reg_reg[5][233]/D (clocked by CLK). Large setup violations at the end of those stages might be difficult to fix during the post-placement implementation flow and could be the result of non-optimal XDC constraints or non-optimal design architecture
Related violations: <none>

TIMING-16#834 Warning
Large setup violation  
There is a large setup violation of -4.331 ns between u_aes_slave/u_aes_core/key_schedule_inst/key_state_reg_reg[10][245]/C (clocked by CLK) and u_aes_slave/u_aes_core/key_schedule_inst/key_state_reg_reg[11][238]/D (clocked by CLK). Large setup violations at the end of those stages might be difficult to fix during the post-placement implementation flow and could be the result of non-optimal XDC constraints or non-optimal design architecture
Related violations: <none>

TIMING-16#835 Warning
Large setup violation  
There is a large setup violation of -4.336 ns between u_aes_slave/u_aes_core/key_schedule_inst/key_state_reg_reg[2][245]/C (clocked by CLK) and u_aes_slave/u_aes_core/key_schedule_inst/key_state_reg_reg[3][205]/D (clocked by CLK). Large setup violations at the end of those stages might be difficult to fix during the post-placement implementation flow and could be the result of non-optimal XDC constraints or non-optimal design architecture
Related violations: <none>

TIMING-16#836 Warning
Large setup violation  
There is a large setup violation of -4.336 ns between u_aes_slave/u_aes_core/key_schedule_inst/key_state_reg_reg[4][224]/C (clocked by CLK) and u_aes_slave/u_aes_core/key_schedule_inst/key_state_reg_reg[5][249]/D (clocked by CLK). Large setup violations at the end of those stages might be difficult to fix during the post-placement implementation flow and could be the result of non-optimal XDC constraints or non-optimal design architecture
Related violations: <none>

TIMING-16#837 Warning
Large setup violation  
There is a large setup violation of -4.341 ns between u_aes_slave/u_aes_core/key_schedule_inst/key_state_reg_reg[6][241]/C (clocked by CLK) and u_aes_slave/u_aes_core/key_schedule_inst/key_state_reg_reg[7][207]/D (clocked by CLK). Large setup violations at the end of those stages might be difficult to fix during the post-placement implementation flow and could be the result of non-optimal XDC constraints or non-optimal design architecture
Related violations: <none>

TIMING-16#838 Warning
Large setup violation  
There is a large setup violation of -4.357 ns between u_aes_slave/u_aes_core/key_schedule_inst/key_state_reg_reg[10][226]/C (clocked by CLK) and u_aes_slave/u_aes_core/key_schedule_inst/key_state_reg_reg[11][153]/D (clocked by CLK). Large setup violations at the end of those stages might be difficult to fix during the post-placement implementation flow and could be the result of non-optimal XDC constraints or non-optimal design architecture
Related violations: <none>

TIMING-16#839 Warning
Large setup violation  
There is a large setup violation of -4.359 ns between u_aes_slave/u_aes_core/key_schedule_inst/key_state_reg_reg[2][245]/C (clocked by CLK) and u_aes_slave/u_aes_core/key_schedule_inst/key_state_reg_reg[3][206]/D (clocked by CLK). Large setup violations at the end of those stages might be difficult to fix during the post-placement implementation flow and could be the result of non-optimal XDC constraints or non-optimal design architecture
Related violations: <none>

TIMING-16#840 Warning
Large setup violation  
There is a large setup violation of -4.363 ns between u_aes_slave/u_aes_core/key_schedule_inst/key_state_reg_reg[10][245]/C (clocked by CLK) and u_aes_slave/u_aes_core/key_schedule_inst/key_state_reg_reg[11][205]/D (clocked by CLK). Large setup violations at the end of those stages might be difficult to fix during the post-placement implementation flow and could be the result of non-optimal XDC constraints or non-optimal design architecture
Related violations: <none>

TIMING-16#841 Warning
Large setup violation  
There is a large setup violation of -4.367 ns between u_aes_slave/u_aes_core/key_schedule_inst/key_state_reg_reg[2][245]/C (clocked by CLK) and u_aes_slave/u_aes_core/key_schedule_inst/key_state_reg_reg[3][174]/D (clocked by CLK). Large setup violations at the end of those stages might be difficult to fix during the post-placement implementation flow and could be the result of non-optimal XDC constraints or non-optimal design architecture
Related violations: <none>

TIMING-16#842 Warning
Large setup violation  
There is a large setup violation of -4.369 ns between u_aes_slave/u_aes_core/key_schedule_inst/key_state_reg_reg[0][241]/C (clocked by CLK) and u_aes_slave/u_aes_core/key_schedule_inst/key_state_reg_reg[1][170]/D (clocked by CLK). Large setup violations at the end of those stages might be difficult to fix during the post-placement implementation flow and could be the result of non-optimal XDC constraints or non-optimal design architecture
Related violations: <none>

TIMING-16#843 Warning
Large setup violation  
There is a large setup violation of -4.374 ns between u_aes_slave/u_aes_core/key_schedule_inst/key_state_reg_reg[10][245]/C (clocked by CLK) and u_aes_slave/u_aes_core/key_schedule_inst/key_state_reg_reg[11][137]/D (clocked by CLK). Large setup violations at the end of those stages might be difficult to fix during the post-placement implementation flow and could be the result of non-optimal XDC constraints or non-optimal design architecture
Related violations: <none>

TIMING-16#844 Warning
Large setup violation  
There is a large setup violation of -4.377 ns between u_aes_slave/u_aes_core/key_schedule_inst/key_state_reg_reg[0][241]/C (clocked by CLK) and u_aes_slave/u_aes_core/key_schedule_inst/key_state_reg_reg[1][202]/D (clocked by CLK). Large setup violations at the end of those stages might be difficult to fix during the post-placement implementation flow and could be the result of non-optimal XDC constraints or non-optimal design architecture
Related violations: <none>

TIMING-16#845 Warning
Large setup violation  
There is a large setup violation of -4.379 ns between u_aes_slave/u_aes_core/key_schedule_inst/key_state_reg_reg[10][226]/C (clocked by CLK) and u_aes_slave/u_aes_core/key_schedule_inst/key_state_reg_reg[11][155]/D (clocked by CLK). Large setup violations at the end of those stages might be difficult to fix during the post-placement implementation flow and could be the result of non-optimal XDC constraints or non-optimal design architecture
Related violations: <none>

TIMING-16#846 Warning
Large setup violation  
There is a large setup violation of -4.386 ns between u_aes_slave/u_aes_core/key_schedule_inst/key_state_reg_reg[6][242]/C (clocked by CLK) and u_aes_slave/u_aes_core/key_schedule_inst/key_state_reg_reg[7][174]/D (clocked by CLK). Large setup violations at the end of those stages might be difficult to fix during the post-placement implementation flow and could be the result of non-optimal XDC constraints or non-optimal design architecture
Related violations: <none>

TIMING-16#847 Warning
Large setup violation  
There is a large setup violation of -4.389 ns between u_aes_slave/u_aes_core/key_schedule_inst/key_state_reg_reg[0][241]/C (clocked by CLK) and u_aes_slave/u_aes_core/key_schedule_inst/key_state_reg_reg[1][239]/D (clocked by CLK). Large setup violations at the end of those stages might be difficult to fix during the post-placement implementation flow and could be the result of non-optimal XDC constraints or non-optimal design architecture
Related violations: <none>

TIMING-16#848 Warning
Large setup violation  
There is a large setup violation of -4.396 ns between u_aes_slave/u_aes_core/key_schedule_inst/key_state_reg_reg[2][245]/C (clocked by CLK) and u_aes_slave/u_aes_core/key_schedule_inst/key_state_reg_reg[3][234]/D (clocked by CLK). Large setup violations at the end of those stages might be difficult to fix during the post-placement implementation flow and could be the result of non-optimal XDC constraints or non-optimal design architecture
Related violations: <none>

TIMING-16#849 Warning
Large setup violation  
There is a large setup violation of -4.405 ns between u_aes_slave/u_aes_core/key_schedule_inst/key_state_reg_reg[0][241]/C (clocked by CLK) and u_aes_slave/u_aes_core/key_schedule_inst/key_state_reg_reg[1][234]/D (clocked by CLK). Large setup violations at the end of those stages might be difficult to fix during the post-placement implementation flow and could be the result of non-optimal XDC constraints or non-optimal design architecture
Related violations: <none>

TIMING-16#850 Warning
Large setup violation  
There is a large setup violation of -4.408 ns between u_aes_slave/u_aes_core/key_schedule_inst/key_state_reg_reg[10][226]/C (clocked by CLK) and u_aes_slave/u_aes_core/key_schedule_inst/key_state_reg_reg[11][255]/D (clocked by CLK). Large setup violations at the end of those stages might be difficult to fix during the post-placement implementation flow and could be the result of non-optimal XDC constraints or non-optimal design architecture
Related violations: <none>

TIMING-16#851 Warning
Large setup violation  
There is a large setup violation of -4.417 ns between u_aes_slave/u_aes_core/key_schedule_inst/key_state_reg_reg[2][245]/C (clocked by CLK) and u_aes_slave/u_aes_core/key_schedule_inst/key_state_reg_reg[3][238]/D (clocked by CLK). Large setup violations at the end of those stages might be difficult to fix during the post-placement implementation flow and could be the result of non-optimal XDC constraints or non-optimal design architecture
Related violations: <none>

TIMING-16#852 Warning
Large setup violation  
There is a large setup violation of -4.422 ns between u_aes_slave/u_aes_core/key_schedule_inst/key_state_reg_reg[10][245]/C (clocked by CLK) and u_aes_slave/u_aes_core/key_schedule_inst/key_state_reg_reg[11][172]/D (clocked by CLK). Large setup violations at the end of those stages might be difficult to fix during the post-placement implementation flow and could be the result of non-optimal XDC constraints or non-optimal design architecture
Related violations: <none>

TIMING-16#853 Warning
Large setup violation  
There is a large setup violation of -4.422 ns between u_aes_slave/u_aes_core/key_schedule_inst/key_state_reg_reg[4][224]/C (clocked by CLK) and u_aes_slave/u_aes_core/key_schedule_inst/key_state_reg_reg[5][251]/D (clocked by CLK). Large setup violations at the end of those stages might be difficult to fix during the post-placement implementation flow and could be the result of non-optimal XDC constraints or non-optimal design architecture
Related violations: <none>

TIMING-16#854 Warning
Large setup violation  
There is a large setup violation of -4.425 ns between u_aes_slave/u_aes_core/key_schedule_inst/key_state_reg_reg[10][252]/C (clocked by CLK) and u_aes_slave/u_aes_core/key_schedule_inst/key_state_reg_reg[11][213]/D (clocked by CLK). Large setup violations at the end of those stages might be difficult to fix during the post-placement implementation flow and could be the result of non-optimal XDC constraints or non-optimal design architecture
Related violations: <none>

TIMING-16#855 Warning
Large setup violation  
There is a large setup violation of -4.428 ns between u_aes_slave/u_aes_core/key_schedule_inst/key_state_reg_reg[6][248]/C (clocked by CLK) and u_aes_slave/u_aes_core/key_schedule_inst/key_state_reg_reg[7][151]/D (clocked by CLK). Large setup violations at the end of those stages might be difficult to fix during the post-placement implementation flow and could be the result of non-optimal XDC constraints or non-optimal design architecture
Related violations: <none>

TIMING-16#856 Warning
Large setup violation  
There is a large setup violation of -4.431 ns between u_aes_slave/u_aes_core/key_schedule_inst/key_state_reg_reg[0][241]/C (clocked by CLK) and u_aes_slave/u_aes_core/key_schedule_inst/key_state_reg_reg[1][140]/D (clocked by CLK). Large setup violations at the end of those stages might be difficult to fix during the post-placement implementation flow and could be the result of non-optimal XDC constraints or non-optimal design architecture
Related violations: <none>

TIMING-16#857 Warning
Large setup violation  
There is a large setup violation of -4.455 ns between u_aes_slave/u_aes_core/key_schedule_inst/key_state_reg_reg[6][248]/C (clocked by CLK) and u_aes_slave/u_aes_core/key_schedule_inst/key_state_reg_reg[7][146]/D (clocked by CLK). Large setup violations at the end of those stages might be difficult to fix during the post-placement implementation flow and could be the result of non-optimal XDC constraints or non-optimal design architecture
Related violations: <none>

TIMING-16#858 Warning
Large setup violation  
There is a large setup violation of -4.456 ns between u_aes_slave/u_aes_core/key_schedule_inst/key_state_reg_reg[0][241]/C (clocked by CLK) and u_aes_slave/u_aes_core/key_schedule_inst/key_state_reg_reg[1][142]/D (clocked by CLK). Large setup violations at the end of those stages might be difficult to fix during the post-placement implementation flow and could be the result of non-optimal XDC constraints or non-optimal design architecture
Related violations: <none>

TIMING-16#859 Warning
Large setup violation  
There is a large setup violation of -4.464 ns between u_aes_slave/u_aes_core/key_schedule_inst/key_state_reg_reg[10][245]/C (clocked by CLK) and u_aes_slave/u_aes_core/key_schedule_inst/key_state_reg_reg[11][142]/D (clocked by CLK). Large setup violations at the end of those stages might be difficult to fix during the post-placement implementation flow and could be the result of non-optimal XDC constraints or non-optimal design architecture
Related violations: <none>

TIMING-16#860 Warning
Large setup violation  
There is a large setup violation of -4.468 ns between u_aes_slave/u_aes_core/key_schedule_inst/key_state_reg_reg[10][245]/C (clocked by CLK) and u_aes_slave/u_aes_core/key_schedule_inst/key_state_reg_reg[11][201]/D (clocked by CLK). Large setup violations at the end of those stages might be difficult to fix during the post-placement implementation flow and could be the result of non-optimal XDC constraints or non-optimal design architecture
Related violations: <none>

TIMING-16#861 Warning
Large setup violation  
There is a large setup violation of -4.478 ns between u_aes_slave/u_aes_core/key_schedule_inst/key_state_reg_reg[4][244]/C (clocked by CLK) and u_aes_slave/u_aes_core/key_schedule_inst/key_state_reg_reg[5][172]/D (clocked by CLK). Large setup violations at the end of those stages might be difficult to fix during the post-placement implementation flow and could be the result of non-optimal XDC constraints or non-optimal design architecture
Related violations: <none>

TIMING-16#862 Warning
Large setup violation  
There is a large setup violation of -4.479 ns between u_aes_slave/u_aes_core/key_schedule_inst/key_state_reg_reg[2][245]/C (clocked by CLK) and u_aes_slave/u_aes_core/key_schedule_inst/key_state_reg_reg[3][170]/D (clocked by CLK). Large setup violations at the end of those stages might be difficult to fix during the post-placement implementation flow and could be the result of non-optimal XDC constraints or non-optimal design architecture
Related violations: <none>

TIMING-16#863 Warning
Large setup violation  
There is a large setup violation of -4.479 ns between u_aes_slave/u_aes_core/key_schedule_inst/key_state_reg_reg[6][242]/C (clocked by CLK) and u_aes_slave/u_aes_core/key_schedule_inst/key_state_reg_reg[7][141]/D (clocked by CLK). Large setup violations at the end of those stages might be difficult to fix during the post-placement implementation flow and could be the result of non-optimal XDC constraints or non-optimal design architecture
Related violations: <none>

TIMING-16#864 Warning
Large setup violation  
There is a large setup violation of -4.480 ns between u_aes_slave/u_aes_core/key_schedule_inst/key_state_reg_reg[4][244]/C (clocked by CLK) and u_aes_slave/u_aes_core/key_schedule_inst/key_state_reg_reg[5][174]/D (clocked by CLK). Large setup violations at the end of those stages might be difficult to fix during the post-placement implementation flow and could be the result of non-optimal XDC constraints or non-optimal design architecture
Related violations: <none>

TIMING-16#865 Warning
Large setup violation  
There is a large setup violation of -4.489 ns between u_aes_slave/u_aes_core/key_schedule_inst/key_state_reg_reg[6][241]/C (clocked by CLK) and u_aes_slave/u_aes_core/key_schedule_inst/key_state_reg_reg[7][136]/D (clocked by CLK). Large setup violations at the end of those stages might be difficult to fix during the post-placement implementation flow and could be the result of non-optimal XDC constraints or non-optimal design architecture
Related violations: <none>

TIMING-16#866 Warning
Large setup violation  
There is a large setup violation of -4.499 ns between u_aes_slave/u_aes_core/key_schedule_inst/key_state_reg_reg[4][244]/C (clocked by CLK) and u_aes_slave/u_aes_core/key_schedule_inst/key_state_reg_reg[5][206]/D (clocked by CLK). Large setup violations at the end of those stages might be difficult to fix during the post-placement implementation flow and could be the result of non-optimal XDC constraints or non-optimal design architecture
Related violations: <none>

TIMING-16#867 Warning
Large setup violation  
There is a large setup violation of -4.503 ns between u_aes_slave/u_aes_core/key_schedule_inst/key_state_reg_reg[6][241]/C (clocked by CLK) and u_aes_slave/u_aes_core/key_schedule_inst/key_state_reg_reg[7][168]/D (clocked by CLK). Large setup violations at the end of those stages might be difficult to fix during the post-placement implementation flow and could be the result of non-optimal XDC constraints or non-optimal design architecture
Related violations: <none>

TIMING-16#868 Warning
Large setup violation  
There is a large setup violation of -4.506 ns between u_aes_slave/u_aes_core/key_schedule_inst/key_state_reg_reg[10][245]/C (clocked by CLK) and u_aes_slave/u_aes_core/key_schedule_inst/key_state_reg_reg[11][232]/D (clocked by CLK). Large setup violations at the end of those stages might be difficult to fix during the post-placement implementation flow and could be the result of non-optimal XDC constraints or non-optimal design architecture
Related violations: <none>

TIMING-16#869 Warning
Large setup violation  
There is a large setup violation of -4.510 ns between u_aes_slave/u_aes_core/key_schedule_inst/key_state_reg_reg[0][224]/C (clocked by CLK) and u_aes_slave/u_aes_core/key_schedule_inst/key_state_reg_reg[1][189]/D (clocked by CLK). Large setup violations at the end of those stages might be difficult to fix during the post-placement implementation flow and could be the result of non-optimal XDC constraints or non-optimal design architecture
Related violations: <none>

TIMING-16#870 Warning
Large setup violation  
There is a large setup violation of -4.512 ns between u_aes_slave/u_aes_core/key_schedule_inst/key_state_reg_reg[0][224]/C (clocked by CLK) and u_aes_slave/u_aes_core/key_schedule_inst/key_state_reg_reg[1][221]/D (clocked by CLK). Large setup violations at the end of those stages might be difficult to fix during the post-placement implementation flow and could be the result of non-optimal XDC constraints or non-optimal design architecture
Related violations: <none>

TIMING-16#871 Warning
Large setup violation  
There is a large setup violation of -4.512 ns between u_aes_slave/u_aes_core/key_schedule_inst/key_state_reg_reg[0][241]/C (clocked by CLK) and u_aes_slave/u_aes_core/key_schedule_inst/key_state_reg_reg[1][137]/D (clocked by CLK). Large setup violations at the end of those stages might be difficult to fix during the post-placement implementation flow and could be the result of non-optimal XDC constraints or non-optimal design architecture
Related violations: <none>

TIMING-16#872 Warning
Large setup violation  
There is a large setup violation of -4.528 ns between u_aes_slave/u_aes_core/key_schedule_inst/key_state_reg_reg[0][241]/C (clocked by CLK) and u_aes_slave/u_aes_core/key_schedule_inst/key_state_reg_reg[1][203]/D (clocked by CLK). Large setup violations at the end of those stages might be difficult to fix during the post-placement implementation flow and could be the result of non-optimal XDC constraints or non-optimal design architecture
Related violations: <none>

TIMING-16#873 Warning
Large setup violation  
There is a large setup violation of -4.534 ns between u_aes_slave/u_aes_core/key_schedule_inst/key_state_reg_reg[6][242]/C (clocked by CLK) and u_aes_slave/u_aes_core/key_schedule_inst/key_state_reg_reg[7][206]/D (clocked by CLK). Large setup violations at the end of those stages might be difficult to fix during the post-placement implementation flow and could be the result of non-optimal XDC constraints or non-optimal design architecture
Related violations: <none>

TIMING-16#874 Warning
Large setup violation  
There is a large setup violation of -4.537 ns between u_aes_slave/u_aes_core/key_schedule_inst/key_state_reg_reg[10][245]/C (clocked by CLK) and u_aes_slave/u_aes_core/key_schedule_inst/key_state_reg_reg[11][235]/D (clocked by CLK). Large setup violations at the end of those stages might be difficult to fix during the post-placement implementation flow and could be the result of non-optimal XDC constraints or non-optimal design architecture
Related violations: <none>

TIMING-16#875 Warning
Large setup violation  
There is a large setup violation of -4.540 ns between u_aes_slave/u_aes_core/key_schedule_inst/key_state_reg_reg[10][226]/C (clocked by CLK) and u_aes_slave/u_aes_core/key_schedule_inst/key_state_reg_reg[11][185]/D (clocked by CLK). Large setup violations at the end of those stages might be difficult to fix during the post-placement implementation flow and could be the result of non-optimal XDC constraints or non-optimal design architecture
Related violations: <none>

TIMING-16#876 Warning
Large setup violation  
There is a large setup violation of -4.551 ns between u_aes_slave/u_aes_core/key_schedule_inst/key_state_reg_reg[6][248]/C (clocked by CLK) and u_aes_slave/u_aes_core/key_schedule_inst/key_state_reg_reg[7][210]/D (clocked by CLK). Large setup violations at the end of those stages might be difficult to fix during the post-placement implementation flow and could be the result of non-optimal XDC constraints or non-optimal design architecture
Related violations: <none>

TIMING-16#877 Warning
Large setup violation  
There is a large setup violation of -4.552 ns between u_aes_slave/u_aes_core/key_schedule_inst/key_state_reg_reg[10][252]/C (clocked by CLK) and u_aes_slave/u_aes_core/key_schedule_inst/key_state_reg_reg[11][208]/D (clocked by CLK). Large setup violations at the end of those stages might be difficult to fix during the post-placement implementation flow and could be the result of non-optimal XDC constraints or non-optimal design architecture
Related violations: <none>

TIMING-16#878 Warning
Large setup violation  
There is a large setup violation of -4.555 ns between u_aes_slave/u_aes_core/key_schedule_inst/key_state_reg_reg[10][245]/C (clocked by CLK) and u_aes_slave/u_aes_core/key_schedule_inst/key_state_reg_reg[11][175]/D (clocked by CLK). Large setup violations at the end of those stages might be difficult to fix during the post-placement implementation flow and could be the result of non-optimal XDC constraints or non-optimal design architecture
Related violations: <none>

TIMING-16#879 Warning
Large setup violation  
There is a large setup violation of -4.555 ns between u_aes_slave/u_aes_core/key_schedule_inst/key_state_reg_reg[10][245]/C (clocked by CLK) and u_aes_slave/u_aes_core/key_schedule_inst/key_state_reg_reg[11][207]/D (clocked by CLK). Large setup violations at the end of those stages might be difficult to fix during the post-placement implementation flow and could be the result of non-optimal XDC constraints or non-optimal design architecture
Related violations: <none>

TIMING-16#880 Warning
Large setup violation  
There is a large setup violation of -4.555 ns between u_aes_slave/u_aes_core/key_schedule_inst/key_state_reg_reg[10][252]/C (clocked by CLK) and u_aes_slave/u_aes_core/key_schedule_inst/key_state_reg_reg[11][176]/D (clocked by CLK). Large setup violations at the end of those stages might be difficult to fix during the post-placement implementation flow and could be the result of non-optimal XDC constraints or non-optimal design architecture
Related violations: <none>

TIMING-16#881 Warning
Large setup violation  
There is a large setup violation of -4.555 ns between u_aes_slave/u_aes_core/key_schedule_inst/key_state_reg_reg[6][248]/C (clocked by CLK) and u_aes_slave/u_aes_core/key_schedule_inst/key_state_reg_reg[7][178]/D (clocked by CLK). Large setup violations at the end of those stages might be difficult to fix during the post-placement implementation flow and could be the result of non-optimal XDC constraints or non-optimal design architecture
Related violations: <none>

TIMING-16#882 Warning
Large setup violation  
There is a large setup violation of -4.556 ns between u_aes_slave/u_aes_core/key_schedule_inst/key_state_reg_reg[6][248]/C (clocked by CLK) and u_aes_slave/u_aes_core/key_schedule_inst/key_state_reg_reg[7][183]/D (clocked by CLK). Large setup violations at the end of those stages might be difficult to fix during the post-placement implementation flow and could be the result of non-optimal XDC constraints or non-optimal design architecture
Related violations: <none>

TIMING-16#883 Warning
Large setup violation  
There is a large setup violation of -4.566 ns between u_aes_slave/u_aes_core/key_schedule_inst/key_state_reg_reg[10][245]/C (clocked by CLK) and u_aes_slave/u_aes_core/key_schedule_inst/key_state_reg_reg[11][138]/D (clocked by CLK). Large setup violations at the end of those stages might be difficult to fix during the post-placement implementation flow and could be the result of non-optimal XDC constraints or non-optimal design architecture
Related violations: <none>

TIMING-16#884 Warning
Large setup violation  
There is a large setup violation of -4.567 ns between u_aes_slave/u_aes_core/key_schedule_inst/key_state_reg_reg[10][245]/C (clocked by CLK) and u_aes_slave/u_aes_core/key_schedule_inst/key_state_reg_reg[11][170]/D (clocked by CLK). Large setup violations at the end of those stages might be difficult to fix during the post-placement implementation flow and could be the result of non-optimal XDC constraints or non-optimal design architecture
Related violations: <none>

TIMING-16#885 Warning
Large setup violation  
There is a large setup violation of -4.573 ns between u_aes_slave/u_aes_core/key_schedule_inst/key_state_reg_reg[10][252]/C (clocked by CLK) and u_aes_slave/u_aes_core/key_schedule_inst/key_state_reg_reg[11][241]/D (clocked by CLK). Large setup violations at the end of those stages might be difficult to fix during the post-placement implementation flow and could be the result of non-optimal XDC constraints or non-optimal design architecture
Related violations: <none>

TIMING-16#886 Warning
Large setup violation  
There is a large setup violation of -4.577 ns between u_aes_slave/u_aes_core/key_schedule_inst/key_state_reg_reg[4][244]/C (clocked by CLK) and u_aes_slave/u_aes_core/key_schedule_inst/key_state_reg_reg[5][140]/D (clocked by CLK). Large setup violations at the end of those stages might be difficult to fix during the post-placement implementation flow and could be the result of non-optimal XDC constraints or non-optimal design architecture
Related violations: <none>

TIMING-16#887 Warning
Large setup violation  
There is a large setup violation of -4.585 ns between u_aes_slave/u_aes_core/key_schedule_inst/key_state_reg_reg[0][241]/C (clocked by CLK) and u_aes_slave/u_aes_core/key_schedule_inst/key_state_reg_reg[1][175]/D (clocked by CLK). Large setup violations at the end of those stages might be difficult to fix during the post-placement implementation flow and could be the result of non-optimal XDC constraints or non-optimal design architecture
Related violations: <none>

TIMING-16#888 Warning
Large setup violation  
There is a large setup violation of -4.586 ns between u_aes_slave/u_aes_core/key_schedule_inst/key_state_reg_reg[0][241]/C (clocked by CLK) and u_aes_slave/u_aes_core/key_schedule_inst/key_state_reg_reg[1][207]/D (clocked by CLK). Large setup violations at the end of those stages might be difficult to fix during the post-placement implementation flow and could be the result of non-optimal XDC constraints or non-optimal design architecture
Related violations: <none>

TIMING-16#889 Warning
Large setup violation  
There is a large setup violation of -4.589 ns between u_aes_slave/u_aes_core/key_schedule_inst/key_state_reg_reg[6][248]/C (clocked by CLK) and u_aes_slave/u_aes_core/key_schedule_inst/key_state_reg_reg[7][181]/D (clocked by CLK). Large setup violations at the end of those stages might be difficult to fix during the post-placement implementation flow and could be the result of non-optimal XDC constraints or non-optimal design architecture
Related violations: <none>

TIMING-16#890 Warning
Large setup violation  
There is a large setup violation of -4.591 ns between u_aes_slave/u_aes_core/key_schedule_inst/key_state_reg_reg[4][224]/C (clocked by CLK) and u_aes_slave/u_aes_core/key_schedule_inst/key_state_reg_reg[5][255]/D (clocked by CLK). Large setup violations at the end of those stages might be difficult to fix during the post-placement implementation flow and could be the result of non-optimal XDC constraints or non-optimal design architecture
Related violations: <none>

TIMING-16#891 Warning
Large setup violation  
There is a large setup violation of -4.607 ns between u_aes_slave/u_aes_core/key_schedule_inst/key_state_reg_reg[0][224]/C (clocked by CLK) and u_aes_slave/u_aes_core/key_schedule_inst/key_state_reg_reg[1][251]/D (clocked by CLK). Large setup violations at the end of those stages might be difficult to fix during the post-placement implementation flow and could be the result of non-optimal XDC constraints or non-optimal design architecture
Related violations: <none>

TIMING-16#892 Warning
Large setup violation  
There is a large setup violation of -4.607 ns between u_aes_slave/u_aes_core/key_schedule_inst/key_state_reg_reg[6][248]/C (clocked by CLK) and u_aes_slave/u_aes_core/key_schedule_inst/key_state_reg_reg[7][213]/D (clocked by CLK). Large setup violations at the end of those stages might be difficult to fix during the post-placement implementation flow and could be the result of non-optimal XDC constraints or non-optimal design architecture
Related violations: <none>

TIMING-16#893 Warning
Large setup violation  
There is a large setup violation of -4.620 ns between u_aes_slave/u_aes_core/key_schedule_inst/key_state_reg_reg[0][241]/C (clocked by CLK) and u_aes_slave/u_aes_core/key_schedule_inst/key_state_reg_reg[1][169]/D (clocked by CLK). Large setup violations at the end of those stages might be difficult to fix during the post-placement implementation flow and could be the result of non-optimal XDC constraints or non-optimal design architecture
Related violations: <none>

TIMING-16#894 Warning
Large setup violation  
There is a large setup violation of -4.630 ns between u_aes_slave/u_aes_core/key_schedule_inst/key_state_reg_reg[0][241]/C (clocked by CLK) and u_aes_slave/u_aes_core/key_schedule_inst/key_state_reg_reg[1][201]/D (clocked by CLK). Large setup violations at the end of those stages might be difficult to fix during the post-placement implementation flow and could be the result of non-optimal XDC constraints or non-optimal design architecture
Related violations: <none>

TIMING-16#895 Warning
Large setup violation  
There is a large setup violation of -4.635 ns between u_aes_slave/u_aes_core/key_schedule_inst/key_state_reg_reg[6][248]/C (clocked by CLK) and u_aes_slave/u_aes_core/key_schedule_inst/key_state_reg_reg[7][214]/D (clocked by CLK). Large setup violations at the end of those stages might be difficult to fix during the post-placement implementation flow and could be the result of non-optimal XDC constraints or non-optimal design architecture
Related violations: <none>

TIMING-16#896 Warning
Large setup violation  
There is a large setup violation of -4.638 ns between u_aes_slave/u_aes_core/key_schedule_inst/key_state_reg_reg[10][245]/C (clocked by CLK) and u_aes_slave/u_aes_core/key_schedule_inst/key_state_reg_reg[11][203]/D (clocked by CLK). Large setup violations at the end of those stages might be difficult to fix during the post-placement implementation flow and could be the result of non-optimal XDC constraints or non-optimal design architecture
Related violations: <none>

TIMING-16#897 Warning
Large setup violation  
There is a large setup violation of -4.643 ns between u_aes_slave/u_aes_core/key_schedule_inst/key_state_reg_reg[0][241]/C (clocked by CLK) and u_aes_slave/u_aes_core/key_schedule_inst/key_state_reg_reg[1][174]/D (clocked by CLK). Large setup violations at the end of those stages might be difficult to fix during the post-placement implementation flow and could be the result of non-optimal XDC constraints or non-optimal design architecture
Related violations: <none>

TIMING-16#898 Warning
Large setup violation  
There is a large setup violation of -4.645 ns between u_aes_slave/u_aes_core/key_schedule_inst/key_state_reg_reg[0][241]/C (clocked by CLK) and u_aes_slave/u_aes_core/key_schedule_inst/key_state_reg_reg[1][206]/D (clocked by CLK). Large setup violations at the end of those stages might be difficult to fix during the post-placement implementation flow and could be the result of non-optimal XDC constraints or non-optimal design architecture
Related violations: <none>

TIMING-16#899 Warning
Large setup violation  
There is a large setup violation of -4.648 ns between u_aes_slave/u_aes_core/key_schedule_inst/key_state_reg_reg[10][245]/C (clocked by CLK) and u_aes_slave/u_aes_core/key_schedule_inst/key_state_reg_reg[11][171]/D (clocked by CLK). Large setup violations at the end of those stages might be difficult to fix during the post-placement implementation flow and could be the result of non-optimal XDC constraints or non-optimal design architecture
Related violations: <none>

TIMING-16#900 Warning
Large setup violation  
There is a large setup violation of -4.664 ns between u_aes_slave/u_aes_core/key_schedule_inst/key_state_reg_reg[2][245]/C (clocked by CLK) and u_aes_slave/u_aes_core/key_schedule_inst/key_state_reg_reg[3][172]/D (clocked by CLK). Large setup violations at the end of those stages might be difficult to fix during the post-placement implementation flow and could be the result of non-optimal XDC constraints or non-optimal design architecture
Related violations: <none>

TIMING-16#901 Warning
Large setup violation  
There is a large setup violation of -4.666 ns between u_aes_slave/u_aes_core/key_schedule_inst/key_state_reg_reg[2][245]/C (clocked by CLK) and u_aes_slave/u_aes_core/key_schedule_inst/key_state_reg_reg[3][204]/D (clocked by CLK). Large setup violations at the end of those stages might be difficult to fix during the post-placement implementation flow and could be the result of non-optimal XDC constraints or non-optimal design architecture
Related violations: <none>

TIMING-16#902 Warning
Large setup violation  
There is a large setup violation of -4.677 ns between u_aes_slave/u_aes_core/key_schedule_inst/key_state_reg_reg[2][245]/C (clocked by CLK) and u_aes_slave/u_aes_core/key_schedule_inst/key_state_reg_reg[3][207]/D (clocked by CLK). Large setup violations at the end of those stages might be difficult to fix during the post-placement implementation flow and could be the result of non-optimal XDC constraints or non-optimal design architecture
Related violations: <none>

TIMING-16#903 Warning
Large setup violation  
There is a large setup violation of -4.680 ns between u_aes_slave/u_aes_core/key_schedule_inst/key_state_reg_reg[2][245]/C (clocked by CLK) and u_aes_slave/u_aes_core/key_schedule_inst/key_state_reg_reg[3][143]/D (clocked by CLK). Large setup violations at the end of those stages might be difficult to fix during the post-placement implementation flow and could be the result of non-optimal XDC constraints or non-optimal design architecture
Related violations: <none>

TIMING-16#904 Warning
Large setup violation  
There is a large setup violation of -4.681 ns between u_aes_slave/u_aes_core/key_schedule_inst/key_state_reg_reg[6][241]/C (clocked by CLK) and u_aes_slave/u_aes_core/key_schedule_inst/key_state_reg_reg[7][200]/D (clocked by CLK). Large setup violations at the end of those stages might be difficult to fix during the post-placement implementation flow and could be the result of non-optimal XDC constraints or non-optimal design architecture
Related violations: <none>

TIMING-16#905 Warning
Large setup violation  
There is a large setup violation of -4.682 ns between u_aes_slave/u_aes_core/key_schedule_inst/key_state_reg_reg[2][245]/C (clocked by CLK) and u_aes_slave/u_aes_core/key_schedule_inst/key_state_reg_reg[3][173]/D (clocked by CLK). Large setup violations at the end of those stages might be difficult to fix during the post-placement implementation flow and could be the result of non-optimal XDC constraints or non-optimal design architecture
Related violations: <none>

TIMING-16#906 Warning
Large setup violation  
There is a large setup violation of -4.690 ns between u_aes_slave/u_aes_core/key_schedule_inst/key_state_reg_reg[0][224]/C (clocked by CLK) and u_aes_slave/u_aes_core/key_schedule_inst/key_state_reg_reg[1][156]/D (clocked by CLK). Large setup violations at the end of those stages might be difficult to fix during the post-placement implementation flow and could be the result of non-optimal XDC constraints or non-optimal design architecture
Related violations: <none>

TIMING-16#907 Warning
Large setup violation  
There is a large setup violation of -4.690 ns between u_aes_slave/u_aes_core/key_schedule_inst/key_state_reg_reg[2][245]/C (clocked by CLK) and u_aes_slave/u_aes_core/key_schedule_inst/key_state_reg_reg[3][141]/D (clocked by CLK). Large setup violations at the end of those stages might be difficult to fix during the post-placement implementation flow and could be the result of non-optimal XDC constraints or non-optimal design architecture
Related violations: <none>

TIMING-16#908 Warning
Large setup violation  
There is a large setup violation of -4.693 ns between u_aes_slave/u_aes_core/key_schedule_inst/key_state_reg_reg[10][245]/C (clocked by CLK) and u_aes_slave/u_aes_core/key_schedule_inst/key_state_reg_reg[11][236]/D (clocked by CLK). Large setup violations at the end of those stages might be difficult to fix during the post-placement implementation flow and could be the result of non-optimal XDC constraints or non-optimal design architecture
Related violations: <none>

TIMING-16#909 Warning
Large setup violation  
There is a large setup violation of -4.695 ns between u_aes_slave/u_aes_core/key_schedule_inst/key_state_reg_reg[0][241]/C (clocked by CLK) and u_aes_slave/u_aes_core/key_schedule_inst/key_state_reg_reg[1][171]/D (clocked by CLK). Large setup violations at the end of those stages might be difficult to fix during the post-placement implementation flow and could be the result of non-optimal XDC constraints or non-optimal design architecture
Related violations: <none>

TIMING-16#910 Warning
Large setup violation  
There is a large setup violation of -4.704 ns between u_aes_slave/u_aes_core/key_schedule_inst/key_state_reg_reg[0][241]/C (clocked by CLK) and u_aes_slave/u_aes_core/key_schedule_inst/key_state_reg_reg[1][139]/D (clocked by CLK). Large setup violations at the end of those stages might be difficult to fix during the post-placement implementation flow and could be the result of non-optimal XDC constraints or non-optimal design architecture
Related violations: <none>

TIMING-16#911 Warning
Large setup violation  
There is a large setup violation of -4.705 ns between u_aes_slave/u_aes_core/key_schedule_inst/key_state_reg_reg[10][245]/C (clocked by CLK) and u_aes_slave/u_aes_core/key_schedule_inst/key_state_reg_reg[11][239]/D (clocked by CLK). Large setup violations at the end of those stages might be difficult to fix during the post-placement implementation flow and could be the result of non-optimal XDC constraints or non-optimal design architecture
Related violations: <none>

TIMING-16#912 Warning
Large setup violation  
There is a large setup violation of -4.706 ns between u_aes_slave/u_aes_core/key_schedule_inst/key_state_reg_reg[4][244]/C (clocked by CLK) and u_aes_slave/u_aes_core/key_schedule_inst/key_state_reg_reg[5][207]/D (clocked by CLK). Large setup violations at the end of those stages might be difficult to fix during the post-placement implementation flow and could be the result of non-optimal XDC constraints or non-optimal design architecture
Related violations: <none>

TIMING-16#913 Warning
Large setup violation  
There is a large setup violation of -4.711 ns between u_aes_slave/u_aes_core/key_schedule_inst/key_state_reg_reg[6][248]/C (clocked by CLK) and u_aes_slave/u_aes_core/key_schedule_inst/key_state_reg_reg[7][215]/D (clocked by CLK). Large setup violations at the end of those stages might be difficult to fix during the post-placement implementation flow and could be the result of non-optimal XDC constraints or non-optimal design architecture
Related violations: <none>

TIMING-16#914 Warning
Large setup violation  
There is a large setup violation of -4.714 ns between u_aes_slave/u_aes_core/key_schedule_inst/key_state_reg_reg[10][245]/C (clocked by CLK) and u_aes_slave/u_aes_core/key_schedule_inst/key_state_reg_reg[11][202]/D (clocked by CLK). Large setup violations at the end of those stages might be difficult to fix during the post-placement implementation flow and could be the result of non-optimal XDC constraints or non-optimal design architecture
Related violations: <none>

TIMING-16#915 Warning
Large setup violation  
There is a large setup violation of -4.731 ns between u_aes_slave/u_aes_core/key_schedule_inst/key_state_reg_reg[6][242]/C (clocked by CLK) and u_aes_slave/u_aes_core/key_schedule_inst/key_state_reg_reg[7][203]/D (clocked by CLK). Large setup violations at the end of those stages might be difficult to fix during the post-placement implementation flow and could be the result of non-optimal XDC constraints or non-optimal design architecture
Related violations: <none>

TIMING-16#916 Warning
Large setup violation  
There is a large setup violation of -4.736 ns between u_aes_slave/u_aes_core/key_schedule_inst/key_state_reg_reg[0][241]/C (clocked by CLK) and u_aes_slave/u_aes_core/key_schedule_inst/key_state_reg_reg[1][236]/D (clocked by CLK). Large setup violations at the end of those stages might be difficult to fix during the post-placement implementation flow and could be the result of non-optimal XDC constraints or non-optimal design architecture
Related violations: <none>

TIMING-16#917 Warning
Large setup violation  
There is a large setup violation of -4.752 ns between u_aes_slave/u_aes_core/key_schedule_inst/key_state_reg_reg[10][245]/C (clocked by CLK) and u_aes_slave/u_aes_core/key_schedule_inst/key_state_reg_reg[11][233]/D (clocked by CLK). Large setup violations at the end of those stages might be difficult to fix during the post-placement implementation flow and could be the result of non-optimal XDC constraints or non-optimal design architecture
Related violations: <none>

TIMING-16#918 Warning
Large setup violation  
There is a large setup violation of -4.771 ns between u_aes_slave/u_aes_core/key_schedule_inst/key_state_reg_reg[2][245]/C (clocked by CLK) and u_aes_slave/u_aes_core/key_schedule_inst/key_state_reg_reg[3][140]/D (clocked by CLK). Large setup violations at the end of those stages might be difficult to fix during the post-placement implementation flow and could be the result of non-optimal XDC constraints or non-optimal design architecture
Related violations: <none>

TIMING-16#919 Warning
Large setup violation  
There is a large setup violation of -4.804 ns between u_aes_slave/u_aes_core/key_schedule_inst/key_state_reg_reg[6][248]/C (clocked by CLK) and u_aes_slave/u_aes_core/key_schedule_inst/key_state_reg_reg[7][150]/D (clocked by CLK). Large setup violations at the end of those stages might be difficult to fix during the post-placement implementation flow and could be the result of non-optimal XDC constraints or non-optimal design architecture
Related violations: <none>

TIMING-16#920 Warning
Large setup violation  
There is a large setup violation of -4.811 ns between u_aes_slave/u_aes_core/key_schedule_inst/key_state_reg_reg[0][224]/C (clocked by CLK) and u_aes_slave/u_aes_core/key_schedule_inst/key_state_reg_reg[1][220]/D (clocked by CLK). Large setup violations at the end of those stages might be difficult to fix during the post-placement implementation flow and could be the result of non-optimal XDC constraints or non-optimal design architecture
Related violations: <none>

TIMING-16#921 Warning
Large setup violation  
There is a large setup violation of -4.824 ns between u_aes_slave/u_aes_core/key_schedule_inst/key_state_reg_reg[2][245]/C (clocked by CLK) and u_aes_slave/u_aes_core/key_schedule_inst/key_state_reg_reg[3][137]/D (clocked by CLK). Large setup violations at the end of those stages might be difficult to fix during the post-placement implementation flow and could be the result of non-optimal XDC constraints or non-optimal design architecture
Related violations: <none>

TIMING-16#922 Warning
Large setup violation  
There is a large setup violation of -4.831 ns between u_aes_slave/u_aes_core/key_schedule_inst/key_state_reg_reg[6][242]/C (clocked by CLK) and u_aes_slave/u_aes_core/key_schedule_inst/key_state_reg_reg[7][205]/D (clocked by CLK). Large setup violations at the end of those stages might be difficult to fix during the post-placement implementation flow and could be the result of non-optimal XDC constraints or non-optimal design architecture
Related violations: <none>

TIMING-16#923 Warning
Large setup violation  
There is a large setup violation of -4.852 ns between u_aes_slave/u_aes_core/key_schedule_inst/key_state_reg_reg[2][245]/C (clocked by CLK) and u_aes_slave/u_aes_core/key_schedule_inst/key_state_reg_reg[3][201]/D (clocked by CLK). Large setup violations at the end of those stages might be difficult to fix during the post-placement implementation flow and could be the result of non-optimal XDC constraints or non-optimal design architecture
Related violations: <none>

TIMING-16#924 Warning
Large setup violation  
There is a large setup violation of -4.853 ns between u_aes_slave/u_aes_core/key_schedule_inst/key_state_reg_reg[2][247]/C (clocked by CLK) and u_aes_slave/u_aes_core/key_schedule_inst/key_state_reg_reg[3][136]/D (clocked by CLK). Large setup violations at the end of those stages might be difficult to fix during the post-placement implementation flow and could be the result of non-optimal XDC constraints or non-optimal design architecture
Related violations: <none>

TIMING-16#925 Warning
Large setup violation  
There is a large setup violation of -4.857 ns between u_aes_slave/u_aes_core/key_schedule_inst/key_state_reg_reg[2][245]/C (clocked by CLK) and u_aes_slave/u_aes_core/key_schedule_inst/key_state_reg_reg[3][175]/D (clocked by CLK). Large setup violations at the end of those stages might be difficult to fix during the post-placement implementation flow and could be the result of non-optimal XDC constraints or non-optimal design architecture
Related violations: <none>

TIMING-16#926 Warning
Large setup violation  
There is a large setup violation of -4.859 ns between u_aes_slave/u_aes_core/key_schedule_inst/key_state_reg_reg[2][245]/C (clocked by CLK) and u_aes_slave/u_aes_core/key_schedule_inst/key_state_reg_reg[3][237]/D (clocked by CLK). Large setup violations at the end of those stages might be difficult to fix during the post-placement implementation flow and could be the result of non-optimal XDC constraints or non-optimal design architecture
Related violations: <none>

TIMING-16#927 Warning
Large setup violation  
There is a large setup violation of -4.860 ns between u_aes_slave/u_aes_core/key_schedule_inst/key_state_reg_reg[2][226]/C (clocked by CLK) and u_aes_slave/u_aes_core/key_schedule_inst/key_state_reg_reg[3][252]/D (clocked by CLK). Large setup violations at the end of those stages might be difficult to fix during the post-placement implementation flow and could be the result of non-optimal XDC constraints or non-optimal design architecture
Related violations: <none>

TIMING-16#928 Warning
Large setup violation  
There is a large setup violation of -4.863 ns between u_aes_slave/u_aes_core/key_schedule_inst/key_state_reg_reg[10][226]/C (clocked by CLK) and u_aes_slave/u_aes_core/key_schedule_inst/key_state_reg_reg[11][251]/D (clocked by CLK). Large setup violations at the end of those stages might be difficult to fix during the post-placement implementation flow and could be the result of non-optimal XDC constraints or non-optimal design architecture
Related violations: <none>

TIMING-16#929 Warning
Large setup violation  
There is a large setup violation of -4.872 ns between u_aes_slave/u_aes_core/key_schedule_inst/key_state_reg_reg[10][252]/C (clocked by CLK) and u_aes_slave/u_aes_core/key_schedule_inst/key_state_reg_reg[11][245]/D (clocked by CLK). Large setup violations at the end of those stages might be difficult to fix during the post-placement implementation flow and could be the result of non-optimal XDC constraints or non-optimal design architecture
Related violations: <none>

TIMING-16#930 Warning
Large setup violation  
There is a large setup violation of -4.889 ns between u_aes_slave/u_aes_core/key_schedule_inst/key_state_reg_reg[6][248]/C (clocked by CLK) and u_aes_slave/u_aes_core/key_schedule_inst/key_state_reg_reg[7][149]/D (clocked by CLK). Large setup violations at the end of those stages might be difficult to fix during the post-placement implementation flow and could be the result of non-optimal XDC constraints or non-optimal design architecture
Related violations: <none>

TIMING-16#931 Warning
Large setup violation  
There is a large setup violation of -4.907 ns between u_aes_slave/u_aes_core/key_schedule_inst/key_state_reg_reg[6][242]/C (clocked by CLK) and u_aes_slave/u_aes_core/key_schedule_inst/key_state_reg_reg[7][173]/D (clocked by CLK). Large setup violations at the end of those stages might be difficult to fix during the post-placement implementation flow and could be the result of non-optimal XDC constraints or non-optimal design architecture
Related violations: <none>

TIMING-16#932 Warning
Large setup violation  
There is a large setup violation of -4.908 ns between u_aes_slave/u_aes_core/key_schedule_inst/key_state_reg_reg[10][252]/C (clocked by CLK) and u_aes_slave/u_aes_core/key_schedule_inst/key_state_reg_reg[11][242]/D (clocked by CLK). Large setup violations at the end of those stages might be difficult to fix during the post-placement implementation flow and could be the result of non-optimal XDC constraints or non-optimal design architecture
Related violations: <none>

TIMING-16#933 Warning
Large setup violation  
There is a large setup violation of -4.916 ns between u_aes_slave/u_aes_core/key_schedule_inst/key_state_reg_reg[4][244]/C (clocked by CLK) and u_aes_slave/u_aes_core/key_schedule_inst/key_state_reg_reg[5][232]/D (clocked by CLK). Large setup violations at the end of those stages might be difficult to fix during the post-placement implementation flow and could be the result of non-optimal XDC constraints or non-optimal design architecture
Related violations: <none>

TIMING-16#934 Warning
Large setup violation  
There is a large setup violation of -4.922 ns between u_aes_slave/u_aes_core/key_schedule_inst/key_state_reg_reg[2][247]/C (clocked by CLK) and u_aes_slave/u_aes_core/key_schedule_inst/key_state_reg_reg[3][168]/D (clocked by CLK). Large setup violations at the end of those stages might be difficult to fix during the post-placement implementation flow and could be the result of non-optimal XDC constraints or non-optimal design architecture
Related violations: <none>

TIMING-16#935 Warning
Large setup violation  
There is a large setup violation of -4.923 ns between u_aes_slave/u_aes_core/key_schedule_inst/key_state_reg_reg[6][242]/C (clocked by CLK) and u_aes_slave/u_aes_core/key_schedule_inst/key_state_reg_reg[7][171]/D (clocked by CLK). Large setup violations at the end of those stages might be difficult to fix during the post-placement implementation flow and could be the result of non-optimal XDC constraints or non-optimal design architecture
Related violations: <none>

TIMING-16#936 Warning
Large setup violation  
There is a large setup violation of -4.927 ns between u_aes_slave/u_aes_core/key_schedule_inst/key_state_reg_reg[0][241]/C (clocked by CLK) and u_aes_slave/u_aes_core/key_schedule_inst/key_state_reg_reg[1][237]/D (clocked by CLK). Large setup violations at the end of those stages might be difficult to fix during the post-placement implementation flow and could be the result of non-optimal XDC constraints or non-optimal design architecture
Related violations: <none>

TIMING-16#937 Warning
Large setup violation  
There is a large setup violation of -4.929 ns between u_aes_slave/u_aes_core/key_schedule_inst/key_state_reg_reg[6][242]/C (clocked by CLK) and u_aes_slave/u_aes_core/key_schedule_inst/key_state_reg_reg[7][139]/D (clocked by CLK). Large setup violations at the end of those stages might be difficult to fix during the post-placement implementation flow and could be the result of non-optimal XDC constraints or non-optimal design architecture
Related violations: <none>

TIMING-16#938 Warning
Large setup violation  
There is a large setup violation of -4.930 ns between u_aes_slave/u_aes_core/key_schedule_inst/key_state_reg_reg[10][226]/C (clocked by CLK) and u_aes_slave/u_aes_core/key_schedule_inst/key_state_reg_reg[11][217]/D (clocked by CLK). Large setup violations at the end of those stages might be difficult to fix during the post-placement implementation flow and could be the result of non-optimal XDC constraints or non-optimal design architecture
Related violations: <none>

TIMING-16#939 Warning
Large setup violation  
There is a large setup violation of -4.930 ns between u_aes_slave/u_aes_core/key_schedule_inst/key_state_reg_reg[4][244]/C (clocked by CLK) and u_aes_slave/u_aes_core/key_schedule_inst/key_state_reg_reg[5][143]/D (clocked by CLK). Large setup violations at the end of those stages might be difficult to fix during the post-placement implementation flow and could be the result of non-optimal XDC constraints or non-optimal design architecture
Related violations: <none>

TIMING-16#940 Warning
Large setup violation  
There is a large setup violation of -4.939 ns between u_aes_slave/u_aes_core/key_schedule_inst/key_state_reg_reg[2][247]/C (clocked by CLK) and u_aes_slave/u_aes_core/key_schedule_inst/key_state_reg_reg[3][200]/D (clocked by CLK). Large setup violations at the end of those stages might be difficult to fix during the post-placement implementation flow and could be the result of non-optimal XDC constraints or non-optimal design architecture
Related violations: <none>

TIMING-16#941 Warning
Large setup violation  
There is a large setup violation of -4.940 ns between u_aes_slave/u_aes_core/key_schedule_inst/key_state_reg_reg[10][252]/C (clocked by CLK) and u_aes_slave/u_aes_core/key_schedule_inst/key_state_reg_reg[11][246]/D (clocked by CLK). Large setup violations at the end of those stages might be difficult to fix during the post-placement implementation flow and could be the result of non-optimal XDC constraints or non-optimal design architecture
Related violations: <none>

TIMING-16#942 Warning
Large setup violation  
There is a large setup violation of -4.944 ns between u_aes_slave/u_aes_core/key_schedule_inst/key_state_reg_reg[4][244]/C (clocked by CLK) and u_aes_slave/u_aes_core/key_schedule_inst/key_state_reg_reg[5][175]/D (clocked by CLK). Large setup violations at the end of those stages might be difficult to fix during the post-placement implementation flow and could be the result of non-optimal XDC constraints or non-optimal design architecture
Related violations: <none>

TIMING-16#943 Warning
Large setup violation  
There is a large setup violation of -4.962 ns between u_aes_slave/u_aes_core/key_schedule_inst/key_state_reg_reg[4][244]/C (clocked by CLK) and u_aes_slave/u_aes_core/key_schedule_inst/key_state_reg_reg[5][236]/D (clocked by CLK). Large setup violations at the end of those stages might be difficult to fix during the post-placement implementation flow and could be the result of non-optimal XDC constraints or non-optimal design architecture
Related violations: <none>

TIMING-16#944 Warning
Large setup violation  
There is a large setup violation of -4.996 ns between u_aes_slave/u_aes_core/key_schedule_inst/key_state_reg_reg[2][245]/C (clocked by CLK) and u_aes_slave/u_aes_core/key_schedule_inst/key_state_reg_reg[3][169]/D (clocked by CLK). Large setup violations at the end of those stages might be difficult to fix during the post-placement implementation flow and could be the result of non-optimal XDC constraints or non-optimal design architecture
Related violations: <none>

TIMING-16#945 Warning
Large setup violation  
There is a large setup violation of -4.999 ns between u_aes_slave/u_aes_core/key_schedule_inst/key_state_reg_reg[2][245]/C (clocked by CLK) and u_aes_slave/u_aes_core/key_schedule_inst/key_state_reg_reg[3][239]/D (clocked by CLK). Large setup violations at the end of those stages might be difficult to fix during the post-placement implementation flow and could be the result of non-optimal XDC constraints or non-optimal design architecture
Related violations: <none>

TIMING-16#946 Warning
Large setup violation  
There is a large setup violation of -4.999 ns between u_aes_slave/u_aes_core/key_schedule_inst/key_state_reg_reg[6][248]/C (clocked by CLK) and u_aes_slave/u_aes_core/key_schedule_inst/key_state_reg_reg[7][144]/D (clocked by CLK). Large setup violations at the end of those stages might be difficult to fix during the post-placement implementation flow and could be the result of non-optimal XDC constraints or non-optimal design architecture
Related violations: <none>

TIMING-16#947 Warning
Large setup violation  
There is a large setup violation of -5.015 ns between u_aes_slave/u_aes_core/key_schedule_inst/key_state_reg_reg[2][245]/C (clocked by CLK) and u_aes_slave/u_aes_core/key_schedule_inst/key_state_reg_reg[3][139]/D (clocked by CLK). Large setup violations at the end of those stages might be difficult to fix during the post-placement implementation flow and could be the result of non-optimal XDC constraints or non-optimal design architecture
Related violations: <none>

TIMING-16#948 Warning
Large setup violation  
There is a large setup violation of -5.016 ns between u_aes_slave/u_aes_core/key_schedule_inst/key_state_reg_reg[0][224]/C (clocked by CLK) and u_aes_slave/u_aes_core/key_schedule_inst/key_state_reg_reg[1][253]/D (clocked by CLK). Large setup violations at the end of those stages might be difficult to fix during the post-placement implementation flow and could be the result of non-optimal XDC constraints or non-optimal design architecture
Related violations: <none>

TIMING-16#949 Warning
Large setup violation  
There is a large setup violation of -5.031 ns between u_aes_slave/u_aes_core/key_schedule_inst/key_state_reg_reg[6][248]/C (clocked by CLK) and u_aes_slave/u_aes_core/key_schedule_inst/key_state_reg_reg[7][182]/D (clocked by CLK). Large setup violations at the end of those stages might be difficult to fix during the post-placement implementation flow and could be the result of non-optimal XDC constraints or non-optimal design architecture
Related violations: <none>

TIMING-16#950 Warning
Large setup violation  
There is a large setup violation of -5.073 ns between u_aes_slave/u_aes_core/key_schedule_inst/key_state_reg_reg[4][244]/C (clocked by CLK) and u_aes_slave/u_aes_core/key_schedule_inst/key_state_reg_reg[5][238]/D (clocked by CLK). Large setup violations at the end of those stages might be difficult to fix during the post-placement implementation flow and could be the result of non-optimal XDC constraints or non-optimal design architecture
Related violations: <none>

TIMING-16#951 Warning
Large setup violation  
There is a large setup violation of -5.074 ns between u_aes_slave/u_aes_core/key_schedule_inst/key_state_reg_reg[4][244]/C (clocked by CLK) and u_aes_slave/u_aes_core/key_schedule_inst/key_state_reg_reg[5][239]/D (clocked by CLK). Large setup violations at the end of those stages might be difficult to fix during the post-placement implementation flow and could be the result of non-optimal XDC constraints or non-optimal design architecture
Related violations: <none>

TIMING-16#952 Warning
Large setup violation  
There is a large setup violation of -5.083 ns between u_aes_slave/u_aes_core/key_schedule_inst/key_state_reg_reg[10][245]/C (clocked by CLK) and u_aes_slave/u_aes_core/key_schedule_inst/key_state_reg_reg[11][234]/D (clocked by CLK). Large setup violations at the end of those stages might be difficult to fix during the post-placement implementation flow and could be the result of non-optimal XDC constraints or non-optimal design architecture
Related violations: <none>

TIMING-16#953 Warning
Large setup violation  
There is a large setup violation of -5.136 ns between u_aes_slave/u_aes_core/key_schedule_inst/key_state_reg_reg[2][245]/C (clocked by CLK) and u_aes_slave/u_aes_core/key_schedule_inst/key_state_reg_reg[3][171]/D (clocked by CLK). Large setup violations at the end of those stages might be difficult to fix during the post-placement implementation flow and could be the result of non-optimal XDC constraints or non-optimal design architecture
Related violations: <none>

TIMING-16#954 Warning
Large setup violation  
There is a large setup violation of -5.143 ns between u_aes_slave/u_aes_core/key_schedule_inst/key_state_reg_reg[4][244]/C (clocked by CLK) and u_aes_slave/u_aes_core/key_schedule_inst/key_state_reg_reg[5][139]/D (clocked by CLK). Large setup violations at the end of those stages might be difficult to fix during the post-placement implementation flow and could be the result of non-optimal XDC constraints or non-optimal design architecture
Related violations: <none>

TIMING-16#955 Warning
Large setup violation  
There is a large setup violation of -5.157 ns between u_aes_slave/u_aes_core/key_schedule_inst/key_state_reg_reg[4][244]/C (clocked by CLK) and u_aes_slave/u_aes_core/key_schedule_inst/key_state_reg_reg[5][203]/D (clocked by CLK). Large setup violations at the end of those stages might be difficult to fix during the post-placement implementation flow and could be the result of non-optimal XDC constraints or non-optimal design architecture
Related violations: <none>

TIMING-16#956 Warning
Large setup violation  
There is a large setup violation of -5.162 ns between u_aes_slave/u_aes_core/key_schedule_inst/key_state_reg_reg[10][252]/C (clocked by CLK) and u_aes_slave/u_aes_core/key_schedule_inst/key_state_reg_reg[11][247]/D (clocked by CLK). Large setup violations at the end of those stages might be difficult to fix during the post-placement implementation flow and could be the result of non-optimal XDC constraints or non-optimal design architecture
Related violations: <none>

TIMING-16#957 Warning
Large setup violation  
There is a large setup violation of -5.162 ns between u_aes_slave/u_aes_core/key_schedule_inst/key_state_reg_reg[2][245]/C (clocked by CLK) and u_aes_slave/u_aes_core/key_schedule_inst/key_state_reg_reg[3][236]/D (clocked by CLK). Large setup violations at the end of those stages might be difficult to fix during the post-placement implementation flow and could be the result of non-optimal XDC constraints or non-optimal design architecture
Related violations: <none>

TIMING-16#958 Warning
Large setup violation  
There is a large setup violation of -5.177 ns between u_aes_slave/u_aes_core/key_schedule_inst/key_state_reg_reg[4][244]/C (clocked by CLK) and u_aes_slave/u_aes_core/key_schedule_inst/key_state_reg_reg[5][171]/D (clocked by CLK). Large setup violations at the end of those stages might be difficult to fix during the post-placement implementation flow and could be the result of non-optimal XDC constraints or non-optimal design architecture
Related violations: <none>

TIMING-16#959 Warning
Large setup violation  
There is a large setup violation of -5.190 ns between u_aes_slave/u_aes_core/key_schedule_inst/key_state_reg_reg[0][241]/C (clocked by CLK) and u_aes_slave/u_aes_core/key_schedule_inst/key_state_reg_reg[1][233]/D (clocked by CLK). Large setup violations at the end of those stages might be difficult to fix during the post-placement implementation flow and could be the result of non-optimal XDC constraints or non-optimal design architecture
Related violations: <none>

TIMING-16#960 Warning
Large setup violation  
There is a large setup violation of -5.202 ns between u_aes_slave/u_aes_core/key_schedule_inst/key_state_reg_reg[0][241]/C (clocked by CLK) and u_aes_slave/u_aes_core/key_schedule_inst/key_state_reg_reg[1][235]/D (clocked by CLK). Large setup violations at the end of those stages might be difficult to fix during the post-placement implementation flow and could be the result of non-optimal XDC constraints or non-optimal design architecture
Related violations: <none>

TIMING-16#961 Warning
Large setup violation  
There is a large setup violation of -5.204 ns between u_aes_slave/u_aes_core/key_schedule_inst/key_state_reg_reg[0][224]/C (clocked by CLK) and u_aes_slave/u_aes_core/key_schedule_inst/key_state_reg_reg[1][188]/D (clocked by CLK). Large setup violations at the end of those stages might be difficult to fix during the post-placement implementation flow and could be the result of non-optimal XDC constraints or non-optimal design architecture
Related violations: <none>

TIMING-16#962 Warning
Large setup violation  
There is a large setup violation of -5.214 ns between u_aes_slave/u_aes_core/key_schedule_inst/key_state_reg_reg[10][252]/C (clocked by CLK) and u_aes_slave/u_aes_core/key_schedule_inst/key_state_reg_reg[11][240]/D (clocked by CLK). Large setup violations at the end of those stages might be difficult to fix during the post-placement implementation flow and could be the result of non-optimal XDC constraints or non-optimal design architecture
Related violations: <none>

TIMING-16#963 Warning
Large setup violation  
There is a large setup violation of -5.260 ns between u_aes_slave/u_aes_core/key_schedule_inst/key_state_reg_reg[10][226]/C (clocked by CLK) and u_aes_slave/u_aes_core/key_schedule_inst/key_state_reg_reg[11][249]/D (clocked by CLK). Large setup violations at the end of those stages might be difficult to fix during the post-placement implementation flow and could be the result of non-optimal XDC constraints or non-optimal design architecture
Related violations: <none>

TIMING-16#964 Warning
Large setup violation  
There is a large setup violation of -5.290 ns between u_aes_slave/u_aes_core/key_schedule_inst/key_state_reg_reg[6][248]/C (clocked by CLK) and u_aes_slave/u_aes_core/key_schedule_inst/key_state_reg_reg[7][208]/D (clocked by CLK). Large setup violations at the end of those stages might be difficult to fix during the post-placement implementation flow and could be the result of non-optimal XDC constraints or non-optimal design architecture
Related violations: <none>

TIMING-16#965 Warning
Large setup violation  
There is a large setup violation of -5.318 ns between u_aes_slave/u_aes_core/key_schedule_inst/key_state_reg_reg[2][245]/C (clocked by CLK) and u_aes_slave/u_aes_core/key_schedule_inst/key_state_reg_reg[3][233]/D (clocked by CLK). Large setup violations at the end of those stages might be difficult to fix during the post-placement implementation flow and could be the result of non-optimal XDC constraints or non-optimal design architecture
Related violations: <none>

TIMING-16#966 Warning
Large setup violation  
There is a large setup violation of -5.390 ns between u_aes_slave/u_aes_core/key_schedule_inst/key_state_reg_reg[2][245]/C (clocked by CLK) and u_aes_slave/u_aes_core/key_schedule_inst/key_state_reg_reg[3][203]/D (clocked by CLK). Large setup violations at the end of those stages might be difficult to fix during the post-placement implementation flow and could be the result of non-optimal XDC constraints or non-optimal design architecture
Related violations: <none>

TIMING-16#967 Warning
Large setup violation  
There is a large setup violation of -5.399 ns between u_aes_slave/u_aes_core/key_schedule_inst/key_state_reg_reg[0][224]/C (clocked by CLK) and u_aes_slave/u_aes_core/key_schedule_inst/key_state_reg_reg[1][252]/D (clocked by CLK). Large setup violations at the end of those stages might be difficult to fix during the post-placement implementation flow and could be the result of non-optimal XDC constraints or non-optimal design architecture
Related violations: <none>

TIMING-16#968 Warning
Large setup violation  
There is a large setup violation of -5.421 ns between u_aes_slave/u_aes_core/key_schedule_inst/key_state_reg_reg[2][245]/C (clocked by CLK) and u_aes_slave/u_aes_core/key_schedule_inst/key_state_reg_reg[3][235]/D (clocked by CLK). Large setup violations at the end of those stages might be difficult to fix during the post-placement implementation flow and could be the result of non-optimal XDC constraints or non-optimal design architecture
Related violations: <none>

TIMING-16#969 Warning
Large setup violation  
There is a large setup violation of -5.466 ns between u_aes_slave/u_aes_core/key_schedule_inst/key_state_reg_reg[0][241]/C (clocked by CLK) and u_aes_slave/u_aes_core/key_schedule_inst/key_state_reg_reg[1][238]/D (clocked by CLK). Large setup violations at the end of those stages might be difficult to fix during the post-placement implementation flow and could be the result of non-optimal XDC constraints or non-optimal design architecture
Related violations: <none>

TIMING-16#970 Warning
Large setup violation  
There is a large setup violation of -5.555 ns between u_aes_slave/u_aes_core/key_schedule_inst/key_state_reg_reg[6][248]/C (clocked by CLK) and u_aes_slave/u_aes_core/key_schedule_inst/key_state_reg_reg[7][176]/D (clocked by CLK). Large setup violations at the end of those stages might be difficult to fix during the post-placement implementation flow and could be the result of non-optimal XDC constraints or non-optimal design architecture
Related violations: <none>

TIMING-16#971 Warning
Large setup violation  
There is a large setup violation of -5.763 ns between u_aes_slave/u_aes_core/key_schedule_inst/key_state_reg_reg[2][247]/C (clocked by CLK) and u_aes_slave/u_aes_core/key_schedule_inst/key_state_reg_reg[3][232]/D (clocked by CLK). Large setup violations at the end of those stages might be difficult to fix during the post-placement implementation flow and could be the result of non-optimal XDC constraints or non-optimal design architecture
Related violations: <none>

TIMING-16#972 Warning
Large setup violation  
There is a large setup violation of -5.983 ns between u_aes_slave/u_aes_core/key_schedule_inst/key_state_reg_reg[4][244]/C (clocked by CLK) and u_aes_slave/u_aes_core/key_schedule_inst/key_state_reg_reg[5][235]/D (clocked by CLK). Large setup violations at the end of those stages might be difficult to fix during the post-placement implementation flow and could be the result of non-optimal XDC constraints or non-optimal design architecture
Related violations: <none>

TIMING-16#973 Warning
Large setup violation  
There is a large setup violation of -8.682 ns between u_axi_master/mem_addr_q_reg[23]/C (clocked by CLK) and u_aes_slave/rdata_q_reg[22]/D (clocked by CLK). Large setup violations at the end of those stages might be difficult to fix during the post-placement implementation flow and could be the result of non-optimal XDC constraints or non-optimal design architecture
Related violations: <none>

TIMING-16#974 Warning
Large setup violation  
There is a large setup violation of -8.723 ns between u_axi_master/mem_addr_q_reg[23]/C (clocked by CLK) and u_aes_slave/rdata_q_reg[31]/D (clocked by CLK). Large setup violations at the end of those stages might be difficult to fix during the post-placement implementation flow and could be the result of non-optimal XDC constraints or non-optimal design architecture
Related violations: <none>

TIMING-16#975 Warning
Large setup violation  
There is a large setup violation of -8.782 ns between u_axi_master/mem_addr_q_reg[23]/C (clocked by CLK) and u_aes_slave/rdata_q_reg[3]/D (clocked by CLK). Large setup violations at the end of those stages might be difficult to fix during the post-placement implementation flow and could be the result of non-optimal XDC constraints or non-optimal design architecture
Related violations: <none>

TIMING-16#976 Warning
Large setup violation  
There is a large setup violation of -8.803 ns between u_axi_master/mem_addr_q_reg[23]/C (clocked by CLK) and u_aes_slave/rdata_q_reg[18]/D (clocked by CLK). Large setup violations at the end of those stages might be difficult to fix during the post-placement implementation flow and could be the result of non-optimal XDC constraints or non-optimal design architecture
Related violations: <none>

TIMING-16#977 Warning
Large setup violation  
There is a large setup violation of -8.814 ns between u_axi_master/mem_addr_q_reg[23]/C (clocked by CLK) and u_aes_slave/rdata_q_reg[27]/D (clocked by CLK). Large setup violations at the end of those stages might be difficult to fix during the post-placement implementation flow and could be the result of non-optimal XDC constraints or non-optimal design architecture
Related violations: <none>

TIMING-16#978 Warning
Large setup violation  
There is a large setup violation of -8.839 ns between u_axi_master/mem_addr_q_reg[23]/C (clocked by CLK) and u_aes_slave/rdata_q_reg[17]/D (clocked by CLK). Large setup violations at the end of those stages might be difficult to fix during the post-placement implementation flow and could be the result of non-optimal XDC constraints or non-optimal design architecture
Related violations: <none>

TIMING-16#979 Warning
Large setup violation  
There is a large setup violation of -8.872 ns between u_axi_master/mem_addr_q_reg[23]/C (clocked by CLK) and u_aes_slave/rdata_q_reg[1]/D (clocked by CLK). Large setup violations at the end of those stages might be difficult to fix during the post-placement implementation flow and could be the result of non-optimal XDC constraints or non-optimal design architecture
Related violations: <none>

TIMING-16#980 Warning
Large setup violation  
There is a large setup violation of -8.920 ns between u_axi_master/mem_addr_q_reg[23]/C (clocked by CLK) and u_aes_slave/rdata_q_reg[26]/D (clocked by CLK). Large setup violations at the end of those stages might be difficult to fix during the post-placement implementation flow and could be the result of non-optimal XDC constraints or non-optimal design architecture
Related violations: <none>

TIMING-16#981 Warning
Large setup violation  
There is a large setup violation of -9.110 ns between u_axi_master/mem_addr_q_reg[23]/C (clocked by CLK) and u_aes_slave/rdata_q_reg[0]/D (clocked by CLK). Large setup violations at the end of those stages might be difficult to fix during the post-placement implementation flow and could be the result of non-optimal XDC constraints or non-optimal design architecture
Related violations: <none>

TIMING-16#982 Warning
Large setup violation  
There is a large setup violation of -9.112 ns between u_axi_master/mem_addr_q_reg[23]/C (clocked by CLK) and u_aes_slave/rdata_q_reg[29]/D (clocked by CLK). Large setup violations at the end of those stages might be difficult to fix during the post-placement implementation flow and could be the result of non-optimal XDC constraints or non-optimal design architecture
Related violations: <none>

TIMING-16#983 Warning
Large setup violation  
There is a large setup violation of -9.160 ns between u_axi_master/mem_addr_q_reg[23]/C (clocked by CLK) and u_aes_slave/rdata_q_reg[2]/D (clocked by CLK). Large setup violations at the end of those stages might be difficult to fix during the post-placement implementation flow and could be the result of non-optimal XDC constraints or non-optimal design architecture
Related violations: <none>

TIMING-16#984 Warning
Large setup violation  
There is a large setup violation of -9.169 ns between u_axi_master/mem_addr_q_reg[23]/C (clocked by CLK) and u_aes_slave/rdata_q_reg[11]/D (clocked by CLK). Large setup violations at the end of those stages might be difficult to fix during the post-placement implementation flow and could be the result of non-optimal XDC constraints or non-optimal design architecture
Related violations: <none>

TIMING-16#985 Warning
Large setup violation  
There is a large setup violation of -9.214 ns between u_axi_master/mem_addr_q_reg[23]/C (clocked by CLK) and u_aes_slave/rdata_q_reg[24]/D (clocked by CLK). Large setup violations at the end of those stages might be difficult to fix during the post-placement implementation flow and could be the result of non-optimal XDC constraints or non-optimal design architecture
Related violations: <none>

TIMING-16#986 Warning
Large setup violation  
There is a large setup violation of -9.229 ns between u_axi_master/mem_addr_q_reg[23]/C (clocked by CLK) and u_aes_slave/rdata_q_reg[7]/D (clocked by CLK). Large setup violations at the end of those stages might be difficult to fix during the post-placement implementation flow and could be the result of non-optimal XDC constraints or non-optimal design architecture
Related violations: <none>

TIMING-16#987 Warning
Large setup violation  
There is a large setup violation of -9.294 ns between u_axi_master/mem_addr_q_reg[23]/C (clocked by CLK) and u_aes_slave/rdata_q_reg[13]/D (clocked by CLK). Large setup violations at the end of those stages might be difficult to fix during the post-placement implementation flow and could be the result of non-optimal XDC constraints or non-optimal design architecture
Related violations: <none>

TIMING-16#988 Warning
Large setup violation  
There is a large setup violation of -9.337 ns between u_axi_master/mem_addr_q_reg[23]/C (clocked by CLK) and u_aes_slave/rdata_q_reg[20]/D (clocked by CLK). Large setup violations at the end of those stages might be difficult to fix during the post-placement implementation flow and could be the result of non-optimal XDC constraints or non-optimal design architecture
Related violations: <none>

TIMING-16#989 Warning
Large setup violation  
There is a large setup violation of -9.351 ns between u_axi_master/mem_addr_q_reg[23]/C (clocked by CLK) and u_aes_slave/rdata_q_reg[19]/D (clocked by CLK). Large setup violations at the end of those stages might be difficult to fix during the post-placement implementation flow and could be the result of non-optimal XDC constraints or non-optimal design architecture
Related violations: <none>

TIMING-16#990 Warning
Large setup violation  
There is a large setup violation of -9.438 ns between u_axi_master/mem_addr_q_reg[23]/C (clocked by CLK) and u_aes_slave/rdata_q_reg[25]/D (clocked by CLK). Large setup violations at the end of those stages might be difficult to fix during the post-placement implementation flow and could be the result of non-optimal XDC constraints or non-optimal design architecture
Related violations: <none>

TIMING-16#991 Warning
Large setup violation  
There is a large setup violation of -9.460 ns between u_axi_master/mem_addr_q_reg[23]/C (clocked by CLK) and u_aes_slave/rdata_q_reg[16]/D (clocked by CLK). Large setup violations at the end of those stages might be difficult to fix during the post-placement implementation flow and could be the result of non-optimal XDC constraints or non-optimal design architecture
Related violations: <none>

TIMING-16#992 Warning
Large setup violation  
There is a large setup violation of -9.496 ns between u_axi_master/mem_addr_q_reg[23]/C (clocked by CLK) and u_aes_slave/rdata_q_reg[23]/D (clocked by CLK). Large setup violations at the end of those stages might be difficult to fix during the post-placement implementation flow and could be the result of non-optimal XDC constraints or non-optimal design architecture
Related violations: <none>

TIMING-16#993 Warning
Large setup violation  
There is a large setup violation of -9.587 ns between u_axi_master/mem_addr_q_reg[23]/C (clocked by CLK) and u_aes_slave/rdata_q_reg[30]/D (clocked by CLK). Large setup violations at the end of those stages might be difficult to fix during the post-placement implementation flow and could be the result of non-optimal XDC constraints or non-optimal design architecture
Related violations: <none>

TIMING-16#994 Warning
Large setup violation  
There is a large setup violation of -9.593 ns between u_axi_master/mem_addr_q_reg[23]/C (clocked by CLK) and u_aes_slave/rdata_q_reg[6]/D (clocked by CLK). Large setup violations at the end of those stages might be difficult to fix during the post-placement implementation flow and could be the result of non-optimal XDC constraints or non-optimal design architecture
Related violations: <none>

TIMING-16#995 Warning
Large setup violation  
There is a large setup violation of -9.679 ns between u_axi_master/mem_addr_q_reg[23]/C (clocked by CLK) and u_aes_slave/rdata_q_reg[8]/D (clocked by CLK). Large setup violations at the end of those stages might be difficult to fix during the post-placement implementation flow and could be the result of non-optimal XDC constraints or non-optimal design architecture
Related violations: <none>

TIMING-16#996 Warning
Large setup violation  
There is a large setup violation of -9.680 ns between u_axi_master/mem_addr_q_reg[23]/C (clocked by CLK) and u_aes_slave/rdata_q_reg[5]/D (clocked by CLK). Large setup violations at the end of those stages might be difficult to fix during the post-placement implementation flow and could be the result of non-optimal XDC constraints or non-optimal design architecture
Related violations: <none>

TIMING-16#997 Warning
Large setup violation  
There is a large setup violation of -9.707 ns between u_axi_master/mem_addr_q_reg[23]/C (clocked by CLK) and u_aes_slave/rdata_q_reg[28]/D (clocked by CLK). Large setup violations at the end of those stages might be difficult to fix during the post-placement implementation flow and could be the result of non-optimal XDC constraints or non-optimal design architecture
Related violations: <none>

TIMING-16#998 Warning
Large setup violation  
There is a large setup violation of -9.750 ns between u_axi_master/mem_addr_q_reg[23]/C (clocked by CLK) and u_aes_slave/rdata_q_reg[10]/D (clocked by CLK). Large setup violations at the end of those stages might be difficult to fix during the post-placement implementation flow and could be the result of non-optimal XDC constraints or non-optimal design architecture
Related violations: <none>

TIMING-16#999 Warning
Large setup violation  
There is a large setup violation of -9.788 ns between u_axi_master/mem_addr_q_reg[23]/C (clocked by CLK) and u_aes_slave/rdata_q_reg[4]/D (clocked by CLK). Large setup violations at the end of those stages might be difficult to fix during the post-placement implementation flow and could be the result of non-optimal XDC constraints or non-optimal design architecture
Related violations: <none>

TIMING-16#1000 Warning
Large setup violation  
There is a large setup violation of -9.855 ns between u_axi_master/mem_addr_q_reg[23]/C (clocked by CLK) and u_aes_slave/rdata_q_reg[21]/D (clocked by CLK). Large setup violations at the end of those stages might be difficult to fix during the post-placement implementation flow and could be the result of non-optimal XDC constraints or non-optimal design architecture
Related violations: <none>

TIMING-18#1 Warning
Missing input or output delay  
An output delay is missing on aes_done_debug relative to the rising and/or falling clock edge(s) of CLK.
Related violations: <none>

TIMING-18#2 Warning
Missing input or output delay  
An output delay is missing on cpu_stall_debug relative to the rising and/or falling clock edge(s) of CLK.
Related violations: <none>

TIMING-18#3 Warning
Missing input or output delay  
An output delay is missing on uart_tx_o relative to the rising and/or falling clock edge(s) of CLK.
Related violations: <none>


