Copyright 1986-2022 Xilinx, Inc. All Rights Reserved. Copyright 2022-2025 Advanced Micro Devices, Inc. All Rights Reserved.
-------------------------------------------------------------------------------------------------------------------------------------------------------------------------------
| Tool Version : Vivado v.2025.2 (lin64) Build 6299465 Fri Nov 14 12:34:56 MST 2025
| Date         : Thu Sep 10 16:55:49 2026
| Host         : trungp1412 running 64-bit Red Hat Enterprise Linux 10.2 (Coughlan)"
RELEASE_TYPE=stable
| Command      : report_timing -delay_type max -max_paths 20 -path_type full_clock_expanded -file /home/trungpham/PROJECT/KLTN/vivado_fmax_xc7a35t/post_route_timing_paths.rpt
| Design       : soc_top
| Device       : 7a35t-cpg236
| Speed File   : -1  PRODUCTION 1.23 2018-06-13
| Design State : Routed
-------------------------------------------------------------------------------------------------------------------------------------------------------------------------------

Timing Report

Slack (VIOLATED) :        -16.175ns  (required time - arrival time)
  Source:                 u_cpu/dut_pc/pc_reg[5]/C
                            (rising edge-triggered cell FDRE clocked by CLK  {rise@0.000ns fall@2.500ns period=5.000ns})
  Destination:            u_cpu/dut_pc/pc_reg[4]_rep__6/D
                            (rising edge-triggered cell FDRE clocked by CLK  {rise@0.000ns fall@2.500ns period=5.000ns})
  Path Group:             CLK
  Path Type:              Setup (Max at Slow Process Corner)
  Requirement:            5.000ns  (CLK rise@5.000ns - CLK rise@0.000ns)
  Data Path Delay:        20.676ns  (logic 4.325ns (20.918%)  route 16.351ns (79.082%))
  Logic Levels:           22  (CARRY4=4 LUT2=1 LUT4=3 LUT5=1 LUT6=12 RAMD32=1)
  Clock Path Skew:        -0.102ns (DCD - SCD + CPR)
    Destination Clock Delay (DCD):    4.204ns = ( 9.204 - 5.000 ) 
    Source Clock Delay      (SCD):    4.556ns
    Clock Pessimism Removal (CPR):    0.250ns
  Clock Uncertainty:      0.335ns  ((TSJ^2 + TIJ^2)^1/2 + DJ) / 2 + PE + UU
    Total System Jitter     (TSJ):    0.071ns
    Total Input Jitter      (TIJ):    0.000ns
    Discrete Jitter          (DJ):    0.000ns
    Phase Error              (PE):    0.000ns
    User Uncertainty         (UU):    0.300ns

    Location             Delay type                Incr(ns)  Path(ns)    Netlist Resource(s)
  -------------------------------------------------------------------    -------------------
                         (clock CLK rise edge)        0.000     0.000 r  
    M18                                               0.000     0.000 r  clk (IN)
                         net (fo=0)                   0.000     0.000    clk
    M18                  IBUF (Prop_ibuf_I_O)         0.938     0.938 r  clk_IBUF_inst/O
                         net (fo=1, routed)           1.972     2.910    clk_IBUF
    BUFGCTRL_X0Y0        BUFG (Prop_bufg_I_O)         0.096     3.006 r  clk_IBUF_BUFG_inst/O
                         net (fo=11160, routed)       1.550     4.556    u_cpu/dut_pc/clk_IBUF_BUFG
    SLICE_X35Y28         FDRE                                         r  u_cpu/dut_pc/pc_reg[5]/C
  -------------------------------------------------------------------    -------------------
    SLICE_X35Y28         FDRE (Prop_fdre_C_Q)         0.456     5.012 r  u_cpu/dut_pc/pc_reg[5]/Q
                         net (fo=95, routed)          1.361     6.373    u_l1_icache/tag_array_reg_0_31_6_11/ADDRA1
    SLICE_X38Y27         RAMD32 (Prop_ramd32_RADR1_O)
                                                      0.146     6.519 r  u_l1_icache/tag_array_reg_0_31_6_11/RAMA/O
                         net (fo=1, routed)           1.263     7.783    u_l1_icache/lookup_hit1_0[6]
    SLICE_X34Y27         LUT6 (Prop_lut6_I0_O)        0.328     8.111 r  u_l1_icache/cpu_stall_debug_OBUF_inst_i_31/O
                         net (fo=1, routed)           0.000     8.111    u_l1_icache/cpu_stall_debug_OBUF_inst_i_31_n_0
    SLICE_X34Y27         CARRY4 (Prop_carry4_S[2]_CO[3])
                                                      0.380     8.491 r  u_l1_icache/cpu_stall_debug_OBUF_inst_i_21/CO[3]
                         net (fo=1, routed)           0.000     8.491    u_l1_icache/cpu_stall_debug_OBUF_inst_i_21_n_0
    SLICE_X34Y28         CARRY4 (Prop_carry4_CI_CO[3])
                                                      0.117     8.608 r  u_l1_icache/cpu_stall_debug_OBUF_inst_i_7/CO[3]
                         net (fo=5, routed)           1.018     9.625    u_l1_icache/CO[0]
    SLICE_X32Y29         LUT5 (Prop_lut5_I1_O)        0.124     9.749 r  u_l1_icache/cpu_stall_debug_OBUF_inst_i_2/O
                         net (fo=45, routed)          0.918    10.668    u_cpu/dut_pc/icache_cpu_valid
    SLICE_X31Y28         LUT6 (Prop_lut6_I3_O)        0.124    10.792 r  u_cpu/dut_pc/instr_debug[13]_i_1/O
                         net (fo=15, routed)          0.836    11.627    u_cpu/dut_pc/cpu_mem_funct3[1]
    SLICE_X30Y31         LUT6 (Prop_lut6_I1_O)        0.124    11.751 r  u_cpu/dut_pc/pc_target1_carry_i_16/O
                         net (fo=1, routed)           0.815    12.567    u_cpu/dut_pc/pc_target1_carry_i_16_n_0
    SLICE_X28Y31         LUT6 (Prop_lut6_I3_O)        0.124    12.691 r  u_cpu/dut_pc/pc_target1_carry_i_9/O
                         net (fo=35, routed)          0.851    13.542    u_cpu/dut_pc/imm_sel[1]
    SLICE_X28Y33         LUT6 (Prop_lut6_I0_O)        0.124    13.666 f  u_cpu/dut_pc/pc_target1_carry__0_i_10/O
                         net (fo=9, routed)           0.767    14.433    u_cpu/dut_pc/pc_target1_carry__0_i_10_n_0
    SLICE_X15Y33         LUT4 (Prop_lut4_I2_O)        0.124    14.557 r  u_cpu/dut_pc/pc_target1_carry__1_i_10/O
                         net (fo=28, routed)          0.848    15.405    u_cpu/dut_pc/pc_target1_carry__1_i_10_n_0
    SLICE_X15Y37         LUT6 (Prop_lut6_I5_O)        0.124    15.529 r  u_cpu/dut_pc/pc_target1_carry__5_i_1/O
                         net (fo=5, routed)           0.691    16.220    u_cpu/dut_pc/instruction_hold_valid_q_reg_0[24]
    SLICE_X14Y37         LUT4 (Prop_lut4_I2_O)        0.124    16.344 r  u_cpu/dut_pc/result0_carry__5_i_9/O
                         net (fo=8, routed)           0.712    17.056    u_cpu/dut_pc/src_b[27]
    SLICE_X9Y35          LUT2 (Prop_lut2_I1_O)        0.124    17.180 r  u_cpu/dut_pc/result0_carry__5_i_5/O
                         net (fo=1, routed)           0.000    17.180    u_cpu/dut_alu/mem_addr_q[24]_i_8[3]
    SLICE_X9Y35          CARRY4 (Prop_carry4_S[3]_CO[3])
                                                      0.401    17.581 r  u_cpu/dut_alu/result0_carry__5/CO[3]
                         net (fo=1, routed)           0.000    17.581    u_cpu/dut_alu/result0_carry__5_n_0
    SLICE_X9Y36          CARRY4 (Prop_carry4_CI_O[1])
                                                      0.334    17.915 f  u_cpu/dut_alu/result0_carry__6/O[1]
                         net (fo=1, routed)           0.599    18.514    u_cpu/dut_pc/mem_addr_q[31]_i_5_0[8]
    SLICE_X9Y38          LUT4 (Prop_lut4_I2_O)        0.303    18.817 f  u_cpu/dut_pc/mem_addr_q[29]_i_7/O
                         net (fo=1, routed)           0.154    18.971    u_cpu/dut_pc/mem_addr_q[29]_i_7_n_0
    SLICE_X9Y38          LUT6 (Prop_lut6_I1_O)        0.124    19.095 f  u_cpu/dut_pc/mem_addr_q[29]_i_3/O
                         net (fo=2, routed)           0.885    19.980    u_cpu/dut_pc/mem_addr_q[29]_i_3_n_0
    SLICE_X7Y37          LUT6 (Prop_lut6_I2_O)        0.124    20.104 f  u_cpu/dut_pc/pc[31]_i_27/O
                         net (fo=1, routed)           0.827    20.931    u_cpu/dut_pc/pc[31]_i_27_n_0
    SLICE_X14Y37         LUT6 (Prop_lut6_I0_O)        0.124    21.055 r  u_cpu/dut_pc/pc[31]_i_21/O
                         net (fo=1, routed)           0.897    21.952    u_cpu/dut_pc/pc[31]_i_21_n_0
    SLICE_X28Y34         LUT6 (Prop_lut6_I4_O)        0.124    22.076 r  u_cpu/dut_pc/pc[31]_i_12/O
                         net (fo=2, routed)           0.710    22.786    u_cpu/dut_pc/pc[31]_i_12_n_0
    SLICE_X31Y28         LUT6 (Prop_lut6_I1_O)        0.124    22.910 r  u_cpu/dut_pc/pc[31]_i_5/O
                         net (fo=60, routed)          1.401    24.312    u_cpu/dut_pc/pc[31]_i_5_n_0
    SLICE_X45Y20         LUT6 (Prop_lut6_I0_O)        0.124    24.436 r  u_cpu/dut_pc/pc[4]_rep__6_i_1/O
                         net (fo=1, routed)           0.796    25.232    u_cpu/dut_pc/pc[4]_rep__6_i_1_n_0
    SLICE_X44Y17         FDRE                                         r  u_cpu/dut_pc/pc_reg[4]_rep__6/D
  -------------------------------------------------------------------    -------------------

                         (clock CLK rise edge)        5.000     5.000 r  
    M18                                               0.000     5.000 r  clk (IN)
                         net (fo=0)                   0.000     5.000    clk
    M18                  IBUF (Prop_ibuf_I_O)         0.805     5.805 r  clk_IBUF_inst/O
                         net (fo=1, routed)           1.868     7.673    clk_IBUF
    BUFGCTRL_X0Y0        BUFG (Prop_bufg_I_O)         0.091     7.764 r  clk_IBUF_BUFG_inst/O
                         net (fo=11160, routed)       1.440     9.204    u_cpu/dut_pc/clk_IBUF_BUFG
    SLICE_X44Y17         FDRE                                         r  u_cpu/dut_pc/pc_reg[4]_rep__6/C
                         clock pessimism              0.250     9.454    
                         clock uncertainty           -0.335     9.119    
    SLICE_X44Y17         FDRE (Setup_fdre_C_D)       -0.062     9.057    u_cpu/dut_pc/pc_reg[4]_rep__6
  -------------------------------------------------------------------
                         required time                          9.057    
                         arrival time                         -25.232    
  -------------------------------------------------------------------
                         slack                                -16.175    

Slack (VIOLATED) :        -16.054ns  (required time - arrival time)
  Source:                 u_cpu/dut_pc/pc_reg[5]/C
                            (rising edge-triggered cell FDRE clocked by CLK  {rise@0.000ns fall@2.500ns period=5.000ns})
  Destination:            u_l1_icache/data_array_reg[1][0][15]/CE
                            (rising edge-triggered cell FDRE clocked by CLK  {rise@0.000ns fall@2.500ns period=5.000ns})
  Path Group:             CLK
  Path Type:              Setup (Max at Slow Process Corner)
  Requirement:            5.000ns  (CLK rise@5.000ns - CLK rise@0.000ns)
  Data Path Delay:        20.407ns  (logic 4.183ns (20.498%)  route 16.224ns (79.502%))
  Logic Levels:           21  (CARRY4=4 LUT2=1 LUT4=3 LUT5=3 LUT6=9 RAMD32=1)
  Clock Path Skew:        -0.107ns (DCD - SCD + CPR)
    Destination Clock Delay (DCD):    4.199ns = ( 9.199 - 5.000 ) 
    Source Clock Delay      (SCD):    4.556ns
    Clock Pessimism Removal (CPR):    0.250ns
  Clock Uncertainty:      0.335ns  ((TSJ^2 + TIJ^2)^1/2 + DJ) / 2 + PE + UU
    Total System Jitter     (TSJ):    0.071ns
    Total Input Jitter      (TIJ):    0.000ns
    Discrete Jitter          (DJ):    0.000ns
    Phase Error              (PE):    0.000ns
    User Uncertainty         (UU):    0.300ns

    Location             Delay type                Incr(ns)  Path(ns)    Netlist Resource(s)
  -------------------------------------------------------------------    -------------------
                         (clock CLK rise edge)        0.000     0.000 r  
    M18                                               0.000     0.000 r  clk (IN)
                         net (fo=0)                   0.000     0.000    clk
    M18                  IBUF (Prop_ibuf_I_O)         0.938     0.938 r  clk_IBUF_inst/O
                         net (fo=1, routed)           1.972     2.910    clk_IBUF
    BUFGCTRL_X0Y0        BUFG (Prop_bufg_I_O)         0.096     3.006 r  clk_IBUF_BUFG_inst/O
                         net (fo=11160, routed)       1.550     4.556    u_cpu/dut_pc/clk_IBUF_BUFG
    SLICE_X35Y28         FDRE                                         r  u_cpu/dut_pc/pc_reg[5]/C
  -------------------------------------------------------------------    -------------------
    SLICE_X35Y28         FDRE (Prop_fdre_C_Q)         0.456     5.012 r  u_cpu/dut_pc/pc_reg[5]/Q
                         net (fo=95, routed)          1.361     6.373    u_l1_icache/tag_array_reg_0_31_6_11/ADDRA1
    SLICE_X38Y27         RAMD32 (Prop_ramd32_RADR1_O)
                                                      0.146     6.519 r  u_l1_icache/tag_array_reg_0_31_6_11/RAMA/O
                         net (fo=1, routed)           1.263     7.783    u_l1_icache/lookup_hit1_0[6]
    SLICE_X34Y27         LUT6 (Prop_lut6_I0_O)        0.328     8.111 r  u_l1_icache/cpu_stall_debug_OBUF_inst_i_31/O
                         net (fo=1, routed)           0.000     8.111    u_l1_icache/cpu_stall_debug_OBUF_inst_i_31_n_0
    SLICE_X34Y27         CARRY4 (Prop_carry4_S[2]_CO[3])
                                                      0.380     8.491 r  u_l1_icache/cpu_stall_debug_OBUF_inst_i_21/CO[3]
                         net (fo=1, routed)           0.000     8.491    u_l1_icache/cpu_stall_debug_OBUF_inst_i_21_n_0
    SLICE_X34Y28         CARRY4 (Prop_carry4_CI_CO[3])
                                                      0.117     8.608 r  u_l1_icache/cpu_stall_debug_OBUF_inst_i_7/CO[3]
                         net (fo=5, routed)           1.018     9.625    u_l1_icache/CO[0]
    SLICE_X32Y29         LUT5 (Prop_lut5_I1_O)        0.124     9.749 r  u_l1_icache/cpu_stall_debug_OBUF_inst_i_2/O
                         net (fo=45, routed)          0.918    10.668    u_cpu/dut_pc/icache_cpu_valid
    SLICE_X31Y28         LUT6 (Prop_lut6_I3_O)        0.124    10.792 r  u_cpu/dut_pc/instr_debug[13]_i_1/O
                         net (fo=15, routed)          0.836    11.627    u_cpu/dut_pc/cpu_mem_funct3[1]
    SLICE_X30Y31         LUT6 (Prop_lut6_I1_O)        0.124    11.751 r  u_cpu/dut_pc/pc_target1_carry_i_16/O
                         net (fo=1, routed)           0.815    12.567    u_cpu/dut_pc/pc_target1_carry_i_16_n_0
    SLICE_X28Y31         LUT6 (Prop_lut6_I3_O)        0.124    12.691 r  u_cpu/dut_pc/pc_target1_carry_i_9/O
                         net (fo=35, routed)          0.851    13.542    u_cpu/dut_pc/imm_sel[1]
    SLICE_X28Y33         LUT6 (Prop_lut6_I0_O)        0.124    13.666 f  u_cpu/dut_pc/pc_target1_carry__0_i_10/O
                         net (fo=9, routed)           0.767    14.433    u_cpu/dut_pc/pc_target1_carry__0_i_10_n_0
    SLICE_X15Y33         LUT4 (Prop_lut4_I2_O)        0.124    14.557 r  u_cpu/dut_pc/pc_target1_carry__1_i_10/O
                         net (fo=28, routed)          0.848    15.405    u_cpu/dut_pc/pc_target1_carry__1_i_10_n_0
    SLICE_X15Y37         LUT6 (Prop_lut6_I5_O)        0.124    15.529 r  u_cpu/dut_pc/pc_target1_carry__5_i_1/O
                         net (fo=5, routed)           0.691    16.220    u_cpu/dut_pc/instruction_hold_valid_q_reg_0[24]
    SLICE_X14Y37         LUT4 (Prop_lut4_I2_O)        0.124    16.344 r  u_cpu/dut_pc/result0_carry__5_i_9/O
                         net (fo=8, routed)           0.712    17.056    u_cpu/dut_pc/src_b[27]
    SLICE_X9Y35          LUT2 (Prop_lut2_I1_O)        0.124    17.180 r  u_cpu/dut_pc/result0_carry__5_i_5/O
                         net (fo=1, routed)           0.000    17.180    u_cpu/dut_alu/mem_addr_q[24]_i_8[3]
    SLICE_X9Y35          CARRY4 (Prop_carry4_S[3]_CO[3])
                                                      0.401    17.581 r  u_cpu/dut_alu/result0_carry__5/CO[3]
                         net (fo=1, routed)           0.000    17.581    u_cpu/dut_alu/result0_carry__5_n_0
    SLICE_X9Y36          CARRY4 (Prop_carry4_CI_O[3])
                                                      0.313    17.894 r  u_cpu/dut_alu/result0_carry__6/O[3]
                         net (fo=1, routed)           0.579    18.473    u_cpu/dut_pc/mem_addr_q[31]_i_5_0[9]
    SLICE_X11Y38         LUT4 (Prop_lut4_I2_O)        0.306    18.779 r  u_cpu/dut_pc/mem_addr_q[31]_i_12/O
                         net (fo=1, routed)           0.814    19.593    u_cpu/dut_pc/mem_addr_q[31]_i_12_n_0
    SLICE_X12Y38         LUT6 (Prop_lut6_I4_O)        0.124    19.717 r  u_cpu/dut_pc/mem_addr_q[31]_i_5/O
                         net (fo=1, routed)           0.295    20.012    u_cpu/dut_pc/mem_addr_q[31]_i_5_n_0
    SLICE_X14Y38         LUT5 (Prop_lut5_I0_O)        0.124    20.136 r  u_cpu/dut_pc/mem_addr_q[31]_i_4/O
                         net (fo=4, routed)           0.626    20.762    u_cpu/dut_pc/cpu_mem_addr[31]
    SLICE_X14Y37         LUT6 (Prop_lut6_I1_O)        0.124    20.886 r  u_cpu/dut_pc/refill_word_q[1]_i_5/O
                         net (fo=4, routed)           1.365    22.250    u_cpu/dut_pc/refill_word_q[1]_i_5_n_0
    SLICE_X29Y19         LUT5 (Prop_lut5_I0_O)        0.124    22.374 f  u_cpu/dut_pc/refill_word_q[1]_i_3/O
                         net (fo=161, routed)         0.857    23.231    u_l1_icache/refill_word_q_reg[1]_3
    SLICE_X30Y23         LUT6 (Prop_lut6_I4_O)        0.124    23.355 r  u_l1_icache/data_array[1][0][31]_i_1/O
                         net (fo=32, routed)          1.608    24.963    u_l1_icache/data_array[1][0][31]_i_1_n_0
    SLICE_X51Y25         FDRE                                         r  u_l1_icache/data_array_reg[1][0][15]/CE
  -------------------------------------------------------------------    -------------------

                         (clock CLK rise edge)        5.000     5.000 r  
    M18                                               0.000     5.000 r  clk (IN)
                         net (fo=0)                   0.000     5.000    clk
    M18                  IBUF (Prop_ibuf_I_O)         0.805     5.805 r  clk_IBUF_inst/O
                         net (fo=1, routed)           1.868     7.673    clk_IBUF
    BUFGCTRL_X0Y0        BUFG (Prop_bufg_I_O)         0.091     7.764 r  clk_IBUF_BUFG_inst/O
                         net (fo=11160, routed)       1.435     9.199    u_l1_icache/clk_IBUF_BUFG
    SLICE_X51Y25         FDRE                                         r  u_l1_icache/data_array_reg[1][0][15]/C
                         clock pessimism              0.250     9.449    
                         clock uncertainty           -0.335     9.114    
    SLICE_X51Y25         FDRE (Setup_fdre_C_CE)      -0.205     8.909    u_l1_icache/data_array_reg[1][0][15]
  -------------------------------------------------------------------
                         required time                          8.909    
                         arrival time                         -24.963    
  -------------------------------------------------------------------
                         slack                                -16.054    

Slack (VIOLATED) :        -16.054ns  (required time - arrival time)
  Source:                 u_cpu/dut_pc/pc_reg[5]/C
                            (rising edge-triggered cell FDRE clocked by CLK  {rise@0.000ns fall@2.500ns period=5.000ns})
  Destination:            u_l1_icache/data_array_reg[1][0][18]/CE
                            (rising edge-triggered cell FDRE clocked by CLK  {rise@0.000ns fall@2.500ns period=5.000ns})
  Path Group:             CLK
  Path Type:              Setup (Max at Slow Process Corner)
  Requirement:            5.000ns  (CLK rise@5.000ns - CLK rise@0.000ns)
  Data Path Delay:        20.407ns  (logic 4.183ns (20.498%)  route 16.224ns (79.502%))
  Logic Levels:           21  (CARRY4=4 LUT2=1 LUT4=3 LUT5=3 LUT6=9 RAMD32=1)
  Clock Path Skew:        -0.107ns (DCD - SCD + CPR)
    Destination Clock Delay (DCD):    4.199ns = ( 9.199 - 5.000 ) 
    Source Clock Delay      (SCD):    4.556ns
    Clock Pessimism Removal (CPR):    0.250ns
  Clock Uncertainty:      0.335ns  ((TSJ^2 + TIJ^2)^1/2 + DJ) / 2 + PE + UU
    Total System Jitter     (TSJ):    0.071ns
    Total Input Jitter      (TIJ):    0.000ns
    Discrete Jitter          (DJ):    0.000ns
    Phase Error              (PE):    0.000ns
    User Uncertainty         (UU):    0.300ns

    Location             Delay type                Incr(ns)  Path(ns)    Netlist Resource(s)
  -------------------------------------------------------------------    -------------------
                         (clock CLK rise edge)        0.000     0.000 r  
    M18                                               0.000     0.000 r  clk (IN)
                         net (fo=0)                   0.000     0.000    clk
    M18                  IBUF (Prop_ibuf_I_O)         0.938     0.938 r  clk_IBUF_inst/O
                         net (fo=1, routed)           1.972     2.910    clk_IBUF
    BUFGCTRL_X0Y0        BUFG (Prop_bufg_I_O)         0.096     3.006 r  clk_IBUF_BUFG_inst/O
                         net (fo=11160, routed)       1.550     4.556    u_cpu/dut_pc/clk_IBUF_BUFG
    SLICE_X35Y28         FDRE                                         r  u_cpu/dut_pc/pc_reg[5]/C
  -------------------------------------------------------------------    -------------------
    SLICE_X35Y28         FDRE (Prop_fdre_C_Q)         0.456     5.012 r  u_cpu/dut_pc/pc_reg[5]/Q
                         net (fo=95, routed)          1.361     6.373    u_l1_icache/tag_array_reg_0_31_6_11/ADDRA1
    SLICE_X38Y27         RAMD32 (Prop_ramd32_RADR1_O)
                                                      0.146     6.519 r  u_l1_icache/tag_array_reg_0_31_6_11/RAMA/O
                         net (fo=1, routed)           1.263     7.783    u_l1_icache/lookup_hit1_0[6]
    SLICE_X34Y27         LUT6 (Prop_lut6_I0_O)        0.328     8.111 r  u_l1_icache/cpu_stall_debug_OBUF_inst_i_31/O
                         net (fo=1, routed)           0.000     8.111    u_l1_icache/cpu_stall_debug_OBUF_inst_i_31_n_0
    SLICE_X34Y27         CARRY4 (Prop_carry4_S[2]_CO[3])
                                                      0.380     8.491 r  u_l1_icache/cpu_stall_debug_OBUF_inst_i_21/CO[3]
                         net (fo=1, routed)           0.000     8.491    u_l1_icache/cpu_stall_debug_OBUF_inst_i_21_n_0
    SLICE_X34Y28         CARRY4 (Prop_carry4_CI_CO[3])
                                                      0.117     8.608 r  u_l1_icache/cpu_stall_debug_OBUF_inst_i_7/CO[3]
                         net (fo=5, routed)           1.018     9.625    u_l1_icache/CO[0]
    SLICE_X32Y29         LUT5 (Prop_lut5_I1_O)        0.124     9.749 r  u_l1_icache/cpu_stall_debug_OBUF_inst_i_2/O
                         net (fo=45, routed)          0.918    10.668    u_cpu/dut_pc/icache_cpu_valid
    SLICE_X31Y28         LUT6 (Prop_lut6_I3_O)        0.124    10.792 r  u_cpu/dut_pc/instr_debug[13]_i_1/O
                         net (fo=15, routed)          0.836    11.627    u_cpu/dut_pc/cpu_mem_funct3[1]
    SLICE_X30Y31         LUT6 (Prop_lut6_I1_O)        0.124    11.751 r  u_cpu/dut_pc/pc_target1_carry_i_16/O
                         net (fo=1, routed)           0.815    12.567    u_cpu/dut_pc/pc_target1_carry_i_16_n_0
    SLICE_X28Y31         LUT6 (Prop_lut6_I3_O)        0.124    12.691 r  u_cpu/dut_pc/pc_target1_carry_i_9/O
                         net (fo=35, routed)          0.851    13.542    u_cpu/dut_pc/imm_sel[1]
    SLICE_X28Y33         LUT6 (Prop_lut6_I0_O)        0.124    13.666 f  u_cpu/dut_pc/pc_target1_carry__0_i_10/O
                         net (fo=9, routed)           0.767    14.433    u_cpu/dut_pc/pc_target1_carry__0_i_10_n_0
    SLICE_X15Y33         LUT4 (Prop_lut4_I2_O)        0.124    14.557 r  u_cpu/dut_pc/pc_target1_carry__1_i_10/O
                         net (fo=28, routed)          0.848    15.405    u_cpu/dut_pc/pc_target1_carry__1_i_10_n_0
    SLICE_X15Y37         LUT6 (Prop_lut6_I5_O)        0.124    15.529 r  u_cpu/dut_pc/pc_target1_carry__5_i_1/O
                         net (fo=5, routed)           0.691    16.220    u_cpu/dut_pc/instruction_hold_valid_q_reg_0[24]
    SLICE_X14Y37         LUT4 (Prop_lut4_I2_O)        0.124    16.344 r  u_cpu/dut_pc/result0_carry__5_i_9/O
                         net (fo=8, routed)           0.712    17.056    u_cpu/dut_pc/src_b[27]
    SLICE_X9Y35          LUT2 (Prop_lut2_I1_O)        0.124    17.180 r  u_cpu/dut_pc/result0_carry__5_i_5/O
                         net (fo=1, routed)           0.000    17.180    u_cpu/dut_alu/mem_addr_q[24]_i_8[3]
    SLICE_X9Y35          CARRY4 (Prop_carry4_S[3]_CO[3])
                                                      0.401    17.581 r  u_cpu/dut_alu/result0_carry__5/CO[3]
                         net (fo=1, routed)           0.000    17.581    u_cpu/dut_alu/result0_carry__5_n_0
    SLICE_X9Y36          CARRY4 (Prop_carry4_CI_O[3])
                                                      0.313    17.894 r  u_cpu/dut_alu/result0_carry__6/O[3]
                         net (fo=1, routed)           0.579    18.473    u_cpu/dut_pc/mem_addr_q[31]_i_5_0[9]
    SLICE_X11Y38         LUT4 (Prop_lut4_I2_O)        0.306    18.779 r  u_cpu/dut_pc/mem_addr_q[31]_i_12/O
                         net (fo=1, routed)           0.814    19.593    u_cpu/dut_pc/mem_addr_q[31]_i_12_n_0
    SLICE_X12Y38         LUT6 (Prop_lut6_I4_O)        0.124    19.717 r  u_cpu/dut_pc/mem_addr_q[31]_i_5/O
                         net (fo=1, routed)           0.295    20.012    u_cpu/dut_pc/mem_addr_q[31]_i_5_n_0
    SLICE_X14Y38         LUT5 (Prop_lut5_I0_O)        0.124    20.136 r  u_cpu/dut_pc/mem_addr_q[31]_i_4/O
                         net (fo=4, routed)           0.626    20.762    u_cpu/dut_pc/cpu_mem_addr[31]
    SLICE_X14Y37         LUT6 (Prop_lut6_I1_O)        0.124    20.886 r  u_cpu/dut_pc/refill_word_q[1]_i_5/O
                         net (fo=4, routed)           1.365    22.250    u_cpu/dut_pc/refill_word_q[1]_i_5_n_0
    SLICE_X29Y19         LUT5 (Prop_lut5_I0_O)        0.124    22.374 f  u_cpu/dut_pc/refill_word_q[1]_i_3/O
                         net (fo=161, routed)         0.857    23.231    u_l1_icache/refill_word_q_reg[1]_3
    SLICE_X30Y23         LUT6 (Prop_lut6_I4_O)        0.124    23.355 r  u_l1_icache/data_array[1][0][31]_i_1/O
                         net (fo=32, routed)          1.608    24.963    u_l1_icache/data_array[1][0][31]_i_1_n_0
    SLICE_X51Y25         FDRE                                         r  u_l1_icache/data_array_reg[1][0][18]/CE
  -------------------------------------------------------------------    -------------------

                         (clock CLK rise edge)        5.000     5.000 r  
    M18                                               0.000     5.000 r  clk (IN)
                         net (fo=0)                   0.000     5.000    clk
    M18                  IBUF (Prop_ibuf_I_O)         0.805     5.805 r  clk_IBUF_inst/O
                         net (fo=1, routed)           1.868     7.673    clk_IBUF
    BUFGCTRL_X0Y0        BUFG (Prop_bufg_I_O)         0.091     7.764 r  clk_IBUF_BUFG_inst/O
                         net (fo=11160, routed)       1.435     9.199    u_l1_icache/clk_IBUF_BUFG
    SLICE_X51Y25         FDRE                                         r  u_l1_icache/data_array_reg[1][0][18]/C
                         clock pessimism              0.250     9.449    
                         clock uncertainty           -0.335     9.114    
    SLICE_X51Y25         FDRE (Setup_fdre_C_CE)      -0.205     8.909    u_l1_icache/data_array_reg[1][0][18]
  -------------------------------------------------------------------
                         required time                          8.909    
                         arrival time                         -24.963    
  -------------------------------------------------------------------
                         slack                                -16.054    

Slack (VIOLATED) :        -16.027ns  (required time - arrival time)
  Source:                 u_cpu/dut_pc/pc_reg[5]/C
                            (rising edge-triggered cell FDRE clocked by CLK  {rise@0.000ns fall@2.500ns period=5.000ns})
  Destination:            u_l1_icache/data_array_reg[24][3][12]/CE
                            (rising edge-triggered cell FDRE clocked by CLK  {rise@0.000ns fall@2.500ns period=5.000ns})
  Path Group:             CLK
  Path Type:              Setup (Max at Slow Process Corner)
  Requirement:            5.000ns  (CLK rise@5.000ns - CLK rise@0.000ns)
  Data Path Delay:        20.381ns  (logic 4.183ns (20.525%)  route 16.198ns (79.475%))
  Logic Levels:           21  (CARRY4=4 LUT2=1 LUT4=3 LUT5=3 LUT6=9 RAMD32=1)
  Clock Path Skew:        -0.106ns (DCD - SCD + CPR)
    Destination Clock Delay (DCD):    4.200ns = ( 9.200 - 5.000 ) 
    Source Clock Delay      (SCD):    4.556ns
    Clock Pessimism Removal (CPR):    0.250ns
  Clock Uncertainty:      0.335ns  ((TSJ^2 + TIJ^2)^1/2 + DJ) / 2 + PE + UU
    Total System Jitter     (TSJ):    0.071ns
    Total Input Jitter      (TIJ):    0.000ns
    Discrete Jitter          (DJ):    0.000ns
    Phase Error              (PE):    0.000ns
    User Uncertainty         (UU):    0.300ns

    Location             Delay type                Incr(ns)  Path(ns)    Netlist Resource(s)
  -------------------------------------------------------------------    -------------------
                         (clock CLK rise edge)        0.000     0.000 r  
    M18                                               0.000     0.000 r  clk (IN)
                         net (fo=0)                   0.000     0.000    clk
    M18                  IBUF (Prop_ibuf_I_O)         0.938     0.938 r  clk_IBUF_inst/O
                         net (fo=1, routed)           1.972     2.910    clk_IBUF
    BUFGCTRL_X0Y0        BUFG (Prop_bufg_I_O)         0.096     3.006 r  clk_IBUF_BUFG_inst/O
                         net (fo=11160, routed)       1.550     4.556    u_cpu/dut_pc/clk_IBUF_BUFG
    SLICE_X35Y28         FDRE                                         r  u_cpu/dut_pc/pc_reg[5]/C
  -------------------------------------------------------------------    -------------------
    SLICE_X35Y28         FDRE (Prop_fdre_C_Q)         0.456     5.012 r  u_cpu/dut_pc/pc_reg[5]/Q
                         net (fo=95, routed)          1.361     6.373    u_l1_icache/tag_array_reg_0_31_6_11/ADDRA1
    SLICE_X38Y27         RAMD32 (Prop_ramd32_RADR1_O)
                                                      0.146     6.519 r  u_l1_icache/tag_array_reg_0_31_6_11/RAMA/O
                         net (fo=1, routed)           1.263     7.783    u_l1_icache/lookup_hit1_0[6]
    SLICE_X34Y27         LUT6 (Prop_lut6_I0_O)        0.328     8.111 r  u_l1_icache/cpu_stall_debug_OBUF_inst_i_31/O
                         net (fo=1, routed)           0.000     8.111    u_l1_icache/cpu_stall_debug_OBUF_inst_i_31_n_0
    SLICE_X34Y27         CARRY4 (Prop_carry4_S[2]_CO[3])
                                                      0.380     8.491 r  u_l1_icache/cpu_stall_debug_OBUF_inst_i_21/CO[3]
                         net (fo=1, routed)           0.000     8.491    u_l1_icache/cpu_stall_debug_OBUF_inst_i_21_n_0
    SLICE_X34Y28         CARRY4 (Prop_carry4_CI_CO[3])
                                                      0.117     8.608 r  u_l1_icache/cpu_stall_debug_OBUF_inst_i_7/CO[3]
                         net (fo=5, routed)           1.018     9.625    u_l1_icache/CO[0]
    SLICE_X32Y29         LUT5 (Prop_lut5_I1_O)        0.124     9.749 r  u_l1_icache/cpu_stall_debug_OBUF_inst_i_2/O
                         net (fo=45, routed)          0.918    10.668    u_cpu/dut_pc/icache_cpu_valid
    SLICE_X31Y28         LUT6 (Prop_lut6_I3_O)        0.124    10.792 r  u_cpu/dut_pc/instr_debug[13]_i_1/O
                         net (fo=15, routed)          0.836    11.627    u_cpu/dut_pc/cpu_mem_funct3[1]
    SLICE_X30Y31         LUT6 (Prop_lut6_I1_O)        0.124    11.751 r  u_cpu/dut_pc/pc_target1_carry_i_16/O
                         net (fo=1, routed)           0.815    12.567    u_cpu/dut_pc/pc_target1_carry_i_16_n_0
    SLICE_X28Y31         LUT6 (Prop_lut6_I3_O)        0.124    12.691 r  u_cpu/dut_pc/pc_target1_carry_i_9/O
                         net (fo=35, routed)          0.851    13.542    u_cpu/dut_pc/imm_sel[1]
    SLICE_X28Y33         LUT6 (Prop_lut6_I0_O)        0.124    13.666 f  u_cpu/dut_pc/pc_target1_carry__0_i_10/O
                         net (fo=9, routed)           0.767    14.433    u_cpu/dut_pc/pc_target1_carry__0_i_10_n_0
    SLICE_X15Y33         LUT4 (Prop_lut4_I2_O)        0.124    14.557 r  u_cpu/dut_pc/pc_target1_carry__1_i_10/O
                         net (fo=28, routed)          0.848    15.405    u_cpu/dut_pc/pc_target1_carry__1_i_10_n_0
    SLICE_X15Y37         LUT6 (Prop_lut6_I5_O)        0.124    15.529 r  u_cpu/dut_pc/pc_target1_carry__5_i_1/O
                         net (fo=5, routed)           0.691    16.220    u_cpu/dut_pc/instruction_hold_valid_q_reg_0[24]
    SLICE_X14Y37         LUT4 (Prop_lut4_I2_O)        0.124    16.344 r  u_cpu/dut_pc/result0_carry__5_i_9/O
                         net (fo=8, routed)           0.712    17.056    u_cpu/dut_pc/src_b[27]
    SLICE_X9Y35          LUT2 (Prop_lut2_I1_O)        0.124    17.180 r  u_cpu/dut_pc/result0_carry__5_i_5/O
                         net (fo=1, routed)           0.000    17.180    u_cpu/dut_alu/mem_addr_q[24]_i_8[3]
    SLICE_X9Y35          CARRY4 (Prop_carry4_S[3]_CO[3])
                                                      0.401    17.581 r  u_cpu/dut_alu/result0_carry__5/CO[3]
                         net (fo=1, routed)           0.000    17.581    u_cpu/dut_alu/result0_carry__5_n_0
    SLICE_X9Y36          CARRY4 (Prop_carry4_CI_O[3])
                                                      0.313    17.894 r  u_cpu/dut_alu/result0_carry__6/O[3]
                         net (fo=1, routed)           0.579    18.473    u_cpu/dut_pc/mem_addr_q[31]_i_5_0[9]
    SLICE_X11Y38         LUT4 (Prop_lut4_I2_O)        0.306    18.779 r  u_cpu/dut_pc/mem_addr_q[31]_i_12/O
                         net (fo=1, routed)           0.814    19.593    u_cpu/dut_pc/mem_addr_q[31]_i_12_n_0
    SLICE_X12Y38         LUT6 (Prop_lut6_I4_O)        0.124    19.717 r  u_cpu/dut_pc/mem_addr_q[31]_i_5/O
                         net (fo=1, routed)           0.295    20.012    u_cpu/dut_pc/mem_addr_q[31]_i_5_n_0
    SLICE_X14Y38         LUT5 (Prop_lut5_I0_O)        0.124    20.136 r  u_cpu/dut_pc/mem_addr_q[31]_i_4/O
                         net (fo=4, routed)           0.626    20.762    u_cpu/dut_pc/cpu_mem_addr[31]
    SLICE_X14Y37         LUT6 (Prop_lut6_I1_O)        0.124    20.886 r  u_cpu/dut_pc/refill_word_q[1]_i_5/O
                         net (fo=4, routed)           1.365    22.250    u_cpu/dut_pc/refill_word_q[1]_i_5_n_0
    SLICE_X29Y19         LUT5 (Prop_lut5_I0_O)        0.124    22.374 f  u_cpu/dut_pc/refill_word_q[1]_i_3/O
                         net (fo=161, routed)         1.414    23.789    u_l1_icache/refill_word_q_reg[1]_3
    SLICE_X40Y26         LUT6 (Prop_lut6_I2_O)        0.124    23.913 r  u_l1_icache/data_array[24][3][31]_i_1/O
                         net (fo=32, routed)          1.024    24.936    u_l1_icache/data_array[24][3][31]_i_1_n_0
    SLICE_X41Y30         FDRE                                         r  u_l1_icache/data_array_reg[24][3][12]/CE
  -------------------------------------------------------------------    -------------------

                         (clock CLK rise edge)        5.000     5.000 r  
    M18                                               0.000     5.000 r  clk (IN)
                         net (fo=0)                   0.000     5.000    clk
    M18                  IBUF (Prop_ibuf_I_O)         0.805     5.805 r  clk_IBUF_inst/O
                         net (fo=1, routed)           1.868     7.673    clk_IBUF
    BUFGCTRL_X0Y0        BUFG (Prop_bufg_I_O)         0.091     7.764 r  clk_IBUF_BUFG_inst/O
                         net (fo=11160, routed)       1.436     9.200    u_l1_icache/clk_IBUF_BUFG
    SLICE_X41Y30         FDRE                                         r  u_l1_icache/data_array_reg[24][3][12]/C
                         clock pessimism              0.250     9.450    
                         clock uncertainty           -0.335     9.115    
    SLICE_X41Y30         FDRE (Setup_fdre_C_CE)      -0.205     8.910    u_l1_icache/data_array_reg[24][3][12]
  -------------------------------------------------------------------
                         required time                          8.910    
                         arrival time                         -24.936    
  -------------------------------------------------------------------
                         slack                                -16.027    

Slack (VIOLATED) :        -16.027ns  (required time - arrival time)
  Source:                 u_cpu/dut_pc/pc_reg[5]/C
                            (rising edge-triggered cell FDRE clocked by CLK  {rise@0.000ns fall@2.500ns period=5.000ns})
  Destination:            u_l1_icache/data_array_reg[24][3][22]/CE
                            (rising edge-triggered cell FDRE clocked by CLK  {rise@0.000ns fall@2.500ns period=5.000ns})
  Path Group:             CLK
  Path Type:              Setup (Max at Slow Process Corner)
  Requirement:            5.000ns  (CLK rise@5.000ns - CLK rise@0.000ns)
  Data Path Delay:        20.381ns  (logic 4.183ns (20.525%)  route 16.198ns (79.475%))
  Logic Levels:           21  (CARRY4=4 LUT2=1 LUT4=3 LUT5=3 LUT6=9 RAMD32=1)
  Clock Path Skew:        -0.106ns (DCD - SCD + CPR)
    Destination Clock Delay (DCD):    4.200ns = ( 9.200 - 5.000 ) 
    Source Clock Delay      (SCD):    4.556ns
    Clock Pessimism Removal (CPR):    0.250ns
  Clock Uncertainty:      0.335ns  ((TSJ^2 + TIJ^2)^1/2 + DJ) / 2 + PE + UU
    Total System Jitter     (TSJ):    0.071ns
    Total Input Jitter      (TIJ):    0.000ns
    Discrete Jitter          (DJ):    0.000ns
    Phase Error              (PE):    0.000ns
    User Uncertainty         (UU):    0.300ns

    Location             Delay type                Incr(ns)  Path(ns)    Netlist Resource(s)
  -------------------------------------------------------------------    -------------------
                         (clock CLK rise edge)        0.000     0.000 r  
    M18                                               0.000     0.000 r  clk (IN)
                         net (fo=0)                   0.000     0.000    clk
    M18                  IBUF (Prop_ibuf_I_O)         0.938     0.938 r  clk_IBUF_inst/O
                         net (fo=1, routed)           1.972     2.910    clk_IBUF
    BUFGCTRL_X0Y0        BUFG (Prop_bufg_I_O)         0.096     3.006 r  clk_IBUF_BUFG_inst/O
                         net (fo=11160, routed)       1.550     4.556    u_cpu/dut_pc/clk_IBUF_BUFG
    SLICE_X35Y28         FDRE                                         r  u_cpu/dut_pc/pc_reg[5]/C
  -------------------------------------------------------------------    -------------------
    SLICE_X35Y28         FDRE (Prop_fdre_C_Q)         0.456     5.012 r  u_cpu/dut_pc/pc_reg[5]/Q
                         net (fo=95, routed)          1.361     6.373    u_l1_icache/tag_array_reg_0_31_6_11/ADDRA1
    SLICE_X38Y27         RAMD32 (Prop_ramd32_RADR1_O)
                                                      0.146     6.519 r  u_l1_icache/tag_array_reg_0_31_6_11/RAMA/O
                         net (fo=1, routed)           1.263     7.783    u_l1_icache/lookup_hit1_0[6]
    SLICE_X34Y27         LUT6 (Prop_lut6_I0_O)        0.328     8.111 r  u_l1_icache/cpu_stall_debug_OBUF_inst_i_31/O
                         net (fo=1, routed)           0.000     8.111    u_l1_icache/cpu_stall_debug_OBUF_inst_i_31_n_0
    SLICE_X34Y27         CARRY4 (Prop_carry4_S[2]_CO[3])
                                                      0.380     8.491 r  u_l1_icache/cpu_stall_debug_OBUF_inst_i_21/CO[3]
                         net (fo=1, routed)           0.000     8.491    u_l1_icache/cpu_stall_debug_OBUF_inst_i_21_n_0
    SLICE_X34Y28         CARRY4 (Prop_carry4_CI_CO[3])
                                                      0.117     8.608 r  u_l1_icache/cpu_stall_debug_OBUF_inst_i_7/CO[3]
                         net (fo=5, routed)           1.018     9.625    u_l1_icache/CO[0]
    SLICE_X32Y29         LUT5 (Prop_lut5_I1_O)        0.124     9.749 r  u_l1_icache/cpu_stall_debug_OBUF_inst_i_2/O
                         net (fo=45, routed)          0.918    10.668    u_cpu/dut_pc/icache_cpu_valid
    SLICE_X31Y28         LUT6 (Prop_lut6_I3_O)        0.124    10.792 r  u_cpu/dut_pc/instr_debug[13]_i_1/O
                         net (fo=15, routed)          0.836    11.627    u_cpu/dut_pc/cpu_mem_funct3[1]
    SLICE_X30Y31         LUT6 (Prop_lut6_I1_O)        0.124    11.751 r  u_cpu/dut_pc/pc_target1_carry_i_16/O
                         net (fo=1, routed)           0.815    12.567    u_cpu/dut_pc/pc_target1_carry_i_16_n_0
    SLICE_X28Y31         LUT6 (Prop_lut6_I3_O)        0.124    12.691 r  u_cpu/dut_pc/pc_target1_carry_i_9/O
                         net (fo=35, routed)          0.851    13.542    u_cpu/dut_pc/imm_sel[1]
    SLICE_X28Y33         LUT6 (Prop_lut6_I0_O)        0.124    13.666 f  u_cpu/dut_pc/pc_target1_carry__0_i_10/O
                         net (fo=9, routed)           0.767    14.433    u_cpu/dut_pc/pc_target1_carry__0_i_10_n_0
    SLICE_X15Y33         LUT4 (Prop_lut4_I2_O)        0.124    14.557 r  u_cpu/dut_pc/pc_target1_carry__1_i_10/O
                         net (fo=28, routed)          0.848    15.405    u_cpu/dut_pc/pc_target1_carry__1_i_10_n_0
    SLICE_X15Y37         LUT6 (Prop_lut6_I5_O)        0.124    15.529 r  u_cpu/dut_pc/pc_target1_carry__5_i_1/O
                         net (fo=5, routed)           0.691    16.220    u_cpu/dut_pc/instruction_hold_valid_q_reg_0[24]
    SLICE_X14Y37         LUT4 (Prop_lut4_I2_O)        0.124    16.344 r  u_cpu/dut_pc/result0_carry__5_i_9/O
                         net (fo=8, routed)           0.712    17.056    u_cpu/dut_pc/src_b[27]
    SLICE_X9Y35          LUT2 (Prop_lut2_I1_O)        0.124    17.180 r  u_cpu/dut_pc/result0_carry__5_i_5/O
                         net (fo=1, routed)           0.000    17.180    u_cpu/dut_alu/mem_addr_q[24]_i_8[3]
    SLICE_X9Y35          CARRY4 (Prop_carry4_S[3]_CO[3])
                                                      0.401    17.581 r  u_cpu/dut_alu/result0_carry__5/CO[3]
                         net (fo=1, routed)           0.000    17.581    u_cpu/dut_alu/result0_carry__5_n_0
    SLICE_X9Y36          CARRY4 (Prop_carry4_CI_O[3])
                                                      0.313    17.894 r  u_cpu/dut_alu/result0_carry__6/O[3]
                         net (fo=1, routed)           0.579    18.473    u_cpu/dut_pc/mem_addr_q[31]_i_5_0[9]
    SLICE_X11Y38         LUT4 (Prop_lut4_I2_O)        0.306    18.779 r  u_cpu/dut_pc/mem_addr_q[31]_i_12/O
                         net (fo=1, routed)           0.814    19.593    u_cpu/dut_pc/mem_addr_q[31]_i_12_n_0
    SLICE_X12Y38         LUT6 (Prop_lut6_I4_O)        0.124    19.717 r  u_cpu/dut_pc/mem_addr_q[31]_i_5/O
                         net (fo=1, routed)           0.295    20.012    u_cpu/dut_pc/mem_addr_q[31]_i_5_n_0
    SLICE_X14Y38         LUT5 (Prop_lut5_I0_O)        0.124    20.136 r  u_cpu/dut_pc/mem_addr_q[31]_i_4/O
                         net (fo=4, routed)           0.626    20.762    u_cpu/dut_pc/cpu_mem_addr[31]
    SLICE_X14Y37         LUT6 (Prop_lut6_I1_O)        0.124    20.886 r  u_cpu/dut_pc/refill_word_q[1]_i_5/O
                         net (fo=4, routed)           1.365    22.250    u_cpu/dut_pc/refill_word_q[1]_i_5_n_0
    SLICE_X29Y19         LUT5 (Prop_lut5_I0_O)        0.124    22.374 f  u_cpu/dut_pc/refill_word_q[1]_i_3/O
                         net (fo=161, routed)         1.414    23.789    u_l1_icache/refill_word_q_reg[1]_3
    SLICE_X40Y26         LUT6 (Prop_lut6_I2_O)        0.124    23.913 r  u_l1_icache/data_array[24][3][31]_i_1/O
                         net (fo=32, routed)          1.024    24.936    u_l1_icache/data_array[24][3][31]_i_1_n_0
    SLICE_X41Y30         FDRE                                         r  u_l1_icache/data_array_reg[24][3][22]/CE
  -------------------------------------------------------------------    -------------------

                         (clock CLK rise edge)        5.000     5.000 r  
    M18                                               0.000     5.000 r  clk (IN)
                         net (fo=0)                   0.000     5.000    clk
    M18                  IBUF (Prop_ibuf_I_O)         0.805     5.805 r  clk_IBUF_inst/O
                         net (fo=1, routed)           1.868     7.673    clk_IBUF
    BUFGCTRL_X0Y0        BUFG (Prop_bufg_I_O)         0.091     7.764 r  clk_IBUF_BUFG_inst/O
                         net (fo=11160, routed)       1.436     9.200    u_l1_icache/clk_IBUF_BUFG
    SLICE_X41Y30         FDRE                                         r  u_l1_icache/data_array_reg[24][3][22]/C
                         clock pessimism              0.250     9.450    
                         clock uncertainty           -0.335     9.115    
    SLICE_X41Y30         FDRE (Setup_fdre_C_CE)      -0.205     8.910    u_l1_icache/data_array_reg[24][3][22]
  -------------------------------------------------------------------
                         required time                          8.910    
                         arrival time                         -24.936    
  -------------------------------------------------------------------
                         slack                                -16.027    

Slack (VIOLATED) :        -16.027ns  (required time - arrival time)
  Source:                 u_cpu/dut_pc/pc_reg[5]/C
                            (rising edge-triggered cell FDRE clocked by CLK  {rise@0.000ns fall@2.500ns period=5.000ns})
  Destination:            u_l1_icache/data_array_reg[24][3][3]/CE
                            (rising edge-triggered cell FDRE clocked by CLK  {rise@0.000ns fall@2.500ns period=5.000ns})
  Path Group:             CLK
  Path Type:              Setup (Max at Slow Process Corner)
  Requirement:            5.000ns  (CLK rise@5.000ns - CLK rise@0.000ns)
  Data Path Delay:        20.381ns  (logic 4.183ns (20.525%)  route 16.198ns (79.475%))
  Logic Levels:           21  (CARRY4=4 LUT2=1 LUT4=3 LUT5=3 LUT6=9 RAMD32=1)
  Clock Path Skew:        -0.106ns (DCD - SCD + CPR)
    Destination Clock Delay (DCD):    4.200ns = ( 9.200 - 5.000 ) 
    Source Clock Delay      (SCD):    4.556ns
    Clock Pessimism Removal (CPR):    0.250ns
  Clock Uncertainty:      0.335ns  ((TSJ^2 + TIJ^2)^1/2 + DJ) / 2 + PE + UU
    Total System Jitter     (TSJ):    0.071ns
    Total Input Jitter      (TIJ):    0.000ns
    Discrete Jitter          (DJ):    0.000ns
    Phase Error              (PE):    0.000ns
    User Uncertainty         (UU):    0.300ns

    Location             Delay type                Incr(ns)  Path(ns)    Netlist Resource(s)
  -------------------------------------------------------------------    -------------------
                         (clock CLK rise edge)        0.000     0.000 r  
    M18                                               0.000     0.000 r  clk (IN)
                         net (fo=0)                   0.000     0.000    clk
    M18                  IBUF (Prop_ibuf_I_O)         0.938     0.938 r  clk_IBUF_inst/O
                         net (fo=1, routed)           1.972     2.910    clk_IBUF
    BUFGCTRL_X0Y0        BUFG (Prop_bufg_I_O)         0.096     3.006 r  clk_IBUF_BUFG_inst/O
                         net (fo=11160, routed)       1.550     4.556    u_cpu/dut_pc/clk_IBUF_BUFG
    SLICE_X35Y28         FDRE                                         r  u_cpu/dut_pc/pc_reg[5]/C
  -------------------------------------------------------------------    -------------------
    SLICE_X35Y28         FDRE (Prop_fdre_C_Q)         0.456     5.012 r  u_cpu/dut_pc/pc_reg[5]/Q
                         net (fo=95, routed)          1.361     6.373    u_l1_icache/tag_array_reg_0_31_6_11/ADDRA1
    SLICE_X38Y27         RAMD32 (Prop_ramd32_RADR1_O)
                                                      0.146     6.519 r  u_l1_icache/tag_array_reg_0_31_6_11/RAMA/O
                         net (fo=1, routed)           1.263     7.783    u_l1_icache/lookup_hit1_0[6]
    SLICE_X34Y27         LUT6 (Prop_lut6_I0_O)        0.328     8.111 r  u_l1_icache/cpu_stall_debug_OBUF_inst_i_31/O
                         net (fo=1, routed)           0.000     8.111    u_l1_icache/cpu_stall_debug_OBUF_inst_i_31_n_0
    SLICE_X34Y27         CARRY4 (Prop_carry4_S[2]_CO[3])
                                                      0.380     8.491 r  u_l1_icache/cpu_stall_debug_OBUF_inst_i_21/CO[3]
                         net (fo=1, routed)           0.000     8.491    u_l1_icache/cpu_stall_debug_OBUF_inst_i_21_n_0
    SLICE_X34Y28         CARRY4 (Prop_carry4_CI_CO[3])
                                                      0.117     8.608 r  u_l1_icache/cpu_stall_debug_OBUF_inst_i_7/CO[3]
                         net (fo=5, routed)           1.018     9.625    u_l1_icache/CO[0]
    SLICE_X32Y29         LUT5 (Prop_lut5_I1_O)        0.124     9.749 r  u_l1_icache/cpu_stall_debug_OBUF_inst_i_2/O
                         net (fo=45, routed)          0.918    10.668    u_cpu/dut_pc/icache_cpu_valid
    SLICE_X31Y28         LUT6 (Prop_lut6_I3_O)        0.124    10.792 r  u_cpu/dut_pc/instr_debug[13]_i_1/O
                         net (fo=15, routed)          0.836    11.627    u_cpu/dut_pc/cpu_mem_funct3[1]
    SLICE_X30Y31         LUT6 (Prop_lut6_I1_O)        0.124    11.751 r  u_cpu/dut_pc/pc_target1_carry_i_16/O
                         net (fo=1, routed)           0.815    12.567    u_cpu/dut_pc/pc_target1_carry_i_16_n_0
    SLICE_X28Y31         LUT6 (Prop_lut6_I3_O)        0.124    12.691 r  u_cpu/dut_pc/pc_target1_carry_i_9/O
                         net (fo=35, routed)          0.851    13.542    u_cpu/dut_pc/imm_sel[1]
    SLICE_X28Y33         LUT6 (Prop_lut6_I0_O)        0.124    13.666 f  u_cpu/dut_pc/pc_target1_carry__0_i_10/O
                         net (fo=9, routed)           0.767    14.433    u_cpu/dut_pc/pc_target1_carry__0_i_10_n_0
    SLICE_X15Y33         LUT4 (Prop_lut4_I2_O)        0.124    14.557 r  u_cpu/dut_pc/pc_target1_carry__1_i_10/O
                         net (fo=28, routed)          0.848    15.405    u_cpu/dut_pc/pc_target1_carry__1_i_10_n_0
    SLICE_X15Y37         LUT6 (Prop_lut6_I5_O)        0.124    15.529 r  u_cpu/dut_pc/pc_target1_carry__5_i_1/O
                         net (fo=5, routed)           0.691    16.220    u_cpu/dut_pc/instruction_hold_valid_q_reg_0[24]
    SLICE_X14Y37         LUT4 (Prop_lut4_I2_O)        0.124    16.344 r  u_cpu/dut_pc/result0_carry__5_i_9/O
                         net (fo=8, routed)           0.712    17.056    u_cpu/dut_pc/src_b[27]
    SLICE_X9Y35          LUT2 (Prop_lut2_I1_O)        0.124    17.180 r  u_cpu/dut_pc/result0_carry__5_i_5/O
                         net (fo=1, routed)           0.000    17.180    u_cpu/dut_alu/mem_addr_q[24]_i_8[3]
    SLICE_X9Y35          CARRY4 (Prop_carry4_S[3]_CO[3])
                                                      0.401    17.581 r  u_cpu/dut_alu/result0_carry__5/CO[3]
                         net (fo=1, routed)           0.000    17.581    u_cpu/dut_alu/result0_carry__5_n_0
    SLICE_X9Y36          CARRY4 (Prop_carry4_CI_O[3])
                                                      0.313    17.894 r  u_cpu/dut_alu/result0_carry__6/O[3]
                         net (fo=1, routed)           0.579    18.473    u_cpu/dut_pc/mem_addr_q[31]_i_5_0[9]
    SLICE_X11Y38         LUT4 (Prop_lut4_I2_O)        0.306    18.779 r  u_cpu/dut_pc/mem_addr_q[31]_i_12/O
                         net (fo=1, routed)           0.814    19.593    u_cpu/dut_pc/mem_addr_q[31]_i_12_n_0
    SLICE_X12Y38         LUT6 (Prop_lut6_I4_O)        0.124    19.717 r  u_cpu/dut_pc/mem_addr_q[31]_i_5/O
                         net (fo=1, routed)           0.295    20.012    u_cpu/dut_pc/mem_addr_q[31]_i_5_n_0
    SLICE_X14Y38         LUT5 (Prop_lut5_I0_O)        0.124    20.136 r  u_cpu/dut_pc/mem_addr_q[31]_i_4/O
                         net (fo=4, routed)           0.626    20.762    u_cpu/dut_pc/cpu_mem_addr[31]
    SLICE_X14Y37         LUT6 (Prop_lut6_I1_O)        0.124    20.886 r  u_cpu/dut_pc/refill_word_q[1]_i_5/O
                         net (fo=4, routed)           1.365    22.250    u_cpu/dut_pc/refill_word_q[1]_i_5_n_0
    SLICE_X29Y19         LUT5 (Prop_lut5_I0_O)        0.124    22.374 f  u_cpu/dut_pc/refill_word_q[1]_i_3/O
                         net (fo=161, routed)         1.414    23.789    u_l1_icache/refill_word_q_reg[1]_3
    SLICE_X40Y26         LUT6 (Prop_lut6_I2_O)        0.124    23.913 r  u_l1_icache/data_array[24][3][31]_i_1/O
                         net (fo=32, routed)          1.024    24.936    u_l1_icache/data_array[24][3][31]_i_1_n_0
    SLICE_X41Y30         FDRE                                         r  u_l1_icache/data_array_reg[24][3][3]/CE
  -------------------------------------------------------------------    -------------------

                         (clock CLK rise edge)        5.000     5.000 r  
    M18                                               0.000     5.000 r  clk (IN)
                         net (fo=0)                   0.000     5.000    clk
    M18                  IBUF (Prop_ibuf_I_O)         0.805     5.805 r  clk_IBUF_inst/O
                         net (fo=1, routed)           1.868     7.673    clk_IBUF
    BUFGCTRL_X0Y0        BUFG (Prop_bufg_I_O)         0.091     7.764 r  clk_IBUF_BUFG_inst/O
                         net (fo=11160, routed)       1.436     9.200    u_l1_icache/clk_IBUF_BUFG
    SLICE_X41Y30         FDRE                                         r  u_l1_icache/data_array_reg[24][3][3]/C
                         clock pessimism              0.250     9.450    
                         clock uncertainty           -0.335     9.115    
    SLICE_X41Y30         FDRE (Setup_fdre_C_CE)      -0.205     8.910    u_l1_icache/data_array_reg[24][3][3]
  -------------------------------------------------------------------
                         required time                          8.910    
                         arrival time                         -24.936    
  -------------------------------------------------------------------
                         slack                                -16.027    

Slack (VIOLATED) :        -16.027ns  (required time - arrival time)
  Source:                 u_cpu/dut_pc/pc_reg[5]/C
                            (rising edge-triggered cell FDRE clocked by CLK  {rise@0.000ns fall@2.500ns period=5.000ns})
  Destination:            u_l1_icache/data_array_reg[24][3][8]/CE
                            (rising edge-triggered cell FDRE clocked by CLK  {rise@0.000ns fall@2.500ns period=5.000ns})
  Path Group:             CLK
  Path Type:              Setup (Max at Slow Process Corner)
  Requirement:            5.000ns  (CLK rise@5.000ns - CLK rise@0.000ns)
  Data Path Delay:        20.381ns  (logic 4.183ns (20.525%)  route 16.198ns (79.475%))
  Logic Levels:           21  (CARRY4=4 LUT2=1 LUT4=3 LUT5=3 LUT6=9 RAMD32=1)
  Clock Path Skew:        -0.106ns (DCD - SCD + CPR)
    Destination Clock Delay (DCD):    4.200ns = ( 9.200 - 5.000 ) 
    Source Clock Delay      (SCD):    4.556ns
    Clock Pessimism Removal (CPR):    0.250ns
  Clock Uncertainty:      0.335ns  ((TSJ^2 + TIJ^2)^1/2 + DJ) / 2 + PE + UU
    Total System Jitter     (TSJ):    0.071ns
    Total Input Jitter      (TIJ):    0.000ns
    Discrete Jitter          (DJ):    0.000ns
    Phase Error              (PE):    0.000ns
    User Uncertainty         (UU):    0.300ns

    Location             Delay type                Incr(ns)  Path(ns)    Netlist Resource(s)
  -------------------------------------------------------------------    -------------------
                         (clock CLK rise edge)        0.000     0.000 r  
    M18                                               0.000     0.000 r  clk (IN)
                         net (fo=0)                   0.000     0.000    clk
    M18                  IBUF (Prop_ibuf_I_O)         0.938     0.938 r  clk_IBUF_inst/O
                         net (fo=1, routed)           1.972     2.910    clk_IBUF
    BUFGCTRL_X0Y0        BUFG (Prop_bufg_I_O)         0.096     3.006 r  clk_IBUF_BUFG_inst/O
                         net (fo=11160, routed)       1.550     4.556    u_cpu/dut_pc/clk_IBUF_BUFG
    SLICE_X35Y28         FDRE                                         r  u_cpu/dut_pc/pc_reg[5]/C
  -------------------------------------------------------------------    -------------------
    SLICE_X35Y28         FDRE (Prop_fdre_C_Q)         0.456     5.012 r  u_cpu/dut_pc/pc_reg[5]/Q
                         net (fo=95, routed)          1.361     6.373    u_l1_icache/tag_array_reg_0_31_6_11/ADDRA1
    SLICE_X38Y27         RAMD32 (Prop_ramd32_RADR1_O)
                                                      0.146     6.519 r  u_l1_icache/tag_array_reg_0_31_6_11/RAMA/O
                         net (fo=1, routed)           1.263     7.783    u_l1_icache/lookup_hit1_0[6]
    SLICE_X34Y27         LUT6 (Prop_lut6_I0_O)        0.328     8.111 r  u_l1_icache/cpu_stall_debug_OBUF_inst_i_31/O
                         net (fo=1, routed)           0.000     8.111    u_l1_icache/cpu_stall_debug_OBUF_inst_i_31_n_0
    SLICE_X34Y27         CARRY4 (Prop_carry4_S[2]_CO[3])
                                                      0.380     8.491 r  u_l1_icache/cpu_stall_debug_OBUF_inst_i_21/CO[3]
                         net (fo=1, routed)           0.000     8.491    u_l1_icache/cpu_stall_debug_OBUF_inst_i_21_n_0
    SLICE_X34Y28         CARRY4 (Prop_carry4_CI_CO[3])
                                                      0.117     8.608 r  u_l1_icache/cpu_stall_debug_OBUF_inst_i_7/CO[3]
                         net (fo=5, routed)           1.018     9.625    u_l1_icache/CO[0]
    SLICE_X32Y29         LUT5 (Prop_lut5_I1_O)        0.124     9.749 r  u_l1_icache/cpu_stall_debug_OBUF_inst_i_2/O
                         net (fo=45, routed)          0.918    10.668    u_cpu/dut_pc/icache_cpu_valid
    SLICE_X31Y28         LUT6 (Prop_lut6_I3_O)        0.124    10.792 r  u_cpu/dut_pc/instr_debug[13]_i_1/O
                         net (fo=15, routed)          0.836    11.627    u_cpu/dut_pc/cpu_mem_funct3[1]
    SLICE_X30Y31         LUT6 (Prop_lut6_I1_O)        0.124    11.751 r  u_cpu/dut_pc/pc_target1_carry_i_16/O
                         net (fo=1, routed)           0.815    12.567    u_cpu/dut_pc/pc_target1_carry_i_16_n_0
    SLICE_X28Y31         LUT6 (Prop_lut6_I3_O)        0.124    12.691 r  u_cpu/dut_pc/pc_target1_carry_i_9/O
                         net (fo=35, routed)          0.851    13.542    u_cpu/dut_pc/imm_sel[1]
    SLICE_X28Y33         LUT6 (Prop_lut6_I0_O)        0.124    13.666 f  u_cpu/dut_pc/pc_target1_carry__0_i_10/O
                         net (fo=9, routed)           0.767    14.433    u_cpu/dut_pc/pc_target1_carry__0_i_10_n_0
    SLICE_X15Y33         LUT4 (Prop_lut4_I2_O)        0.124    14.557 r  u_cpu/dut_pc/pc_target1_carry__1_i_10/O
                         net (fo=28, routed)          0.848    15.405    u_cpu/dut_pc/pc_target1_carry__1_i_10_n_0
    SLICE_X15Y37         LUT6 (Prop_lut6_I5_O)        0.124    15.529 r  u_cpu/dut_pc/pc_target1_carry__5_i_1/O
                         net (fo=5, routed)           0.691    16.220    u_cpu/dut_pc/instruction_hold_valid_q_reg_0[24]
    SLICE_X14Y37         LUT4 (Prop_lut4_I2_O)        0.124    16.344 r  u_cpu/dut_pc/result0_carry__5_i_9/O
                         net (fo=8, routed)           0.712    17.056    u_cpu/dut_pc/src_b[27]
    SLICE_X9Y35          LUT2 (Prop_lut2_I1_O)        0.124    17.180 r  u_cpu/dut_pc/result0_carry__5_i_5/O
                         net (fo=1, routed)           0.000    17.180    u_cpu/dut_alu/mem_addr_q[24]_i_8[3]
    SLICE_X9Y35          CARRY4 (Prop_carry4_S[3]_CO[3])
                                                      0.401    17.581 r  u_cpu/dut_alu/result0_carry__5/CO[3]
                         net (fo=1, routed)           0.000    17.581    u_cpu/dut_alu/result0_carry__5_n_0
    SLICE_X9Y36          CARRY4 (Prop_carry4_CI_O[3])
                                                      0.313    17.894 r  u_cpu/dut_alu/result0_carry__6/O[3]
                         net (fo=1, routed)           0.579    18.473    u_cpu/dut_pc/mem_addr_q[31]_i_5_0[9]
    SLICE_X11Y38         LUT4 (Prop_lut4_I2_O)        0.306    18.779 r  u_cpu/dut_pc/mem_addr_q[31]_i_12/O
                         net (fo=1, routed)           0.814    19.593    u_cpu/dut_pc/mem_addr_q[31]_i_12_n_0
    SLICE_X12Y38         LUT6 (Prop_lut6_I4_O)        0.124    19.717 r  u_cpu/dut_pc/mem_addr_q[31]_i_5/O
                         net (fo=1, routed)           0.295    20.012    u_cpu/dut_pc/mem_addr_q[31]_i_5_n_0
    SLICE_X14Y38         LUT5 (Prop_lut5_I0_O)        0.124    20.136 r  u_cpu/dut_pc/mem_addr_q[31]_i_4/O
                         net (fo=4, routed)           0.626    20.762    u_cpu/dut_pc/cpu_mem_addr[31]
    SLICE_X14Y37         LUT6 (Prop_lut6_I1_O)        0.124    20.886 r  u_cpu/dut_pc/refill_word_q[1]_i_5/O
                         net (fo=4, routed)           1.365    22.250    u_cpu/dut_pc/refill_word_q[1]_i_5_n_0
    SLICE_X29Y19         LUT5 (Prop_lut5_I0_O)        0.124    22.374 f  u_cpu/dut_pc/refill_word_q[1]_i_3/O
                         net (fo=161, routed)         1.414    23.789    u_l1_icache/refill_word_q_reg[1]_3
    SLICE_X40Y26         LUT6 (Prop_lut6_I2_O)        0.124    23.913 r  u_l1_icache/data_array[24][3][31]_i_1/O
                         net (fo=32, routed)          1.024    24.936    u_l1_icache/data_array[24][3][31]_i_1_n_0
    SLICE_X41Y30         FDRE                                         r  u_l1_icache/data_array_reg[24][3][8]/CE
  -------------------------------------------------------------------    -------------------

                         (clock CLK rise edge)        5.000     5.000 r  
    M18                                               0.000     5.000 r  clk (IN)
                         net (fo=0)                   0.000     5.000    clk
    M18                  IBUF (Prop_ibuf_I_O)         0.805     5.805 r  clk_IBUF_inst/O
                         net (fo=1, routed)           1.868     7.673    clk_IBUF
    BUFGCTRL_X0Y0        BUFG (Prop_bufg_I_O)         0.091     7.764 r  clk_IBUF_BUFG_inst/O
                         net (fo=11160, routed)       1.436     9.200    u_l1_icache/clk_IBUF_BUFG
    SLICE_X41Y30         FDRE                                         r  u_l1_icache/data_array_reg[24][3][8]/C
                         clock pessimism              0.250     9.450    
                         clock uncertainty           -0.335     9.115    
    SLICE_X41Y30         FDRE (Setup_fdre_C_CE)      -0.205     8.910    u_l1_icache/data_array_reg[24][3][8]
  -------------------------------------------------------------------
                         required time                          8.910    
                         arrival time                         -24.936    
  -------------------------------------------------------------------
                         slack                                -16.027    

Slack (VIOLATED) :        -16.010ns  (required time - arrival time)
  Source:                 u_cpu/dut_pc/pc_reg[5]/C
                            (rising edge-triggered cell FDRE clocked by CLK  {rise@0.000ns fall@2.500ns period=5.000ns})
  Destination:            u_l1_icache/data_array_reg[24][3][11]/CE
                            (rising edge-triggered cell FDRE clocked by CLK  {rise@0.000ns fall@2.500ns period=5.000ns})
  Path Group:             CLK
  Path Type:              Setup (Max at Slow Process Corner)
  Requirement:            5.000ns  (CLK rise@5.000ns - CLK rise@0.000ns)
  Data Path Delay:        20.365ns  (logic 4.183ns (20.540%)  route 16.182ns (79.460%))
  Logic Levels:           21  (CARRY4=4 LUT2=1 LUT4=3 LUT5=3 LUT6=9 RAMD32=1)
  Clock Path Skew:        -0.105ns (DCD - SCD + CPR)
    Destination Clock Delay (DCD):    4.201ns = ( 9.201 - 5.000 ) 
    Source Clock Delay      (SCD):    4.556ns
    Clock Pessimism Removal (CPR):    0.250ns
  Clock Uncertainty:      0.335ns  ((TSJ^2 + TIJ^2)^1/2 + DJ) / 2 + PE + UU
    Total System Jitter     (TSJ):    0.071ns
    Total Input Jitter      (TIJ):    0.000ns
    Discrete Jitter          (DJ):    0.000ns
    Phase Error              (PE):    0.000ns
    User Uncertainty         (UU):    0.300ns

    Location             Delay type                Incr(ns)  Path(ns)    Netlist Resource(s)
  -------------------------------------------------------------------    -------------------
                         (clock CLK rise edge)        0.000     0.000 r  
    M18                                               0.000     0.000 r  clk (IN)
                         net (fo=0)                   0.000     0.000    clk
    M18                  IBUF (Prop_ibuf_I_O)         0.938     0.938 r  clk_IBUF_inst/O
                         net (fo=1, routed)           1.972     2.910    clk_IBUF
    BUFGCTRL_X0Y0        BUFG (Prop_bufg_I_O)         0.096     3.006 r  clk_IBUF_BUFG_inst/O
                         net (fo=11160, routed)       1.550     4.556    u_cpu/dut_pc/clk_IBUF_BUFG
    SLICE_X35Y28         FDRE                                         r  u_cpu/dut_pc/pc_reg[5]/C
  -------------------------------------------------------------------    -------------------
    SLICE_X35Y28         FDRE (Prop_fdre_C_Q)         0.456     5.012 r  u_cpu/dut_pc/pc_reg[5]/Q
                         net (fo=95, routed)          1.361     6.373    u_l1_icache/tag_array_reg_0_31_6_11/ADDRA1
    SLICE_X38Y27         RAMD32 (Prop_ramd32_RADR1_O)
                                                      0.146     6.519 r  u_l1_icache/tag_array_reg_0_31_6_11/RAMA/O
                         net (fo=1, routed)           1.263     7.783    u_l1_icache/lookup_hit1_0[6]
    SLICE_X34Y27         LUT6 (Prop_lut6_I0_O)        0.328     8.111 r  u_l1_icache/cpu_stall_debug_OBUF_inst_i_31/O
                         net (fo=1, routed)           0.000     8.111    u_l1_icache/cpu_stall_debug_OBUF_inst_i_31_n_0
    SLICE_X34Y27         CARRY4 (Prop_carry4_S[2]_CO[3])
                                                      0.380     8.491 r  u_l1_icache/cpu_stall_debug_OBUF_inst_i_21/CO[3]
                         net (fo=1, routed)           0.000     8.491    u_l1_icache/cpu_stall_debug_OBUF_inst_i_21_n_0
    SLICE_X34Y28         CARRY4 (Prop_carry4_CI_CO[3])
                                                      0.117     8.608 r  u_l1_icache/cpu_stall_debug_OBUF_inst_i_7/CO[3]
                         net (fo=5, routed)           1.018     9.625    u_l1_icache/CO[0]
    SLICE_X32Y29         LUT5 (Prop_lut5_I1_O)        0.124     9.749 r  u_l1_icache/cpu_stall_debug_OBUF_inst_i_2/O
                         net (fo=45, routed)          0.918    10.668    u_cpu/dut_pc/icache_cpu_valid
    SLICE_X31Y28         LUT6 (Prop_lut6_I3_O)        0.124    10.792 r  u_cpu/dut_pc/instr_debug[13]_i_1/O
                         net (fo=15, routed)          0.836    11.627    u_cpu/dut_pc/cpu_mem_funct3[1]
    SLICE_X30Y31         LUT6 (Prop_lut6_I1_O)        0.124    11.751 r  u_cpu/dut_pc/pc_target1_carry_i_16/O
                         net (fo=1, routed)           0.815    12.567    u_cpu/dut_pc/pc_target1_carry_i_16_n_0
    SLICE_X28Y31         LUT6 (Prop_lut6_I3_O)        0.124    12.691 r  u_cpu/dut_pc/pc_target1_carry_i_9/O
                         net (fo=35, routed)          0.851    13.542    u_cpu/dut_pc/imm_sel[1]
    SLICE_X28Y33         LUT6 (Prop_lut6_I0_O)        0.124    13.666 f  u_cpu/dut_pc/pc_target1_carry__0_i_10/O
                         net (fo=9, routed)           0.767    14.433    u_cpu/dut_pc/pc_target1_carry__0_i_10_n_0
    SLICE_X15Y33         LUT4 (Prop_lut4_I2_O)        0.124    14.557 r  u_cpu/dut_pc/pc_target1_carry__1_i_10/O
                         net (fo=28, routed)          0.848    15.405    u_cpu/dut_pc/pc_target1_carry__1_i_10_n_0
    SLICE_X15Y37         LUT6 (Prop_lut6_I5_O)        0.124    15.529 r  u_cpu/dut_pc/pc_target1_carry__5_i_1/O
                         net (fo=5, routed)           0.691    16.220    u_cpu/dut_pc/instruction_hold_valid_q_reg_0[24]
    SLICE_X14Y37         LUT4 (Prop_lut4_I2_O)        0.124    16.344 r  u_cpu/dut_pc/result0_carry__5_i_9/O
                         net (fo=8, routed)           0.712    17.056    u_cpu/dut_pc/src_b[27]
    SLICE_X9Y35          LUT2 (Prop_lut2_I1_O)        0.124    17.180 r  u_cpu/dut_pc/result0_carry__5_i_5/O
                         net (fo=1, routed)           0.000    17.180    u_cpu/dut_alu/mem_addr_q[24]_i_8[3]
    SLICE_X9Y35          CARRY4 (Prop_carry4_S[3]_CO[3])
                                                      0.401    17.581 r  u_cpu/dut_alu/result0_carry__5/CO[3]
                         net (fo=1, routed)           0.000    17.581    u_cpu/dut_alu/result0_carry__5_n_0
    SLICE_X9Y36          CARRY4 (Prop_carry4_CI_O[3])
                                                      0.313    17.894 r  u_cpu/dut_alu/result0_carry__6/O[3]
                         net (fo=1, routed)           0.579    18.473    u_cpu/dut_pc/mem_addr_q[31]_i_5_0[9]
    SLICE_X11Y38         LUT4 (Prop_lut4_I2_O)        0.306    18.779 r  u_cpu/dut_pc/mem_addr_q[31]_i_12/O
                         net (fo=1, routed)           0.814    19.593    u_cpu/dut_pc/mem_addr_q[31]_i_12_n_0
    SLICE_X12Y38         LUT6 (Prop_lut6_I4_O)        0.124    19.717 r  u_cpu/dut_pc/mem_addr_q[31]_i_5/O
                         net (fo=1, routed)           0.295    20.012    u_cpu/dut_pc/mem_addr_q[31]_i_5_n_0
    SLICE_X14Y38         LUT5 (Prop_lut5_I0_O)        0.124    20.136 r  u_cpu/dut_pc/mem_addr_q[31]_i_4/O
                         net (fo=4, routed)           0.626    20.762    u_cpu/dut_pc/cpu_mem_addr[31]
    SLICE_X14Y37         LUT6 (Prop_lut6_I1_O)        0.124    20.886 r  u_cpu/dut_pc/refill_word_q[1]_i_5/O
                         net (fo=4, routed)           1.365    22.250    u_cpu/dut_pc/refill_word_q[1]_i_5_n_0
    SLICE_X29Y19         LUT5 (Prop_lut5_I0_O)        0.124    22.374 f  u_cpu/dut_pc/refill_word_q[1]_i_3/O
                         net (fo=161, routed)         1.414    23.789    u_l1_icache/refill_word_q_reg[1]_3
    SLICE_X40Y26         LUT6 (Prop_lut6_I2_O)        0.124    23.913 r  u_l1_icache/data_array[24][3][31]_i_1/O
                         net (fo=32, routed)          1.008    24.921    u_l1_icache/data_array[24][3][31]_i_1_n_0
    SLICE_X39Y32         FDRE                                         r  u_l1_icache/data_array_reg[24][3][11]/CE
  -------------------------------------------------------------------    -------------------

                         (clock CLK rise edge)        5.000     5.000 r  
    M18                                               0.000     5.000 r  clk (IN)
                         net (fo=0)                   0.000     5.000    clk
    M18                  IBUF (Prop_ibuf_I_O)         0.805     5.805 r  clk_IBUF_inst/O
                         net (fo=1, routed)           1.868     7.673    clk_IBUF
    BUFGCTRL_X0Y0        BUFG (Prop_bufg_I_O)         0.091     7.764 r  clk_IBUF_BUFG_inst/O
                         net (fo=11160, routed)       1.437     9.201    u_l1_icache/clk_IBUF_BUFG
    SLICE_X39Y32         FDRE                                         r  u_l1_icache/data_array_reg[24][3][11]/C
                         clock pessimism              0.250     9.451    
                         clock uncertainty           -0.335     9.116    
    SLICE_X39Y32         FDRE (Setup_fdre_C_CE)      -0.205     8.911    u_l1_icache/data_array_reg[24][3][11]
  -------------------------------------------------------------------
                         required time                          8.911    
                         arrival time                         -24.921    
  -------------------------------------------------------------------
                         slack                                -16.010    

Slack (VIOLATED) :        -16.010ns  (required time - arrival time)
  Source:                 u_cpu/dut_pc/pc_reg[5]/C
                            (rising edge-triggered cell FDRE clocked by CLK  {rise@0.000ns fall@2.500ns period=5.000ns})
  Destination:            u_l1_icache/data_array_reg[24][3][13]/CE
                            (rising edge-triggered cell FDRE clocked by CLK  {rise@0.000ns fall@2.500ns period=5.000ns})
  Path Group:             CLK
  Path Type:              Setup (Max at Slow Process Corner)
  Requirement:            5.000ns  (CLK rise@5.000ns - CLK rise@0.000ns)
  Data Path Delay:        20.365ns  (logic 4.183ns (20.540%)  route 16.182ns (79.460%))
  Logic Levels:           21  (CARRY4=4 LUT2=1 LUT4=3 LUT5=3 LUT6=9 RAMD32=1)
  Clock Path Skew:        -0.105ns (DCD - SCD + CPR)
    Destination Clock Delay (DCD):    4.201ns = ( 9.201 - 5.000 ) 
    Source Clock Delay      (SCD):    4.556ns
    Clock Pessimism Removal (CPR):    0.250ns
  Clock Uncertainty:      0.335ns  ((TSJ^2 + TIJ^2)^1/2 + DJ) / 2 + PE + UU
    Total System Jitter     (TSJ):    0.071ns
    Total Input Jitter      (TIJ):    0.000ns
    Discrete Jitter          (DJ):    0.000ns
    Phase Error              (PE):    0.000ns
    User Uncertainty         (UU):    0.300ns

    Location             Delay type                Incr(ns)  Path(ns)    Netlist Resource(s)
  -------------------------------------------------------------------    -------------------
                         (clock CLK rise edge)        0.000     0.000 r  
    M18                                               0.000     0.000 r  clk (IN)
                         net (fo=0)                   0.000     0.000    clk
    M18                  IBUF (Prop_ibuf_I_O)         0.938     0.938 r  clk_IBUF_inst/O
                         net (fo=1, routed)           1.972     2.910    clk_IBUF
    BUFGCTRL_X0Y0        BUFG (Prop_bufg_I_O)         0.096     3.006 r  clk_IBUF_BUFG_inst/O
                         net (fo=11160, routed)       1.550     4.556    u_cpu/dut_pc/clk_IBUF_BUFG
    SLICE_X35Y28         FDRE                                         r  u_cpu/dut_pc/pc_reg[5]/C
  -------------------------------------------------------------------    -------------------
    SLICE_X35Y28         FDRE (Prop_fdre_C_Q)         0.456     5.012 r  u_cpu/dut_pc/pc_reg[5]/Q
                         net (fo=95, routed)          1.361     6.373    u_l1_icache/tag_array_reg_0_31_6_11/ADDRA1
    SLICE_X38Y27         RAMD32 (Prop_ramd32_RADR1_O)
                                                      0.146     6.519 r  u_l1_icache/tag_array_reg_0_31_6_11/RAMA/O
                         net (fo=1, routed)           1.263     7.783    u_l1_icache/lookup_hit1_0[6]
    SLICE_X34Y27         LUT6 (Prop_lut6_I0_O)        0.328     8.111 r  u_l1_icache/cpu_stall_debug_OBUF_inst_i_31/O
                         net (fo=1, routed)           0.000     8.111    u_l1_icache/cpu_stall_debug_OBUF_inst_i_31_n_0
    SLICE_X34Y27         CARRY4 (Prop_carry4_S[2]_CO[3])
                                                      0.380     8.491 r  u_l1_icache/cpu_stall_debug_OBUF_inst_i_21/CO[3]
                         net (fo=1, routed)           0.000     8.491    u_l1_icache/cpu_stall_debug_OBUF_inst_i_21_n_0
    SLICE_X34Y28         CARRY4 (Prop_carry4_CI_CO[3])
                                                      0.117     8.608 r  u_l1_icache/cpu_stall_debug_OBUF_inst_i_7/CO[3]
                         net (fo=5, routed)           1.018     9.625    u_l1_icache/CO[0]
    SLICE_X32Y29         LUT5 (Prop_lut5_I1_O)        0.124     9.749 r  u_l1_icache/cpu_stall_debug_OBUF_inst_i_2/O
                         net (fo=45, routed)          0.918    10.668    u_cpu/dut_pc/icache_cpu_valid
    SLICE_X31Y28         LUT6 (Prop_lut6_I3_O)        0.124    10.792 r  u_cpu/dut_pc/instr_debug[13]_i_1/O
                         net (fo=15, routed)          0.836    11.627    u_cpu/dut_pc/cpu_mem_funct3[1]
    SLICE_X30Y31         LUT6 (Prop_lut6_I1_O)        0.124    11.751 r  u_cpu/dut_pc/pc_target1_carry_i_16/O
                         net (fo=1, routed)           0.815    12.567    u_cpu/dut_pc/pc_target1_carry_i_16_n_0
    SLICE_X28Y31         LUT6 (Prop_lut6_I3_O)        0.124    12.691 r  u_cpu/dut_pc/pc_target1_carry_i_9/O
                         net (fo=35, routed)          0.851    13.542    u_cpu/dut_pc/imm_sel[1]
    SLICE_X28Y33         LUT6 (Prop_lut6_I0_O)        0.124    13.666 f  u_cpu/dut_pc/pc_target1_carry__0_i_10/O
                         net (fo=9, routed)           0.767    14.433    u_cpu/dut_pc/pc_target1_carry__0_i_10_n_0
    SLICE_X15Y33         LUT4 (Prop_lut4_I2_O)        0.124    14.557 r  u_cpu/dut_pc/pc_target1_carry__1_i_10/O
                         net (fo=28, routed)          0.848    15.405    u_cpu/dut_pc/pc_target1_carry__1_i_10_n_0
    SLICE_X15Y37         LUT6 (Prop_lut6_I5_O)        0.124    15.529 r  u_cpu/dut_pc/pc_target1_carry__5_i_1/O
                         net (fo=5, routed)           0.691    16.220    u_cpu/dut_pc/instruction_hold_valid_q_reg_0[24]
    SLICE_X14Y37         LUT4 (Prop_lut4_I2_O)        0.124    16.344 r  u_cpu/dut_pc/result0_carry__5_i_9/O
                         net (fo=8, routed)           0.712    17.056    u_cpu/dut_pc/src_b[27]
    SLICE_X9Y35          LUT2 (Prop_lut2_I1_O)        0.124    17.180 r  u_cpu/dut_pc/result0_carry__5_i_5/O
                         net (fo=1, routed)           0.000    17.180    u_cpu/dut_alu/mem_addr_q[24]_i_8[3]
    SLICE_X9Y35          CARRY4 (Prop_carry4_S[3]_CO[3])
                                                      0.401    17.581 r  u_cpu/dut_alu/result0_carry__5/CO[3]
                         net (fo=1, routed)           0.000    17.581    u_cpu/dut_alu/result0_carry__5_n_0
    SLICE_X9Y36          CARRY4 (Prop_carry4_CI_O[3])
                                                      0.313    17.894 r  u_cpu/dut_alu/result0_carry__6/O[3]
                         net (fo=1, routed)           0.579    18.473    u_cpu/dut_pc/mem_addr_q[31]_i_5_0[9]
    SLICE_X11Y38         LUT4 (Prop_lut4_I2_O)        0.306    18.779 r  u_cpu/dut_pc/mem_addr_q[31]_i_12/O
                         net (fo=1, routed)           0.814    19.593    u_cpu/dut_pc/mem_addr_q[31]_i_12_n_0
    SLICE_X12Y38         LUT6 (Prop_lut6_I4_O)        0.124    19.717 r  u_cpu/dut_pc/mem_addr_q[31]_i_5/O
                         net (fo=1, routed)           0.295    20.012    u_cpu/dut_pc/mem_addr_q[31]_i_5_n_0
    SLICE_X14Y38         LUT5 (Prop_lut5_I0_O)        0.124    20.136 r  u_cpu/dut_pc/mem_addr_q[31]_i_4/O
                         net (fo=4, routed)           0.626    20.762    u_cpu/dut_pc/cpu_mem_addr[31]
    SLICE_X14Y37         LUT6 (Prop_lut6_I1_O)        0.124    20.886 r  u_cpu/dut_pc/refill_word_q[1]_i_5/O
                         net (fo=4, routed)           1.365    22.250    u_cpu/dut_pc/refill_word_q[1]_i_5_n_0
    SLICE_X29Y19         LUT5 (Prop_lut5_I0_O)        0.124    22.374 f  u_cpu/dut_pc/refill_word_q[1]_i_3/O
                         net (fo=161, routed)         1.414    23.789    u_l1_icache/refill_word_q_reg[1]_3
    SLICE_X40Y26         LUT6 (Prop_lut6_I2_O)        0.124    23.913 r  u_l1_icache/data_array[24][3][31]_i_1/O
                         net (fo=32, routed)          1.008    24.921    u_l1_icache/data_array[24][3][31]_i_1_n_0
    SLICE_X39Y32         FDRE                                         r  u_l1_icache/data_array_reg[24][3][13]/CE
  -------------------------------------------------------------------    -------------------

                         (clock CLK rise edge)        5.000     5.000 r  
    M18                                               0.000     5.000 r  clk (IN)
                         net (fo=0)                   0.000     5.000    clk
    M18                  IBUF (Prop_ibuf_I_O)         0.805     5.805 r  clk_IBUF_inst/O
                         net (fo=1, routed)           1.868     7.673    clk_IBUF
    BUFGCTRL_X0Y0        BUFG (Prop_bufg_I_O)         0.091     7.764 r  clk_IBUF_BUFG_inst/O
                         net (fo=11160, routed)       1.437     9.201    u_l1_icache/clk_IBUF_BUFG
    SLICE_X39Y32         FDRE                                         r  u_l1_icache/data_array_reg[24][3][13]/C
                         clock pessimism              0.250     9.451    
                         clock uncertainty           -0.335     9.116    
    SLICE_X39Y32         FDRE (Setup_fdre_C_CE)      -0.205     8.911    u_l1_icache/data_array_reg[24][3][13]
  -------------------------------------------------------------------
                         required time                          8.911    
                         arrival time                         -24.921    
  -------------------------------------------------------------------
                         slack                                -16.010    

Slack (VIOLATED) :        -16.010ns  (required time - arrival time)
  Source:                 u_cpu/dut_pc/pc_reg[5]/C
                            (rising edge-triggered cell FDRE clocked by CLK  {rise@0.000ns fall@2.500ns period=5.000ns})
  Destination:            u_l1_icache/data_array_reg[24][3][23]/CE
                            (rising edge-triggered cell FDRE clocked by CLK  {rise@0.000ns fall@2.500ns period=5.000ns})
  Path Group:             CLK
  Path Type:              Setup (Max at Slow Process Corner)
  Requirement:            5.000ns  (CLK rise@5.000ns - CLK rise@0.000ns)
  Data Path Delay:        20.365ns  (logic 4.183ns (20.540%)  route 16.182ns (79.460%))
  Logic Levels:           21  (CARRY4=4 LUT2=1 LUT4=3 LUT5=3 LUT6=9 RAMD32=1)
  Clock Path Skew:        -0.105ns (DCD - SCD + CPR)
    Destination Clock Delay (DCD):    4.201ns = ( 9.201 - 5.000 ) 
    Source Clock Delay      (SCD):    4.556ns
    Clock Pessimism Removal (CPR):    0.250ns
  Clock Uncertainty:      0.335ns  ((TSJ^2 + TIJ^2)^1/2 + DJ) / 2 + PE + UU
    Total System Jitter     (TSJ):    0.071ns
    Total Input Jitter      (TIJ):    0.000ns
    Discrete Jitter          (DJ):    0.000ns
    Phase Error              (PE):    0.000ns
    User Uncertainty         (UU):    0.300ns

    Location             Delay type                Incr(ns)  Path(ns)    Netlist Resource(s)
  -------------------------------------------------------------------    -------------------
                         (clock CLK rise edge)        0.000     0.000 r  
    M18                                               0.000     0.000 r  clk (IN)
                         net (fo=0)                   0.000     0.000    clk
    M18                  IBUF (Prop_ibuf_I_O)         0.938     0.938 r  clk_IBUF_inst/O
                         net (fo=1, routed)           1.972     2.910    clk_IBUF
    BUFGCTRL_X0Y0        BUFG (Prop_bufg_I_O)         0.096     3.006 r  clk_IBUF_BUFG_inst/O
                         net (fo=11160, routed)       1.550     4.556    u_cpu/dut_pc/clk_IBUF_BUFG
    SLICE_X35Y28         FDRE                                         r  u_cpu/dut_pc/pc_reg[5]/C
  -------------------------------------------------------------------    -------------------
    SLICE_X35Y28         FDRE (Prop_fdre_C_Q)         0.456     5.012 r  u_cpu/dut_pc/pc_reg[5]/Q
                         net (fo=95, routed)          1.361     6.373    u_l1_icache/tag_array_reg_0_31_6_11/ADDRA1
    SLICE_X38Y27         RAMD32 (Prop_ramd32_RADR1_O)
                                                      0.146     6.519 r  u_l1_icache/tag_array_reg_0_31_6_11/RAMA/O
                         net (fo=1, routed)           1.263     7.783    u_l1_icache/lookup_hit1_0[6]
    SLICE_X34Y27         LUT6 (Prop_lut6_I0_O)        0.328     8.111 r  u_l1_icache/cpu_stall_debug_OBUF_inst_i_31/O
                         net (fo=1, routed)           0.000     8.111    u_l1_icache/cpu_stall_debug_OBUF_inst_i_31_n_0
    SLICE_X34Y27         CARRY4 (Prop_carry4_S[2]_CO[3])
                                                      0.380     8.491 r  u_l1_icache/cpu_stall_debug_OBUF_inst_i_21/CO[3]
                         net (fo=1, routed)           0.000     8.491    u_l1_icache/cpu_stall_debug_OBUF_inst_i_21_n_0
    SLICE_X34Y28         CARRY4 (Prop_carry4_CI_CO[3])
                                                      0.117     8.608 r  u_l1_icache/cpu_stall_debug_OBUF_inst_i_7/CO[3]
                         net (fo=5, routed)           1.018     9.625    u_l1_icache/CO[0]
    SLICE_X32Y29         LUT5 (Prop_lut5_I1_O)        0.124     9.749 r  u_l1_icache/cpu_stall_debug_OBUF_inst_i_2/O
                         net (fo=45, routed)          0.918    10.668    u_cpu/dut_pc/icache_cpu_valid
    SLICE_X31Y28         LUT6 (Prop_lut6_I3_O)        0.124    10.792 r  u_cpu/dut_pc/instr_debug[13]_i_1/O
                         net (fo=15, routed)          0.836    11.627    u_cpu/dut_pc/cpu_mem_funct3[1]
    SLICE_X30Y31         LUT6 (Prop_lut6_I1_O)        0.124    11.751 r  u_cpu/dut_pc/pc_target1_carry_i_16/O
                         net (fo=1, routed)           0.815    12.567    u_cpu/dut_pc/pc_target1_carry_i_16_n_0
    SLICE_X28Y31         LUT6 (Prop_lut6_I3_O)        0.124    12.691 r  u_cpu/dut_pc/pc_target1_carry_i_9/O
                         net (fo=35, routed)          0.851    13.542    u_cpu/dut_pc/imm_sel[1]
    SLICE_X28Y33         LUT6 (Prop_lut6_I0_O)        0.124    13.666 f  u_cpu/dut_pc/pc_target1_carry__0_i_10/O
                         net (fo=9, routed)           0.767    14.433    u_cpu/dut_pc/pc_target1_carry__0_i_10_n_0
    SLICE_X15Y33         LUT4 (Prop_lut4_I2_O)        0.124    14.557 r  u_cpu/dut_pc/pc_target1_carry__1_i_10/O
                         net (fo=28, routed)          0.848    15.405    u_cpu/dut_pc/pc_target1_carry__1_i_10_n_0
    SLICE_X15Y37         LUT6 (Prop_lut6_I5_O)        0.124    15.529 r  u_cpu/dut_pc/pc_target1_carry__5_i_1/O
                         net (fo=5, routed)           0.691    16.220    u_cpu/dut_pc/instruction_hold_valid_q_reg_0[24]
    SLICE_X14Y37         LUT4 (Prop_lut4_I2_O)        0.124    16.344 r  u_cpu/dut_pc/result0_carry__5_i_9/O
                         net (fo=8, routed)           0.712    17.056    u_cpu/dut_pc/src_b[27]
    SLICE_X9Y35          LUT2 (Prop_lut2_I1_O)        0.124    17.180 r  u_cpu/dut_pc/result0_carry__5_i_5/O
                         net (fo=1, routed)           0.000    17.180    u_cpu/dut_alu/mem_addr_q[24]_i_8[3]
    SLICE_X9Y35          CARRY4 (Prop_carry4_S[3]_CO[3])
                                                      0.401    17.581 r  u_cpu/dut_alu/result0_carry__5/CO[3]
                         net (fo=1, routed)           0.000    17.581    u_cpu/dut_alu/result0_carry__5_n_0
    SLICE_X9Y36          CARRY4 (Prop_carry4_CI_O[3])
                                                      0.313    17.894 r  u_cpu/dut_alu/result0_carry__6/O[3]
                         net (fo=1, routed)           0.579    18.473    u_cpu/dut_pc/mem_addr_q[31]_i_5_0[9]
    SLICE_X11Y38         LUT4 (Prop_lut4_I2_O)        0.306    18.779 r  u_cpu/dut_pc/mem_addr_q[31]_i_12/O
                         net (fo=1, routed)           0.814    19.593    u_cpu/dut_pc/mem_addr_q[31]_i_12_n_0
    SLICE_X12Y38         LUT6 (Prop_lut6_I4_O)        0.124    19.717 r  u_cpu/dut_pc/mem_addr_q[31]_i_5/O
                         net (fo=1, routed)           0.295    20.012    u_cpu/dut_pc/mem_addr_q[31]_i_5_n_0
    SLICE_X14Y38         LUT5 (Prop_lut5_I0_O)        0.124    20.136 r  u_cpu/dut_pc/mem_addr_q[31]_i_4/O
                         net (fo=4, routed)           0.626    20.762    u_cpu/dut_pc/cpu_mem_addr[31]
    SLICE_X14Y37         LUT6 (Prop_lut6_I1_O)        0.124    20.886 r  u_cpu/dut_pc/refill_word_q[1]_i_5/O
                         net (fo=4, routed)           1.365    22.250    u_cpu/dut_pc/refill_word_q[1]_i_5_n_0
    SLICE_X29Y19         LUT5 (Prop_lut5_I0_O)        0.124    22.374 f  u_cpu/dut_pc/refill_word_q[1]_i_3/O
                         net (fo=161, routed)         1.414    23.789    u_l1_icache/refill_word_q_reg[1]_3
    SLICE_X40Y26         LUT6 (Prop_lut6_I2_O)        0.124    23.913 r  u_l1_icache/data_array[24][3][31]_i_1/O
                         net (fo=32, routed)          1.008    24.921    u_l1_icache/data_array[24][3][31]_i_1_n_0
    SLICE_X39Y32         FDRE                                         r  u_l1_icache/data_array_reg[24][3][23]/CE
  -------------------------------------------------------------------    -------------------

                         (clock CLK rise edge)        5.000     5.000 r  
    M18                                               0.000     5.000 r  clk (IN)
                         net (fo=0)                   0.000     5.000    clk
    M18                  IBUF (Prop_ibuf_I_O)         0.805     5.805 r  clk_IBUF_inst/O
                         net (fo=1, routed)           1.868     7.673    clk_IBUF
    BUFGCTRL_X0Y0        BUFG (Prop_bufg_I_O)         0.091     7.764 r  clk_IBUF_BUFG_inst/O
                         net (fo=11160, routed)       1.437     9.201    u_l1_icache/clk_IBUF_BUFG
    SLICE_X39Y32         FDRE                                         r  u_l1_icache/data_array_reg[24][3][23]/C
                         clock pessimism              0.250     9.451    
                         clock uncertainty           -0.335     9.116    
    SLICE_X39Y32         FDRE (Setup_fdre_C_CE)      -0.205     8.911    u_l1_icache/data_array_reg[24][3][23]
  -------------------------------------------------------------------
                         required time                          8.911    
                         arrival time                         -24.921    
  -------------------------------------------------------------------
                         slack                                -16.010    

Slack (VIOLATED) :        -16.010ns  (required time - arrival time)
  Source:                 u_cpu/dut_pc/pc_reg[5]/C
                            (rising edge-triggered cell FDRE clocked by CLK  {rise@0.000ns fall@2.500ns period=5.000ns})
  Destination:            u_l1_icache/data_array_reg[24][3][30]/CE
                            (rising edge-triggered cell FDRE clocked by CLK  {rise@0.000ns fall@2.500ns period=5.000ns})
  Path Group:             CLK
  Path Type:              Setup (Max at Slow Process Corner)
  Requirement:            5.000ns  (CLK rise@5.000ns - CLK rise@0.000ns)
  Data Path Delay:        20.365ns  (logic 4.183ns (20.540%)  route 16.182ns (79.460%))
  Logic Levels:           21  (CARRY4=4 LUT2=1 LUT4=3 LUT5=3 LUT6=9 RAMD32=1)
  Clock Path Skew:        -0.105ns (DCD - SCD + CPR)
    Destination Clock Delay (DCD):    4.201ns = ( 9.201 - 5.000 ) 
    Source Clock Delay      (SCD):    4.556ns
    Clock Pessimism Removal (CPR):    0.250ns
  Clock Uncertainty:      0.335ns  ((TSJ^2 + TIJ^2)^1/2 + DJ) / 2 + PE + UU
    Total System Jitter     (TSJ):    0.071ns
    Total Input Jitter      (TIJ):    0.000ns
    Discrete Jitter          (DJ):    0.000ns
    Phase Error              (PE):    0.000ns
    User Uncertainty         (UU):    0.300ns

    Location             Delay type                Incr(ns)  Path(ns)    Netlist Resource(s)
  -------------------------------------------------------------------    -------------------
                         (clock CLK rise edge)        0.000     0.000 r  
    M18                                               0.000     0.000 r  clk (IN)
                         net (fo=0)                   0.000     0.000    clk
    M18                  IBUF (Prop_ibuf_I_O)         0.938     0.938 r  clk_IBUF_inst/O
                         net (fo=1, routed)           1.972     2.910    clk_IBUF
    BUFGCTRL_X0Y0        BUFG (Prop_bufg_I_O)         0.096     3.006 r  clk_IBUF_BUFG_inst/O
                         net (fo=11160, routed)       1.550     4.556    u_cpu/dut_pc/clk_IBUF_BUFG
    SLICE_X35Y28         FDRE                                         r  u_cpu/dut_pc/pc_reg[5]/C
  -------------------------------------------------------------------    -------------------
    SLICE_X35Y28         FDRE (Prop_fdre_C_Q)         0.456     5.012 r  u_cpu/dut_pc/pc_reg[5]/Q
                         net (fo=95, routed)          1.361     6.373    u_l1_icache/tag_array_reg_0_31_6_11/ADDRA1
    SLICE_X38Y27         RAMD32 (Prop_ramd32_RADR1_O)
                                                      0.146     6.519 r  u_l1_icache/tag_array_reg_0_31_6_11/RAMA/O
                         net (fo=1, routed)           1.263     7.783    u_l1_icache/lookup_hit1_0[6]
    SLICE_X34Y27         LUT6 (Prop_lut6_I0_O)        0.328     8.111 r  u_l1_icache/cpu_stall_debug_OBUF_inst_i_31/O
                         net (fo=1, routed)           0.000     8.111    u_l1_icache/cpu_stall_debug_OBUF_inst_i_31_n_0
    SLICE_X34Y27         CARRY4 (Prop_carry4_S[2]_CO[3])
                                                      0.380     8.491 r  u_l1_icache/cpu_stall_debug_OBUF_inst_i_21/CO[3]
                         net (fo=1, routed)           0.000     8.491    u_l1_icache/cpu_stall_debug_OBUF_inst_i_21_n_0
    SLICE_X34Y28         CARRY4 (Prop_carry4_CI_CO[3])
                                                      0.117     8.608 r  u_l1_icache/cpu_stall_debug_OBUF_inst_i_7/CO[3]
                         net (fo=5, routed)           1.018     9.625    u_l1_icache/CO[0]
    SLICE_X32Y29         LUT5 (Prop_lut5_I1_O)        0.124     9.749 r  u_l1_icache/cpu_stall_debug_OBUF_inst_i_2/O
                         net (fo=45, routed)          0.918    10.668    u_cpu/dut_pc/icache_cpu_valid
    SLICE_X31Y28         LUT6 (Prop_lut6_I3_O)        0.124    10.792 r  u_cpu/dut_pc/instr_debug[13]_i_1/O
                         net (fo=15, routed)          0.836    11.627    u_cpu/dut_pc/cpu_mem_funct3[1]
    SLICE_X30Y31         LUT6 (Prop_lut6_I1_O)        0.124    11.751 r  u_cpu/dut_pc/pc_target1_carry_i_16/O
                         net (fo=1, routed)           0.815    12.567    u_cpu/dut_pc/pc_target1_carry_i_16_n_0
    SLICE_X28Y31         LUT6 (Prop_lut6_I3_O)        0.124    12.691 r  u_cpu/dut_pc/pc_target1_carry_i_9/O
                         net (fo=35, routed)          0.851    13.542    u_cpu/dut_pc/imm_sel[1]
    SLICE_X28Y33         LUT6 (Prop_lut6_I0_O)        0.124    13.666 f  u_cpu/dut_pc/pc_target1_carry__0_i_10/O
                         net (fo=9, routed)           0.767    14.433    u_cpu/dut_pc/pc_target1_carry__0_i_10_n_0
    SLICE_X15Y33         LUT4 (Prop_lut4_I2_O)        0.124    14.557 r  u_cpu/dut_pc/pc_target1_carry__1_i_10/O
                         net (fo=28, routed)          0.848    15.405    u_cpu/dut_pc/pc_target1_carry__1_i_10_n_0
    SLICE_X15Y37         LUT6 (Prop_lut6_I5_O)        0.124    15.529 r  u_cpu/dut_pc/pc_target1_carry__5_i_1/O
                         net (fo=5, routed)           0.691    16.220    u_cpu/dut_pc/instruction_hold_valid_q_reg_0[24]
    SLICE_X14Y37         LUT4 (Prop_lut4_I2_O)        0.124    16.344 r  u_cpu/dut_pc/result0_carry__5_i_9/O
                         net (fo=8, routed)           0.712    17.056    u_cpu/dut_pc/src_b[27]
    SLICE_X9Y35          LUT2 (Prop_lut2_I1_O)        0.124    17.180 r  u_cpu/dut_pc/result0_carry__5_i_5/O
                         net (fo=1, routed)           0.000    17.180    u_cpu/dut_alu/mem_addr_q[24]_i_8[3]
    SLICE_X9Y35          CARRY4 (Prop_carry4_S[3]_CO[3])
                                                      0.401    17.581 r  u_cpu/dut_alu/result0_carry__5/CO[3]
                         net (fo=1, routed)           0.000    17.581    u_cpu/dut_alu/result0_carry__5_n_0
    SLICE_X9Y36          CARRY4 (Prop_carry4_CI_O[3])
                                                      0.313    17.894 r  u_cpu/dut_alu/result0_carry__6/O[3]
                         net (fo=1, routed)           0.579    18.473    u_cpu/dut_pc/mem_addr_q[31]_i_5_0[9]
    SLICE_X11Y38         LUT4 (Prop_lut4_I2_O)        0.306    18.779 r  u_cpu/dut_pc/mem_addr_q[31]_i_12/O
                         net (fo=1, routed)           0.814    19.593    u_cpu/dut_pc/mem_addr_q[31]_i_12_n_0
    SLICE_X12Y38         LUT6 (Prop_lut6_I4_O)        0.124    19.717 r  u_cpu/dut_pc/mem_addr_q[31]_i_5/O
                         net (fo=1, routed)           0.295    20.012    u_cpu/dut_pc/mem_addr_q[31]_i_5_n_0
    SLICE_X14Y38         LUT5 (Prop_lut5_I0_O)        0.124    20.136 r  u_cpu/dut_pc/mem_addr_q[31]_i_4/O
                         net (fo=4, routed)           0.626    20.762    u_cpu/dut_pc/cpu_mem_addr[31]
    SLICE_X14Y37         LUT6 (Prop_lut6_I1_O)        0.124    20.886 r  u_cpu/dut_pc/refill_word_q[1]_i_5/O
                         net (fo=4, routed)           1.365    22.250    u_cpu/dut_pc/refill_word_q[1]_i_5_n_0
    SLICE_X29Y19         LUT5 (Prop_lut5_I0_O)        0.124    22.374 f  u_cpu/dut_pc/refill_word_q[1]_i_3/O
                         net (fo=161, routed)         1.414    23.789    u_l1_icache/refill_word_q_reg[1]_3
    SLICE_X40Y26         LUT6 (Prop_lut6_I2_O)        0.124    23.913 r  u_l1_icache/data_array[24][3][31]_i_1/O
                         net (fo=32, routed)          1.008    24.921    u_l1_icache/data_array[24][3][31]_i_1_n_0
    SLICE_X39Y32         FDRE                                         r  u_l1_icache/data_array_reg[24][3][30]/CE
  -------------------------------------------------------------------    -------------------

                         (clock CLK rise edge)        5.000     5.000 r  
    M18                                               0.000     5.000 r  clk (IN)
                         net (fo=0)                   0.000     5.000    clk
    M18                  IBUF (Prop_ibuf_I_O)         0.805     5.805 r  clk_IBUF_inst/O
                         net (fo=1, routed)           1.868     7.673    clk_IBUF
    BUFGCTRL_X0Y0        BUFG (Prop_bufg_I_O)         0.091     7.764 r  clk_IBUF_BUFG_inst/O
                         net (fo=11160, routed)       1.437     9.201    u_l1_icache/clk_IBUF_BUFG
    SLICE_X39Y32         FDRE                                         r  u_l1_icache/data_array_reg[24][3][30]/C
                         clock pessimism              0.250     9.451    
                         clock uncertainty           -0.335     9.116    
    SLICE_X39Y32         FDRE (Setup_fdre_C_CE)      -0.205     8.911    u_l1_icache/data_array_reg[24][3][30]
  -------------------------------------------------------------------
                         required time                          8.911    
                         arrival time                         -24.921    
  -------------------------------------------------------------------
                         slack                                -16.010    

Slack (VIOLATED) :        -16.009ns  (required time - arrival time)
  Source:                 u_cpu/dut_pc/pc_reg[5]/C
                            (rising edge-triggered cell FDRE clocked by CLK  {rise@0.000ns fall@2.500ns period=5.000ns})
  Destination:            u_l1_icache/data_array_reg[24][1][14]/CE
                            (rising edge-triggered cell FDRE clocked by CLK  {rise@0.000ns fall@2.500ns period=5.000ns})
  Path Group:             CLK
  Path Type:              Setup (Max at Slow Process Corner)
  Requirement:            5.000ns  (CLK rise@5.000ns - CLK rise@0.000ns)
  Data Path Delay:        20.373ns  (logic 4.183ns (20.532%)  route 16.190ns (79.468%))
  Logic Levels:           21  (CARRY4=4 LUT2=1 LUT4=3 LUT5=3 LUT6=9 RAMD32=1)
  Clock Path Skew:        -0.096ns (DCD - SCD + CPR)
    Destination Clock Delay (DCD):    4.210ns = ( 9.210 - 5.000 ) 
    Source Clock Delay      (SCD):    4.556ns
    Clock Pessimism Removal (CPR):    0.250ns
  Clock Uncertainty:      0.335ns  ((TSJ^2 + TIJ^2)^1/2 + DJ) / 2 + PE + UU
    Total System Jitter     (TSJ):    0.071ns
    Total Input Jitter      (TIJ):    0.000ns
    Discrete Jitter          (DJ):    0.000ns
    Phase Error              (PE):    0.000ns
    User Uncertainty         (UU):    0.300ns

    Location             Delay type                Incr(ns)  Path(ns)    Netlist Resource(s)
  -------------------------------------------------------------------    -------------------
                         (clock CLK rise edge)        0.000     0.000 r  
    M18                                               0.000     0.000 r  clk (IN)
                         net (fo=0)                   0.000     0.000    clk
    M18                  IBUF (Prop_ibuf_I_O)         0.938     0.938 r  clk_IBUF_inst/O
                         net (fo=1, routed)           1.972     2.910    clk_IBUF
    BUFGCTRL_X0Y0        BUFG (Prop_bufg_I_O)         0.096     3.006 r  clk_IBUF_BUFG_inst/O
                         net (fo=11160, routed)       1.550     4.556    u_cpu/dut_pc/clk_IBUF_BUFG
    SLICE_X35Y28         FDRE                                         r  u_cpu/dut_pc/pc_reg[5]/C
  -------------------------------------------------------------------    -------------------
    SLICE_X35Y28         FDRE (Prop_fdre_C_Q)         0.456     5.012 r  u_cpu/dut_pc/pc_reg[5]/Q
                         net (fo=95, routed)          1.361     6.373    u_l1_icache/tag_array_reg_0_31_6_11/ADDRA1
    SLICE_X38Y27         RAMD32 (Prop_ramd32_RADR1_O)
                                                      0.146     6.519 r  u_l1_icache/tag_array_reg_0_31_6_11/RAMA/O
                         net (fo=1, routed)           1.263     7.783    u_l1_icache/lookup_hit1_0[6]
    SLICE_X34Y27         LUT6 (Prop_lut6_I0_O)        0.328     8.111 r  u_l1_icache/cpu_stall_debug_OBUF_inst_i_31/O
                         net (fo=1, routed)           0.000     8.111    u_l1_icache/cpu_stall_debug_OBUF_inst_i_31_n_0
    SLICE_X34Y27         CARRY4 (Prop_carry4_S[2]_CO[3])
                                                      0.380     8.491 r  u_l1_icache/cpu_stall_debug_OBUF_inst_i_21/CO[3]
                         net (fo=1, routed)           0.000     8.491    u_l1_icache/cpu_stall_debug_OBUF_inst_i_21_n_0
    SLICE_X34Y28         CARRY4 (Prop_carry4_CI_CO[3])
                                                      0.117     8.608 r  u_l1_icache/cpu_stall_debug_OBUF_inst_i_7/CO[3]
                         net (fo=5, routed)           1.018     9.625    u_l1_icache/CO[0]
    SLICE_X32Y29         LUT5 (Prop_lut5_I1_O)        0.124     9.749 r  u_l1_icache/cpu_stall_debug_OBUF_inst_i_2/O
                         net (fo=45, routed)          0.918    10.668    u_cpu/dut_pc/icache_cpu_valid
    SLICE_X31Y28         LUT6 (Prop_lut6_I3_O)        0.124    10.792 r  u_cpu/dut_pc/instr_debug[13]_i_1/O
                         net (fo=15, routed)          0.836    11.627    u_cpu/dut_pc/cpu_mem_funct3[1]
    SLICE_X30Y31         LUT6 (Prop_lut6_I1_O)        0.124    11.751 r  u_cpu/dut_pc/pc_target1_carry_i_16/O
                         net (fo=1, routed)           0.815    12.567    u_cpu/dut_pc/pc_target1_carry_i_16_n_0
    SLICE_X28Y31         LUT6 (Prop_lut6_I3_O)        0.124    12.691 r  u_cpu/dut_pc/pc_target1_carry_i_9/O
                         net (fo=35, routed)          0.851    13.542    u_cpu/dut_pc/imm_sel[1]
    SLICE_X28Y33         LUT6 (Prop_lut6_I0_O)        0.124    13.666 f  u_cpu/dut_pc/pc_target1_carry__0_i_10/O
                         net (fo=9, routed)           0.767    14.433    u_cpu/dut_pc/pc_target1_carry__0_i_10_n_0
    SLICE_X15Y33         LUT4 (Prop_lut4_I2_O)        0.124    14.557 r  u_cpu/dut_pc/pc_target1_carry__1_i_10/O
                         net (fo=28, routed)          0.848    15.405    u_cpu/dut_pc/pc_target1_carry__1_i_10_n_0
    SLICE_X15Y37         LUT6 (Prop_lut6_I5_O)        0.124    15.529 r  u_cpu/dut_pc/pc_target1_carry__5_i_1/O
                         net (fo=5, routed)           0.691    16.220    u_cpu/dut_pc/instruction_hold_valid_q_reg_0[24]
    SLICE_X14Y37         LUT4 (Prop_lut4_I2_O)        0.124    16.344 r  u_cpu/dut_pc/result0_carry__5_i_9/O
                         net (fo=8, routed)           0.712    17.056    u_cpu/dut_pc/src_b[27]
    SLICE_X9Y35          LUT2 (Prop_lut2_I1_O)        0.124    17.180 r  u_cpu/dut_pc/result0_carry__5_i_5/O
                         net (fo=1, routed)           0.000    17.180    u_cpu/dut_alu/mem_addr_q[24]_i_8[3]
    SLICE_X9Y35          CARRY4 (Prop_carry4_S[3]_CO[3])
                                                      0.401    17.581 r  u_cpu/dut_alu/result0_carry__5/CO[3]
                         net (fo=1, routed)           0.000    17.581    u_cpu/dut_alu/result0_carry__5_n_0
    SLICE_X9Y36          CARRY4 (Prop_carry4_CI_O[3])
                                                      0.313    17.894 r  u_cpu/dut_alu/result0_carry__6/O[3]
                         net (fo=1, routed)           0.579    18.473    u_cpu/dut_pc/mem_addr_q[31]_i_5_0[9]
    SLICE_X11Y38         LUT4 (Prop_lut4_I2_O)        0.306    18.779 r  u_cpu/dut_pc/mem_addr_q[31]_i_12/O
                         net (fo=1, routed)           0.814    19.593    u_cpu/dut_pc/mem_addr_q[31]_i_12_n_0
    SLICE_X12Y38         LUT6 (Prop_lut6_I4_O)        0.124    19.717 r  u_cpu/dut_pc/mem_addr_q[31]_i_5/O
                         net (fo=1, routed)           0.295    20.012    u_cpu/dut_pc/mem_addr_q[31]_i_5_n_0
    SLICE_X14Y38         LUT5 (Prop_lut5_I0_O)        0.124    20.136 r  u_cpu/dut_pc/mem_addr_q[31]_i_4/O
                         net (fo=4, routed)           0.626    20.762    u_cpu/dut_pc/cpu_mem_addr[31]
    SLICE_X14Y37         LUT6 (Prop_lut6_I1_O)        0.124    20.886 r  u_cpu/dut_pc/refill_word_q[1]_i_5/O
                         net (fo=4, routed)           1.365    22.250    u_cpu/dut_pc/refill_word_q[1]_i_5_n_0
    SLICE_X29Y19         LUT5 (Prop_lut5_I0_O)        0.124    22.374 f  u_cpu/dut_pc/refill_word_q[1]_i_3/O
                         net (fo=161, routed)         1.386    23.760    u_l1_icache/refill_word_q_reg[1]_3
    SLICE_X36Y9          LUT6 (Prop_lut6_I0_O)        0.124    23.884 r  u_l1_icache/data_array[24][1][31]_i_1/O
                         net (fo=32, routed)          1.045    24.929    u_l1_icache/data_array[24][1][31]_i_1_n_0
    SLICE_X45Y10         FDRE                                         r  u_l1_icache/data_array_reg[24][1][14]/CE
  -------------------------------------------------------------------    -------------------

                         (clock CLK rise edge)        5.000     5.000 r  
    M18                                               0.000     5.000 r  clk (IN)
                         net (fo=0)                   0.000     5.000    clk
    M18                  IBUF (Prop_ibuf_I_O)         0.805     5.805 r  clk_IBUF_inst/O
                         net (fo=1, routed)           1.868     7.673    clk_IBUF
    BUFGCTRL_X0Y0        BUFG (Prop_bufg_I_O)         0.091     7.764 r  clk_IBUF_BUFG_inst/O
                         net (fo=11160, routed)       1.446     9.210    u_l1_icache/clk_IBUF_BUFG
    SLICE_X45Y10         FDRE                                         r  u_l1_icache/data_array_reg[24][1][14]/C
                         clock pessimism              0.250     9.460    
                         clock uncertainty           -0.335     9.125    
    SLICE_X45Y10         FDRE (Setup_fdre_C_CE)      -0.205     8.920    u_l1_icache/data_array_reg[24][1][14]
  -------------------------------------------------------------------
                         required time                          8.920    
                         arrival time                         -24.929    
  -------------------------------------------------------------------
                         slack                                -16.009    

Slack (VIOLATED) :        -16.009ns  (required time - arrival time)
  Source:                 u_cpu/dut_pc/pc_reg[5]/C
                            (rising edge-triggered cell FDRE clocked by CLK  {rise@0.000ns fall@2.500ns period=5.000ns})
  Destination:            u_l1_icache/data_array_reg[24][1][16]/CE
                            (rising edge-triggered cell FDRE clocked by CLK  {rise@0.000ns fall@2.500ns period=5.000ns})
  Path Group:             CLK
  Path Type:              Setup (Max at Slow Process Corner)
  Requirement:            5.000ns  (CLK rise@5.000ns - CLK rise@0.000ns)
  Data Path Delay:        20.373ns  (logic 4.183ns (20.532%)  route 16.190ns (79.468%))
  Logic Levels:           21  (CARRY4=4 LUT2=1 LUT4=3 LUT5=3 LUT6=9 RAMD32=1)
  Clock Path Skew:        -0.096ns (DCD - SCD + CPR)
    Destination Clock Delay (DCD):    4.210ns = ( 9.210 - 5.000 ) 
    Source Clock Delay      (SCD):    4.556ns
    Clock Pessimism Removal (CPR):    0.250ns
  Clock Uncertainty:      0.335ns  ((TSJ^2 + TIJ^2)^1/2 + DJ) / 2 + PE + UU
    Total System Jitter     (TSJ):    0.071ns
    Total Input Jitter      (TIJ):    0.000ns
    Discrete Jitter          (DJ):    0.000ns
    Phase Error              (PE):    0.000ns
    User Uncertainty         (UU):    0.300ns

    Location             Delay type                Incr(ns)  Path(ns)    Netlist Resource(s)
  -------------------------------------------------------------------    -------------------
                         (clock CLK rise edge)        0.000     0.000 r  
    M18                                               0.000     0.000 r  clk (IN)
                         net (fo=0)                   0.000     0.000    clk
    M18                  IBUF (Prop_ibuf_I_O)         0.938     0.938 r  clk_IBUF_inst/O
                         net (fo=1, routed)           1.972     2.910    clk_IBUF
    BUFGCTRL_X0Y0        BUFG (Prop_bufg_I_O)         0.096     3.006 r  clk_IBUF_BUFG_inst/O
                         net (fo=11160, routed)       1.550     4.556    u_cpu/dut_pc/clk_IBUF_BUFG
    SLICE_X35Y28         FDRE                                         r  u_cpu/dut_pc/pc_reg[5]/C
  -------------------------------------------------------------------    -------------------
    SLICE_X35Y28         FDRE (Prop_fdre_C_Q)         0.456     5.012 r  u_cpu/dut_pc/pc_reg[5]/Q
                         net (fo=95, routed)          1.361     6.373    u_l1_icache/tag_array_reg_0_31_6_11/ADDRA1
    SLICE_X38Y27         RAMD32 (Prop_ramd32_RADR1_O)
                                                      0.146     6.519 r  u_l1_icache/tag_array_reg_0_31_6_11/RAMA/O
                         net (fo=1, routed)           1.263     7.783    u_l1_icache/lookup_hit1_0[6]
    SLICE_X34Y27         LUT6 (Prop_lut6_I0_O)        0.328     8.111 r  u_l1_icache/cpu_stall_debug_OBUF_inst_i_31/O
                         net (fo=1, routed)           0.000     8.111    u_l1_icache/cpu_stall_debug_OBUF_inst_i_31_n_0
    SLICE_X34Y27         CARRY4 (Prop_carry4_S[2]_CO[3])
                                                      0.380     8.491 r  u_l1_icache/cpu_stall_debug_OBUF_inst_i_21/CO[3]
                         net (fo=1, routed)           0.000     8.491    u_l1_icache/cpu_stall_debug_OBUF_inst_i_21_n_0
    SLICE_X34Y28         CARRY4 (Prop_carry4_CI_CO[3])
                                                      0.117     8.608 r  u_l1_icache/cpu_stall_debug_OBUF_inst_i_7/CO[3]
                         net (fo=5, routed)           1.018     9.625    u_l1_icache/CO[0]
    SLICE_X32Y29         LUT5 (Prop_lut5_I1_O)        0.124     9.749 r  u_l1_icache/cpu_stall_debug_OBUF_inst_i_2/O
                         net (fo=45, routed)          0.918    10.668    u_cpu/dut_pc/icache_cpu_valid
    SLICE_X31Y28         LUT6 (Prop_lut6_I3_O)        0.124    10.792 r  u_cpu/dut_pc/instr_debug[13]_i_1/O
                         net (fo=15, routed)          0.836    11.627    u_cpu/dut_pc/cpu_mem_funct3[1]
    SLICE_X30Y31         LUT6 (Prop_lut6_I1_O)        0.124    11.751 r  u_cpu/dut_pc/pc_target1_carry_i_16/O
                         net (fo=1, routed)           0.815    12.567    u_cpu/dut_pc/pc_target1_carry_i_16_n_0
    SLICE_X28Y31         LUT6 (Prop_lut6_I3_O)        0.124    12.691 r  u_cpu/dut_pc/pc_target1_carry_i_9/O
                         net (fo=35, routed)          0.851    13.542    u_cpu/dut_pc/imm_sel[1]
    SLICE_X28Y33         LUT6 (Prop_lut6_I0_O)        0.124    13.666 f  u_cpu/dut_pc/pc_target1_carry__0_i_10/O
                         net (fo=9, routed)           0.767    14.433    u_cpu/dut_pc/pc_target1_carry__0_i_10_n_0
    SLICE_X15Y33         LUT4 (Prop_lut4_I2_O)        0.124    14.557 r  u_cpu/dut_pc/pc_target1_carry__1_i_10/O
                         net (fo=28, routed)          0.848    15.405    u_cpu/dut_pc/pc_target1_carry__1_i_10_n_0
    SLICE_X15Y37         LUT6 (Prop_lut6_I5_O)        0.124    15.529 r  u_cpu/dut_pc/pc_target1_carry__5_i_1/O
                         net (fo=5, routed)           0.691    16.220    u_cpu/dut_pc/instruction_hold_valid_q_reg_0[24]
    SLICE_X14Y37         LUT4 (Prop_lut4_I2_O)        0.124    16.344 r  u_cpu/dut_pc/result0_carry__5_i_9/O
                         net (fo=8, routed)           0.712    17.056    u_cpu/dut_pc/src_b[27]
    SLICE_X9Y35          LUT2 (Prop_lut2_I1_O)        0.124    17.180 r  u_cpu/dut_pc/result0_carry__5_i_5/O
                         net (fo=1, routed)           0.000    17.180    u_cpu/dut_alu/mem_addr_q[24]_i_8[3]
    SLICE_X9Y35          CARRY4 (Prop_carry4_S[3]_CO[3])
                                                      0.401    17.581 r  u_cpu/dut_alu/result0_carry__5/CO[3]
                         net (fo=1, routed)           0.000    17.581    u_cpu/dut_alu/result0_carry__5_n_0
    SLICE_X9Y36          CARRY4 (Prop_carry4_CI_O[3])
                                                      0.313    17.894 r  u_cpu/dut_alu/result0_carry__6/O[3]
                         net (fo=1, routed)           0.579    18.473    u_cpu/dut_pc/mem_addr_q[31]_i_5_0[9]
    SLICE_X11Y38         LUT4 (Prop_lut4_I2_O)        0.306    18.779 r  u_cpu/dut_pc/mem_addr_q[31]_i_12/O
                         net (fo=1, routed)           0.814    19.593    u_cpu/dut_pc/mem_addr_q[31]_i_12_n_0
    SLICE_X12Y38         LUT6 (Prop_lut6_I4_O)        0.124    19.717 r  u_cpu/dut_pc/mem_addr_q[31]_i_5/O
                         net (fo=1, routed)           0.295    20.012    u_cpu/dut_pc/mem_addr_q[31]_i_5_n_0
    SLICE_X14Y38         LUT5 (Prop_lut5_I0_O)        0.124    20.136 r  u_cpu/dut_pc/mem_addr_q[31]_i_4/O
                         net (fo=4, routed)           0.626    20.762    u_cpu/dut_pc/cpu_mem_addr[31]
    SLICE_X14Y37         LUT6 (Prop_lut6_I1_O)        0.124    20.886 r  u_cpu/dut_pc/refill_word_q[1]_i_5/O
                         net (fo=4, routed)           1.365    22.250    u_cpu/dut_pc/refill_word_q[1]_i_5_n_0
    SLICE_X29Y19         LUT5 (Prop_lut5_I0_O)        0.124    22.374 f  u_cpu/dut_pc/refill_word_q[1]_i_3/O
                         net (fo=161, routed)         1.386    23.760    u_l1_icache/refill_word_q_reg[1]_3
    SLICE_X36Y9          LUT6 (Prop_lut6_I0_O)        0.124    23.884 r  u_l1_icache/data_array[24][1][31]_i_1/O
                         net (fo=32, routed)          1.045    24.929    u_l1_icache/data_array[24][1][31]_i_1_n_0
    SLICE_X45Y10         FDRE                                         r  u_l1_icache/data_array_reg[24][1][16]/CE
  -------------------------------------------------------------------    -------------------

                         (clock CLK rise edge)        5.000     5.000 r  
    M18                                               0.000     5.000 r  clk (IN)
                         net (fo=0)                   0.000     5.000    clk
    M18                  IBUF (Prop_ibuf_I_O)         0.805     5.805 r  clk_IBUF_inst/O
                         net (fo=1, routed)           1.868     7.673    clk_IBUF
    BUFGCTRL_X0Y0        BUFG (Prop_bufg_I_O)         0.091     7.764 r  clk_IBUF_BUFG_inst/O
                         net (fo=11160, routed)       1.446     9.210    u_l1_icache/clk_IBUF_BUFG
    SLICE_X45Y10         FDRE                                         r  u_l1_icache/data_array_reg[24][1][16]/C
                         clock pessimism              0.250     9.460    
                         clock uncertainty           -0.335     9.125    
    SLICE_X45Y10         FDRE (Setup_fdre_C_CE)      -0.205     8.920    u_l1_icache/data_array_reg[24][1][16]
  -------------------------------------------------------------------
                         required time                          8.920    
                         arrival time                         -24.929    
  -------------------------------------------------------------------
                         slack                                -16.009    

Slack (VIOLATED) :        -16.009ns  (required time - arrival time)
  Source:                 u_cpu/dut_pc/pc_reg[5]/C
                            (rising edge-triggered cell FDRE clocked by CLK  {rise@0.000ns fall@2.500ns period=5.000ns})
  Destination:            u_l1_icache/data_array_reg[24][1][19]/CE
                            (rising edge-triggered cell FDRE clocked by CLK  {rise@0.000ns fall@2.500ns period=5.000ns})
  Path Group:             CLK
  Path Type:              Setup (Max at Slow Process Corner)
  Requirement:            5.000ns  (CLK rise@5.000ns - CLK rise@0.000ns)
  Data Path Delay:        20.373ns  (logic 4.183ns (20.532%)  route 16.190ns (79.468%))
  Logic Levels:           21  (CARRY4=4 LUT2=1 LUT4=3 LUT5=3 LUT6=9 RAMD32=1)
  Clock Path Skew:        -0.096ns (DCD - SCD + CPR)
    Destination Clock Delay (DCD):    4.210ns = ( 9.210 - 5.000 ) 
    Source Clock Delay      (SCD):    4.556ns
    Clock Pessimism Removal (CPR):    0.250ns
  Clock Uncertainty:      0.335ns  ((TSJ^2 + TIJ^2)^1/2 + DJ) / 2 + PE + UU
    Total System Jitter     (TSJ):    0.071ns
    Total Input Jitter      (TIJ):    0.000ns
    Discrete Jitter          (DJ):    0.000ns
    Phase Error              (PE):    0.000ns
    User Uncertainty         (UU):    0.300ns

    Location             Delay type                Incr(ns)  Path(ns)    Netlist Resource(s)
  -------------------------------------------------------------------    -------------------
                         (clock CLK rise edge)        0.000     0.000 r  
    M18                                               0.000     0.000 r  clk (IN)
                         net (fo=0)                   0.000     0.000    clk
    M18                  IBUF (Prop_ibuf_I_O)         0.938     0.938 r  clk_IBUF_inst/O
                         net (fo=1, routed)           1.972     2.910    clk_IBUF
    BUFGCTRL_X0Y0        BUFG (Prop_bufg_I_O)         0.096     3.006 r  clk_IBUF_BUFG_inst/O
                         net (fo=11160, routed)       1.550     4.556    u_cpu/dut_pc/clk_IBUF_BUFG
    SLICE_X35Y28         FDRE                                         r  u_cpu/dut_pc/pc_reg[5]/C
  -------------------------------------------------------------------    -------------------
    SLICE_X35Y28         FDRE (Prop_fdre_C_Q)         0.456     5.012 r  u_cpu/dut_pc/pc_reg[5]/Q
                         net (fo=95, routed)          1.361     6.373    u_l1_icache/tag_array_reg_0_31_6_11/ADDRA1
    SLICE_X38Y27         RAMD32 (Prop_ramd32_RADR1_O)
                                                      0.146     6.519 r  u_l1_icache/tag_array_reg_0_31_6_11/RAMA/O
                         net (fo=1, routed)           1.263     7.783    u_l1_icache/lookup_hit1_0[6]
    SLICE_X34Y27         LUT6 (Prop_lut6_I0_O)        0.328     8.111 r  u_l1_icache/cpu_stall_debug_OBUF_inst_i_31/O
                         net (fo=1, routed)           0.000     8.111    u_l1_icache/cpu_stall_debug_OBUF_inst_i_31_n_0
    SLICE_X34Y27         CARRY4 (Prop_carry4_S[2]_CO[3])
                                                      0.380     8.491 r  u_l1_icache/cpu_stall_debug_OBUF_inst_i_21/CO[3]
                         net (fo=1, routed)           0.000     8.491    u_l1_icache/cpu_stall_debug_OBUF_inst_i_21_n_0
    SLICE_X34Y28         CARRY4 (Prop_carry4_CI_CO[3])
                                                      0.117     8.608 r  u_l1_icache/cpu_stall_debug_OBUF_inst_i_7/CO[3]
                         net (fo=5, routed)           1.018     9.625    u_l1_icache/CO[0]
    SLICE_X32Y29         LUT5 (Prop_lut5_I1_O)        0.124     9.749 r  u_l1_icache/cpu_stall_debug_OBUF_inst_i_2/O
                         net (fo=45, routed)          0.918    10.668    u_cpu/dut_pc/icache_cpu_valid
    SLICE_X31Y28         LUT6 (Prop_lut6_I3_O)        0.124    10.792 r  u_cpu/dut_pc/instr_debug[13]_i_1/O
                         net (fo=15, routed)          0.836    11.627    u_cpu/dut_pc/cpu_mem_funct3[1]
    SLICE_X30Y31         LUT6 (Prop_lut6_I1_O)        0.124    11.751 r  u_cpu/dut_pc/pc_target1_carry_i_16/O
                         net (fo=1, routed)           0.815    12.567    u_cpu/dut_pc/pc_target1_carry_i_16_n_0
    SLICE_X28Y31         LUT6 (Prop_lut6_I3_O)        0.124    12.691 r  u_cpu/dut_pc/pc_target1_carry_i_9/O
                         net (fo=35, routed)          0.851    13.542    u_cpu/dut_pc/imm_sel[1]
    SLICE_X28Y33         LUT6 (Prop_lut6_I0_O)        0.124    13.666 f  u_cpu/dut_pc/pc_target1_carry__0_i_10/O
                         net (fo=9, routed)           0.767    14.433    u_cpu/dut_pc/pc_target1_carry__0_i_10_n_0
    SLICE_X15Y33         LUT4 (Prop_lut4_I2_O)        0.124    14.557 r  u_cpu/dut_pc/pc_target1_carry__1_i_10/O
                         net (fo=28, routed)          0.848    15.405    u_cpu/dut_pc/pc_target1_carry__1_i_10_n_0
    SLICE_X15Y37         LUT6 (Prop_lut6_I5_O)        0.124    15.529 r  u_cpu/dut_pc/pc_target1_carry__5_i_1/O
                         net (fo=5, routed)           0.691    16.220    u_cpu/dut_pc/instruction_hold_valid_q_reg_0[24]
    SLICE_X14Y37         LUT4 (Prop_lut4_I2_O)        0.124    16.344 r  u_cpu/dut_pc/result0_carry__5_i_9/O
                         net (fo=8, routed)           0.712    17.056    u_cpu/dut_pc/src_b[27]
    SLICE_X9Y35          LUT2 (Prop_lut2_I1_O)        0.124    17.180 r  u_cpu/dut_pc/result0_carry__5_i_5/O
                         net (fo=1, routed)           0.000    17.180    u_cpu/dut_alu/mem_addr_q[24]_i_8[3]
    SLICE_X9Y35          CARRY4 (Prop_carry4_S[3]_CO[3])
                                                      0.401    17.581 r  u_cpu/dut_alu/result0_carry__5/CO[3]
                         net (fo=1, routed)           0.000    17.581    u_cpu/dut_alu/result0_carry__5_n_0
    SLICE_X9Y36          CARRY4 (Prop_carry4_CI_O[3])
                                                      0.313    17.894 r  u_cpu/dut_alu/result0_carry__6/O[3]
                         net (fo=1, routed)           0.579    18.473    u_cpu/dut_pc/mem_addr_q[31]_i_5_0[9]
    SLICE_X11Y38         LUT4 (Prop_lut4_I2_O)        0.306    18.779 r  u_cpu/dut_pc/mem_addr_q[31]_i_12/O
                         net (fo=1, routed)           0.814    19.593    u_cpu/dut_pc/mem_addr_q[31]_i_12_n_0
    SLICE_X12Y38         LUT6 (Prop_lut6_I4_O)        0.124    19.717 r  u_cpu/dut_pc/mem_addr_q[31]_i_5/O
                         net (fo=1, routed)           0.295    20.012    u_cpu/dut_pc/mem_addr_q[31]_i_5_n_0
    SLICE_X14Y38         LUT5 (Prop_lut5_I0_O)        0.124    20.136 r  u_cpu/dut_pc/mem_addr_q[31]_i_4/O
                         net (fo=4, routed)           0.626    20.762    u_cpu/dut_pc/cpu_mem_addr[31]
    SLICE_X14Y37         LUT6 (Prop_lut6_I1_O)        0.124    20.886 r  u_cpu/dut_pc/refill_word_q[1]_i_5/O
                         net (fo=4, routed)           1.365    22.250    u_cpu/dut_pc/refill_word_q[1]_i_5_n_0
    SLICE_X29Y19         LUT5 (Prop_lut5_I0_O)        0.124    22.374 f  u_cpu/dut_pc/refill_word_q[1]_i_3/O
                         net (fo=161, routed)         1.386    23.760    u_l1_icache/refill_word_q_reg[1]_3
    SLICE_X36Y9          LUT6 (Prop_lut6_I0_O)        0.124    23.884 r  u_l1_icache/data_array[24][1][31]_i_1/O
                         net (fo=32, routed)          1.045    24.929    u_l1_icache/data_array[24][1][31]_i_1_n_0
    SLICE_X45Y10         FDRE                                         r  u_l1_icache/data_array_reg[24][1][19]/CE
  -------------------------------------------------------------------    -------------------

                         (clock CLK rise edge)        5.000     5.000 r  
    M18                                               0.000     5.000 r  clk (IN)
                         net (fo=0)                   0.000     5.000    clk
    M18                  IBUF (Prop_ibuf_I_O)         0.805     5.805 r  clk_IBUF_inst/O
                         net (fo=1, routed)           1.868     7.673    clk_IBUF
    BUFGCTRL_X0Y0        BUFG (Prop_bufg_I_O)         0.091     7.764 r  clk_IBUF_BUFG_inst/O
                         net (fo=11160, routed)       1.446     9.210    u_l1_icache/clk_IBUF_BUFG
    SLICE_X45Y10         FDRE                                         r  u_l1_icache/data_array_reg[24][1][19]/C
                         clock pessimism              0.250     9.460    
                         clock uncertainty           -0.335     9.125    
    SLICE_X45Y10         FDRE (Setup_fdre_C_CE)      -0.205     8.920    u_l1_icache/data_array_reg[24][1][19]
  -------------------------------------------------------------------
                         required time                          8.920    
                         arrival time                         -24.929    
  -------------------------------------------------------------------
                         slack                                -16.009    

Slack (VIOLATED) :        -16.009ns  (required time - arrival time)
  Source:                 u_cpu/dut_pc/pc_reg[5]/C
                            (rising edge-triggered cell FDRE clocked by CLK  {rise@0.000ns fall@2.500ns period=5.000ns})
  Destination:            u_l1_icache/data_array_reg[24][1][20]/CE
                            (rising edge-triggered cell FDRE clocked by CLK  {rise@0.000ns fall@2.500ns period=5.000ns})
  Path Group:             CLK
  Path Type:              Setup (Max at Slow Process Corner)
  Requirement:            5.000ns  (CLK rise@5.000ns - CLK rise@0.000ns)
  Data Path Delay:        20.373ns  (logic 4.183ns (20.532%)  route 16.190ns (79.468%))
  Logic Levels:           21  (CARRY4=4 LUT2=1 LUT4=3 LUT5=3 LUT6=9 RAMD32=1)
  Clock Path Skew:        -0.096ns (DCD - SCD + CPR)
    Destination Clock Delay (DCD):    4.210ns = ( 9.210 - 5.000 ) 
    Source Clock Delay      (SCD):    4.556ns
    Clock Pessimism Removal (CPR):    0.250ns
  Clock Uncertainty:      0.335ns  ((TSJ^2 + TIJ^2)^1/2 + DJ) / 2 + PE + UU
    Total System Jitter     (TSJ):    0.071ns
    Total Input Jitter      (TIJ):    0.000ns
    Discrete Jitter          (DJ):    0.000ns
    Phase Error              (PE):    0.000ns
    User Uncertainty         (UU):    0.300ns

    Location             Delay type                Incr(ns)  Path(ns)    Netlist Resource(s)
  -------------------------------------------------------------------    -------------------
                         (clock CLK rise edge)        0.000     0.000 r  
    M18                                               0.000     0.000 r  clk (IN)
                         net (fo=0)                   0.000     0.000    clk
    M18                  IBUF (Prop_ibuf_I_O)         0.938     0.938 r  clk_IBUF_inst/O
                         net (fo=1, routed)           1.972     2.910    clk_IBUF
    BUFGCTRL_X0Y0        BUFG (Prop_bufg_I_O)         0.096     3.006 r  clk_IBUF_BUFG_inst/O
                         net (fo=11160, routed)       1.550     4.556    u_cpu/dut_pc/clk_IBUF_BUFG
    SLICE_X35Y28         FDRE                                         r  u_cpu/dut_pc/pc_reg[5]/C
  -------------------------------------------------------------------    -------------------
    SLICE_X35Y28         FDRE (Prop_fdre_C_Q)         0.456     5.012 r  u_cpu/dut_pc/pc_reg[5]/Q
                         net (fo=95, routed)          1.361     6.373    u_l1_icache/tag_array_reg_0_31_6_11/ADDRA1
    SLICE_X38Y27         RAMD32 (Prop_ramd32_RADR1_O)
                                                      0.146     6.519 r  u_l1_icache/tag_array_reg_0_31_6_11/RAMA/O
                         net (fo=1, routed)           1.263     7.783    u_l1_icache/lookup_hit1_0[6]
    SLICE_X34Y27         LUT6 (Prop_lut6_I0_O)        0.328     8.111 r  u_l1_icache/cpu_stall_debug_OBUF_inst_i_31/O
                         net (fo=1, routed)           0.000     8.111    u_l1_icache/cpu_stall_debug_OBUF_inst_i_31_n_0
    SLICE_X34Y27         CARRY4 (Prop_carry4_S[2]_CO[3])
                                                      0.380     8.491 r  u_l1_icache/cpu_stall_debug_OBUF_inst_i_21/CO[3]
                         net (fo=1, routed)           0.000     8.491    u_l1_icache/cpu_stall_debug_OBUF_inst_i_21_n_0
    SLICE_X34Y28         CARRY4 (Prop_carry4_CI_CO[3])
                                                      0.117     8.608 r  u_l1_icache/cpu_stall_debug_OBUF_inst_i_7/CO[3]
                         net (fo=5, routed)           1.018     9.625    u_l1_icache/CO[0]
    SLICE_X32Y29         LUT5 (Prop_lut5_I1_O)        0.124     9.749 r  u_l1_icache/cpu_stall_debug_OBUF_inst_i_2/O
                         net (fo=45, routed)          0.918    10.668    u_cpu/dut_pc/icache_cpu_valid
    SLICE_X31Y28         LUT6 (Prop_lut6_I3_O)        0.124    10.792 r  u_cpu/dut_pc/instr_debug[13]_i_1/O
                         net (fo=15, routed)          0.836    11.627    u_cpu/dut_pc/cpu_mem_funct3[1]
    SLICE_X30Y31         LUT6 (Prop_lut6_I1_O)        0.124    11.751 r  u_cpu/dut_pc/pc_target1_carry_i_16/O
                         net (fo=1, routed)           0.815    12.567    u_cpu/dut_pc/pc_target1_carry_i_16_n_0
    SLICE_X28Y31         LUT6 (Prop_lut6_I3_O)        0.124    12.691 r  u_cpu/dut_pc/pc_target1_carry_i_9/O
                         net (fo=35, routed)          0.851    13.542    u_cpu/dut_pc/imm_sel[1]
    SLICE_X28Y33         LUT6 (Prop_lut6_I0_O)        0.124    13.666 f  u_cpu/dut_pc/pc_target1_carry__0_i_10/O
                         net (fo=9, routed)           0.767    14.433    u_cpu/dut_pc/pc_target1_carry__0_i_10_n_0
    SLICE_X15Y33         LUT4 (Prop_lut4_I2_O)        0.124    14.557 r  u_cpu/dut_pc/pc_target1_carry__1_i_10/O
                         net (fo=28, routed)          0.848    15.405    u_cpu/dut_pc/pc_target1_carry__1_i_10_n_0
    SLICE_X15Y37         LUT6 (Prop_lut6_I5_O)        0.124    15.529 r  u_cpu/dut_pc/pc_target1_carry__5_i_1/O
                         net (fo=5, routed)           0.691    16.220    u_cpu/dut_pc/instruction_hold_valid_q_reg_0[24]
    SLICE_X14Y37         LUT4 (Prop_lut4_I2_O)        0.124    16.344 r  u_cpu/dut_pc/result0_carry__5_i_9/O
                         net (fo=8, routed)           0.712    17.056    u_cpu/dut_pc/src_b[27]
    SLICE_X9Y35          LUT2 (Prop_lut2_I1_O)        0.124    17.180 r  u_cpu/dut_pc/result0_carry__5_i_5/O
                         net (fo=1, routed)           0.000    17.180    u_cpu/dut_alu/mem_addr_q[24]_i_8[3]
    SLICE_X9Y35          CARRY4 (Prop_carry4_S[3]_CO[3])
                                                      0.401    17.581 r  u_cpu/dut_alu/result0_carry__5/CO[3]
                         net (fo=1, routed)           0.000    17.581    u_cpu/dut_alu/result0_carry__5_n_0
    SLICE_X9Y36          CARRY4 (Prop_carry4_CI_O[3])
                                                      0.313    17.894 r  u_cpu/dut_alu/result0_carry__6/O[3]
                         net (fo=1, routed)           0.579    18.473    u_cpu/dut_pc/mem_addr_q[31]_i_5_0[9]
    SLICE_X11Y38         LUT4 (Prop_lut4_I2_O)        0.306    18.779 r  u_cpu/dut_pc/mem_addr_q[31]_i_12/O
                         net (fo=1, routed)           0.814    19.593    u_cpu/dut_pc/mem_addr_q[31]_i_12_n_0
    SLICE_X12Y38         LUT6 (Prop_lut6_I4_O)        0.124    19.717 r  u_cpu/dut_pc/mem_addr_q[31]_i_5/O
                         net (fo=1, routed)           0.295    20.012    u_cpu/dut_pc/mem_addr_q[31]_i_5_n_0
    SLICE_X14Y38         LUT5 (Prop_lut5_I0_O)        0.124    20.136 r  u_cpu/dut_pc/mem_addr_q[31]_i_4/O
                         net (fo=4, routed)           0.626    20.762    u_cpu/dut_pc/cpu_mem_addr[31]
    SLICE_X14Y37         LUT6 (Prop_lut6_I1_O)        0.124    20.886 r  u_cpu/dut_pc/refill_word_q[1]_i_5/O
                         net (fo=4, routed)           1.365    22.250    u_cpu/dut_pc/refill_word_q[1]_i_5_n_0
    SLICE_X29Y19         LUT5 (Prop_lut5_I0_O)        0.124    22.374 f  u_cpu/dut_pc/refill_word_q[1]_i_3/O
                         net (fo=161, routed)         1.386    23.760    u_l1_icache/refill_word_q_reg[1]_3
    SLICE_X36Y9          LUT6 (Prop_lut6_I0_O)        0.124    23.884 r  u_l1_icache/data_array[24][1][31]_i_1/O
                         net (fo=32, routed)          1.045    24.929    u_l1_icache/data_array[24][1][31]_i_1_n_0
    SLICE_X45Y10         FDRE                                         r  u_l1_icache/data_array_reg[24][1][20]/CE
  -------------------------------------------------------------------    -------------------

                         (clock CLK rise edge)        5.000     5.000 r  
    M18                                               0.000     5.000 r  clk (IN)
                         net (fo=0)                   0.000     5.000    clk
    M18                  IBUF (Prop_ibuf_I_O)         0.805     5.805 r  clk_IBUF_inst/O
                         net (fo=1, routed)           1.868     7.673    clk_IBUF
    BUFGCTRL_X0Y0        BUFG (Prop_bufg_I_O)         0.091     7.764 r  clk_IBUF_BUFG_inst/O
                         net (fo=11160, routed)       1.446     9.210    u_l1_icache/clk_IBUF_BUFG
    SLICE_X45Y10         FDRE                                         r  u_l1_icache/data_array_reg[24][1][20]/C
                         clock pessimism              0.250     9.460    
                         clock uncertainty           -0.335     9.125    
    SLICE_X45Y10         FDRE (Setup_fdre_C_CE)      -0.205     8.920    u_l1_icache/data_array_reg[24][1][20]
  -------------------------------------------------------------------
                         required time                          8.920    
                         arrival time                         -24.929    
  -------------------------------------------------------------------
                         slack                                -16.009    

Slack (VIOLATED) :        -16.009ns  (required time - arrival time)
  Source:                 u_cpu/dut_pc/pc_reg[5]/C
                            (rising edge-triggered cell FDRE clocked by CLK  {rise@0.000ns fall@2.500ns period=5.000ns})
  Destination:            u_l1_icache/data_array_reg[24][1][21]/CE
                            (rising edge-triggered cell FDRE clocked by CLK  {rise@0.000ns fall@2.500ns period=5.000ns})
  Path Group:             CLK
  Path Type:              Setup (Max at Slow Process Corner)
  Requirement:            5.000ns  (CLK rise@5.000ns - CLK rise@0.000ns)
  Data Path Delay:        20.373ns  (logic 4.183ns (20.532%)  route 16.190ns (79.468%))
  Logic Levels:           21  (CARRY4=4 LUT2=1 LUT4=3 LUT5=3 LUT6=9 RAMD32=1)
  Clock Path Skew:        -0.096ns (DCD - SCD + CPR)
    Destination Clock Delay (DCD):    4.210ns = ( 9.210 - 5.000 ) 
    Source Clock Delay      (SCD):    4.556ns
    Clock Pessimism Removal (CPR):    0.250ns
  Clock Uncertainty:      0.335ns  ((TSJ^2 + TIJ^2)^1/2 + DJ) / 2 + PE + UU
    Total System Jitter     (TSJ):    0.071ns
    Total Input Jitter      (TIJ):    0.000ns
    Discrete Jitter          (DJ):    0.000ns
    Phase Error              (PE):    0.000ns
    User Uncertainty         (UU):    0.300ns

    Location             Delay type                Incr(ns)  Path(ns)    Netlist Resource(s)
  -------------------------------------------------------------------    -------------------
                         (clock CLK rise edge)        0.000     0.000 r  
    M18                                               0.000     0.000 r  clk (IN)
                         net (fo=0)                   0.000     0.000    clk
    M18                  IBUF (Prop_ibuf_I_O)         0.938     0.938 r  clk_IBUF_inst/O
                         net (fo=1, routed)           1.972     2.910    clk_IBUF
    BUFGCTRL_X0Y0        BUFG (Prop_bufg_I_O)         0.096     3.006 r  clk_IBUF_BUFG_inst/O
                         net (fo=11160, routed)       1.550     4.556    u_cpu/dut_pc/clk_IBUF_BUFG
    SLICE_X35Y28         FDRE                                         r  u_cpu/dut_pc/pc_reg[5]/C
  -------------------------------------------------------------------    -------------------
    SLICE_X35Y28         FDRE (Prop_fdre_C_Q)         0.456     5.012 r  u_cpu/dut_pc/pc_reg[5]/Q
                         net (fo=95, routed)          1.361     6.373    u_l1_icache/tag_array_reg_0_31_6_11/ADDRA1
    SLICE_X38Y27         RAMD32 (Prop_ramd32_RADR1_O)
                                                      0.146     6.519 r  u_l1_icache/tag_array_reg_0_31_6_11/RAMA/O
                         net (fo=1, routed)           1.263     7.783    u_l1_icache/lookup_hit1_0[6]
    SLICE_X34Y27         LUT6 (Prop_lut6_I0_O)        0.328     8.111 r  u_l1_icache/cpu_stall_debug_OBUF_inst_i_31/O
                         net (fo=1, routed)           0.000     8.111    u_l1_icache/cpu_stall_debug_OBUF_inst_i_31_n_0
    SLICE_X34Y27         CARRY4 (Prop_carry4_S[2]_CO[3])
                                                      0.380     8.491 r  u_l1_icache/cpu_stall_debug_OBUF_inst_i_21/CO[3]
                         net (fo=1, routed)           0.000     8.491    u_l1_icache/cpu_stall_debug_OBUF_inst_i_21_n_0
    SLICE_X34Y28         CARRY4 (Prop_carry4_CI_CO[3])
                                                      0.117     8.608 r  u_l1_icache/cpu_stall_debug_OBUF_inst_i_7/CO[3]
                         net (fo=5, routed)           1.018     9.625    u_l1_icache/CO[0]
    SLICE_X32Y29         LUT5 (Prop_lut5_I1_O)        0.124     9.749 r  u_l1_icache/cpu_stall_debug_OBUF_inst_i_2/O
                         net (fo=45, routed)          0.918    10.668    u_cpu/dut_pc/icache_cpu_valid
    SLICE_X31Y28         LUT6 (Prop_lut6_I3_O)        0.124    10.792 r  u_cpu/dut_pc/instr_debug[13]_i_1/O
                         net (fo=15, routed)          0.836    11.627    u_cpu/dut_pc/cpu_mem_funct3[1]
    SLICE_X30Y31         LUT6 (Prop_lut6_I1_O)        0.124    11.751 r  u_cpu/dut_pc/pc_target1_carry_i_16/O
                         net (fo=1, routed)           0.815    12.567    u_cpu/dut_pc/pc_target1_carry_i_16_n_0
    SLICE_X28Y31         LUT6 (Prop_lut6_I3_O)        0.124    12.691 r  u_cpu/dut_pc/pc_target1_carry_i_9/O
                         net (fo=35, routed)          0.851    13.542    u_cpu/dut_pc/imm_sel[1]
    SLICE_X28Y33         LUT6 (Prop_lut6_I0_O)        0.124    13.666 f  u_cpu/dut_pc/pc_target1_carry__0_i_10/O
                         net (fo=9, routed)           0.767    14.433    u_cpu/dut_pc/pc_target1_carry__0_i_10_n_0
    SLICE_X15Y33         LUT4 (Prop_lut4_I2_O)        0.124    14.557 r  u_cpu/dut_pc/pc_target1_carry__1_i_10/O
                         net (fo=28, routed)          0.848    15.405    u_cpu/dut_pc/pc_target1_carry__1_i_10_n_0
    SLICE_X15Y37         LUT6 (Prop_lut6_I5_O)        0.124    15.529 r  u_cpu/dut_pc/pc_target1_carry__5_i_1/O
                         net (fo=5, routed)           0.691    16.220    u_cpu/dut_pc/instruction_hold_valid_q_reg_0[24]
    SLICE_X14Y37         LUT4 (Prop_lut4_I2_O)        0.124    16.344 r  u_cpu/dut_pc/result0_carry__5_i_9/O
                         net (fo=8, routed)           0.712    17.056    u_cpu/dut_pc/src_b[27]
    SLICE_X9Y35          LUT2 (Prop_lut2_I1_O)        0.124    17.180 r  u_cpu/dut_pc/result0_carry__5_i_5/O
                         net (fo=1, routed)           0.000    17.180    u_cpu/dut_alu/mem_addr_q[24]_i_8[3]
    SLICE_X9Y35          CARRY4 (Prop_carry4_S[3]_CO[3])
                                                      0.401    17.581 r  u_cpu/dut_alu/result0_carry__5/CO[3]
                         net (fo=1, routed)           0.000    17.581    u_cpu/dut_alu/result0_carry__5_n_0
    SLICE_X9Y36          CARRY4 (Prop_carry4_CI_O[3])
                                                      0.313    17.894 r  u_cpu/dut_alu/result0_carry__6/O[3]
                         net (fo=1, routed)           0.579    18.473    u_cpu/dut_pc/mem_addr_q[31]_i_5_0[9]
    SLICE_X11Y38         LUT4 (Prop_lut4_I2_O)        0.306    18.779 r  u_cpu/dut_pc/mem_addr_q[31]_i_12/O
                         net (fo=1, routed)           0.814    19.593    u_cpu/dut_pc/mem_addr_q[31]_i_12_n_0
    SLICE_X12Y38         LUT6 (Prop_lut6_I4_O)        0.124    19.717 r  u_cpu/dut_pc/mem_addr_q[31]_i_5/O
                         net (fo=1, routed)           0.295    20.012    u_cpu/dut_pc/mem_addr_q[31]_i_5_n_0
    SLICE_X14Y38         LUT5 (Prop_lut5_I0_O)        0.124    20.136 r  u_cpu/dut_pc/mem_addr_q[31]_i_4/O
                         net (fo=4, routed)           0.626    20.762    u_cpu/dut_pc/cpu_mem_addr[31]
    SLICE_X14Y37         LUT6 (Prop_lut6_I1_O)        0.124    20.886 r  u_cpu/dut_pc/refill_word_q[1]_i_5/O
                         net (fo=4, routed)           1.365    22.250    u_cpu/dut_pc/refill_word_q[1]_i_5_n_0
    SLICE_X29Y19         LUT5 (Prop_lut5_I0_O)        0.124    22.374 f  u_cpu/dut_pc/refill_word_q[1]_i_3/O
                         net (fo=161, routed)         1.386    23.760    u_l1_icache/refill_word_q_reg[1]_3
    SLICE_X36Y9          LUT6 (Prop_lut6_I0_O)        0.124    23.884 r  u_l1_icache/data_array[24][1][31]_i_1/O
                         net (fo=32, routed)          1.045    24.929    u_l1_icache/data_array[24][1][31]_i_1_n_0
    SLICE_X45Y10         FDRE                                         r  u_l1_icache/data_array_reg[24][1][21]/CE
  -------------------------------------------------------------------    -------------------

                         (clock CLK rise edge)        5.000     5.000 r  
    M18                                               0.000     5.000 r  clk (IN)
                         net (fo=0)                   0.000     5.000    clk
    M18                  IBUF (Prop_ibuf_I_O)         0.805     5.805 r  clk_IBUF_inst/O
                         net (fo=1, routed)           1.868     7.673    clk_IBUF
    BUFGCTRL_X0Y0        BUFG (Prop_bufg_I_O)         0.091     7.764 r  clk_IBUF_BUFG_inst/O
                         net (fo=11160, routed)       1.446     9.210    u_l1_icache/clk_IBUF_BUFG
    SLICE_X45Y10         FDRE                                         r  u_l1_icache/data_array_reg[24][1][21]/C
                         clock pessimism              0.250     9.460    
                         clock uncertainty           -0.335     9.125    
    SLICE_X45Y10         FDRE (Setup_fdre_C_CE)      -0.205     8.920    u_l1_icache/data_array_reg[24][1][21]
  -------------------------------------------------------------------
                         required time                          8.920    
                         arrival time                         -24.929    
  -------------------------------------------------------------------
                         slack                                -16.009    

Slack (VIOLATED) :        -16.009ns  (required time - arrival time)
  Source:                 u_cpu/dut_pc/pc_reg[5]/C
                            (rising edge-triggered cell FDRE clocked by CLK  {rise@0.000ns fall@2.500ns period=5.000ns})
  Destination:            u_l1_icache/data_array_reg[24][1][23]/CE
                            (rising edge-triggered cell FDRE clocked by CLK  {rise@0.000ns fall@2.500ns period=5.000ns})
  Path Group:             CLK
  Path Type:              Setup (Max at Slow Process Corner)
  Requirement:            5.000ns  (CLK rise@5.000ns - CLK rise@0.000ns)
  Data Path Delay:        20.373ns  (logic 4.183ns (20.532%)  route 16.190ns (79.468%))
  Logic Levels:           21  (CARRY4=4 LUT2=1 LUT4=3 LUT5=3 LUT6=9 RAMD32=1)
  Clock Path Skew:        -0.096ns (DCD - SCD + CPR)
    Destination Clock Delay (DCD):    4.210ns = ( 9.210 - 5.000 ) 
    Source Clock Delay      (SCD):    4.556ns
    Clock Pessimism Removal (CPR):    0.250ns
  Clock Uncertainty:      0.335ns  ((TSJ^2 + TIJ^2)^1/2 + DJ) / 2 + PE + UU
    Total System Jitter     (TSJ):    0.071ns
    Total Input Jitter      (TIJ):    0.000ns
    Discrete Jitter          (DJ):    0.000ns
    Phase Error              (PE):    0.000ns
    User Uncertainty         (UU):    0.300ns

    Location             Delay type                Incr(ns)  Path(ns)    Netlist Resource(s)
  -------------------------------------------------------------------    -------------------
                         (clock CLK rise edge)        0.000     0.000 r  
    M18                                               0.000     0.000 r  clk (IN)
                         net (fo=0)                   0.000     0.000    clk
    M18                  IBUF (Prop_ibuf_I_O)         0.938     0.938 r  clk_IBUF_inst/O
                         net (fo=1, routed)           1.972     2.910    clk_IBUF
    BUFGCTRL_X0Y0        BUFG (Prop_bufg_I_O)         0.096     3.006 r  clk_IBUF_BUFG_inst/O
                         net (fo=11160, routed)       1.550     4.556    u_cpu/dut_pc/clk_IBUF_BUFG
    SLICE_X35Y28         FDRE                                         r  u_cpu/dut_pc/pc_reg[5]/C
  -------------------------------------------------------------------    -------------------
    SLICE_X35Y28         FDRE (Prop_fdre_C_Q)         0.456     5.012 r  u_cpu/dut_pc/pc_reg[5]/Q
                         net (fo=95, routed)          1.361     6.373    u_l1_icache/tag_array_reg_0_31_6_11/ADDRA1
    SLICE_X38Y27         RAMD32 (Prop_ramd32_RADR1_O)
                                                      0.146     6.519 r  u_l1_icache/tag_array_reg_0_31_6_11/RAMA/O
                         net (fo=1, routed)           1.263     7.783    u_l1_icache/lookup_hit1_0[6]
    SLICE_X34Y27         LUT6 (Prop_lut6_I0_O)        0.328     8.111 r  u_l1_icache/cpu_stall_debug_OBUF_inst_i_31/O
                         net (fo=1, routed)           0.000     8.111    u_l1_icache/cpu_stall_debug_OBUF_inst_i_31_n_0
    SLICE_X34Y27         CARRY4 (Prop_carry4_S[2]_CO[3])
                                                      0.380     8.491 r  u_l1_icache/cpu_stall_debug_OBUF_inst_i_21/CO[3]
                         net (fo=1, routed)           0.000     8.491    u_l1_icache/cpu_stall_debug_OBUF_inst_i_21_n_0
    SLICE_X34Y28         CARRY4 (Prop_carry4_CI_CO[3])
                                                      0.117     8.608 r  u_l1_icache/cpu_stall_debug_OBUF_inst_i_7/CO[3]
                         net (fo=5, routed)           1.018     9.625    u_l1_icache/CO[0]
    SLICE_X32Y29         LUT5 (Prop_lut5_I1_O)        0.124     9.749 r  u_l1_icache/cpu_stall_debug_OBUF_inst_i_2/O
                         net (fo=45, routed)          0.918    10.668    u_cpu/dut_pc/icache_cpu_valid
    SLICE_X31Y28         LUT6 (Prop_lut6_I3_O)        0.124    10.792 r  u_cpu/dut_pc/instr_debug[13]_i_1/O
                         net (fo=15, routed)          0.836    11.627    u_cpu/dut_pc/cpu_mem_funct3[1]
    SLICE_X30Y31         LUT6 (Prop_lut6_I1_O)        0.124    11.751 r  u_cpu/dut_pc/pc_target1_carry_i_16/O
                         net (fo=1, routed)           0.815    12.567    u_cpu/dut_pc/pc_target1_carry_i_16_n_0
    SLICE_X28Y31         LUT6 (Prop_lut6_I3_O)        0.124    12.691 r  u_cpu/dut_pc/pc_target1_carry_i_9/O
                         net (fo=35, routed)          0.851    13.542    u_cpu/dut_pc/imm_sel[1]
    SLICE_X28Y33         LUT6 (Prop_lut6_I0_O)        0.124    13.666 f  u_cpu/dut_pc/pc_target1_carry__0_i_10/O
                         net (fo=9, routed)           0.767    14.433    u_cpu/dut_pc/pc_target1_carry__0_i_10_n_0
    SLICE_X15Y33         LUT4 (Prop_lut4_I2_O)        0.124    14.557 r  u_cpu/dut_pc/pc_target1_carry__1_i_10/O
                         net (fo=28, routed)          0.848    15.405    u_cpu/dut_pc/pc_target1_carry__1_i_10_n_0
    SLICE_X15Y37         LUT6 (Prop_lut6_I5_O)        0.124    15.529 r  u_cpu/dut_pc/pc_target1_carry__5_i_1/O
                         net (fo=5, routed)           0.691    16.220    u_cpu/dut_pc/instruction_hold_valid_q_reg_0[24]
    SLICE_X14Y37         LUT4 (Prop_lut4_I2_O)        0.124    16.344 r  u_cpu/dut_pc/result0_carry__5_i_9/O
                         net (fo=8, routed)           0.712    17.056    u_cpu/dut_pc/src_b[27]
    SLICE_X9Y35          LUT2 (Prop_lut2_I1_O)        0.124    17.180 r  u_cpu/dut_pc/result0_carry__5_i_5/O
                         net (fo=1, routed)           0.000    17.180    u_cpu/dut_alu/mem_addr_q[24]_i_8[3]
    SLICE_X9Y35          CARRY4 (Prop_carry4_S[3]_CO[3])
                                                      0.401    17.581 r  u_cpu/dut_alu/result0_carry__5/CO[3]
                         net (fo=1, routed)           0.000    17.581    u_cpu/dut_alu/result0_carry__5_n_0
    SLICE_X9Y36          CARRY4 (Prop_carry4_CI_O[3])
                                                      0.313    17.894 r  u_cpu/dut_alu/result0_carry__6/O[3]
                         net (fo=1, routed)           0.579    18.473    u_cpu/dut_pc/mem_addr_q[31]_i_5_0[9]
    SLICE_X11Y38         LUT4 (Prop_lut4_I2_O)        0.306    18.779 r  u_cpu/dut_pc/mem_addr_q[31]_i_12/O
                         net (fo=1, routed)           0.814    19.593    u_cpu/dut_pc/mem_addr_q[31]_i_12_n_0
    SLICE_X12Y38         LUT6 (Prop_lut6_I4_O)        0.124    19.717 r  u_cpu/dut_pc/mem_addr_q[31]_i_5/O
                         net (fo=1, routed)           0.295    20.012    u_cpu/dut_pc/mem_addr_q[31]_i_5_n_0
    SLICE_X14Y38         LUT5 (Prop_lut5_I0_O)        0.124    20.136 r  u_cpu/dut_pc/mem_addr_q[31]_i_4/O
                         net (fo=4, routed)           0.626    20.762    u_cpu/dut_pc/cpu_mem_addr[31]
    SLICE_X14Y37         LUT6 (Prop_lut6_I1_O)        0.124    20.886 r  u_cpu/dut_pc/refill_word_q[1]_i_5/O
                         net (fo=4, routed)           1.365    22.250    u_cpu/dut_pc/refill_word_q[1]_i_5_n_0
    SLICE_X29Y19         LUT5 (Prop_lut5_I0_O)        0.124    22.374 f  u_cpu/dut_pc/refill_word_q[1]_i_3/O
                         net (fo=161, routed)         1.386    23.760    u_l1_icache/refill_word_q_reg[1]_3
    SLICE_X36Y9          LUT6 (Prop_lut6_I0_O)        0.124    23.884 r  u_l1_icache/data_array[24][1][31]_i_1/O
                         net (fo=32, routed)          1.045    24.929    u_l1_icache/data_array[24][1][31]_i_1_n_0
    SLICE_X45Y10         FDRE                                         r  u_l1_icache/data_array_reg[24][1][23]/CE
  -------------------------------------------------------------------    -------------------

                         (clock CLK rise edge)        5.000     5.000 r  
    M18                                               0.000     5.000 r  clk (IN)
                         net (fo=0)                   0.000     5.000    clk
    M18                  IBUF (Prop_ibuf_I_O)         0.805     5.805 r  clk_IBUF_inst/O
                         net (fo=1, routed)           1.868     7.673    clk_IBUF
    BUFGCTRL_X0Y0        BUFG (Prop_bufg_I_O)         0.091     7.764 r  clk_IBUF_BUFG_inst/O
                         net (fo=11160, routed)       1.446     9.210    u_l1_icache/clk_IBUF_BUFG
    SLICE_X45Y10         FDRE                                         r  u_l1_icache/data_array_reg[24][1][23]/C
                         clock pessimism              0.250     9.460    
                         clock uncertainty           -0.335     9.125    
    SLICE_X45Y10         FDRE (Setup_fdre_C_CE)      -0.205     8.920    u_l1_icache/data_array_reg[24][1][23]
  -------------------------------------------------------------------
                         required time                          8.920    
                         arrival time                         -24.929    
  -------------------------------------------------------------------
                         slack                                -16.009    

Slack (VIOLATED) :        -16.009ns  (required time - arrival time)
  Source:                 u_cpu/dut_pc/pc_reg[5]/C
                            (rising edge-triggered cell FDRE clocked by CLK  {rise@0.000ns fall@2.500ns period=5.000ns})
  Destination:            u_l1_icache/data_array_reg[24][1][30]/CE
                            (rising edge-triggered cell FDRE clocked by CLK  {rise@0.000ns fall@2.500ns period=5.000ns})
  Path Group:             CLK
  Path Type:              Setup (Max at Slow Process Corner)
  Requirement:            5.000ns  (CLK rise@5.000ns - CLK rise@0.000ns)
  Data Path Delay:        20.373ns  (logic 4.183ns (20.532%)  route 16.190ns (79.468%))
  Logic Levels:           21  (CARRY4=4 LUT2=1 LUT4=3 LUT5=3 LUT6=9 RAMD32=1)
  Clock Path Skew:        -0.096ns (DCD - SCD + CPR)
    Destination Clock Delay (DCD):    4.210ns = ( 9.210 - 5.000 ) 
    Source Clock Delay      (SCD):    4.556ns
    Clock Pessimism Removal (CPR):    0.250ns
  Clock Uncertainty:      0.335ns  ((TSJ^2 + TIJ^2)^1/2 + DJ) / 2 + PE + UU
    Total System Jitter     (TSJ):    0.071ns
    Total Input Jitter      (TIJ):    0.000ns
    Discrete Jitter          (DJ):    0.000ns
    Phase Error              (PE):    0.000ns
    User Uncertainty         (UU):    0.300ns

    Location             Delay type                Incr(ns)  Path(ns)    Netlist Resource(s)
  -------------------------------------------------------------------    -------------------
                         (clock CLK rise edge)        0.000     0.000 r  
    M18                                               0.000     0.000 r  clk (IN)
                         net (fo=0)                   0.000     0.000    clk
    M18                  IBUF (Prop_ibuf_I_O)         0.938     0.938 r  clk_IBUF_inst/O
                         net (fo=1, routed)           1.972     2.910    clk_IBUF
    BUFGCTRL_X0Y0        BUFG (Prop_bufg_I_O)         0.096     3.006 r  clk_IBUF_BUFG_inst/O
                         net (fo=11160, routed)       1.550     4.556    u_cpu/dut_pc/clk_IBUF_BUFG
    SLICE_X35Y28         FDRE                                         r  u_cpu/dut_pc/pc_reg[5]/C
  -------------------------------------------------------------------    -------------------
    SLICE_X35Y28         FDRE (Prop_fdre_C_Q)         0.456     5.012 r  u_cpu/dut_pc/pc_reg[5]/Q
                         net (fo=95, routed)          1.361     6.373    u_l1_icache/tag_array_reg_0_31_6_11/ADDRA1
    SLICE_X38Y27         RAMD32 (Prop_ramd32_RADR1_O)
                                                      0.146     6.519 r  u_l1_icache/tag_array_reg_0_31_6_11/RAMA/O
                         net (fo=1, routed)           1.263     7.783    u_l1_icache/lookup_hit1_0[6]
    SLICE_X34Y27         LUT6 (Prop_lut6_I0_O)        0.328     8.111 r  u_l1_icache/cpu_stall_debug_OBUF_inst_i_31/O
                         net (fo=1, routed)           0.000     8.111    u_l1_icache/cpu_stall_debug_OBUF_inst_i_31_n_0
    SLICE_X34Y27         CARRY4 (Prop_carry4_S[2]_CO[3])
                                                      0.380     8.491 r  u_l1_icache/cpu_stall_debug_OBUF_inst_i_21/CO[3]
                         net (fo=1, routed)           0.000     8.491    u_l1_icache/cpu_stall_debug_OBUF_inst_i_21_n_0
    SLICE_X34Y28         CARRY4 (Prop_carry4_CI_CO[3])
                                                      0.117     8.608 r  u_l1_icache/cpu_stall_debug_OBUF_inst_i_7/CO[3]
                         net (fo=5, routed)           1.018     9.625    u_l1_icache/CO[0]
    SLICE_X32Y29         LUT5 (Prop_lut5_I1_O)        0.124     9.749 r  u_l1_icache/cpu_stall_debug_OBUF_inst_i_2/O
                         net (fo=45, routed)          0.918    10.668    u_cpu/dut_pc/icache_cpu_valid
    SLICE_X31Y28         LUT6 (Prop_lut6_I3_O)        0.124    10.792 r  u_cpu/dut_pc/instr_debug[13]_i_1/O
                         net (fo=15, routed)          0.836    11.627    u_cpu/dut_pc/cpu_mem_funct3[1]
    SLICE_X30Y31         LUT6 (Prop_lut6_I1_O)        0.124    11.751 r  u_cpu/dut_pc/pc_target1_carry_i_16/O
                         net (fo=1, routed)           0.815    12.567    u_cpu/dut_pc/pc_target1_carry_i_16_n_0
    SLICE_X28Y31         LUT6 (Prop_lut6_I3_O)        0.124    12.691 r  u_cpu/dut_pc/pc_target1_carry_i_9/O
                         net (fo=35, routed)          0.851    13.542    u_cpu/dut_pc/imm_sel[1]
    SLICE_X28Y33         LUT6 (Prop_lut6_I0_O)        0.124    13.666 f  u_cpu/dut_pc/pc_target1_carry__0_i_10/O
                         net (fo=9, routed)           0.767    14.433    u_cpu/dut_pc/pc_target1_carry__0_i_10_n_0
    SLICE_X15Y33         LUT4 (Prop_lut4_I2_O)        0.124    14.557 r  u_cpu/dut_pc/pc_target1_carry__1_i_10/O
                         net (fo=28, routed)          0.848    15.405    u_cpu/dut_pc/pc_target1_carry__1_i_10_n_0
    SLICE_X15Y37         LUT6 (Prop_lut6_I5_O)        0.124    15.529 r  u_cpu/dut_pc/pc_target1_carry__5_i_1/O
                         net (fo=5, routed)           0.691    16.220    u_cpu/dut_pc/instruction_hold_valid_q_reg_0[24]
    SLICE_X14Y37         LUT4 (Prop_lut4_I2_O)        0.124    16.344 r  u_cpu/dut_pc/result0_carry__5_i_9/O
                         net (fo=8, routed)           0.712    17.056    u_cpu/dut_pc/src_b[27]
    SLICE_X9Y35          LUT2 (Prop_lut2_I1_O)        0.124    17.180 r  u_cpu/dut_pc/result0_carry__5_i_5/O
                         net (fo=1, routed)           0.000    17.180    u_cpu/dut_alu/mem_addr_q[24]_i_8[3]
    SLICE_X9Y35          CARRY4 (Prop_carry4_S[3]_CO[3])
                                                      0.401    17.581 r  u_cpu/dut_alu/result0_carry__5/CO[3]
                         net (fo=1, routed)           0.000    17.581    u_cpu/dut_alu/result0_carry__5_n_0
    SLICE_X9Y36          CARRY4 (Prop_carry4_CI_O[3])
                                                      0.313    17.894 r  u_cpu/dut_alu/result0_carry__6/O[3]
                         net (fo=1, routed)           0.579    18.473    u_cpu/dut_pc/mem_addr_q[31]_i_5_0[9]
    SLICE_X11Y38         LUT4 (Prop_lut4_I2_O)        0.306    18.779 r  u_cpu/dut_pc/mem_addr_q[31]_i_12/O
                         net (fo=1, routed)           0.814    19.593    u_cpu/dut_pc/mem_addr_q[31]_i_12_n_0
    SLICE_X12Y38         LUT6 (Prop_lut6_I4_O)        0.124    19.717 r  u_cpu/dut_pc/mem_addr_q[31]_i_5/O
                         net (fo=1, routed)           0.295    20.012    u_cpu/dut_pc/mem_addr_q[31]_i_5_n_0
    SLICE_X14Y38         LUT5 (Prop_lut5_I0_O)        0.124    20.136 r  u_cpu/dut_pc/mem_addr_q[31]_i_4/O
                         net (fo=4, routed)           0.626    20.762    u_cpu/dut_pc/cpu_mem_addr[31]
    SLICE_X14Y37         LUT6 (Prop_lut6_I1_O)        0.124    20.886 r  u_cpu/dut_pc/refill_word_q[1]_i_5/O
                         net (fo=4, routed)           1.365    22.250    u_cpu/dut_pc/refill_word_q[1]_i_5_n_0
    SLICE_X29Y19         LUT5 (Prop_lut5_I0_O)        0.124    22.374 f  u_cpu/dut_pc/refill_word_q[1]_i_3/O
                         net (fo=161, routed)         1.386    23.760    u_l1_icache/refill_word_q_reg[1]_3
    SLICE_X36Y9          LUT6 (Prop_lut6_I0_O)        0.124    23.884 r  u_l1_icache/data_array[24][1][31]_i_1/O
                         net (fo=32, routed)          1.045    24.929    u_l1_icache/data_array[24][1][31]_i_1_n_0
    SLICE_X45Y10         FDRE                                         r  u_l1_icache/data_array_reg[24][1][30]/CE
  -------------------------------------------------------------------    -------------------

                         (clock CLK rise edge)        5.000     5.000 r  
    M18                                               0.000     5.000 r  clk (IN)
                         net (fo=0)                   0.000     5.000    clk
    M18                  IBUF (Prop_ibuf_I_O)         0.805     5.805 r  clk_IBUF_inst/O
                         net (fo=1, routed)           1.868     7.673    clk_IBUF
    BUFGCTRL_X0Y0        BUFG (Prop_bufg_I_O)         0.091     7.764 r  clk_IBUF_BUFG_inst/O
                         net (fo=11160, routed)       1.446     9.210    u_l1_icache/clk_IBUF_BUFG
    SLICE_X45Y10         FDRE                                         r  u_l1_icache/data_array_reg[24][1][30]/C
                         clock pessimism              0.250     9.460    
                         clock uncertainty           -0.335     9.125    
    SLICE_X45Y10         FDRE (Setup_fdre_C_CE)      -0.205     8.920    u_l1_icache/data_array_reg[24][1][30]
  -------------------------------------------------------------------
                         required time                          8.920    
                         arrival time                         -24.929    
  -------------------------------------------------------------------
                         slack                                -16.009    

Slack (VIOLATED) :        -16.009ns  (required time - arrival time)
  Source:                 u_cpu/dut_pc/pc_reg[5]/C
                            (rising edge-triggered cell FDRE clocked by CLK  {rise@0.000ns fall@2.500ns period=5.000ns})
  Destination:            u_l1_icache/data_array_reg[24][1][31]/CE
                            (rising edge-triggered cell FDRE clocked by CLK  {rise@0.000ns fall@2.500ns period=5.000ns})
  Path Group:             CLK
  Path Type:              Setup (Max at Slow Process Corner)
  Requirement:            5.000ns  (CLK rise@5.000ns - CLK rise@0.000ns)
  Data Path Delay:        20.373ns  (logic 4.183ns (20.532%)  route 16.190ns (79.468%))
  Logic Levels:           21  (CARRY4=4 LUT2=1 LUT4=3 LUT5=3 LUT6=9 RAMD32=1)
  Clock Path Skew:        -0.096ns (DCD - SCD + CPR)
    Destination Clock Delay (DCD):    4.210ns = ( 9.210 - 5.000 ) 
    Source Clock Delay      (SCD):    4.556ns
    Clock Pessimism Removal (CPR):    0.250ns
  Clock Uncertainty:      0.335ns  ((TSJ^2 + TIJ^2)^1/2 + DJ) / 2 + PE + UU
    Total System Jitter     (TSJ):    0.071ns
    Total Input Jitter      (TIJ):    0.000ns
    Discrete Jitter          (DJ):    0.000ns
    Phase Error              (PE):    0.000ns
    User Uncertainty         (UU):    0.300ns

    Location             Delay type                Incr(ns)  Path(ns)    Netlist Resource(s)
  -------------------------------------------------------------------    -------------------
                         (clock CLK rise edge)        0.000     0.000 r  
    M18                                               0.000     0.000 r  clk (IN)
                         net (fo=0)                   0.000     0.000    clk
    M18                  IBUF (Prop_ibuf_I_O)         0.938     0.938 r  clk_IBUF_inst/O
                         net (fo=1, routed)           1.972     2.910    clk_IBUF
    BUFGCTRL_X0Y0        BUFG (Prop_bufg_I_O)         0.096     3.006 r  clk_IBUF_BUFG_inst/O
                         net (fo=11160, routed)       1.550     4.556    u_cpu/dut_pc/clk_IBUF_BUFG
    SLICE_X35Y28         FDRE                                         r  u_cpu/dut_pc/pc_reg[5]/C
  -------------------------------------------------------------------    -------------------
    SLICE_X35Y28         FDRE (Prop_fdre_C_Q)         0.456     5.012 r  u_cpu/dut_pc/pc_reg[5]/Q
                         net (fo=95, routed)          1.361     6.373    u_l1_icache/tag_array_reg_0_31_6_11/ADDRA1
    SLICE_X38Y27         RAMD32 (Prop_ramd32_RADR1_O)
                                                      0.146     6.519 r  u_l1_icache/tag_array_reg_0_31_6_11/RAMA/O
                         net (fo=1, routed)           1.263     7.783    u_l1_icache/lookup_hit1_0[6]
    SLICE_X34Y27         LUT6 (Prop_lut6_I0_O)        0.328     8.111 r  u_l1_icache/cpu_stall_debug_OBUF_inst_i_31/O
                         net (fo=1, routed)           0.000     8.111    u_l1_icache/cpu_stall_debug_OBUF_inst_i_31_n_0
    SLICE_X34Y27         CARRY4 (Prop_carry4_S[2]_CO[3])
                                                      0.380     8.491 r  u_l1_icache/cpu_stall_debug_OBUF_inst_i_21/CO[3]
                         net (fo=1, routed)           0.000     8.491    u_l1_icache/cpu_stall_debug_OBUF_inst_i_21_n_0
    SLICE_X34Y28         CARRY4 (Prop_carry4_CI_CO[3])
                                                      0.117     8.608 r  u_l1_icache/cpu_stall_debug_OBUF_inst_i_7/CO[3]
                         net (fo=5, routed)           1.018     9.625    u_l1_icache/CO[0]
    SLICE_X32Y29         LUT5 (Prop_lut5_I1_O)        0.124     9.749 r  u_l1_icache/cpu_stall_debug_OBUF_inst_i_2/O
                         net (fo=45, routed)          0.918    10.668    u_cpu/dut_pc/icache_cpu_valid
    SLICE_X31Y28         LUT6 (Prop_lut6_I3_O)        0.124    10.792 r  u_cpu/dut_pc/instr_debug[13]_i_1/O
                         net (fo=15, routed)          0.836    11.627    u_cpu/dut_pc/cpu_mem_funct3[1]
    SLICE_X30Y31         LUT6 (Prop_lut6_I1_O)        0.124    11.751 r  u_cpu/dut_pc/pc_target1_carry_i_16/O
                         net (fo=1, routed)           0.815    12.567    u_cpu/dut_pc/pc_target1_carry_i_16_n_0
    SLICE_X28Y31         LUT6 (Prop_lut6_I3_O)        0.124    12.691 r  u_cpu/dut_pc/pc_target1_carry_i_9/O
                         net (fo=35, routed)          0.851    13.542    u_cpu/dut_pc/imm_sel[1]
    SLICE_X28Y33         LUT6 (Prop_lut6_I0_O)        0.124    13.666 f  u_cpu/dut_pc/pc_target1_carry__0_i_10/O
                         net (fo=9, routed)           0.767    14.433    u_cpu/dut_pc/pc_target1_carry__0_i_10_n_0
    SLICE_X15Y33         LUT4 (Prop_lut4_I2_O)        0.124    14.557 r  u_cpu/dut_pc/pc_target1_carry__1_i_10/O
                         net (fo=28, routed)          0.848    15.405    u_cpu/dut_pc/pc_target1_carry__1_i_10_n_0
    SLICE_X15Y37         LUT6 (Prop_lut6_I5_O)        0.124    15.529 r  u_cpu/dut_pc/pc_target1_carry__5_i_1/O
                         net (fo=5, routed)           0.691    16.220    u_cpu/dut_pc/instruction_hold_valid_q_reg_0[24]
    SLICE_X14Y37         LUT4 (Prop_lut4_I2_O)        0.124    16.344 r  u_cpu/dut_pc/result0_carry__5_i_9/O
                         net (fo=8, routed)           0.712    17.056    u_cpu/dut_pc/src_b[27]
    SLICE_X9Y35          LUT2 (Prop_lut2_I1_O)        0.124    17.180 r  u_cpu/dut_pc/result0_carry__5_i_5/O
                         net (fo=1, routed)           0.000    17.180    u_cpu/dut_alu/mem_addr_q[24]_i_8[3]
    SLICE_X9Y35          CARRY4 (Prop_carry4_S[3]_CO[3])
                                                      0.401    17.581 r  u_cpu/dut_alu/result0_carry__5/CO[3]
                         net (fo=1, routed)           0.000    17.581    u_cpu/dut_alu/result0_carry__5_n_0
    SLICE_X9Y36          CARRY4 (Prop_carry4_CI_O[3])
                                                      0.313    17.894 r  u_cpu/dut_alu/result0_carry__6/O[3]
                         net (fo=1, routed)           0.579    18.473    u_cpu/dut_pc/mem_addr_q[31]_i_5_0[9]
    SLICE_X11Y38         LUT4 (Prop_lut4_I2_O)        0.306    18.779 r  u_cpu/dut_pc/mem_addr_q[31]_i_12/O
                         net (fo=1, routed)           0.814    19.593    u_cpu/dut_pc/mem_addr_q[31]_i_12_n_0
    SLICE_X12Y38         LUT6 (Prop_lut6_I4_O)        0.124    19.717 r  u_cpu/dut_pc/mem_addr_q[31]_i_5/O
                         net (fo=1, routed)           0.295    20.012    u_cpu/dut_pc/mem_addr_q[31]_i_5_n_0
    SLICE_X14Y38         LUT5 (Prop_lut5_I0_O)        0.124    20.136 r  u_cpu/dut_pc/mem_addr_q[31]_i_4/O
                         net (fo=4, routed)           0.626    20.762    u_cpu/dut_pc/cpu_mem_addr[31]
    SLICE_X14Y37         LUT6 (Prop_lut6_I1_O)        0.124    20.886 r  u_cpu/dut_pc/refill_word_q[1]_i_5/O
                         net (fo=4, routed)           1.365    22.250    u_cpu/dut_pc/refill_word_q[1]_i_5_n_0
    SLICE_X29Y19         LUT5 (Prop_lut5_I0_O)        0.124    22.374 f  u_cpu/dut_pc/refill_word_q[1]_i_3/O
                         net (fo=161, routed)         1.386    23.760    u_l1_icache/refill_word_q_reg[1]_3
    SLICE_X36Y9          LUT6 (Prop_lut6_I0_O)        0.124    23.884 r  u_l1_icache/data_array[24][1][31]_i_1/O
                         net (fo=32, routed)          1.045    24.929    u_l1_icache/data_array[24][1][31]_i_1_n_0
    SLICE_X45Y10         FDRE                                         r  u_l1_icache/data_array_reg[24][1][31]/CE
  -------------------------------------------------------------------    -------------------

                         (clock CLK rise edge)        5.000     5.000 r  
    M18                                               0.000     5.000 r  clk (IN)
                         net (fo=0)                   0.000     5.000    clk
    M18                  IBUF (Prop_ibuf_I_O)         0.805     5.805 r  clk_IBUF_inst/O
                         net (fo=1, routed)           1.868     7.673    clk_IBUF
    BUFGCTRL_X0Y0        BUFG (Prop_bufg_I_O)         0.091     7.764 r  clk_IBUF_BUFG_inst/O
                         net (fo=11160, routed)       1.446     9.210    u_l1_icache/clk_IBUF_BUFG
    SLICE_X45Y10         FDRE                                         r  u_l1_icache/data_array_reg[24][1][31]/C
                         clock pessimism              0.250     9.460    
                         clock uncertainty           -0.335     9.125    
    SLICE_X45Y10         FDRE (Setup_fdre_C_CE)      -0.205     8.920    u_l1_icache/data_array_reg[24][1][31]
  -------------------------------------------------------------------
                         required time                          8.920    
                         arrival time                         -24.929    
  -------------------------------------------------------------------
                         slack                                -16.009    

Slack (VIOLATED) :        -16.006ns  (required time - arrival time)
  Source:                 u_cpu/dut_pc/pc_reg[5]/C
                            (rising edge-triggered cell FDRE clocked by CLK  {rise@0.000ns fall@2.500ns period=5.000ns})
  Destination:            u_l1_icache/data_array_reg[24][3][26]/CE
                            (rising edge-triggered cell FDRE clocked by CLK  {rise@0.000ns fall@2.500ns period=5.000ns})
  Path Group:             CLK
  Path Type:              Setup (Max at Slow Process Corner)
  Requirement:            5.000ns  (CLK rise@5.000ns - CLK rise@0.000ns)
  Data Path Delay:        20.367ns  (logic 4.183ns (20.538%)  route 16.184ns (79.462%))
  Logic Levels:           21  (CARRY4=4 LUT2=1 LUT4=3 LUT5=3 LUT6=9 RAMD32=1)
  Clock Path Skew:        -0.099ns (DCD - SCD + CPR)
    Destination Clock Delay (DCD):    4.207ns = ( 9.207 - 5.000 ) 
    Source Clock Delay      (SCD):    4.556ns
    Clock Pessimism Removal (CPR):    0.250ns
  Clock Uncertainty:      0.335ns  ((TSJ^2 + TIJ^2)^1/2 + DJ) / 2 + PE + UU
    Total System Jitter     (TSJ):    0.071ns
    Total Input Jitter      (TIJ):    0.000ns
    Discrete Jitter          (DJ):    0.000ns
    Phase Error              (PE):    0.000ns
    User Uncertainty         (UU):    0.300ns

    Location             Delay type                Incr(ns)  Path(ns)    Netlist Resource(s)
  -------------------------------------------------------------------    -------------------
                         (clock CLK rise edge)        0.000     0.000 r  
    M18                                               0.000     0.000 r  clk (IN)
                         net (fo=0)                   0.000     0.000    clk
    M18                  IBUF (Prop_ibuf_I_O)         0.938     0.938 r  clk_IBUF_inst/O
                         net (fo=1, routed)           1.972     2.910    clk_IBUF
    BUFGCTRL_X0Y0        BUFG (Prop_bufg_I_O)         0.096     3.006 r  clk_IBUF_BUFG_inst/O
                         net (fo=11160, routed)       1.550     4.556    u_cpu/dut_pc/clk_IBUF_BUFG
    SLICE_X35Y28         FDRE                                         r  u_cpu/dut_pc/pc_reg[5]/C
  -------------------------------------------------------------------    -------------------
    SLICE_X35Y28         FDRE (Prop_fdre_C_Q)         0.456     5.012 r  u_cpu/dut_pc/pc_reg[5]/Q
                         net (fo=95, routed)          1.361     6.373    u_l1_icache/tag_array_reg_0_31_6_11/ADDRA1
    SLICE_X38Y27         RAMD32 (Prop_ramd32_RADR1_O)
                                                      0.146     6.519 r  u_l1_icache/tag_array_reg_0_31_6_11/RAMA/O
                         net (fo=1, routed)           1.263     7.783    u_l1_icache/lookup_hit1_0[6]
    SLICE_X34Y27         LUT6 (Prop_lut6_I0_O)        0.328     8.111 r  u_l1_icache/cpu_stall_debug_OBUF_inst_i_31/O
                         net (fo=1, routed)           0.000     8.111    u_l1_icache/cpu_stall_debug_OBUF_inst_i_31_n_0
    SLICE_X34Y27         CARRY4 (Prop_carry4_S[2]_CO[3])
                                                      0.380     8.491 r  u_l1_icache/cpu_stall_debug_OBUF_inst_i_21/CO[3]
                         net (fo=1, routed)           0.000     8.491    u_l1_icache/cpu_stall_debug_OBUF_inst_i_21_n_0
    SLICE_X34Y28         CARRY4 (Prop_carry4_CI_CO[3])
                                                      0.117     8.608 r  u_l1_icache/cpu_stall_debug_OBUF_inst_i_7/CO[3]
                         net (fo=5, routed)           1.018     9.625    u_l1_icache/CO[0]
    SLICE_X32Y29         LUT5 (Prop_lut5_I1_O)        0.124     9.749 r  u_l1_icache/cpu_stall_debug_OBUF_inst_i_2/O
                         net (fo=45, routed)          0.918    10.668    u_cpu/dut_pc/icache_cpu_valid
    SLICE_X31Y28         LUT6 (Prop_lut6_I3_O)        0.124    10.792 r  u_cpu/dut_pc/instr_debug[13]_i_1/O
                         net (fo=15, routed)          0.836    11.627    u_cpu/dut_pc/cpu_mem_funct3[1]
    SLICE_X30Y31         LUT6 (Prop_lut6_I1_O)        0.124    11.751 r  u_cpu/dut_pc/pc_target1_carry_i_16/O
                         net (fo=1, routed)           0.815    12.567    u_cpu/dut_pc/pc_target1_carry_i_16_n_0
    SLICE_X28Y31         LUT6 (Prop_lut6_I3_O)        0.124    12.691 r  u_cpu/dut_pc/pc_target1_carry_i_9/O
                         net (fo=35, routed)          0.851    13.542    u_cpu/dut_pc/imm_sel[1]
    SLICE_X28Y33         LUT6 (Prop_lut6_I0_O)        0.124    13.666 f  u_cpu/dut_pc/pc_target1_carry__0_i_10/O
                         net (fo=9, routed)           0.767    14.433    u_cpu/dut_pc/pc_target1_carry__0_i_10_n_0
    SLICE_X15Y33         LUT4 (Prop_lut4_I2_O)        0.124    14.557 r  u_cpu/dut_pc/pc_target1_carry__1_i_10/O
                         net (fo=28, routed)          0.848    15.405    u_cpu/dut_pc/pc_target1_carry__1_i_10_n_0
    SLICE_X15Y37         LUT6 (Prop_lut6_I5_O)        0.124    15.529 r  u_cpu/dut_pc/pc_target1_carry__5_i_1/O
                         net (fo=5, routed)           0.691    16.220    u_cpu/dut_pc/instruction_hold_valid_q_reg_0[24]
    SLICE_X14Y37         LUT4 (Prop_lut4_I2_O)        0.124    16.344 r  u_cpu/dut_pc/result0_carry__5_i_9/O
                         net (fo=8, routed)           0.712    17.056    u_cpu/dut_pc/src_b[27]
    SLICE_X9Y35          LUT2 (Prop_lut2_I1_O)        0.124    17.180 r  u_cpu/dut_pc/result0_carry__5_i_5/O
                         net (fo=1, routed)           0.000    17.180    u_cpu/dut_alu/mem_addr_q[24]_i_8[3]
    SLICE_X9Y35          CARRY4 (Prop_carry4_S[3]_CO[3])
                                                      0.401    17.581 r  u_cpu/dut_alu/result0_carry__5/CO[3]
                         net (fo=1, routed)           0.000    17.581    u_cpu/dut_alu/result0_carry__5_n_0
    SLICE_X9Y36          CARRY4 (Prop_carry4_CI_O[3])
                                                      0.313    17.894 r  u_cpu/dut_alu/result0_carry__6/O[3]
                         net (fo=1, routed)           0.579    18.473    u_cpu/dut_pc/mem_addr_q[31]_i_5_0[9]
    SLICE_X11Y38         LUT4 (Prop_lut4_I2_O)        0.306    18.779 r  u_cpu/dut_pc/mem_addr_q[31]_i_12/O
                         net (fo=1, routed)           0.814    19.593    u_cpu/dut_pc/mem_addr_q[31]_i_12_n_0
    SLICE_X12Y38         LUT6 (Prop_lut6_I4_O)        0.124    19.717 r  u_cpu/dut_pc/mem_addr_q[31]_i_5/O
                         net (fo=1, routed)           0.295    20.012    u_cpu/dut_pc/mem_addr_q[31]_i_5_n_0
    SLICE_X14Y38         LUT5 (Prop_lut5_I0_O)        0.124    20.136 r  u_cpu/dut_pc/mem_addr_q[31]_i_4/O
                         net (fo=4, routed)           0.626    20.762    u_cpu/dut_pc/cpu_mem_addr[31]
    SLICE_X14Y37         LUT6 (Prop_lut6_I1_O)        0.124    20.886 r  u_cpu/dut_pc/refill_word_q[1]_i_5/O
                         net (fo=4, routed)           1.365    22.250    u_cpu/dut_pc/refill_word_q[1]_i_5_n_0
    SLICE_X29Y19         LUT5 (Prop_lut5_I0_O)        0.124    22.374 f  u_cpu/dut_pc/refill_word_q[1]_i_3/O
                         net (fo=161, routed)         1.414    23.789    u_l1_icache/refill_word_q_reg[1]_3
    SLICE_X40Y26         LUT6 (Prop_lut6_I2_O)        0.124    23.913 r  u_l1_icache/data_array[24][3][31]_i_1/O
                         net (fo=32, routed)          1.010    24.923    u_l1_icache/data_array[24][3][31]_i_1_n_0
    SLICE_X45Y35         FDRE                                         r  u_l1_icache/data_array_reg[24][3][26]/CE
  -------------------------------------------------------------------    -------------------

                         (clock CLK rise edge)        5.000     5.000 r  
    M18                                               0.000     5.000 r  clk (IN)
                         net (fo=0)                   0.000     5.000    clk
    M18                  IBUF (Prop_ibuf_I_O)         0.805     5.805 r  clk_IBUF_inst/O
                         net (fo=1, routed)           1.868     7.673    clk_IBUF
    BUFGCTRL_X0Y0        BUFG (Prop_bufg_I_O)         0.091     7.764 r  clk_IBUF_BUFG_inst/O
                         net (fo=11160, routed)       1.443     9.207    u_l1_icache/clk_IBUF_BUFG
    SLICE_X45Y35         FDRE                                         r  u_l1_icache/data_array_reg[24][3][26]/C
                         clock pessimism              0.250     9.457    
                         clock uncertainty           -0.335     9.122    
    SLICE_X45Y35         FDRE (Setup_fdre_C_CE)      -0.205     8.917    u_l1_icache/data_array_reg[24][3][26]
  -------------------------------------------------------------------
                         required time                          8.917    
                         arrival time                         -24.923    
  -------------------------------------------------------------------
                         slack                                -16.006    




