Copyright 1986-2022 Xilinx, Inc. All Rights Reserved. Copyright 2022-2025 Advanced Micro Devices, Inc. All Rights Reserved.
------------------------------------------------------------------------------------------------------------------------------------------------------------------------------------
| Tool Version : Vivado v.2025.2 (lin64) Build 6299465 Fri Nov 14 12:34:56 MST 2025
| Date         : Thu Sep 10 16:55:49 2026
| Host         : trungp1412 running 64-bit Red Hat Enterprise Linux 10.2 (Coughlan)"
RELEASE_TYPE=stable
| Command      : report_timing_summary -delay_type min_max -max_paths 20 -report_unconstrained -file /home/trungpham/PROJECT/KLTN/vivado_fmax_xc7a35t/post_route_timing_summary.rpt
| Design       : soc_top
| Device       : 7a35t-cpg236
| Speed File   : -1  PRODUCTION 1.23 2018-06-13
| Design State : Routed
------------------------------------------------------------------------------------------------------------------------------------------------------------------------------------

Timing Summary Report

------------------------------------------------------------------------------------------------
| Timer Settings
| --------------
------------------------------------------------------------------------------------------------

  Enable Multi Corner Analysis               :  Yes
  Enable Pessimism Removal                   :  Yes
  Pessimism Removal Resolution               :  Nearest Common Node
  Enable Input Delay Default Clock           :  No
  Enable Preset / Clear Arcs                 :  No
  Disable Flight Delays                      :  No
  Ignore I/O Paths                           :  No
  Timing Early Launch at Borrowing Latches   :  No
  Borrow Time for Max Delay Exceptions       :  Yes
  Merge Timing Exceptions                    :  Yes
  Inter-SLR Compensation                     :  Conservative

  Corner  Analyze    Analyze    
  Name    Max Paths  Min Paths  
  ------  ---------  ---------  
  Slow    Yes        Yes        
  Fast    Yes        Yes        


------------------------------------------------------------------------------------------------
| Report Methodology
| ------------------
------------------------------------------------------------------------------------------------

No report available as report_methodology has not been run prior. Run report_methodology on the current design for the summary of methodology violations.



check_timing report

Table of Contents
-----------------
1. checking no_clock (0)
2. checking constant_clock (0)
3. checking pulse_width_clock (0)
4. checking unconstrained_internal_endpoints (0)
5. checking no_input_delay (2)
6. checking no_output_delay (3)
7. checking multiple_clock (0)
8. checking generated_clocks (0)
9. checking loops (0)
10. checking partial_input_delay (0)
11. checking partial_output_delay (0)
12. checking latch_loops (0)

1. checking no_clock (0)
------------------------
 There are 0 register/latch pins with no clock.


2. checking constant_clock (0)
------------------------------
 There are 0 register/latch pins with constant_clock.


3. checking pulse_width_clock (0)
---------------------------------
 There are 0 register/latch pins which need pulse_width check


4. checking unconstrained_internal_endpoints (0)
------------------------------------------------
 There are 0 pins that are not constrained for maximum delay.

 There are 0 pins that are not constrained for maximum delay due to constant clock.


5. checking no_input_delay (2)
------------------------------
 There are 0 input ports with no input delay specified.

 There are 2 input ports with no input delay but user has a false path constraint. (MEDIUM)


6. checking no_output_delay (3)
-------------------------------
 There are 3 ports with no output delay specified. (HIGH)

 There are 0 ports with no output delay but user has a false path constraint

 There are 0 ports with no output delay but with a timing clock defined on it or propagating through it


7. checking multiple_clock (0)
------------------------------
 There are 0 register/latch pins with multiple clocks.


8. checking generated_clocks (0)
--------------------------------
 There are 0 generated clocks that are not connected to a clock source.


9. checking loops (0)
---------------------
 There are 0 combinational loops in the design.


10. checking partial_input_delay (0)
------------------------------------
 There are 0 input ports with partial input delay specified.


11. checking partial_output_delay (0)
-------------------------------------
 There are 0 ports with partial output delay specified.


12. checking latch_loops (0)
----------------------------
 There are 0 combinational latch loops in the design through latch input



------------------------------------------------------------------------------------------------
| Design Timing Summary
| ---------------------
------------------------------------------------------------------------------------------------

    WNS(ns)      TNS(ns)  TNS Failing Endpoints  TNS Total Endpoints      WHS(ns)      THS(ns)  THS Failing Endpoints  THS Total Endpoints     WPWS(ns)     TPWS(ns)  TPWS Failing Endpoints  TPWS Total Endpoints  
    -------      -------  ---------------------  -------------------      -------      -------  ---------------------  -------------------     --------     --------  ----------------------  --------------------  
    -16.175   -79766.883                  11003                19348        0.050        0.000                      0                19348        1.250        0.000                       0                 11161  


Timing constraints are not met.


------------------------------------------------------------------------------------------------
| Clock Summary
| -------------
------------------------------------------------------------------------------------------------

Clock  Waveform(ns)         Period(ns)      Frequency(MHz)
-----  ------------         ----------      --------------
CLK    {0.000 2.500}        5.000           200.000         


------------------------------------------------------------------------------------------------
| Intra Clock Table
| -----------------
------------------------------------------------------------------------------------------------

Clock             WNS(ns)      TNS(ns)  TNS Failing Endpoints  TNS Total Endpoints      WHS(ns)      THS(ns)  THS Failing Endpoints  THS Total Endpoints     WPWS(ns)     TPWS(ns)  TPWS Failing Endpoints  TPWS Total Endpoints  
-----             -------      -------  ---------------------  -------------------      -------      -------  ---------------------  -------------------     --------     --------  ----------------------  --------------------  
CLK               -16.175   -79766.883                  11003                19348        0.050        0.000                      0                19348        1.250        0.000                       0                 11161  


------------------------------------------------------------------------------------------------
| Inter Clock Table
| -----------------
------------------------------------------------------------------------------------------------

From Clock    To Clock          WNS(ns)      TNS(ns)  TNS Failing Endpoints  TNS Total Endpoints      WHS(ns)      THS(ns)  THS Failing Endpoints  THS Total Endpoints  
----------    --------          -------      -------  ---------------------  -------------------      -------      -------  ---------------------  -------------------  


------------------------------------------------------------------------------------------------
| Other Path Groups Table
| -----------------------
------------------------------------------------------------------------------------------------

Path Group    From Clock    To Clock          WNS(ns)      TNS(ns)  TNS Failing Endpoints  TNS Total Endpoints      WHS(ns)      THS(ns)  THS Failing Endpoints  THS Total Endpoints  
----------    ----------    --------          -------      -------  ---------------------  -------------------      -------      -------  ---------------------  -------------------  


------------------------------------------------------------------------------------------------
| User Ignored Path Table
| -----------------------
------------------------------------------------------------------------------------------------

Path Group    From Clock    To Clock    
----------    ----------    --------    
(none)                                    
(none)                      CLK           


------------------------------------------------------------------------------------------------
| Unconstrained Path Table
| ------------------------
------------------------------------------------------------------------------------------------

Path Group    From Clock    To Clock    
----------    ----------    --------    
(none)        CLK                         


------------------------------------------------------------------------------------------------
| Timing Details
| --------------
------------------------------------------------------------------------------------------------


---------------------------------------------------------------------------------------------------
From Clock:  CLK
  To Clock:  CLK

Setup :        11003  Failing Endpoints,  Worst Slack      -16.175ns,  Total Violation   -79766.884ns
Hold  :            0  Failing Endpoints,  Worst Slack        0.050ns,  Total Violation        0.000ns
PW    :            0  Failing Endpoints,  Worst Slack        1.250ns,  Total Violation        0.000ns
---------------------------------------------------------------------------------------------------


Max Delay Paths
--------------------------------------------------------------------------------------
Slack (VIOLATED) :        -16.175ns  (required time - arrival time)
  Source:                 u_cpu/dut_pc/pc_reg[5]/C
                            (rising edge-triggered cell FDRE clocked by CLK  {rise@0.000ns fall@2.500ns period=5.000ns})
  Destination:            u_cpu/dut_pc/pc_reg[4]_rep__6/D
                            (rising edge-triggered cell FDRE clocked by CLK  {rise@0.000ns fall@2.500ns period=5.000ns})
  Path Group:             CLK
  Path Type:              Setup (Max at Slow Process Corner)
  Requirement:            5.000ns  (CLK rise@5.000ns - CLK rise@0.000ns)
  Data Path Delay:        20.676ns  (logic 4.325ns (20.918%)  route 16.351ns (79.082%))
  Logic Levels:           22  (CARRY4=4 LUT2=1 LUT4=3 LUT5=1 LUT6=12 RAMD32=1)
  Clock Path Skew:        -0.102ns (DCD - SCD + CPR)
    Destination Clock Delay (DCD):    4.204ns = ( 9.204 - 5.000 ) 
    Source Clock Delay      (SCD):    4.556ns
    Clock Pessimism Removal (CPR):    0.250ns
  Clock Uncertainty:      0.335ns  ((TSJ^2 + TIJ^2)^1/2 + DJ) / 2 + PE + UU
    Total System Jitter     (TSJ):    0.071ns
    Total Input Jitter      (TIJ):    0.000ns
    Discrete Jitter          (DJ):    0.000ns
    Phase Error              (PE):    0.000ns
    User Uncertainty         (UU):    0.300ns

    Location             Delay type                Incr(ns)  Path(ns)    Netlist Resource(s)
  -------------------------------------------------------------------    -------------------
                         (clock CLK rise edge)        0.000     0.000 r  
    M18                                               0.000     0.000 r  clk (IN)
                         net (fo=0)                   0.000     0.000    clk
    M18                  IBUF (Prop_ibuf_I_O)         0.938     0.938 r  clk_IBUF_inst/O
                         net (fo=1, routed)           1.972     2.910    clk_IBUF
    BUFGCTRL_X0Y0        BUFG (Prop_bufg_I_O)         0.096     3.006 r  clk_IBUF_BUFG_inst/O
                         net (fo=11160, routed)       1.550     4.556    u_cpu/dut_pc/clk_IBUF_BUFG
    SLICE_X35Y28         FDRE                                         r  u_cpu/dut_pc/pc_reg[5]/C
  -------------------------------------------------------------------    -------------------
    SLICE_X35Y28         FDRE (Prop_fdre_C_Q)         0.456     5.012 r  u_cpu/dut_pc/pc_reg[5]/Q
                         net (fo=95, routed)          1.361     6.373    u_l1_icache/tag_array_reg_0_31_6_11/ADDRA1
    SLICE_X38Y27         RAMD32 (Prop_ramd32_RADR1_O)
                                                      0.146     6.519 r  u_l1_icache/tag_array_reg_0_31_6_11/RAMA/O
                         net (fo=1, routed)           1.263     7.783    u_l1_icache/lookup_hit1_0[6]
    SLICE_X34Y27         LUT6 (Prop_lut6_I0_O)        0.328     8.111 r  u_l1_icache/cpu_stall_debug_OBUF_inst_i_31/O
                         net (fo=1, routed)           0.000     8.111    u_l1_icache/cpu_stall_debug_OBUF_inst_i_31_n_0
    SLICE_X34Y27         CARRY4 (Prop_carry4_S[2]_CO[3])
                                                      0.380     8.491 r  u_l1_icache/cpu_stall_debug_OBUF_inst_i_21/CO[3]
                         net (fo=1, routed)           0.000     8.491    u_l1_icache/cpu_stall_debug_OBUF_inst_i_21_n_0
    SLICE_X34Y28         CARRY4 (Prop_carry4_CI_CO[3])
                                                      0.117     8.608 r  u_l1_icache/cpu_stall_debug_OBUF_inst_i_7/CO[3]
                         net (fo=5, routed)           1.018     9.625    u_l1_icache/CO[0]
    SLICE_X32Y29         LUT5 (Prop_lut5_I1_O)        0.124     9.749 r  u_l1_icache/cpu_stall_debug_OBUF_inst_i_2/O
                         net (fo=45, routed)          0.918    10.668    u_cpu/dut_pc/icache_cpu_valid
    SLICE_X31Y28         LUT6 (Prop_lut6_I3_O)        0.124    10.792 r  u_cpu/dut_pc/instr_debug[13]_i_1/O
                         net (fo=15, routed)          0.836    11.627    u_cpu/dut_pc/cpu_mem_funct3[1]
    SLICE_X30Y31         LUT6 (Prop_lut6_I1_O)        0.124    11.751 r  u_cpu/dut_pc/pc_target1_carry_i_16/O
                         net (fo=1, routed)           0.815    12.567    u_cpu/dut_pc/pc_target1_carry_i_16_n_0
    SLICE_X28Y31         LUT6 (Prop_lut6_I3_O)        0.124    12.691 r  u_cpu/dut_pc/pc_target1_carry_i_9/O
                         net (fo=35, routed)          0.851    13.542    u_cpu/dut_pc/imm_sel[1]
    SLICE_X28Y33         LUT6 (Prop_lut6_I0_O)        0.124    13.666 f  u_cpu/dut_pc/pc_target1_carry__0_i_10/O
                         net (fo=9, routed)           0.767    14.433    u_cpu/dut_pc/pc_target1_carry__0_i_10_n_0
    SLICE_X15Y33         LUT4 (Prop_lut4_I2_O)        0.124    14.557 r  u_cpu/dut_pc/pc_target1_carry__1_i_10/O
                         net (fo=28, routed)          0.848    15.405    u_cpu/dut_pc/pc_target1_carry__1_i_10_n_0
    SLICE_X15Y37         LUT6 (Prop_lut6_I5_O)        0.124    15.529 r  u_cpu/dut_pc/pc_target1_carry__5_i_1/O
                         net (fo=5, routed)           0.691    16.220    u_cpu/dut_pc/instruction_hold_valid_q_reg_0[24]
    SLICE_X14Y37         LUT4 (Prop_lut4_I2_O)        0.124    16.344 r  u_cpu/dut_pc/result0_carry__5_i_9/O
                         net (fo=8, routed)           0.712    17.056    u_cpu/dut_pc/src_b[27]
    SLICE_X9Y35          LUT2 (Prop_lut2_I1_O)        0.124    17.180 r  u_cpu/dut_pc/result0_carry__5_i_5/O
                         net (fo=1, routed)           0.000    17.180    u_cpu/dut_alu/mem_addr_q[24]_i_8[3]
    SLICE_X9Y35          CARRY4 (Prop_carry4_S[3]_CO[3])
                                                      0.401    17.581 r  u_cpu/dut_alu/result0_carry__5/CO[3]
                         net (fo=1, routed)           0.000    17.581    u_cpu/dut_alu/result0_carry__5_n_0
    SLICE_X9Y36          CARRY4 (Prop_carry4_CI_O[1])
                                                      0.334    17.915 f  u_cpu/dut_alu/result0_carry__6/O[1]
                         net (fo=1, routed)           0.599    18.514    u_cpu/dut_pc/mem_addr_q[31]_i_5_0[8]
    SLICE_X9Y38          LUT4 (Prop_lut4_I2_O)        0.303    18.817 f  u_cpu/dut_pc/mem_addr_q[29]_i_7/O
                         net (fo=1, routed)           0.154    18.971    u_cpu/dut_pc/mem_addr_q[29]_i_7_n_0
    SLICE_X9Y38          LUT6 (Prop_lut6_I1_O)        0.124    19.095 f  u_cpu/dut_pc/mem_addr_q[29]_i_3/O
                         net (fo=2, routed)           0.885    19.980    u_cpu/dut_pc/mem_addr_q[29]_i_3_n_0
    SLICE_X7Y37          LUT6 (Prop_lut6_I2_O)        0.124    20.104 f  u_cpu/dut_pc/pc[31]_i_27/O
                         net (fo=1, routed)           0.827    20.931    u_cpu/dut_pc/pc[31]_i_27_n_0
    SLICE_X14Y37         LUT6 (Prop_lut6_I0_O)        0.124    21.055 r  u_cpu/dut_pc/pc[31]_i_21/O
                         net (fo=1, routed)           0.897    21.952    u_cpu/dut_pc/pc[31]_i_21_n_0
    SLICE_X28Y34         LUT6 (Prop_lut6_I4_O)        0.124    22.076 r  u_cpu/dut_pc/pc[31]_i_12/O
                         net (fo=2, routed)           0.710    22.786    u_cpu/dut_pc/pc[31]_i_12_n_0
    SLICE_X31Y28         LUT6 (Prop_lut6_I1_O)        0.124    22.910 r  u_cpu/dut_pc/pc[31]_i_5/O
                         net (fo=60, routed)          1.401    24.312    u_cpu/dut_pc/pc[31]_i_5_n_0
    SLICE_X45Y20         LUT6 (Prop_lut6_I0_O)        0.124    24.436 r  u_cpu/dut_pc/pc[4]_rep__6_i_1/O
                         net (fo=1, routed)           0.796    25.232    u_cpu/dut_pc/pc[4]_rep__6_i_1_n_0
    SLICE_X44Y17         FDRE                                         r  u_cpu/dut_pc/pc_reg[4]_rep__6/D
  -------------------------------------------------------------------    -------------------

                         (clock CLK rise edge)        5.000     5.000 r  
    M18                                               0.000     5.000 r  clk (IN)
                         net (fo=0)                   0.000     5.000    clk
    M18                  IBUF (Prop_ibuf_I_O)         0.805     5.805 r  clk_IBUF_inst/O
                         net (fo=1, routed)           1.868     7.673    clk_IBUF
    BUFGCTRL_X0Y0        BUFG (Prop_bufg_I_O)         0.091     7.764 r  clk_IBUF_BUFG_inst/O
                         net (fo=11160, routed)       1.440     9.204    u_cpu/dut_pc/clk_IBUF_BUFG
    SLICE_X44Y17         FDRE                                         r  u_cpu/dut_pc/pc_reg[4]_rep__6/C
                         clock pessimism              0.250     9.454    
                         clock uncertainty           -0.335     9.119    
    SLICE_X44Y17         FDRE (Setup_fdre_C_D)       -0.062     9.057    u_cpu/dut_pc/pc_reg[4]_rep__6
  -------------------------------------------------------------------
                         required time                          9.057    
                         arrival time                         -25.232    
  -------------------------------------------------------------------
                         slack                                -16.175    

Slack (VIOLATED) :        -16.054ns  (required time - arrival time)
  Source:                 u_cpu/dut_pc/pc_reg[5]/C
                            (rising edge-triggered cell FDRE clocked by CLK  {rise@0.000ns fall@2.500ns period=5.000ns})
  Destination:            u_l1_icache/data_array_reg[1][0][15]/CE
                            (rising edge-triggered cell FDRE clocked by CLK  {rise@0.000ns fall@2.500ns period=5.000ns})
  Path Group:             CLK
  Path Type:              Setup (Max at Slow Process Corner)
  Requirement:            5.000ns  (CLK rise@5.000ns - CLK rise@0.000ns)
  Data Path Delay:        20.407ns  (logic 4.183ns (20.498%)  route 16.224ns (79.502%))
  Logic Levels:           21  (CARRY4=4 LUT2=1 LUT4=3 LUT5=3 LUT6=9 RAMD32=1)
  Clock Path Skew:        -0.107ns (DCD - SCD + CPR)
    Destination Clock Delay (DCD):    4.199ns = ( 9.199 - 5.000 ) 
    Source Clock Delay      (SCD):    4.556ns
    Clock Pessimism Removal (CPR):    0.250ns
  Clock Uncertainty:      0.335ns  ((TSJ^2 + TIJ^2)^1/2 + DJ) / 2 + PE + UU
    Total System Jitter     (TSJ):    0.071ns
    Total Input Jitter      (TIJ):    0.000ns
    Discrete Jitter          (DJ):    0.000ns
    Phase Error              (PE):    0.000ns
    User Uncertainty         (UU):    0.300ns

    Location             Delay type                Incr(ns)  Path(ns)    Netlist Resource(s)
  -------------------------------------------------------------------    -------------------
                         (clock CLK rise edge)        0.000     0.000 r  
    M18                                               0.000     0.000 r  clk (IN)
                         net (fo=0)                   0.000     0.000    clk
    M18                  IBUF (Prop_ibuf_I_O)         0.938     0.938 r  clk_IBUF_inst/O
                         net (fo=1, routed)           1.972     2.910    clk_IBUF
    BUFGCTRL_X0Y0        BUFG (Prop_bufg_I_O)         0.096     3.006 r  clk_IBUF_BUFG_inst/O
                         net (fo=11160, routed)       1.550     4.556    u_cpu/dut_pc/clk_IBUF_BUFG
    SLICE_X35Y28         FDRE                                         r  u_cpu/dut_pc/pc_reg[5]/C
  -------------------------------------------------------------------    -------------------
    SLICE_X35Y28         FDRE (Prop_fdre_C_Q)         0.456     5.012 r  u_cpu/dut_pc/pc_reg[5]/Q
                         net (fo=95, routed)          1.361     6.373    u_l1_icache/tag_array_reg_0_31_6_11/ADDRA1
    SLICE_X38Y27         RAMD32 (Prop_ramd32_RADR1_O)
                                                      0.146     6.519 r  u_l1_icache/tag_array_reg_0_31_6_11/RAMA/O
                         net (fo=1, routed)           1.263     7.783    u_l1_icache/lookup_hit1_0[6]
    SLICE_X34Y27         LUT6 (Prop_lut6_I0_O)        0.328     8.111 r  u_l1_icache/cpu_stall_debug_OBUF_inst_i_31/O
                         net (fo=1, routed)           0.000     8.111    u_l1_icache/cpu_stall_debug_OBUF_inst_i_31_n_0
    SLICE_X34Y27         CARRY4 (Prop_carry4_S[2]_CO[3])
                                                      0.380     8.491 r  u_l1_icache/cpu_stall_debug_OBUF_inst_i_21/CO[3]
                         net (fo=1, routed)           0.000     8.491    u_l1_icache/cpu_stall_debug_OBUF_inst_i_21_n_0
    SLICE_X34Y28         CARRY4 (Prop_carry4_CI_CO[3])
                                                      0.117     8.608 r  u_l1_icache/cpu_stall_debug_OBUF_inst_i_7/CO[3]
                         net (fo=5, routed)           1.018     9.625    u_l1_icache/CO[0]
    SLICE_X32Y29         LUT5 (Prop_lut5_I1_O)        0.124     9.749 r  u_l1_icache/cpu_stall_debug_OBUF_inst_i_2/O
                         net (fo=45, routed)          0.918    10.668    u_cpu/dut_pc/icache_cpu_valid
    SLICE_X31Y28         LUT6 (Prop_lut6_I3_O)        0.124    10.792 r  u_cpu/dut_pc/instr_debug[13]_i_1/O
                         net (fo=15, routed)          0.836    11.627    u_cpu/dut_pc/cpu_mem_funct3[1]
    SLICE_X30Y31         LUT6 (Prop_lut6_I1_O)        0.124    11.751 r  u_cpu/dut_pc/pc_target1_carry_i_16/O
                         net (fo=1, routed)           0.815    12.567    u_cpu/dut_pc/pc_target1_carry_i_16_n_0
    SLICE_X28Y31         LUT6 (Prop_lut6_I3_O)        0.124    12.691 r  u_cpu/dut_pc/pc_target1_carry_i_9/O
                         net (fo=35, routed)          0.851    13.542    u_cpu/dut_pc/imm_sel[1]
    SLICE_X28Y33         LUT6 (Prop_lut6_I0_O)        0.124    13.666 f  u_cpu/dut_pc/pc_target1_carry__0_i_10/O
                         net (fo=9, routed)           0.767    14.433    u_cpu/dut_pc/pc_target1_carry__0_i_10_n_0
    SLICE_X15Y33         LUT4 (Prop_lut4_I2_O)        0.124    14.557 r  u_cpu/dut_pc/pc_target1_carry__1_i_10/O
                         net (fo=28, routed)          0.848    15.405    u_cpu/dut_pc/pc_target1_carry__1_i_10_n_0
    SLICE_X15Y37         LUT6 (Prop_lut6_I5_O)        0.124    15.529 r  u_cpu/dut_pc/pc_target1_carry__5_i_1/O
                         net (fo=5, routed)           0.691    16.220    u_cpu/dut_pc/instruction_hold_valid_q_reg_0[24]
    SLICE_X14Y37         LUT4 (Prop_lut4_I2_O)        0.124    16.344 r  u_cpu/dut_pc/result0_carry__5_i_9/O
                         net (fo=8, routed)           0.712    17.056    u_cpu/dut_pc/src_b[27]
    SLICE_X9Y35          LUT2 (Prop_lut2_I1_O)        0.124    17.180 r  u_cpu/dut_pc/result0_carry__5_i_5/O
                         net (fo=1, routed)           0.000    17.180    u_cpu/dut_alu/mem_addr_q[24]_i_8[3]
    SLICE_X9Y35          CARRY4 (Prop_carry4_S[3]_CO[3])
                                                      0.401    17.581 r  u_cpu/dut_alu/result0_carry__5/CO[3]
                         net (fo=1, routed)           0.000    17.581    u_cpu/dut_alu/result0_carry__5_n_0
    SLICE_X9Y36          CARRY4 (Prop_carry4_CI_O[3])
                                                      0.313    17.894 r  u_cpu/dut_alu/result0_carry__6/O[3]
                         net (fo=1, routed)           0.579    18.473    u_cpu/dut_pc/mem_addr_q[31]_i_5_0[9]
    SLICE_X11Y38         LUT4 (Prop_lut4_I2_O)        0.306    18.779 r  u_cpu/dut_pc/mem_addr_q[31]_i_12/O
                         net (fo=1, routed)           0.814    19.593    u_cpu/dut_pc/mem_addr_q[31]_i_12_n_0
    SLICE_X12Y38         LUT6 (Prop_lut6_I4_O)        0.124    19.717 r  u_cpu/dut_pc/mem_addr_q[31]_i_5/O
                         net (fo=1, routed)           0.295    20.012    u_cpu/dut_pc/mem_addr_q[31]_i_5_n_0
    SLICE_X14Y38         LUT5 (Prop_lut5_I0_O)        0.124    20.136 r  u_cpu/dut_pc/mem_addr_q[31]_i_4/O
                         net (fo=4, routed)           0.626    20.762    u_cpu/dut_pc/cpu_mem_addr[31]
    SLICE_X14Y37         LUT6 (Prop_lut6_I1_O)        0.124    20.886 r  u_cpu/dut_pc/refill_word_q[1]_i_5/O
                         net (fo=4, routed)           1.365    22.250    u_cpu/dut_pc/refill_word_q[1]_i_5_n_0
    SLICE_X29Y19         LUT5 (Prop_lut5_I0_O)        0.124    22.374 f  u_cpu/dut_pc/refill_word_q[1]_i_3/O
                         net (fo=161, routed)         0.857    23.231    u_l1_icache/refill_word_q_reg[1]_3
    SLICE_X30Y23         LUT6 (Prop_lut6_I4_O)        0.124    23.355 r  u_l1_icache/data_array[1][0][31]_i_1/O
                         net (fo=32, routed)          1.608    24.963    u_l1_icache/data_array[1][0][31]_i_1_n_0
    SLICE_X51Y25         FDRE                                         r  u_l1_icache/data_array_reg[1][0][15]/CE
  -------------------------------------------------------------------    -------------------

                         (clock CLK rise edge)        5.000     5.000 r  
    M18                                               0.000     5.000 r  clk (IN)
                         net (fo=0)                   0.000     5.000    clk
    M18                  IBUF (Prop_ibuf_I_O)         0.805     5.805 r  clk_IBUF_inst/O
                         net (fo=1, routed)           1.868     7.673    clk_IBUF
    BUFGCTRL_X0Y0        BUFG (Prop_bufg_I_O)         0.091     7.764 r  clk_IBUF_BUFG_inst/O
                         net (fo=11160, routed)       1.435     9.199    u_l1_icache/clk_IBUF_BUFG
    SLICE_X51Y25         FDRE                                         r  u_l1_icache/data_array_reg[1][0][15]/C
                         clock pessimism              0.250     9.449    
                         clock uncertainty           -0.335     9.114    
    SLICE_X51Y25         FDRE (Setup_fdre_C_CE)      -0.205     8.909    u_l1_icache/data_array_reg[1][0][15]
  -------------------------------------------------------------------
                         required time                          8.909    
                         arrival time                         -24.963    
  -------------------------------------------------------------------
                         slack                                -16.054    

Slack (VIOLATED) :        -16.054ns  (required time - arrival time)
  Source:                 u_cpu/dut_pc/pc_reg[5]/C
                            (rising edge-triggered cell FDRE clocked by CLK  {rise@0.000ns fall@2.500ns period=5.000ns})
  Destination:            u_l1_icache/data_array_reg[1][0][18]/CE
                            (rising edge-triggered cell FDRE clocked by CLK  {rise@0.000ns fall@2.500ns period=5.000ns})
  Path Group:             CLK
  Path Type:              Setup (Max at Slow Process Corner)
  Requirement:            5.000ns  (CLK rise@5.000ns - CLK rise@0.000ns)
  Data Path Delay:        20.407ns  (logic 4.183ns (20.498%)  route 16.224ns (79.502%))
  Logic Levels:           21  (CARRY4=4 LUT2=1 LUT4=3 LUT5=3 LUT6=9 RAMD32=1)
  Clock Path Skew:        -0.107ns (DCD - SCD + CPR)
    Destination Clock Delay (DCD):    4.199ns = ( 9.199 - 5.000 ) 
    Source Clock Delay      (SCD):    4.556ns
    Clock Pessimism Removal (CPR):    0.250ns
  Clock Uncertainty:      0.335ns  ((TSJ^2 + TIJ^2)^1/2 + DJ) / 2 + PE + UU
    Total System Jitter     (TSJ):    0.071ns
    Total Input Jitter      (TIJ):    0.000ns
    Discrete Jitter          (DJ):    0.000ns
    Phase Error              (PE):    0.000ns
    User Uncertainty         (UU):    0.300ns

    Location             Delay type                Incr(ns)  Path(ns)    Netlist Resource(s)
  -------------------------------------------------------------------    -------------------
                         (clock CLK rise edge)        0.000     0.000 r  
    M18                                               0.000     0.000 r  clk (IN)
                         net (fo=0)                   0.000     0.000    clk
    M18                  IBUF (Prop_ibuf_I_O)         0.938     0.938 r  clk_IBUF_inst/O
                         net (fo=1, routed)           1.972     2.910    clk_IBUF
    BUFGCTRL_X0Y0        BUFG (Prop_bufg_I_O)         0.096     3.006 r  clk_IBUF_BUFG_inst/O
                         net (fo=11160, routed)       1.550     4.556    u_cpu/dut_pc/clk_IBUF_BUFG
    SLICE_X35Y28         FDRE                                         r  u_cpu/dut_pc/pc_reg[5]/C
  -------------------------------------------------------------------    -------------------
    SLICE_X35Y28         FDRE (Prop_fdre_C_Q)         0.456     5.012 r  u_cpu/dut_pc/pc_reg[5]/Q
                         net (fo=95, routed)          1.361     6.373    u_l1_icache/tag_array_reg_0_31_6_11/ADDRA1
    SLICE_X38Y27         RAMD32 (Prop_ramd32_RADR1_O)
                                                      0.146     6.519 r  u_l1_icache/tag_array_reg_0_31_6_11/RAMA/O
                         net (fo=1, routed)           1.263     7.783    u_l1_icache/lookup_hit1_0[6]
    SLICE_X34Y27         LUT6 (Prop_lut6_I0_O)        0.328     8.111 r  u_l1_icache/cpu_stall_debug_OBUF_inst_i_31/O
                         net (fo=1, routed)           0.000     8.111    u_l1_icache/cpu_stall_debug_OBUF_inst_i_31_n_0
    SLICE_X34Y27         CARRY4 (Prop_carry4_S[2]_CO[3])
                                                      0.380     8.491 r  u_l1_icache/cpu_stall_debug_OBUF_inst_i_21/CO[3]
                         net (fo=1, routed)           0.000     8.491    u_l1_icache/cpu_stall_debug_OBUF_inst_i_21_n_0
    SLICE_X34Y28         CARRY4 (Prop_carry4_CI_CO[3])
                                                      0.117     8.608 r  u_l1_icache/cpu_stall_debug_OBUF_inst_i_7/CO[3]
                         net (fo=5, routed)           1.018     9.625    u_l1_icache/CO[0]
    SLICE_X32Y29         LUT5 (Prop_lut5_I1_O)        0.124     9.749 r  u_l1_icache/cpu_stall_debug_OBUF_inst_i_2/O
                         net (fo=45, routed)          0.918    10.668    u_cpu/dut_pc/icache_cpu_valid
    SLICE_X31Y28         LUT6 (Prop_lut6_I3_O)        0.124    10.792 r  u_cpu/dut_pc/instr_debug[13]_i_1/O
                         net (fo=15, routed)          0.836    11.627    u_cpu/dut_pc/cpu_mem_funct3[1]
    SLICE_X30Y31         LUT6 (Prop_lut6_I1_O)        0.124    11.751 r  u_cpu/dut_pc/pc_target1_carry_i_16/O
                         net (fo=1, routed)           0.815    12.567    u_cpu/dut_pc/pc_target1_carry_i_16_n_0
    SLICE_X28Y31         LUT6 (Prop_lut6_I3_O)        0.124    12.691 r  u_cpu/dut_pc/pc_target1_carry_i_9/O
                         net (fo=35, routed)          0.851    13.542    u_cpu/dut_pc/imm_sel[1]
    SLICE_X28Y33         LUT6 (Prop_lut6_I0_O)        0.124    13.666 f  u_cpu/dut_pc/pc_target1_carry__0_i_10/O
                         net (fo=9, routed)           0.767    14.433    u_cpu/dut_pc/pc_target1_carry__0_i_10_n_0
    SLICE_X15Y33         LUT4 (Prop_lut4_I2_O)        0.124    14.557 r  u_cpu/dut_pc/pc_target1_carry__1_i_10/O
                         net (fo=28, routed)          0.848    15.405    u_cpu/dut_pc/pc_target1_carry__1_i_10_n_0
    SLICE_X15Y37         LUT6 (Prop_lut6_I5_O)        0.124    15.529 r  u_cpu/dut_pc/pc_target1_carry__5_i_1/O
                         net (fo=5, routed)           0.691    16.220    u_cpu/dut_pc/instruction_hold_valid_q_reg_0[24]
    SLICE_X14Y37         LUT4 (Prop_lut4_I2_O)        0.124    16.344 r  u_cpu/dut_pc/result0_carry__5_i_9/O
                         net (fo=8, routed)           0.712    17.056    u_cpu/dut_pc/src_b[27]
    SLICE_X9Y35          LUT2 (Prop_lut2_I1_O)        0.124    17.180 r  u_cpu/dut_pc/result0_carry__5_i_5/O
                         net (fo=1, routed)           0.000    17.180    u_cpu/dut_alu/mem_addr_q[24]_i_8[3]
    SLICE_X9Y35          CARRY4 (Prop_carry4_S[3]_CO[3])
                                                      0.401    17.581 r  u_cpu/dut_alu/result0_carry__5/CO[3]
                         net (fo=1, routed)           0.000    17.581    u_cpu/dut_alu/result0_carry__5_n_0
    SLICE_X9Y36          CARRY4 (Prop_carry4_CI_O[3])
                                                      0.313    17.894 r  u_cpu/dut_alu/result0_carry__6/O[3]
                         net (fo=1, routed)           0.579    18.473    u_cpu/dut_pc/mem_addr_q[31]_i_5_0[9]
    SLICE_X11Y38         LUT4 (Prop_lut4_I2_O)        0.306    18.779 r  u_cpu/dut_pc/mem_addr_q[31]_i_12/O
                         net (fo=1, routed)           0.814    19.593    u_cpu/dut_pc/mem_addr_q[31]_i_12_n_0
    SLICE_X12Y38         LUT6 (Prop_lut6_I4_O)        0.124    19.717 r  u_cpu/dut_pc/mem_addr_q[31]_i_5/O
                         net (fo=1, routed)           0.295    20.012    u_cpu/dut_pc/mem_addr_q[31]_i_5_n_0
    SLICE_X14Y38         LUT5 (Prop_lut5_I0_O)        0.124    20.136 r  u_cpu/dut_pc/mem_addr_q[31]_i_4/O
                         net (fo=4, routed)           0.626    20.762    u_cpu/dut_pc/cpu_mem_addr[31]
    SLICE_X14Y37         LUT6 (Prop_lut6_I1_O)        0.124    20.886 r  u_cpu/dut_pc/refill_word_q[1]_i_5/O
                         net (fo=4, routed)           1.365    22.250    u_cpu/dut_pc/refill_word_q[1]_i_5_n_0
    SLICE_X29Y19         LUT5 (Prop_lut5_I0_O)        0.124    22.374 f  u_cpu/dut_pc/refill_word_q[1]_i_3/O
                         net (fo=161, routed)         0.857    23.231    u_l1_icache/refill_word_q_reg[1]_3
    SLICE_X30Y23         LUT6 (Prop_lut6_I4_O)        0.124    23.355 r  u_l1_icache/data_array[1][0][31]_i_1/O
                         net (fo=32, routed)          1.608    24.963    u_l1_icache/data_array[1][0][31]_i_1_n_0
    SLICE_X51Y25         FDRE                                         r  u_l1_icache/data_array_reg[1][0][18]/CE
  -------------------------------------------------------------------    -------------------

                         (clock CLK rise edge)        5.000     5.000 r  
    M18                                               0.000     5.000 r  clk (IN)
                         net (fo=0)                   0.000     5.000    clk
    M18                  IBUF (Prop_ibuf_I_O)         0.805     5.805 r  clk_IBUF_inst/O
                         net (fo=1, routed)           1.868     7.673    clk_IBUF
    BUFGCTRL_X0Y0        BUFG (Prop_bufg_I_O)         0.091     7.764 r  clk_IBUF_BUFG_inst/O
                         net (fo=11160, routed)       1.435     9.199    u_l1_icache/clk_IBUF_BUFG
    SLICE_X51Y25         FDRE                                         r  u_l1_icache/data_array_reg[1][0][18]/C
                         clock pessimism              0.250     9.449    
                         clock uncertainty           -0.335     9.114    
    SLICE_X51Y25         FDRE (Setup_fdre_C_CE)      -0.205     8.909    u_l1_icache/data_array_reg[1][0][18]
  -------------------------------------------------------------------
                         required time                          8.909    
                         arrival time                         -24.963    
  -------------------------------------------------------------------
                         slack                                -16.054    

Slack (VIOLATED) :        -16.027ns  (required time - arrival time)
  Source:                 u_cpu/dut_pc/pc_reg[5]/C
                            (rising edge-triggered cell FDRE clocked by CLK  {rise@0.000ns fall@2.500ns period=5.000ns})
  Destination:            u_l1_icache/data_array_reg[24][3][12]/CE
                            (rising edge-triggered cell FDRE clocked by CLK  {rise@0.000ns fall@2.500ns period=5.000ns})
  Path Group:             CLK
  Path Type:              Setup (Max at Slow Process Corner)
  Requirement:            5.000ns  (CLK rise@5.000ns - CLK rise@0.000ns)
  Data Path Delay:        20.381ns  (logic 4.183ns (20.525%)  route 16.198ns (79.475%))
  Logic Levels:           21  (CARRY4=4 LUT2=1 LUT4=3 LUT5=3 LUT6=9 RAMD32=1)
  Clock Path Skew:        -0.106ns (DCD - SCD + CPR)
    Destination Clock Delay (DCD):    4.200ns = ( 9.200 - 5.000 ) 
    Source Clock Delay      (SCD):    4.556ns
    Clock Pessimism Removal (CPR):    0.250ns
  Clock Uncertainty:      0.335ns  ((TSJ^2 + TIJ^2)^1/2 + DJ) / 2 + PE + UU
    Total System Jitter     (TSJ):    0.071ns
    Total Input Jitter      (TIJ):    0.000ns
    Discrete Jitter          (DJ):    0.000ns
    Phase Error              (PE):    0.000ns
    User Uncertainty         (UU):    0.300ns

    Location             Delay type                Incr(ns)  Path(ns)    Netlist Resource(s)
  -------------------------------------------------------------------    -------------------
                         (clock CLK rise edge)        0.000     0.000 r  
    M18                                               0.000     0.000 r  clk (IN)
                         net (fo=0)                   0.000     0.000    clk
    M18                  IBUF (Prop_ibuf_I_O)         0.938     0.938 r  clk_IBUF_inst/O
                         net (fo=1, routed)           1.972     2.910    clk_IBUF
    BUFGCTRL_X0Y0        BUFG (Prop_bufg_I_O)         0.096     3.006 r  clk_IBUF_BUFG_inst/O
                         net (fo=11160, routed)       1.550     4.556    u_cpu/dut_pc/clk_IBUF_BUFG
    SLICE_X35Y28         FDRE                                         r  u_cpu/dut_pc/pc_reg[5]/C
  -------------------------------------------------------------------    -------------------
    SLICE_X35Y28         FDRE (Prop_fdre_C_Q)         0.456     5.012 r  u_cpu/dut_pc/pc_reg[5]/Q
                         net (fo=95, routed)          1.361     6.373    u_l1_icache/tag_array_reg_0_31_6_11/ADDRA1
    SLICE_X38Y27         RAMD32 (Prop_ramd32_RADR1_O)
                                                      0.146     6.519 r  u_l1_icache/tag_array_reg_0_31_6_11/RAMA/O
                         net (fo=1, routed)           1.263     7.783    u_l1_icache/lookup_hit1_0[6]
    SLICE_X34Y27         LUT6 (Prop_lut6_I0_O)        0.328     8.111 r  u_l1_icache/cpu_stall_debug_OBUF_inst_i_31/O
                         net (fo=1, routed)           0.000     8.111    u_l1_icache/cpu_stall_debug_OBUF_inst_i_31_n_0
    SLICE_X34Y27         CARRY4 (Prop_carry4_S[2]_CO[3])
                                                      0.380     8.491 r  u_l1_icache/cpu_stall_debug_OBUF_inst_i_21/CO[3]
                         net (fo=1, routed)           0.000     8.491    u_l1_icache/cpu_stall_debug_OBUF_inst_i_21_n_0
    SLICE_X34Y28         CARRY4 (Prop_carry4_CI_CO[3])
                                                      0.117     8.608 r  u_l1_icache/cpu_stall_debug_OBUF_inst_i_7/CO[3]
                         net (fo=5, routed)           1.018     9.625    u_l1_icache/CO[0]
    SLICE_X32Y29         LUT5 (Prop_lut5_I1_O)        0.124     9.749 r  u_l1_icache/cpu_stall_debug_OBUF_inst_i_2/O
                         net (fo=45, routed)          0.918    10.668    u_cpu/dut_pc/icache_cpu_valid
    SLICE_X31Y28         LUT6 (Prop_lut6_I3_O)        0.124    10.792 r  u_cpu/dut_pc/instr_debug[13]_i_1/O
                         net (fo=15, routed)          0.836    11.627    u_cpu/dut_pc/cpu_mem_funct3[1]
    SLICE_X30Y31         LUT6 (Prop_lut6_I1_O)        0.124    11.751 r  u_cpu/dut_pc/pc_target1_carry_i_16/O
                         net (fo=1, routed)           0.815    12.567    u_cpu/dut_pc/pc_target1_carry_i_16_n_0
    SLICE_X28Y31         LUT6 (Prop_lut6_I3_O)        0.124    12.691 r  u_cpu/dut_pc/pc_target1_carry_i_9/O
                         net (fo=35, routed)          0.851    13.542    u_cpu/dut_pc/imm_sel[1]
    SLICE_X28Y33         LUT6 (Prop_lut6_I0_O)        0.124    13.666 f  u_cpu/dut_pc/pc_target1_carry__0_i_10/O
                         net (fo=9, routed)           0.767    14.433    u_cpu/dut_pc/pc_target1_carry__0_i_10_n_0
    SLICE_X15Y33         LUT4 (Prop_lut4_I2_O)        0.124    14.557 r  u_cpu/dut_pc/pc_target1_carry__1_i_10/O
                         net (fo=28, routed)          0.848    15.405    u_cpu/dut_pc/pc_target1_carry__1_i_10_n_0
    SLICE_X15Y37         LUT6 (Prop_lut6_I5_O)        0.124    15.529 r  u_cpu/dut_pc/pc_target1_carry__5_i_1/O
                         net (fo=5, routed)           0.691    16.220    u_cpu/dut_pc/instruction_hold_valid_q_reg_0[24]
    SLICE_X14Y37         LUT4 (Prop_lut4_I2_O)        0.124    16.344 r  u_cpu/dut_pc/result0_carry__5_i_9/O
                         net (fo=8, routed)           0.712    17.056    u_cpu/dut_pc/src_b[27]
    SLICE_X9Y35          LUT2 (Prop_lut2_I1_O)        0.124    17.180 r  u_cpu/dut_pc/result0_carry__5_i_5/O
                         net (fo=1, routed)           0.000    17.180    u_cpu/dut_alu/mem_addr_q[24]_i_8[3]
    SLICE_X9Y35          CARRY4 (Prop_carry4_S[3]_CO[3])
                                                      0.401    17.581 r  u_cpu/dut_alu/result0_carry__5/CO[3]
                         net (fo=1, routed)           0.000    17.581    u_cpu/dut_alu/result0_carry__5_n_0
    SLICE_X9Y36          CARRY4 (Prop_carry4_CI_O[3])
                                                      0.313    17.894 r  u_cpu/dut_alu/result0_carry__6/O[3]
                         net (fo=1, routed)           0.579    18.473    u_cpu/dut_pc/mem_addr_q[31]_i_5_0[9]
    SLICE_X11Y38         LUT4 (Prop_lut4_I2_O)        0.306    18.779 r  u_cpu/dut_pc/mem_addr_q[31]_i_12/O
                         net (fo=1, routed)           0.814    19.593    u_cpu/dut_pc/mem_addr_q[31]_i_12_n_0
    SLICE_X12Y38         LUT6 (Prop_lut6_I4_O)        0.124    19.717 r  u_cpu/dut_pc/mem_addr_q[31]_i_5/O
                         net (fo=1, routed)           0.295    20.012    u_cpu/dut_pc/mem_addr_q[31]_i_5_n_0
    SLICE_X14Y38         LUT5 (Prop_lut5_I0_O)        0.124    20.136 r  u_cpu/dut_pc/mem_addr_q[31]_i_4/O
                         net (fo=4, routed)           0.626    20.762    u_cpu/dut_pc/cpu_mem_addr[31]
    SLICE_X14Y37         LUT6 (Prop_lut6_I1_O)        0.124    20.886 r  u_cpu/dut_pc/refill_word_q[1]_i_5/O
                         net (fo=4, routed)           1.365    22.250    u_cpu/dut_pc/refill_word_q[1]_i_5_n_0
    SLICE_X29Y19         LUT5 (Prop_lut5_I0_O)        0.124    22.374 f  u_cpu/dut_pc/refill_word_q[1]_i_3/O
                         net (fo=161, routed)         1.414    23.789    u_l1_icache/refill_word_q_reg[1]_3
    SLICE_X40Y26         LUT6 (Prop_lut6_I2_O)        0.124    23.913 r  u_l1_icache/data_array[24][3][31]_i_1/O
                         net (fo=32, routed)          1.024    24.936    u_l1_icache/data_array[24][3][31]_i_1_n_0
    SLICE_X41Y30         FDRE                                         r  u_l1_icache/data_array_reg[24][3][12]/CE
  -------------------------------------------------------------------    -------------------

                         (clock CLK rise edge)        5.000     5.000 r  
    M18                                               0.000     5.000 r  clk (IN)
                         net (fo=0)                   0.000     5.000    clk
    M18                  IBUF (Prop_ibuf_I_O)         0.805     5.805 r  clk_IBUF_inst/O
                         net (fo=1, routed)           1.868     7.673    clk_IBUF
    BUFGCTRL_X0Y0        BUFG (Prop_bufg_I_O)         0.091     7.764 r  clk_IBUF_BUFG_inst/O
                         net (fo=11160, routed)       1.436     9.200    u_l1_icache/clk_IBUF_BUFG
    SLICE_X41Y30         FDRE                                         r  u_l1_icache/data_array_reg[24][3][12]/C
                         clock pessimism              0.250     9.450    
                         clock uncertainty           -0.335     9.115    
    SLICE_X41Y30         FDRE (Setup_fdre_C_CE)      -0.205     8.910    u_l1_icache/data_array_reg[24][3][12]
  -------------------------------------------------------------------
                         required time                          8.910    
                         arrival time                         -24.936    
  -------------------------------------------------------------------
                         slack                                -16.027    

Slack (VIOLATED) :        -16.027ns  (required time - arrival time)
  Source:                 u_cpu/dut_pc/pc_reg[5]/C
                            (rising edge-triggered cell FDRE clocked by CLK  {rise@0.000ns fall@2.500ns period=5.000ns})
  Destination:            u_l1_icache/data_array_reg[24][3][22]/CE
                            (rising edge-triggered cell FDRE clocked by CLK  {rise@0.000ns fall@2.500ns period=5.000ns})
  Path Group:             CLK
  Path Type:              Setup (Max at Slow Process Corner)
  Requirement:            5.000ns  (CLK rise@5.000ns - CLK rise@0.000ns)
  Data Path Delay:        20.381ns  (logic 4.183ns (20.525%)  route 16.198ns (79.475%))
  Logic Levels:           21  (CARRY4=4 LUT2=1 LUT4=3 LUT5=3 LUT6=9 RAMD32=1)
  Clock Path Skew:        -0.106ns (DCD - SCD + CPR)
    Destination Clock Delay (DCD):    4.200ns = ( 9.200 - 5.000 ) 
    Source Clock Delay      (SCD):    4.556ns
    Clock Pessimism Removal (CPR):    0.250ns
  Clock Uncertainty:      0.335ns  ((TSJ^2 + TIJ^2)^1/2 + DJ) / 2 + PE + UU
    Total System Jitter     (TSJ):    0.071ns
    Total Input Jitter      (TIJ):    0.000ns
    Discrete Jitter          (DJ):    0.000ns
    Phase Error              (PE):    0.000ns
    User Uncertainty         (UU):    0.300ns

    Location             Delay type                Incr(ns)  Path(ns)    Netlist Resource(s)
  -------------------------------------------------------------------    -------------------
                         (clock CLK rise edge)        0.000     0.000 r  
    M18                                               0.000     0.000 r  clk (IN)
                         net (fo=0)                   0.000     0.000    clk
    M18                  IBUF (Prop_ibuf_I_O)         0.938     0.938 r  clk_IBUF_inst/O
                         net (fo=1, routed)           1.972     2.910    clk_IBUF
    BUFGCTRL_X0Y0        BUFG (Prop_bufg_I_O)         0.096     3.006 r  clk_IBUF_BUFG_inst/O
                         net (fo=11160, routed)       1.550     4.556    u_cpu/dut_pc/clk_IBUF_BUFG
    SLICE_X35Y28         FDRE                                         r  u_cpu/dut_pc/pc_reg[5]/C
  -------------------------------------------------------------------    -------------------
    SLICE_X35Y28         FDRE (Prop_fdre_C_Q)         0.456     5.012 r  u_cpu/dut_pc/pc_reg[5]/Q
                         net (fo=95, routed)          1.361     6.373    u_l1_icache/tag_array_reg_0_31_6_11/ADDRA1
    SLICE_X38Y27         RAMD32 (Prop_ramd32_RADR1_O)
                                                      0.146     6.519 r  u_l1_icache/tag_array_reg_0_31_6_11/RAMA/O
                         net (fo=1, routed)           1.263     7.783    u_l1_icache/lookup_hit1_0[6]
    SLICE_X34Y27         LUT6 (Prop_lut6_I0_O)        0.328     8.111 r  u_l1_icache/cpu_stall_debug_OBUF_inst_i_31/O
                         net (fo=1, routed)           0.000     8.111    u_l1_icache/cpu_stall_debug_OBUF_inst_i_31_n_0
    SLICE_X34Y27         CARRY4 (Prop_carry4_S[2]_CO[3])
                                                      0.380     8.491 r  u_l1_icache/cpu_stall_debug_OBUF_inst_i_21/CO[3]
                         net (fo=1, routed)           0.000     8.491    u_l1_icache/cpu_stall_debug_OBUF_inst_i_21_n_0
    SLICE_X34Y28         CARRY4 (Prop_carry4_CI_CO[3])
                                                      0.117     8.608 r  u_l1_icache/cpu_stall_debug_OBUF_inst_i_7/CO[3]
                         net (fo=5, routed)           1.018     9.625    u_l1_icache/CO[0]
    SLICE_X32Y29         LUT5 (Prop_lut5_I1_O)        0.124     9.749 r  u_l1_icache/cpu_stall_debug_OBUF_inst_i_2/O
                         net (fo=45, routed)          0.918    10.668    u_cpu/dut_pc/icache_cpu_valid
    SLICE_X31Y28         LUT6 (Prop_lut6_I3_O)        0.124    10.792 r  u_cpu/dut_pc/instr_debug[13]_i_1/O
                         net (fo=15, routed)          0.836    11.627    u_cpu/dut_pc/cpu_mem_funct3[1]
    SLICE_X30Y31         LUT6 (Prop_lut6_I1_O)        0.124    11.751 r  u_cpu/dut_pc/pc_target1_carry_i_16/O
                         net (fo=1, routed)           0.815    12.567    u_cpu/dut_pc/pc_target1_carry_i_16_n_0
    SLICE_X28Y31         LUT6 (Prop_lut6_I3_O)        0.124    12.691 r  u_cpu/dut_pc/pc_target1_carry_i_9/O
                         net (fo=35, routed)          0.851    13.542    u_cpu/dut_pc/imm_sel[1]
    SLICE_X28Y33         LUT6 (Prop_lut6_I0_O)        0.124    13.666 f  u_cpu/dut_pc/pc_target1_carry__0_i_10/O
                         net (fo=9, routed)           0.767    14.433    u_cpu/dut_pc/pc_target1_carry__0_i_10_n_0
    SLICE_X15Y33         LUT4 (Prop_lut4_I2_O)        0.124    14.557 r  u_cpu/dut_pc/pc_target1_carry__1_i_10/O
                         net (fo=28, routed)          0.848    15.405    u_cpu/dut_pc/pc_target1_carry__1_i_10_n_0
    SLICE_X15Y37         LUT6 (Prop_lut6_I5_O)        0.124    15.529 r  u_cpu/dut_pc/pc_target1_carry__5_i_1/O
                         net (fo=5, routed)           0.691    16.220    u_cpu/dut_pc/instruction_hold_valid_q_reg_0[24]
    SLICE_X14Y37         LUT4 (Prop_lut4_I2_O)        0.124    16.344 r  u_cpu/dut_pc/result0_carry__5_i_9/O
                         net (fo=8, routed)           0.712    17.056    u_cpu/dut_pc/src_b[27]
    SLICE_X9Y35          LUT2 (Prop_lut2_I1_O)        0.124    17.180 r  u_cpu/dut_pc/result0_carry__5_i_5/O
                         net (fo=1, routed)           0.000    17.180    u_cpu/dut_alu/mem_addr_q[24]_i_8[3]
    SLICE_X9Y35          CARRY4 (Prop_carry4_S[3]_CO[3])
                                                      0.401    17.581 r  u_cpu/dut_alu/result0_carry__5/CO[3]
                         net (fo=1, routed)           0.000    17.581    u_cpu/dut_alu/result0_carry__5_n_0
    SLICE_X9Y36          CARRY4 (Prop_carry4_CI_O[3])
                                                      0.313    17.894 r  u_cpu/dut_alu/result0_carry__6/O[3]
                         net (fo=1, routed)           0.579    18.473    u_cpu/dut_pc/mem_addr_q[31]_i_5_0[9]
    SLICE_X11Y38         LUT4 (Prop_lut4_I2_O)        0.306    18.779 r  u_cpu/dut_pc/mem_addr_q[31]_i_12/O
                         net (fo=1, routed)           0.814    19.593    u_cpu/dut_pc/mem_addr_q[31]_i_12_n_0
    SLICE_X12Y38         LUT6 (Prop_lut6_I4_O)        0.124    19.717 r  u_cpu/dut_pc/mem_addr_q[31]_i_5/O
                         net (fo=1, routed)           0.295    20.012    u_cpu/dut_pc/mem_addr_q[31]_i_5_n_0
    SLICE_X14Y38         LUT5 (Prop_lut5_I0_O)        0.124    20.136 r  u_cpu/dut_pc/mem_addr_q[31]_i_4/O
                         net (fo=4, routed)           0.626    20.762    u_cpu/dut_pc/cpu_mem_addr[31]
    SLICE_X14Y37         LUT6 (Prop_lut6_I1_O)        0.124    20.886 r  u_cpu/dut_pc/refill_word_q[1]_i_5/O
                         net (fo=4, routed)           1.365    22.250    u_cpu/dut_pc/refill_word_q[1]_i_5_n_0
    SLICE_X29Y19         LUT5 (Prop_lut5_I0_O)        0.124    22.374 f  u_cpu/dut_pc/refill_word_q[1]_i_3/O
                         net (fo=161, routed)         1.414    23.789    u_l1_icache/refill_word_q_reg[1]_3
    SLICE_X40Y26         LUT6 (Prop_lut6_I2_O)        0.124    23.913 r  u_l1_icache/data_array[24][3][31]_i_1/O
                         net (fo=32, routed)          1.024    24.936    u_l1_icache/data_array[24][3][31]_i_1_n_0
    SLICE_X41Y30         FDRE                                         r  u_l1_icache/data_array_reg[24][3][22]/CE
  -------------------------------------------------------------------    -------------------

                         (clock CLK rise edge)        5.000     5.000 r  
    M18                                               0.000     5.000 r  clk (IN)
                         net (fo=0)                   0.000     5.000    clk
    M18                  IBUF (Prop_ibuf_I_O)         0.805     5.805 r  clk_IBUF_inst/O
                         net (fo=1, routed)           1.868     7.673    clk_IBUF
    BUFGCTRL_X0Y0        BUFG (Prop_bufg_I_O)         0.091     7.764 r  clk_IBUF_BUFG_inst/O
                         net (fo=11160, routed)       1.436     9.200    u_l1_icache/clk_IBUF_BUFG
    SLICE_X41Y30         FDRE                                         r  u_l1_icache/data_array_reg[24][3][22]/C
                         clock pessimism              0.250     9.450    
                         clock uncertainty           -0.335     9.115    
    SLICE_X41Y30         FDRE (Setup_fdre_C_CE)      -0.205     8.910    u_l1_icache/data_array_reg[24][3][22]
  -------------------------------------------------------------------
                         required time                          8.910    
                         arrival time                         -24.936    
  -------------------------------------------------------------------
                         slack                                -16.027    

Slack (VIOLATED) :        -16.027ns  (required time - arrival time)
  Source:                 u_cpu/dut_pc/pc_reg[5]/C
                            (rising edge-triggered cell FDRE clocked by CLK  {rise@0.000ns fall@2.500ns period=5.000ns})
  Destination:            u_l1_icache/data_array_reg[24][3][3]/CE
                            (rising edge-triggered cell FDRE clocked by CLK  {rise@0.000ns fall@2.500ns period=5.000ns})
  Path Group:             CLK
  Path Type:              Setup (Max at Slow Process Corner)
  Requirement:            5.000ns  (CLK rise@5.000ns - CLK rise@0.000ns)
  Data Path Delay:        20.381ns  (logic 4.183ns (20.525%)  route 16.198ns (79.475%))
  Logic Levels:           21  (CARRY4=4 LUT2=1 LUT4=3 LUT5=3 LUT6=9 RAMD32=1)
  Clock Path Skew:        -0.106ns (DCD - SCD + CPR)
    Destination Clock Delay (DCD):    4.200ns = ( 9.200 - 5.000 ) 
    Source Clock Delay      (SCD):    4.556ns
    Clock Pessimism Removal (CPR):    0.250ns
  Clock Uncertainty:      0.335ns  ((TSJ^2 + TIJ^2)^1/2 + DJ) / 2 + PE + UU
    Total System Jitter     (TSJ):    0.071ns
    Total Input Jitter      (TIJ):    0.000ns
    Discrete Jitter          (DJ):    0.000ns
    Phase Error              (PE):    0.000ns
    User Uncertainty         (UU):    0.300ns

    Location             Delay type                Incr(ns)  Path(ns)    Netlist Resource(s)
  -------------------------------------------------------------------    -------------------
                         (clock CLK rise edge)        0.000     0.000 r  
    M18                                               0.000     0.000 r  clk (IN)
                         net (fo=0)                   0.000     0.000    clk
    M18                  IBUF (Prop_ibuf_I_O)         0.938     0.938 r  clk_IBUF_inst/O
                         net (fo=1, routed)           1.972     2.910    clk_IBUF
    BUFGCTRL_X0Y0        BUFG (Prop_bufg_I_O)         0.096     3.006 r  clk_IBUF_BUFG_inst/O
                         net (fo=11160, routed)       1.550     4.556    u_cpu/dut_pc/clk_IBUF_BUFG
    SLICE_X35Y28         FDRE                                         r  u_cpu/dut_pc/pc_reg[5]/C
  -------------------------------------------------------------------    -------------------
    SLICE_X35Y28         FDRE (Prop_fdre_C_Q)         0.456     5.012 r  u_cpu/dut_pc/pc_reg[5]/Q
                         net (fo=95, routed)          1.361     6.373    u_l1_icache/tag_array_reg_0_31_6_11/ADDRA1
    SLICE_X38Y27         RAMD32 (Prop_ramd32_RADR1_O)
                                                      0.146     6.519 r  u_l1_icache/tag_array_reg_0_31_6_11/RAMA/O
                         net (fo=1, routed)           1.263     7.783    u_l1_icache/lookup_hit1_0[6]
    SLICE_X34Y27         LUT6 (Prop_lut6_I0_O)        0.328     8.111 r  u_l1_icache/cpu_stall_debug_OBUF_inst_i_31/O
                         net (fo=1, routed)           0.000     8.111    u_l1_icache/cpu_stall_debug_OBUF_inst_i_31_n_0
    SLICE_X34Y27         CARRY4 (Prop_carry4_S[2]_CO[3])
                                                      0.380     8.491 r  u_l1_icache/cpu_stall_debug_OBUF_inst_i_21/CO[3]
                         net (fo=1, routed)           0.000     8.491    u_l1_icache/cpu_stall_debug_OBUF_inst_i_21_n_0
    SLICE_X34Y28         CARRY4 (Prop_carry4_CI_CO[3])
                                                      0.117     8.608 r  u_l1_icache/cpu_stall_debug_OBUF_inst_i_7/CO[3]
                         net (fo=5, routed)           1.018     9.625    u_l1_icache/CO[0]
    SLICE_X32Y29         LUT5 (Prop_lut5_I1_O)        0.124     9.749 r  u_l1_icache/cpu_stall_debug_OBUF_inst_i_2/O
                         net (fo=45, routed)          0.918    10.668    u_cpu/dut_pc/icache_cpu_valid
    SLICE_X31Y28         LUT6 (Prop_lut6_I3_O)        0.124    10.792 r  u_cpu/dut_pc/instr_debug[13]_i_1/O
                         net (fo=15, routed)          0.836    11.627    u_cpu/dut_pc/cpu_mem_funct3[1]
    SLICE_X30Y31         LUT6 (Prop_lut6_I1_O)        0.124    11.751 r  u_cpu/dut_pc/pc_target1_carry_i_16/O
                         net (fo=1, routed)           0.815    12.567    u_cpu/dut_pc/pc_target1_carry_i_16_n_0
    SLICE_X28Y31         LUT6 (Prop_lut6_I3_O)        0.124    12.691 r  u_cpu/dut_pc/pc_target1_carry_i_9/O
                         net (fo=35, routed)          0.851    13.542    u_cpu/dut_pc/imm_sel[1]
    SLICE_X28Y33         LUT6 (Prop_lut6_I0_O)        0.124    13.666 f  u_cpu/dut_pc/pc_target1_carry__0_i_10/O
                         net (fo=9, routed)           0.767    14.433    u_cpu/dut_pc/pc_target1_carry__0_i_10_n_0
    SLICE_X15Y33         LUT4 (Prop_lut4_I2_O)        0.124    14.557 r  u_cpu/dut_pc/pc_target1_carry__1_i_10/O
                         net (fo=28, routed)          0.848    15.405    u_cpu/dut_pc/pc_target1_carry__1_i_10_n_0
    SLICE_X15Y37         LUT6 (Prop_lut6_I5_O)        0.124    15.529 r  u_cpu/dut_pc/pc_target1_carry__5_i_1/O
                         net (fo=5, routed)           0.691    16.220    u_cpu/dut_pc/instruction_hold_valid_q_reg_0[24]
    SLICE_X14Y37         LUT4 (Prop_lut4_I2_O)        0.124    16.344 r  u_cpu/dut_pc/result0_carry__5_i_9/O
                         net (fo=8, routed)           0.712    17.056    u_cpu/dut_pc/src_b[27]
    SLICE_X9Y35          LUT2 (Prop_lut2_I1_O)        0.124    17.180 r  u_cpu/dut_pc/result0_carry__5_i_5/O
                         net (fo=1, routed)           0.000    17.180    u_cpu/dut_alu/mem_addr_q[24]_i_8[3]
    SLICE_X9Y35          CARRY4 (Prop_carry4_S[3]_CO[3])
                                                      0.401    17.581 r  u_cpu/dut_alu/result0_carry__5/CO[3]
                         net (fo=1, routed)           0.000    17.581    u_cpu/dut_alu/result0_carry__5_n_0
    SLICE_X9Y36          CARRY4 (Prop_carry4_CI_O[3])
                                                      0.313    17.894 r  u_cpu/dut_alu/result0_carry__6/O[3]
                         net (fo=1, routed)           0.579    18.473    u_cpu/dut_pc/mem_addr_q[31]_i_5_0[9]
    SLICE_X11Y38         LUT4 (Prop_lut4_I2_O)        0.306    18.779 r  u_cpu/dut_pc/mem_addr_q[31]_i_12/O
                         net (fo=1, routed)           0.814    19.593    u_cpu/dut_pc/mem_addr_q[31]_i_12_n_0
    SLICE_X12Y38         LUT6 (Prop_lut6_I4_O)        0.124    19.717 r  u_cpu/dut_pc/mem_addr_q[31]_i_5/O
                         net (fo=1, routed)           0.295    20.012    u_cpu/dut_pc/mem_addr_q[31]_i_5_n_0
    SLICE_X14Y38         LUT5 (Prop_lut5_I0_O)        0.124    20.136 r  u_cpu/dut_pc/mem_addr_q[31]_i_4/O
                         net (fo=4, routed)           0.626    20.762    u_cpu/dut_pc/cpu_mem_addr[31]
    SLICE_X14Y37         LUT6 (Prop_lut6_I1_O)        0.124    20.886 r  u_cpu/dut_pc/refill_word_q[1]_i_5/O
                         net (fo=4, routed)           1.365    22.250    u_cpu/dut_pc/refill_word_q[1]_i_5_n_0
    SLICE_X29Y19         LUT5 (Prop_lut5_I0_O)        0.124    22.374 f  u_cpu/dut_pc/refill_word_q[1]_i_3/O
                         net (fo=161, routed)         1.414    23.789    u_l1_icache/refill_word_q_reg[1]_3
    SLICE_X40Y26         LUT6 (Prop_lut6_I2_O)        0.124    23.913 r  u_l1_icache/data_array[24][3][31]_i_1/O
                         net (fo=32, routed)          1.024    24.936    u_l1_icache/data_array[24][3][31]_i_1_n_0
    SLICE_X41Y30         FDRE                                         r  u_l1_icache/data_array_reg[24][3][3]/CE
  -------------------------------------------------------------------    -------------------

                         (clock CLK rise edge)        5.000     5.000 r  
    M18                                               0.000     5.000 r  clk (IN)
                         net (fo=0)                   0.000     5.000    clk
    M18                  IBUF (Prop_ibuf_I_O)         0.805     5.805 r  clk_IBUF_inst/O
                         net (fo=1, routed)           1.868     7.673    clk_IBUF
    BUFGCTRL_X0Y0        BUFG (Prop_bufg_I_O)         0.091     7.764 r  clk_IBUF_BUFG_inst/O
                         net (fo=11160, routed)       1.436     9.200    u_l1_icache/clk_IBUF_BUFG
    SLICE_X41Y30         FDRE                                         r  u_l1_icache/data_array_reg[24][3][3]/C
                         clock pessimism              0.250     9.450    
                         clock uncertainty           -0.335     9.115    
    SLICE_X41Y30         FDRE (Setup_fdre_C_CE)      -0.205     8.910    u_l1_icache/data_array_reg[24][3][3]
  -------------------------------------------------------------------
                         required time                          8.910    
                         arrival time                         -24.936    
  -------------------------------------------------------------------
                         slack                                -16.027    

Slack (VIOLATED) :        -16.027ns  (required time - arrival time)
  Source:                 u_cpu/dut_pc/pc_reg[5]/C
                            (rising edge-triggered cell FDRE clocked by CLK  {rise@0.000ns fall@2.500ns period=5.000ns})
  Destination:            u_l1_icache/data_array_reg[24][3][8]/CE
                            (rising edge-triggered cell FDRE clocked by CLK  {rise@0.000ns fall@2.500ns period=5.000ns})
  Path Group:             CLK
  Path Type:              Setup (Max at Slow Process Corner)
  Requirement:            5.000ns  (CLK rise@5.000ns - CLK rise@0.000ns)
  Data Path Delay:        20.381ns  (logic 4.183ns (20.525%)  route 16.198ns (79.475%))
  Logic Levels:           21  (CARRY4=4 LUT2=1 LUT4=3 LUT5=3 LUT6=9 RAMD32=1)
  Clock Path Skew:        -0.106ns (DCD - SCD + CPR)
    Destination Clock Delay (DCD):    4.200ns = ( 9.200 - 5.000 ) 
    Source Clock Delay      (SCD):    4.556ns
    Clock Pessimism Removal (CPR):    0.250ns
  Clock Uncertainty:      0.335ns  ((TSJ^2 + TIJ^2)^1/2 + DJ) / 2 + PE + UU
    Total System Jitter     (TSJ):    0.071ns
    Total Input Jitter      (TIJ):    0.000ns
    Discrete Jitter          (DJ):    0.000ns
    Phase Error              (PE):    0.000ns
    User Uncertainty         (UU):    0.300ns

    Location             Delay type                Incr(ns)  Path(ns)    Netlist Resource(s)
  -------------------------------------------------------------------    -------------------
                         (clock CLK rise edge)        0.000     0.000 r  
    M18                                               0.000     0.000 r  clk (IN)
                         net (fo=0)                   0.000     0.000    clk
    M18                  IBUF (Prop_ibuf_I_O)         0.938     0.938 r  clk_IBUF_inst/O
                         net (fo=1, routed)           1.972     2.910    clk_IBUF
    BUFGCTRL_X0Y0        BUFG (Prop_bufg_I_O)         0.096     3.006 r  clk_IBUF_BUFG_inst/O
                         net (fo=11160, routed)       1.550     4.556    u_cpu/dut_pc/clk_IBUF_BUFG
    SLICE_X35Y28         FDRE                                         r  u_cpu/dut_pc/pc_reg[5]/C
  -------------------------------------------------------------------    -------------------
    SLICE_X35Y28         FDRE (Prop_fdre_C_Q)         0.456     5.012 r  u_cpu/dut_pc/pc_reg[5]/Q
                         net (fo=95, routed)          1.361     6.373    u_l1_icache/tag_array_reg_0_31_6_11/ADDRA1
    SLICE_X38Y27         RAMD32 (Prop_ramd32_RADR1_O)
                                                      0.146     6.519 r  u_l1_icache/tag_array_reg_0_31_6_11/RAMA/O
                         net (fo=1, routed)           1.263     7.783    u_l1_icache/lookup_hit1_0[6]
    SLICE_X34Y27         LUT6 (Prop_lut6_I0_O)        0.328     8.111 r  u_l1_icache/cpu_stall_debug_OBUF_inst_i_31/O
                         net (fo=1, routed)           0.000     8.111    u_l1_icache/cpu_stall_debug_OBUF_inst_i_31_n_0
    SLICE_X34Y27         CARRY4 (Prop_carry4_S[2]_CO[3])
                                                      0.380     8.491 r  u_l1_icache/cpu_stall_debug_OBUF_inst_i_21/CO[3]
                         net (fo=1, routed)           0.000     8.491    u_l1_icache/cpu_stall_debug_OBUF_inst_i_21_n_0
    SLICE_X34Y28         CARRY4 (Prop_carry4_CI_CO[3])
                                                      0.117     8.608 r  u_l1_icache/cpu_stall_debug_OBUF_inst_i_7/CO[3]
                         net (fo=5, routed)           1.018     9.625    u_l1_icache/CO[0]
    SLICE_X32Y29         LUT5 (Prop_lut5_I1_O)        0.124     9.749 r  u_l1_icache/cpu_stall_debug_OBUF_inst_i_2/O
                         net (fo=45, routed)          0.918    10.668    u_cpu/dut_pc/icache_cpu_valid
    SLICE_X31Y28         LUT6 (Prop_lut6_I3_O)        0.124    10.792 r  u_cpu/dut_pc/instr_debug[13]_i_1/O
                         net (fo=15, routed)          0.836    11.627    u_cpu/dut_pc/cpu_mem_funct3[1]
    SLICE_X30Y31         LUT6 (Prop_lut6_I1_O)        0.124    11.751 r  u_cpu/dut_pc/pc_target1_carry_i_16/O
                         net (fo=1, routed)           0.815    12.567    u_cpu/dut_pc/pc_target1_carry_i_16_n_0
    SLICE_X28Y31         LUT6 (Prop_lut6_I3_O)        0.124    12.691 r  u_cpu/dut_pc/pc_target1_carry_i_9/O
                         net (fo=35, routed)          0.851    13.542    u_cpu/dut_pc/imm_sel[1]
    SLICE_X28Y33         LUT6 (Prop_lut6_I0_O)        0.124    13.666 f  u_cpu/dut_pc/pc_target1_carry__0_i_10/O
                         net (fo=9, routed)           0.767    14.433    u_cpu/dut_pc/pc_target1_carry__0_i_10_n_0
    SLICE_X15Y33         LUT4 (Prop_lut4_I2_O)        0.124    14.557 r  u_cpu/dut_pc/pc_target1_carry__1_i_10/O
                         net (fo=28, routed)          0.848    15.405    u_cpu/dut_pc/pc_target1_carry__1_i_10_n_0
    SLICE_X15Y37         LUT6 (Prop_lut6_I5_O)        0.124    15.529 r  u_cpu/dut_pc/pc_target1_carry__5_i_1/O
                         net (fo=5, routed)           0.691    16.220    u_cpu/dut_pc/instruction_hold_valid_q_reg_0[24]
    SLICE_X14Y37         LUT4 (Prop_lut4_I2_O)        0.124    16.344 r  u_cpu/dut_pc/result0_carry__5_i_9/O
                         net (fo=8, routed)           0.712    17.056    u_cpu/dut_pc/src_b[27]
    SLICE_X9Y35          LUT2 (Prop_lut2_I1_O)        0.124    17.180 r  u_cpu/dut_pc/result0_carry__5_i_5/O
                         net (fo=1, routed)           0.000    17.180    u_cpu/dut_alu/mem_addr_q[24]_i_8[3]
    SLICE_X9Y35          CARRY4 (Prop_carry4_S[3]_CO[3])
                                                      0.401    17.581 r  u_cpu/dut_alu/result0_carry__5/CO[3]
                         net (fo=1, routed)           0.000    17.581    u_cpu/dut_alu/result0_carry__5_n_0
    SLICE_X9Y36          CARRY4 (Prop_carry4_CI_O[3])
                                                      0.313    17.894 r  u_cpu/dut_alu/result0_carry__6/O[3]
                         net (fo=1, routed)           0.579    18.473    u_cpu/dut_pc/mem_addr_q[31]_i_5_0[9]
    SLICE_X11Y38         LUT4 (Prop_lut4_I2_O)        0.306    18.779 r  u_cpu/dut_pc/mem_addr_q[31]_i_12/O
                         net (fo=1, routed)           0.814    19.593    u_cpu/dut_pc/mem_addr_q[31]_i_12_n_0
    SLICE_X12Y38         LUT6 (Prop_lut6_I4_O)        0.124    19.717 r  u_cpu/dut_pc/mem_addr_q[31]_i_5/O
                         net (fo=1, routed)           0.295    20.012    u_cpu/dut_pc/mem_addr_q[31]_i_5_n_0
    SLICE_X14Y38         LUT5 (Prop_lut5_I0_O)        0.124    20.136 r  u_cpu/dut_pc/mem_addr_q[31]_i_4/O
                         net (fo=4, routed)           0.626    20.762    u_cpu/dut_pc/cpu_mem_addr[31]
    SLICE_X14Y37         LUT6 (Prop_lut6_I1_O)        0.124    20.886 r  u_cpu/dut_pc/refill_word_q[1]_i_5/O
                         net (fo=4, routed)           1.365    22.250    u_cpu/dut_pc/refill_word_q[1]_i_5_n_0
    SLICE_X29Y19         LUT5 (Prop_lut5_I0_O)        0.124    22.374 f  u_cpu/dut_pc/refill_word_q[1]_i_3/O
                         net (fo=161, routed)         1.414    23.789    u_l1_icache/refill_word_q_reg[1]_3
    SLICE_X40Y26         LUT6 (Prop_lut6_I2_O)        0.124    23.913 r  u_l1_icache/data_array[24][3][31]_i_1/O
                         net (fo=32, routed)          1.024    24.936    u_l1_icache/data_array[24][3][31]_i_1_n_0
    SLICE_X41Y30         FDRE                                         r  u_l1_icache/data_array_reg[24][3][8]/CE
  -------------------------------------------------------------------    -------------------

                         (clock CLK rise edge)        5.000     5.000 r  
    M18                                               0.000     5.000 r  clk (IN)
                         net (fo=0)                   0.000     5.000    clk
    M18                  IBUF (Prop_ibuf_I_O)         0.805     5.805 r  clk_IBUF_inst/O
                         net (fo=1, routed)           1.868     7.673    clk_IBUF
    BUFGCTRL_X0Y0        BUFG (Prop_bufg_I_O)         0.091     7.764 r  clk_IBUF_BUFG_inst/O
                         net (fo=11160, routed)       1.436     9.200    u_l1_icache/clk_IBUF_BUFG
    SLICE_X41Y30         FDRE                                         r  u_l1_icache/data_array_reg[24][3][8]/C
                         clock pessimism              0.250     9.450    
                         clock uncertainty           -0.335     9.115    
    SLICE_X41Y30         FDRE (Setup_fdre_C_CE)      -0.205     8.910    u_l1_icache/data_array_reg[24][3][8]
  -------------------------------------------------------------------
                         required time                          8.910    
                         arrival time                         -24.936    
  -------------------------------------------------------------------
                         slack                                -16.027    

Slack (VIOLATED) :        -16.010ns  (required time - arrival time)
  Source:                 u_cpu/dut_pc/pc_reg[5]/C
                            (rising edge-triggered cell FDRE clocked by CLK  {rise@0.000ns fall@2.500ns period=5.000ns})
  Destination:            u_l1_icache/data_array_reg[24][3][11]/CE
                            (rising edge-triggered cell FDRE clocked by CLK  {rise@0.000ns fall@2.500ns period=5.000ns})
  Path Group:             CLK
  Path Type:              Setup (Max at Slow Process Corner)
  Requirement:            5.000ns  (CLK rise@5.000ns - CLK rise@0.000ns)
  Data Path Delay:        20.365ns  (logic 4.183ns (20.540%)  route 16.182ns (79.460%))
  Logic Levels:           21  (CARRY4=4 LUT2=1 LUT4=3 LUT5=3 LUT6=9 RAMD32=1)
  Clock Path Skew:        -0.105ns (DCD - SCD + CPR)
    Destination Clock Delay (DCD):    4.201ns = ( 9.201 - 5.000 ) 
    Source Clock Delay      (SCD):    4.556ns
    Clock Pessimism Removal (CPR):    0.250ns
  Clock Uncertainty:      0.335ns  ((TSJ^2 + TIJ^2)^1/2 + DJ) / 2 + PE + UU
    Total System Jitter     (TSJ):    0.071ns
    Total Input Jitter      (TIJ):    0.000ns
    Discrete Jitter          (DJ):    0.000ns
    Phase Error              (PE):    0.000ns
    User Uncertainty         (UU):    0.300ns

    Location             Delay type                Incr(ns)  Path(ns)    Netlist Resource(s)
  -------------------------------------------------------------------    -------------------
                         (clock CLK rise edge)        0.000     0.000 r  
    M18                                               0.000     0.000 r  clk (IN)
                         net (fo=0)                   0.000     0.000    clk
    M18                  IBUF (Prop_ibuf_I_O)         0.938     0.938 r  clk_IBUF_inst/O
                         net (fo=1, routed)           1.972     2.910    clk_IBUF
    BUFGCTRL_X0Y0        BUFG (Prop_bufg_I_O)         0.096     3.006 r  clk_IBUF_BUFG_inst/O
                         net (fo=11160, routed)       1.550     4.556    u_cpu/dut_pc/clk_IBUF_BUFG
    SLICE_X35Y28         FDRE                                         r  u_cpu/dut_pc/pc_reg[5]/C
  -------------------------------------------------------------------    -------------------
    SLICE_X35Y28         FDRE (Prop_fdre_C_Q)         0.456     5.012 r  u_cpu/dut_pc/pc_reg[5]/Q
                         net (fo=95, routed)          1.361     6.373    u_l1_icache/tag_array_reg_0_31_6_11/ADDRA1
    SLICE_X38Y27         RAMD32 (Prop_ramd32_RADR1_O)
                                                      0.146     6.519 r  u_l1_icache/tag_array_reg_0_31_6_11/RAMA/O
                         net (fo=1, routed)           1.263     7.783    u_l1_icache/lookup_hit1_0[6]
    SLICE_X34Y27         LUT6 (Prop_lut6_I0_O)        0.328     8.111 r  u_l1_icache/cpu_stall_debug_OBUF_inst_i_31/O
                         net (fo=1, routed)           0.000     8.111    u_l1_icache/cpu_stall_debug_OBUF_inst_i_31_n_0
    SLICE_X34Y27         CARRY4 (Prop_carry4_S[2]_CO[3])
                                                      0.380     8.491 r  u_l1_icache/cpu_stall_debug_OBUF_inst_i_21/CO[3]
                         net (fo=1, routed)           0.000     8.491    u_l1_icache/cpu_stall_debug_OBUF_inst_i_21_n_0
    SLICE_X34Y28         CARRY4 (Prop_carry4_CI_CO[3])
                                                      0.117     8.608 r  u_l1_icache/cpu_stall_debug_OBUF_inst_i_7/CO[3]
                         net (fo=5, routed)           1.018     9.625    u_l1_icache/CO[0]
    SLICE_X32Y29         LUT5 (Prop_lut5_I1_O)        0.124     9.749 r  u_l1_icache/cpu_stall_debug_OBUF_inst_i_2/O
                         net (fo=45, routed)          0.918    10.668    u_cpu/dut_pc/icache_cpu_valid
    SLICE_X31Y28         LUT6 (Prop_lut6_I3_O)        0.124    10.792 r  u_cpu/dut_pc/instr_debug[13]_i_1/O
                         net (fo=15, routed)          0.836    11.627    u_cpu/dut_pc/cpu_mem_funct3[1]
    SLICE_X30Y31         LUT6 (Prop_lut6_I1_O)        0.124    11.751 r  u_cpu/dut_pc/pc_target1_carry_i_16/O
                         net (fo=1, routed)           0.815    12.567    u_cpu/dut_pc/pc_target1_carry_i_16_n_0
    SLICE_X28Y31         LUT6 (Prop_lut6_I3_O)        0.124    12.691 r  u_cpu/dut_pc/pc_target1_carry_i_9/O
                         net (fo=35, routed)          0.851    13.542    u_cpu/dut_pc/imm_sel[1]
    SLICE_X28Y33         LUT6 (Prop_lut6_I0_O)        0.124    13.666 f  u_cpu/dut_pc/pc_target1_carry__0_i_10/O
                         net (fo=9, routed)           0.767    14.433    u_cpu/dut_pc/pc_target1_carry__0_i_10_n_0
    SLICE_X15Y33         LUT4 (Prop_lut4_I2_O)        0.124    14.557 r  u_cpu/dut_pc/pc_target1_carry__1_i_10/O
                         net (fo=28, routed)          0.848    15.405    u_cpu/dut_pc/pc_target1_carry__1_i_10_n_0
    SLICE_X15Y37         LUT6 (Prop_lut6_I5_O)        0.124    15.529 r  u_cpu/dut_pc/pc_target1_carry__5_i_1/O
                         net (fo=5, routed)           0.691    16.220    u_cpu/dut_pc/instruction_hold_valid_q_reg_0[24]
    SLICE_X14Y37         LUT4 (Prop_lut4_I2_O)        0.124    16.344 r  u_cpu/dut_pc/result0_carry__5_i_9/O
                         net (fo=8, routed)           0.712    17.056    u_cpu/dut_pc/src_b[27]
    SLICE_X9Y35          LUT2 (Prop_lut2_I1_O)        0.124    17.180 r  u_cpu/dut_pc/result0_carry__5_i_5/O
                         net (fo=1, routed)           0.000    17.180    u_cpu/dut_alu/mem_addr_q[24]_i_8[3]
    SLICE_X9Y35          CARRY4 (Prop_carry4_S[3]_CO[3])
                                                      0.401    17.581 r  u_cpu/dut_alu/result0_carry__5/CO[3]
                         net (fo=1, routed)           0.000    17.581    u_cpu/dut_alu/result0_carry__5_n_0
    SLICE_X9Y36          CARRY4 (Prop_carry4_CI_O[3])
                                                      0.313    17.894 r  u_cpu/dut_alu/result0_carry__6/O[3]
                         net (fo=1, routed)           0.579    18.473    u_cpu/dut_pc/mem_addr_q[31]_i_5_0[9]
    SLICE_X11Y38         LUT4 (Prop_lut4_I2_O)        0.306    18.779 r  u_cpu/dut_pc/mem_addr_q[31]_i_12/O
                         net (fo=1, routed)           0.814    19.593    u_cpu/dut_pc/mem_addr_q[31]_i_12_n_0
    SLICE_X12Y38         LUT6 (Prop_lut6_I4_O)        0.124    19.717 r  u_cpu/dut_pc/mem_addr_q[31]_i_5/O
                         net (fo=1, routed)           0.295    20.012    u_cpu/dut_pc/mem_addr_q[31]_i_5_n_0
    SLICE_X14Y38         LUT5 (Prop_lut5_I0_O)        0.124    20.136 r  u_cpu/dut_pc/mem_addr_q[31]_i_4/O
                         net (fo=4, routed)           0.626    20.762    u_cpu/dut_pc/cpu_mem_addr[31]
    SLICE_X14Y37         LUT6 (Prop_lut6_I1_O)        0.124    20.886 r  u_cpu/dut_pc/refill_word_q[1]_i_5/O
                         net (fo=4, routed)           1.365    22.250    u_cpu/dut_pc/refill_word_q[1]_i_5_n_0
    SLICE_X29Y19         LUT5 (Prop_lut5_I0_O)        0.124    22.374 f  u_cpu/dut_pc/refill_word_q[1]_i_3/O
                         net (fo=161, routed)         1.414    23.789    u_l1_icache/refill_word_q_reg[1]_3
    SLICE_X40Y26         LUT6 (Prop_lut6_I2_O)        0.124    23.913 r  u_l1_icache/data_array[24][3][31]_i_1/O
                         net (fo=32, routed)          1.008    24.921    u_l1_icache/data_array[24][3][31]_i_1_n_0
    SLICE_X39Y32         FDRE                                         r  u_l1_icache/data_array_reg[24][3][11]/CE
  -------------------------------------------------------------------    -------------------

                         (clock CLK rise edge)        5.000     5.000 r  
    M18                                               0.000     5.000 r  clk (IN)
                         net (fo=0)                   0.000     5.000    clk
    M18                  IBUF (Prop_ibuf_I_O)         0.805     5.805 r  clk_IBUF_inst/O
                         net (fo=1, routed)           1.868     7.673    clk_IBUF
    BUFGCTRL_X0Y0        BUFG (Prop_bufg_I_O)         0.091     7.764 r  clk_IBUF_BUFG_inst/O
                         net (fo=11160, routed)       1.437     9.201    u_l1_icache/clk_IBUF_BUFG
    SLICE_X39Y32         FDRE                                         r  u_l1_icache/data_array_reg[24][3][11]/C
                         clock pessimism              0.250     9.451    
                         clock uncertainty           -0.335     9.116    
    SLICE_X39Y32         FDRE (Setup_fdre_C_CE)      -0.205     8.911    u_l1_icache/data_array_reg[24][3][11]
  -------------------------------------------------------------------
                         required time                          8.911    
                         arrival time                         -24.921    
  -------------------------------------------------------------------
                         slack                                -16.010    

Slack (VIOLATED) :        -16.010ns  (required time - arrival time)
  Source:                 u_cpu/dut_pc/pc_reg[5]/C
                            (rising edge-triggered cell FDRE clocked by CLK  {rise@0.000ns fall@2.500ns period=5.000ns})
  Destination:            u_l1_icache/data_array_reg[24][3][13]/CE
                            (rising edge-triggered cell FDRE clocked by CLK  {rise@0.000ns fall@2.500ns period=5.000ns})
  Path Group:             CLK
  Path Type:              Setup (Max at Slow Process Corner)
  Requirement:            5.000ns  (CLK rise@5.000ns - CLK rise@0.000ns)
  Data Path Delay:        20.365ns  (logic 4.183ns (20.540%)  route 16.182ns (79.460%))
  Logic Levels:           21  (CARRY4=4 LUT2=1 LUT4=3 LUT5=3 LUT6=9 RAMD32=1)
  Clock Path Skew:        -0.105ns (DCD - SCD + CPR)
    Destination Clock Delay (DCD):    4.201ns = ( 9.201 - 5.000 ) 
    Source Clock Delay      (SCD):    4.556ns
    Clock Pessimism Removal (CPR):    0.250ns
  Clock Uncertainty:      0.335ns  ((TSJ^2 + TIJ^2)^1/2 + DJ) / 2 + PE + UU
    Total System Jitter     (TSJ):    0.071ns
    Total Input Jitter      (TIJ):    0.000ns
    Discrete Jitter          (DJ):    0.000ns
    Phase Error              (PE):    0.000ns
    User Uncertainty         (UU):    0.300ns

    Location             Delay type                Incr(ns)  Path(ns)    Netlist Resource(s)
  -------------------------------------------------------------------    -------------------
                         (clock CLK rise edge)        0.000     0.000 r  
    M18                                               0.000     0.000 r  clk (IN)
                         net (fo=0)                   0.000     0.000    clk
    M18                  IBUF (Prop_ibuf_I_O)         0.938     0.938 r  clk_IBUF_inst/O
                         net (fo=1, routed)           1.972     2.910    clk_IBUF
    BUFGCTRL_X0Y0        BUFG (Prop_bufg_I_O)         0.096     3.006 r  clk_IBUF_BUFG_inst/O
                         net (fo=11160, routed)       1.550     4.556    u_cpu/dut_pc/clk_IBUF_BUFG
    SLICE_X35Y28         FDRE                                         r  u_cpu/dut_pc/pc_reg[5]/C
  -------------------------------------------------------------------    -------------------
    SLICE_X35Y28         FDRE (Prop_fdre_C_Q)         0.456     5.012 r  u_cpu/dut_pc/pc_reg[5]/Q
                         net (fo=95, routed)          1.361     6.373    u_l1_icache/tag_array_reg_0_31_6_11/ADDRA1
    SLICE_X38Y27         RAMD32 (Prop_ramd32_RADR1_O)
                                                      0.146     6.519 r  u_l1_icache/tag_array_reg_0_31_6_11/RAMA/O
                         net (fo=1, routed)           1.263     7.783    u_l1_icache/lookup_hit1_0[6]
    SLICE_X34Y27         LUT6 (Prop_lut6_I0_O)        0.328     8.111 r  u_l1_icache/cpu_stall_debug_OBUF_inst_i_31/O
                         net (fo=1, routed)           0.000     8.111    u_l1_icache/cpu_stall_debug_OBUF_inst_i_31_n_0
    SLICE_X34Y27         CARRY4 (Prop_carry4_S[2]_CO[3])
                                                      0.380     8.491 r  u_l1_icache/cpu_stall_debug_OBUF_inst_i_21/CO[3]
                         net (fo=1, routed)           0.000     8.491    u_l1_icache/cpu_stall_debug_OBUF_inst_i_21_n_0
    SLICE_X34Y28         CARRY4 (Prop_carry4_CI_CO[3])
                                                      0.117     8.608 r  u_l1_icache/cpu_stall_debug_OBUF_inst_i_7/CO[3]
                         net (fo=5, routed)           1.018     9.625    u_l1_icache/CO[0]
    SLICE_X32Y29         LUT5 (Prop_lut5_I1_O)        0.124     9.749 r  u_l1_icache/cpu_stall_debug_OBUF_inst_i_2/O
                         net (fo=45, routed)          0.918    10.668    u_cpu/dut_pc/icache_cpu_valid
    SLICE_X31Y28         LUT6 (Prop_lut6_I3_O)        0.124    10.792 r  u_cpu/dut_pc/instr_debug[13]_i_1/O
                         net (fo=15, routed)          0.836    11.627    u_cpu/dut_pc/cpu_mem_funct3[1]
    SLICE_X30Y31         LUT6 (Prop_lut6_I1_O)        0.124    11.751 r  u_cpu/dut_pc/pc_target1_carry_i_16/O
                         net (fo=1, routed)           0.815    12.567    u_cpu/dut_pc/pc_target1_carry_i_16_n_0
    SLICE_X28Y31         LUT6 (Prop_lut6_I3_O)        0.124    12.691 r  u_cpu/dut_pc/pc_target1_carry_i_9/O
                         net (fo=35, routed)          0.851    13.542    u_cpu/dut_pc/imm_sel[1]
    SLICE_X28Y33         LUT6 (Prop_lut6_I0_O)        0.124    13.666 f  u_cpu/dut_pc/pc_target1_carry__0_i_10/O
                         net (fo=9, routed)           0.767    14.433    u_cpu/dut_pc/pc_target1_carry__0_i_10_n_0
    SLICE_X15Y33         LUT4 (Prop_lut4_I2_O)        0.124    14.557 r  u_cpu/dut_pc/pc_target1_carry__1_i_10/O
                         net (fo=28, routed)          0.848    15.405    u_cpu/dut_pc/pc_target1_carry__1_i_10_n_0
    SLICE_X15Y37         LUT6 (Prop_lut6_I5_O)        0.124    15.529 r  u_cpu/dut_pc/pc_target1_carry__5_i_1/O
                         net (fo=5, routed)           0.691    16.220    u_cpu/dut_pc/instruction_hold_valid_q_reg_0[24]
    SLICE_X14Y37         LUT4 (Prop_lut4_I2_O)        0.124    16.344 r  u_cpu/dut_pc/result0_carry__5_i_9/O
                         net (fo=8, routed)           0.712    17.056    u_cpu/dut_pc/src_b[27]
    SLICE_X9Y35          LUT2 (Prop_lut2_I1_O)        0.124    17.180 r  u_cpu/dut_pc/result0_carry__5_i_5/O
                         net (fo=1, routed)           0.000    17.180    u_cpu/dut_alu/mem_addr_q[24]_i_8[3]
    SLICE_X9Y35          CARRY4 (Prop_carry4_S[3]_CO[3])
                                                      0.401    17.581 r  u_cpu/dut_alu/result0_carry__5/CO[3]
                         net (fo=1, routed)           0.000    17.581    u_cpu/dut_alu/result0_carry__5_n_0
    SLICE_X9Y36          CARRY4 (Prop_carry4_CI_O[3])
                                                      0.313    17.894 r  u_cpu/dut_alu/result0_carry__6/O[3]
                         net (fo=1, routed)           0.579    18.473    u_cpu/dut_pc/mem_addr_q[31]_i_5_0[9]
    SLICE_X11Y38         LUT4 (Prop_lut4_I2_O)        0.306    18.779 r  u_cpu/dut_pc/mem_addr_q[31]_i_12/O
                         net (fo=1, routed)           0.814    19.593    u_cpu/dut_pc/mem_addr_q[31]_i_12_n_0
    SLICE_X12Y38         LUT6 (Prop_lut6_I4_O)        0.124    19.717 r  u_cpu/dut_pc/mem_addr_q[31]_i_5/O
                         net (fo=1, routed)           0.295    20.012    u_cpu/dut_pc/mem_addr_q[31]_i_5_n_0
    SLICE_X14Y38         LUT5 (Prop_lut5_I0_O)        0.124    20.136 r  u_cpu/dut_pc/mem_addr_q[31]_i_4/O
                         net (fo=4, routed)           0.626    20.762    u_cpu/dut_pc/cpu_mem_addr[31]
    SLICE_X14Y37         LUT6 (Prop_lut6_I1_O)        0.124    20.886 r  u_cpu/dut_pc/refill_word_q[1]_i_5/O
                         net (fo=4, routed)           1.365    22.250    u_cpu/dut_pc/refill_word_q[1]_i_5_n_0
    SLICE_X29Y19         LUT5 (Prop_lut5_I0_O)        0.124    22.374 f  u_cpu/dut_pc/refill_word_q[1]_i_3/O
                         net (fo=161, routed)         1.414    23.789    u_l1_icache/refill_word_q_reg[1]_3
    SLICE_X40Y26         LUT6 (Prop_lut6_I2_O)        0.124    23.913 r  u_l1_icache/data_array[24][3][31]_i_1/O
                         net (fo=32, routed)          1.008    24.921    u_l1_icache/data_array[24][3][31]_i_1_n_0
    SLICE_X39Y32         FDRE                                         r  u_l1_icache/data_array_reg[24][3][13]/CE
  -------------------------------------------------------------------    -------------------

                         (clock CLK rise edge)        5.000     5.000 r  
    M18                                               0.000     5.000 r  clk (IN)
                         net (fo=0)                   0.000     5.000    clk
    M18                  IBUF (Prop_ibuf_I_O)         0.805     5.805 r  clk_IBUF_inst/O
                         net (fo=1, routed)           1.868     7.673    clk_IBUF
    BUFGCTRL_X0Y0        BUFG (Prop_bufg_I_O)         0.091     7.764 r  clk_IBUF_BUFG_inst/O
                         net (fo=11160, routed)       1.437     9.201    u_l1_icache/clk_IBUF_BUFG
    SLICE_X39Y32         FDRE                                         r  u_l1_icache/data_array_reg[24][3][13]/C
                         clock pessimism              0.250     9.451    
                         clock uncertainty           -0.335     9.116    
    SLICE_X39Y32         FDRE (Setup_fdre_C_CE)      -0.205     8.911    u_l1_icache/data_array_reg[24][3][13]
  -------------------------------------------------------------------
                         required time                          8.911    
                         arrival time                         -24.921    
  -------------------------------------------------------------------
                         slack                                -16.010    

Slack (VIOLATED) :        -16.010ns  (required time - arrival time)
  Source:                 u_cpu/dut_pc/pc_reg[5]/C
                            (rising edge-triggered cell FDRE clocked by CLK  {rise@0.000ns fall@2.500ns period=5.000ns})
  Destination:            u_l1_icache/data_array_reg[24][3][23]/CE
                            (rising edge-triggered cell FDRE clocked by CLK  {rise@0.000ns fall@2.500ns period=5.000ns})
  Path Group:             CLK
  Path Type:              Setup (Max at Slow Process Corner)
  Requirement:            5.000ns  (CLK rise@5.000ns - CLK rise@0.000ns)
  Data Path Delay:        20.365ns  (logic 4.183ns (20.540%)  route 16.182ns (79.460%))
  Logic Levels:           21  (CARRY4=4 LUT2=1 LUT4=3 LUT5=3 LUT6=9 RAMD32=1)
  Clock Path Skew:        -0.105ns (DCD - SCD + CPR)
    Destination Clock Delay (DCD):    4.201ns = ( 9.201 - 5.000 ) 
    Source Clock Delay      (SCD):    4.556ns
    Clock Pessimism Removal (CPR):    0.250ns
  Clock Uncertainty:      0.335ns  ((TSJ^2 + TIJ^2)^1/2 + DJ) / 2 + PE + UU
    Total System Jitter     (TSJ):    0.071ns
    Total Input Jitter      (TIJ):    0.000ns
    Discrete Jitter          (DJ):    0.000ns
    Phase Error              (PE):    0.000ns
    User Uncertainty         (UU):    0.300ns

    Location             Delay type                Incr(ns)  Path(ns)    Netlist Resource(s)
  -------------------------------------------------------------------    -------------------
                         (clock CLK rise edge)        0.000     0.000 r  
    M18                                               0.000     0.000 r  clk (IN)
                         net (fo=0)                   0.000     0.000    clk
    M18                  IBUF (Prop_ibuf_I_O)         0.938     0.938 r  clk_IBUF_inst/O
                         net (fo=1, routed)           1.972     2.910    clk_IBUF
    BUFGCTRL_X0Y0        BUFG (Prop_bufg_I_O)         0.096     3.006 r  clk_IBUF_BUFG_inst/O
                         net (fo=11160, routed)       1.550     4.556    u_cpu/dut_pc/clk_IBUF_BUFG
    SLICE_X35Y28         FDRE                                         r  u_cpu/dut_pc/pc_reg[5]/C
  -------------------------------------------------------------------    -------------------
    SLICE_X35Y28         FDRE (Prop_fdre_C_Q)         0.456     5.012 r  u_cpu/dut_pc/pc_reg[5]/Q
                         net (fo=95, routed)          1.361     6.373    u_l1_icache/tag_array_reg_0_31_6_11/ADDRA1
    SLICE_X38Y27         RAMD32 (Prop_ramd32_RADR1_O)
                                                      0.146     6.519 r  u_l1_icache/tag_array_reg_0_31_6_11/RAMA/O
                         net (fo=1, routed)           1.263     7.783    u_l1_icache/lookup_hit1_0[6]
    SLICE_X34Y27         LUT6 (Prop_lut6_I0_O)        0.328     8.111 r  u_l1_icache/cpu_stall_debug_OBUF_inst_i_31/O
                         net (fo=1, routed)           0.000     8.111    u_l1_icache/cpu_stall_debug_OBUF_inst_i_31_n_0
    SLICE_X34Y27         CARRY4 (Prop_carry4_S[2]_CO[3])
                                                      0.380     8.491 r  u_l1_icache/cpu_stall_debug_OBUF_inst_i_21/CO[3]
                         net (fo=1, routed)           0.000     8.491    u_l1_icache/cpu_stall_debug_OBUF_inst_i_21_n_0
    SLICE_X34Y28         CARRY4 (Prop_carry4_CI_CO[3])
                                                      0.117     8.608 r  u_l1_icache/cpu_stall_debug_OBUF_inst_i_7/CO[3]
                         net (fo=5, routed)           1.018     9.625    u_l1_icache/CO[0]
    SLICE_X32Y29         LUT5 (Prop_lut5_I1_O)        0.124     9.749 r  u_l1_icache/cpu_stall_debug_OBUF_inst_i_2/O
                         net (fo=45, routed)          0.918    10.668    u_cpu/dut_pc/icache_cpu_valid
    SLICE_X31Y28         LUT6 (Prop_lut6_I3_O)        0.124    10.792 r  u_cpu/dut_pc/instr_debug[13]_i_1/O
                         net (fo=15, routed)          0.836    11.627    u_cpu/dut_pc/cpu_mem_funct3[1]
    SLICE_X30Y31         LUT6 (Prop_lut6_I1_O)        0.124    11.751 r  u_cpu/dut_pc/pc_target1_carry_i_16/O
                         net (fo=1, routed)           0.815    12.567    u_cpu/dut_pc/pc_target1_carry_i_16_n_0
    SLICE_X28Y31         LUT6 (Prop_lut6_I3_O)        0.124    12.691 r  u_cpu/dut_pc/pc_target1_carry_i_9/O
                         net (fo=35, routed)          0.851    13.542    u_cpu/dut_pc/imm_sel[1]
    SLICE_X28Y33         LUT6 (Prop_lut6_I0_O)        0.124    13.666 f  u_cpu/dut_pc/pc_target1_carry__0_i_10/O
                         net (fo=9, routed)           0.767    14.433    u_cpu/dut_pc/pc_target1_carry__0_i_10_n_0
    SLICE_X15Y33         LUT4 (Prop_lut4_I2_O)        0.124    14.557 r  u_cpu/dut_pc/pc_target1_carry__1_i_10/O
                         net (fo=28, routed)          0.848    15.405    u_cpu/dut_pc/pc_target1_carry__1_i_10_n_0
    SLICE_X15Y37         LUT6 (Prop_lut6_I5_O)        0.124    15.529 r  u_cpu/dut_pc/pc_target1_carry__5_i_1/O
                         net (fo=5, routed)           0.691    16.220    u_cpu/dut_pc/instruction_hold_valid_q_reg_0[24]
    SLICE_X14Y37         LUT4 (Prop_lut4_I2_O)        0.124    16.344 r  u_cpu/dut_pc/result0_carry__5_i_9/O
                         net (fo=8, routed)           0.712    17.056    u_cpu/dut_pc/src_b[27]
    SLICE_X9Y35          LUT2 (Prop_lut2_I1_O)        0.124    17.180 r  u_cpu/dut_pc/result0_carry__5_i_5/O
                         net (fo=1, routed)           0.000    17.180    u_cpu/dut_alu/mem_addr_q[24]_i_8[3]
    SLICE_X9Y35          CARRY4 (Prop_carry4_S[3]_CO[3])
                                                      0.401    17.581 r  u_cpu/dut_alu/result0_carry__5/CO[3]
                         net (fo=1, routed)           0.000    17.581    u_cpu/dut_alu/result0_carry__5_n_0
    SLICE_X9Y36          CARRY4 (Prop_carry4_CI_O[3])
                                                      0.313    17.894 r  u_cpu/dut_alu/result0_carry__6/O[3]
                         net (fo=1, routed)           0.579    18.473    u_cpu/dut_pc/mem_addr_q[31]_i_5_0[9]
    SLICE_X11Y38         LUT4 (Prop_lut4_I2_O)        0.306    18.779 r  u_cpu/dut_pc/mem_addr_q[31]_i_12/O
                         net (fo=1, routed)           0.814    19.593    u_cpu/dut_pc/mem_addr_q[31]_i_12_n_0
    SLICE_X12Y38         LUT6 (Prop_lut6_I4_O)        0.124    19.717 r  u_cpu/dut_pc/mem_addr_q[31]_i_5/O
                         net (fo=1, routed)           0.295    20.012    u_cpu/dut_pc/mem_addr_q[31]_i_5_n_0
    SLICE_X14Y38         LUT5 (Prop_lut5_I0_O)        0.124    20.136 r  u_cpu/dut_pc/mem_addr_q[31]_i_4/O
                         net (fo=4, routed)           0.626    20.762    u_cpu/dut_pc/cpu_mem_addr[31]
    SLICE_X14Y37         LUT6 (Prop_lut6_I1_O)        0.124    20.886 r  u_cpu/dut_pc/refill_word_q[1]_i_5/O
                         net (fo=4, routed)           1.365    22.250    u_cpu/dut_pc/refill_word_q[1]_i_5_n_0
    SLICE_X29Y19         LUT5 (Prop_lut5_I0_O)        0.124    22.374 f  u_cpu/dut_pc/refill_word_q[1]_i_3/O
                         net (fo=161, routed)         1.414    23.789    u_l1_icache/refill_word_q_reg[1]_3
    SLICE_X40Y26         LUT6 (Prop_lut6_I2_O)        0.124    23.913 r  u_l1_icache/data_array[24][3][31]_i_1/O
                         net (fo=32, routed)          1.008    24.921    u_l1_icache/data_array[24][3][31]_i_1_n_0
    SLICE_X39Y32         FDRE                                         r  u_l1_icache/data_array_reg[24][3][23]/CE
  -------------------------------------------------------------------    -------------------

                         (clock CLK rise edge)        5.000     5.000 r  
    M18                                               0.000     5.000 r  clk (IN)
                         net (fo=0)                   0.000     5.000    clk
    M18                  IBUF (Prop_ibuf_I_O)         0.805     5.805 r  clk_IBUF_inst/O
                         net (fo=1, routed)           1.868     7.673    clk_IBUF
    BUFGCTRL_X0Y0        BUFG (Prop_bufg_I_O)         0.091     7.764 r  clk_IBUF_BUFG_inst/O
                         net (fo=11160, routed)       1.437     9.201    u_l1_icache/clk_IBUF_BUFG
    SLICE_X39Y32         FDRE                                         r  u_l1_icache/data_array_reg[24][3][23]/C
                         clock pessimism              0.250     9.451    
                         clock uncertainty           -0.335     9.116    
    SLICE_X39Y32         FDRE (Setup_fdre_C_CE)      -0.205     8.911    u_l1_icache/data_array_reg[24][3][23]
  -------------------------------------------------------------------
                         required time                          8.911    
                         arrival time                         -24.921    
  -------------------------------------------------------------------
                         slack                                -16.010    

Slack (VIOLATED) :        -16.010ns  (required time - arrival time)
  Source:                 u_cpu/dut_pc/pc_reg[5]/C
                            (rising edge-triggered cell FDRE clocked by CLK  {rise@0.000ns fall@2.500ns period=5.000ns})
  Destination:            u_l1_icache/data_array_reg[24][3][30]/CE
                            (rising edge-triggered cell FDRE clocked by CLK  {rise@0.000ns fall@2.500ns period=5.000ns})
  Path Group:             CLK
  Path Type:              Setup (Max at Slow Process Corner)
  Requirement:            5.000ns  (CLK rise@5.000ns - CLK rise@0.000ns)
  Data Path Delay:        20.365ns  (logic 4.183ns (20.540%)  route 16.182ns (79.460%))
  Logic Levels:           21  (CARRY4=4 LUT2=1 LUT4=3 LUT5=3 LUT6=9 RAMD32=1)
  Clock Path Skew:        -0.105ns (DCD - SCD + CPR)
    Destination Clock Delay (DCD):    4.201ns = ( 9.201 - 5.000 ) 
    Source Clock Delay      (SCD):    4.556ns
    Clock Pessimism Removal (CPR):    0.250ns
  Clock Uncertainty:      0.335ns  ((TSJ^2 + TIJ^2)^1/2 + DJ) / 2 + PE + UU
    Total System Jitter     (TSJ):    0.071ns
    Total Input Jitter      (TIJ):    0.000ns
    Discrete Jitter          (DJ):    0.000ns
    Phase Error              (PE):    0.000ns
    User Uncertainty         (UU):    0.300ns

    Location             Delay type                Incr(ns)  Path(ns)    Netlist Resource(s)
  -------------------------------------------------------------------    -------------------
                         (clock CLK rise edge)        0.000     0.000 r  
    M18                                               0.000     0.000 r  clk (IN)
                         net (fo=0)                   0.000     0.000    clk
    M18                  IBUF (Prop_ibuf_I_O)         0.938     0.938 r  clk_IBUF_inst/O
                         net (fo=1, routed)           1.972     2.910    clk_IBUF
    BUFGCTRL_X0Y0        BUFG (Prop_bufg_I_O)         0.096     3.006 r  clk_IBUF_BUFG_inst/O
                         net (fo=11160, routed)       1.550     4.556    u_cpu/dut_pc/clk_IBUF_BUFG
    SLICE_X35Y28         FDRE                                         r  u_cpu/dut_pc/pc_reg[5]/C
  -------------------------------------------------------------------    -------------------
    SLICE_X35Y28         FDRE (Prop_fdre_C_Q)         0.456     5.012 r  u_cpu/dut_pc/pc_reg[5]/Q
                         net (fo=95, routed)          1.361     6.373    u_l1_icache/tag_array_reg_0_31_6_11/ADDRA1
    SLICE_X38Y27         RAMD32 (Prop_ramd32_RADR1_O)
                                                      0.146     6.519 r  u_l1_icache/tag_array_reg_0_31_6_11/RAMA/O
                         net (fo=1, routed)           1.263     7.783    u_l1_icache/lookup_hit1_0[6]
    SLICE_X34Y27         LUT6 (Prop_lut6_I0_O)        0.328     8.111 r  u_l1_icache/cpu_stall_debug_OBUF_inst_i_31/O
                         net (fo=1, routed)           0.000     8.111    u_l1_icache/cpu_stall_debug_OBUF_inst_i_31_n_0
    SLICE_X34Y27         CARRY4 (Prop_carry4_S[2]_CO[3])
                                                      0.380     8.491 r  u_l1_icache/cpu_stall_debug_OBUF_inst_i_21/CO[3]
                         net (fo=1, routed)           0.000     8.491    u_l1_icache/cpu_stall_debug_OBUF_inst_i_21_n_0
    SLICE_X34Y28         CARRY4 (Prop_carry4_CI_CO[3])
                                                      0.117     8.608 r  u_l1_icache/cpu_stall_debug_OBUF_inst_i_7/CO[3]
                         net (fo=5, routed)           1.018     9.625    u_l1_icache/CO[0]
    SLICE_X32Y29         LUT5 (Prop_lut5_I1_O)        0.124     9.749 r  u_l1_icache/cpu_stall_debug_OBUF_inst_i_2/O
                         net (fo=45, routed)          0.918    10.668    u_cpu/dut_pc/icache_cpu_valid
    SLICE_X31Y28         LUT6 (Prop_lut6_I3_O)        0.124    10.792 r  u_cpu/dut_pc/instr_debug[13]_i_1/O
                         net (fo=15, routed)          0.836    11.627    u_cpu/dut_pc/cpu_mem_funct3[1]
    SLICE_X30Y31         LUT6 (Prop_lut6_I1_O)        0.124    11.751 r  u_cpu/dut_pc/pc_target1_carry_i_16/O
                         net (fo=1, routed)           0.815    12.567    u_cpu/dut_pc/pc_target1_carry_i_16_n_0
    SLICE_X28Y31         LUT6 (Prop_lut6_I3_O)        0.124    12.691 r  u_cpu/dut_pc/pc_target1_carry_i_9/O
                         net (fo=35, routed)          0.851    13.542    u_cpu/dut_pc/imm_sel[1]
    SLICE_X28Y33         LUT6 (Prop_lut6_I0_O)        0.124    13.666 f  u_cpu/dut_pc/pc_target1_carry__0_i_10/O
                         net (fo=9, routed)           0.767    14.433    u_cpu/dut_pc/pc_target1_carry__0_i_10_n_0
    SLICE_X15Y33         LUT4 (Prop_lut4_I2_O)        0.124    14.557 r  u_cpu/dut_pc/pc_target1_carry__1_i_10/O
                         net (fo=28, routed)          0.848    15.405    u_cpu/dut_pc/pc_target1_carry__1_i_10_n_0
    SLICE_X15Y37         LUT6 (Prop_lut6_I5_O)        0.124    15.529 r  u_cpu/dut_pc/pc_target1_carry__5_i_1/O
                         net (fo=5, routed)           0.691    16.220    u_cpu/dut_pc/instruction_hold_valid_q_reg_0[24]
    SLICE_X14Y37         LUT4 (Prop_lut4_I2_O)        0.124    16.344 r  u_cpu/dut_pc/result0_carry__5_i_9/O
                         net (fo=8, routed)           0.712    17.056    u_cpu/dut_pc/src_b[27]
    SLICE_X9Y35          LUT2 (Prop_lut2_I1_O)        0.124    17.180 r  u_cpu/dut_pc/result0_carry__5_i_5/O
                         net (fo=1, routed)           0.000    17.180    u_cpu/dut_alu/mem_addr_q[24]_i_8[3]
    SLICE_X9Y35          CARRY4 (Prop_carry4_S[3]_CO[3])
                                                      0.401    17.581 r  u_cpu/dut_alu/result0_carry__5/CO[3]
                         net (fo=1, routed)           0.000    17.581    u_cpu/dut_alu/result0_carry__5_n_0
    SLICE_X9Y36          CARRY4 (Prop_carry4_CI_O[3])
                                                      0.313    17.894 r  u_cpu/dut_alu/result0_carry__6/O[3]
                         net (fo=1, routed)           0.579    18.473    u_cpu/dut_pc/mem_addr_q[31]_i_5_0[9]
    SLICE_X11Y38         LUT4 (Prop_lut4_I2_O)        0.306    18.779 r  u_cpu/dut_pc/mem_addr_q[31]_i_12/O
                         net (fo=1, routed)           0.814    19.593    u_cpu/dut_pc/mem_addr_q[31]_i_12_n_0
    SLICE_X12Y38         LUT6 (Prop_lut6_I4_O)        0.124    19.717 r  u_cpu/dut_pc/mem_addr_q[31]_i_5/O
                         net (fo=1, routed)           0.295    20.012    u_cpu/dut_pc/mem_addr_q[31]_i_5_n_0
    SLICE_X14Y38         LUT5 (Prop_lut5_I0_O)        0.124    20.136 r  u_cpu/dut_pc/mem_addr_q[31]_i_4/O
                         net (fo=4, routed)           0.626    20.762    u_cpu/dut_pc/cpu_mem_addr[31]
    SLICE_X14Y37         LUT6 (Prop_lut6_I1_O)        0.124    20.886 r  u_cpu/dut_pc/refill_word_q[1]_i_5/O
                         net (fo=4, routed)           1.365    22.250    u_cpu/dut_pc/refill_word_q[1]_i_5_n_0
    SLICE_X29Y19         LUT5 (Prop_lut5_I0_O)        0.124    22.374 f  u_cpu/dut_pc/refill_word_q[1]_i_3/O
                         net (fo=161, routed)         1.414    23.789    u_l1_icache/refill_word_q_reg[1]_3
    SLICE_X40Y26         LUT6 (Prop_lut6_I2_O)        0.124    23.913 r  u_l1_icache/data_array[24][3][31]_i_1/O
                         net (fo=32, routed)          1.008    24.921    u_l1_icache/data_array[24][3][31]_i_1_n_0
    SLICE_X39Y32         FDRE                                         r  u_l1_icache/data_array_reg[24][3][30]/CE
  -------------------------------------------------------------------    -------------------

                         (clock CLK rise edge)        5.000     5.000 r  
    M18                                               0.000     5.000 r  clk (IN)
                         net (fo=0)                   0.000     5.000    clk
    M18                  IBUF (Prop_ibuf_I_O)         0.805     5.805 r  clk_IBUF_inst/O
                         net (fo=1, routed)           1.868     7.673    clk_IBUF
    BUFGCTRL_X0Y0        BUFG (Prop_bufg_I_O)         0.091     7.764 r  clk_IBUF_BUFG_inst/O
                         net (fo=11160, routed)       1.437     9.201    u_l1_icache/clk_IBUF_BUFG
    SLICE_X39Y32         FDRE                                         r  u_l1_icache/data_array_reg[24][3][30]/C
                         clock pessimism              0.250     9.451    
                         clock uncertainty           -0.335     9.116    
    SLICE_X39Y32         FDRE (Setup_fdre_C_CE)      -0.205     8.911    u_l1_icache/data_array_reg[24][3][30]
  -------------------------------------------------------------------
                         required time                          8.911    
                         arrival time                         -24.921    
  -------------------------------------------------------------------
                         slack                                -16.010    

Slack (VIOLATED) :        -16.009ns  (required time - arrival time)
  Source:                 u_cpu/dut_pc/pc_reg[5]/C
                            (rising edge-triggered cell FDRE clocked by CLK  {rise@0.000ns fall@2.500ns period=5.000ns})
  Destination:            u_l1_icache/data_array_reg[24][1][14]/CE
                            (rising edge-triggered cell FDRE clocked by CLK  {rise@0.000ns fall@2.500ns period=5.000ns})
  Path Group:             CLK
  Path Type:              Setup (Max at Slow Process Corner)
  Requirement:            5.000ns  (CLK rise@5.000ns - CLK rise@0.000ns)
  Data Path Delay:        20.373ns  (logic 4.183ns (20.532%)  route 16.190ns (79.468%))
  Logic Levels:           21  (CARRY4=4 LUT2=1 LUT4=3 LUT5=3 LUT6=9 RAMD32=1)
  Clock Path Skew:        -0.096ns (DCD - SCD + CPR)
    Destination Clock Delay (DCD):    4.210ns = ( 9.210 - 5.000 ) 
    Source Clock Delay      (SCD):    4.556ns
    Clock Pessimism Removal (CPR):    0.250ns
  Clock Uncertainty:      0.335ns  ((TSJ^2 + TIJ^2)^1/2 + DJ) / 2 + PE + UU
    Total System Jitter     (TSJ):    0.071ns
    Total Input Jitter      (TIJ):    0.000ns
    Discrete Jitter          (DJ):    0.000ns
    Phase Error              (PE):    0.000ns
    User Uncertainty         (UU):    0.300ns

    Location             Delay type                Incr(ns)  Path(ns)    Netlist Resource(s)
  -------------------------------------------------------------------    -------------------
                         (clock CLK rise edge)        0.000     0.000 r  
    M18                                               0.000     0.000 r  clk (IN)
                         net (fo=0)                   0.000     0.000    clk
    M18                  IBUF (Prop_ibuf_I_O)         0.938     0.938 r  clk_IBUF_inst/O
                         net (fo=1, routed)           1.972     2.910    clk_IBUF
    BUFGCTRL_X0Y0        BUFG (Prop_bufg_I_O)         0.096     3.006 r  clk_IBUF_BUFG_inst/O
                         net (fo=11160, routed)       1.550     4.556    u_cpu/dut_pc/clk_IBUF_BUFG
    SLICE_X35Y28         FDRE                                         r  u_cpu/dut_pc/pc_reg[5]/C
  -------------------------------------------------------------------    -------------------
    SLICE_X35Y28         FDRE (Prop_fdre_C_Q)         0.456     5.012 r  u_cpu/dut_pc/pc_reg[5]/Q
                         net (fo=95, routed)          1.361     6.373    u_l1_icache/tag_array_reg_0_31_6_11/ADDRA1
    SLICE_X38Y27         RAMD32 (Prop_ramd32_RADR1_O)
                                                      0.146     6.519 r  u_l1_icache/tag_array_reg_0_31_6_11/RAMA/O
                         net (fo=1, routed)           1.263     7.783    u_l1_icache/lookup_hit1_0[6]
    SLICE_X34Y27         LUT6 (Prop_lut6_I0_O)        0.328     8.111 r  u_l1_icache/cpu_stall_debug_OBUF_inst_i_31/O
                         net (fo=1, routed)           0.000     8.111    u_l1_icache/cpu_stall_debug_OBUF_inst_i_31_n_0
    SLICE_X34Y27         CARRY4 (Prop_carry4_S[2]_CO[3])
                                                      0.380     8.491 r  u_l1_icache/cpu_stall_debug_OBUF_inst_i_21/CO[3]
                         net (fo=1, routed)           0.000     8.491    u_l1_icache/cpu_stall_debug_OBUF_inst_i_21_n_0
    SLICE_X34Y28         CARRY4 (Prop_carry4_CI_CO[3])
                                                      0.117     8.608 r  u_l1_icache/cpu_stall_debug_OBUF_inst_i_7/CO[3]
                         net (fo=5, routed)           1.018     9.625    u_l1_icache/CO[0]
    SLICE_X32Y29         LUT5 (Prop_lut5_I1_O)        0.124     9.749 r  u_l1_icache/cpu_stall_debug_OBUF_inst_i_2/O
                         net (fo=45, routed)          0.918    10.668    u_cpu/dut_pc/icache_cpu_valid
    SLICE_X31Y28         LUT6 (Prop_lut6_I3_O)        0.124    10.792 r  u_cpu/dut_pc/instr_debug[13]_i_1/O
                         net (fo=15, routed)          0.836    11.627    u_cpu/dut_pc/cpu_mem_funct3[1]
    SLICE_X30Y31         LUT6 (Prop_lut6_I1_O)        0.124    11.751 r  u_cpu/dut_pc/pc_target1_carry_i_16/O
                         net (fo=1, routed)           0.815    12.567    u_cpu/dut_pc/pc_target1_carry_i_16_n_0
    SLICE_X28Y31         LUT6 (Prop_lut6_I3_O)        0.124    12.691 r  u_cpu/dut_pc/pc_target1_carry_i_9/O
                         net (fo=35, routed)          0.851    13.542    u_cpu/dut_pc/imm_sel[1]
    SLICE_X28Y33         LUT6 (Prop_lut6_I0_O)        0.124    13.666 f  u_cpu/dut_pc/pc_target1_carry__0_i_10/O
                         net (fo=9, routed)           0.767    14.433    u_cpu/dut_pc/pc_target1_carry__0_i_10_n_0
    SLICE_X15Y33         LUT4 (Prop_lut4_I2_O)        0.124    14.557 r  u_cpu/dut_pc/pc_target1_carry__1_i_10/O
                         net (fo=28, routed)          0.848    15.405    u_cpu/dut_pc/pc_target1_carry__1_i_10_n_0
    SLICE_X15Y37         LUT6 (Prop_lut6_I5_O)        0.124    15.529 r  u_cpu/dut_pc/pc_target1_carry__5_i_1/O
                         net (fo=5, routed)           0.691    16.220    u_cpu/dut_pc/instruction_hold_valid_q_reg_0[24]
    SLICE_X14Y37         LUT4 (Prop_lut4_I2_O)        0.124    16.344 r  u_cpu/dut_pc/result0_carry__5_i_9/O
                         net (fo=8, routed)           0.712    17.056    u_cpu/dut_pc/src_b[27]
    SLICE_X9Y35          LUT2 (Prop_lut2_I1_O)        0.124    17.180 r  u_cpu/dut_pc/result0_carry__5_i_5/O
                         net (fo=1, routed)           0.000    17.180    u_cpu/dut_alu/mem_addr_q[24]_i_8[3]
    SLICE_X9Y35          CARRY4 (Prop_carry4_S[3]_CO[3])
                                                      0.401    17.581 r  u_cpu/dut_alu/result0_carry__5/CO[3]
                         net (fo=1, routed)           0.000    17.581    u_cpu/dut_alu/result0_carry__5_n_0
    SLICE_X9Y36          CARRY4 (Prop_carry4_CI_O[3])
                                                      0.313    17.894 r  u_cpu/dut_alu/result0_carry__6/O[3]
                         net (fo=1, routed)           0.579    18.473    u_cpu/dut_pc/mem_addr_q[31]_i_5_0[9]
    SLICE_X11Y38         LUT4 (Prop_lut4_I2_O)        0.306    18.779 r  u_cpu/dut_pc/mem_addr_q[31]_i_12/O
                         net (fo=1, routed)           0.814    19.593    u_cpu/dut_pc/mem_addr_q[31]_i_12_n_0
    SLICE_X12Y38         LUT6 (Prop_lut6_I4_O)        0.124    19.717 r  u_cpu/dut_pc/mem_addr_q[31]_i_5/O
                         net (fo=1, routed)           0.295    20.012    u_cpu/dut_pc/mem_addr_q[31]_i_5_n_0
    SLICE_X14Y38         LUT5 (Prop_lut5_I0_O)        0.124    20.136 r  u_cpu/dut_pc/mem_addr_q[31]_i_4/O
                         net (fo=4, routed)           0.626    20.762    u_cpu/dut_pc/cpu_mem_addr[31]
    SLICE_X14Y37         LUT6 (Prop_lut6_I1_O)        0.124    20.886 r  u_cpu/dut_pc/refill_word_q[1]_i_5/O
                         net (fo=4, routed)           1.365    22.250    u_cpu/dut_pc/refill_word_q[1]_i_5_n_0
    SLICE_X29Y19         LUT5 (Prop_lut5_I0_O)        0.124    22.374 f  u_cpu/dut_pc/refill_word_q[1]_i_3/O
                         net (fo=161, routed)         1.386    23.760    u_l1_icache/refill_word_q_reg[1]_3
    SLICE_X36Y9          LUT6 (Prop_lut6_I0_O)        0.124    23.884 r  u_l1_icache/data_array[24][1][31]_i_1/O
                         net (fo=32, routed)          1.045    24.929    u_l1_icache/data_array[24][1][31]_i_1_n_0
    SLICE_X45Y10         FDRE                                         r  u_l1_icache/data_array_reg[24][1][14]/CE
  -------------------------------------------------------------------    -------------------

                         (clock CLK rise edge)        5.000     5.000 r  
    M18                                               0.000     5.000 r  clk (IN)
                         net (fo=0)                   0.000     5.000    clk
    M18                  IBUF (Prop_ibuf_I_O)         0.805     5.805 r  clk_IBUF_inst/O
                         net (fo=1, routed)           1.868     7.673    clk_IBUF
    BUFGCTRL_X0Y0        BUFG (Prop_bufg_I_O)         0.091     7.764 r  clk_IBUF_BUFG_inst/O
                         net (fo=11160, routed)       1.446     9.210    u_l1_icache/clk_IBUF_BUFG
    SLICE_X45Y10         FDRE                                         r  u_l1_icache/data_array_reg[24][1][14]/C
                         clock pessimism              0.250     9.460    
                         clock uncertainty           -0.335     9.125    
    SLICE_X45Y10         FDRE (Setup_fdre_C_CE)      -0.205     8.920    u_l1_icache/data_array_reg[24][1][14]
  -------------------------------------------------------------------
                         required time                          8.920    
                         arrival time                         -24.929    
  -------------------------------------------------------------------
                         slack                                -16.009    

Slack (VIOLATED) :        -16.009ns  (required time - arrival time)
  Source:                 u_cpu/dut_pc/pc_reg[5]/C
                            (rising edge-triggered cell FDRE clocked by CLK  {rise@0.000ns fall@2.500ns period=5.000ns})
  Destination:            u_l1_icache/data_array_reg[24][1][16]/CE
                            (rising edge-triggered cell FDRE clocked by CLK  {rise@0.000ns fall@2.500ns period=5.000ns})
  Path Group:             CLK
  Path Type:              Setup (Max at Slow Process Corner)
  Requirement:            5.000ns  (CLK rise@5.000ns - CLK rise@0.000ns)
  Data Path Delay:        20.373ns  (logic 4.183ns (20.532%)  route 16.190ns (79.468%))
  Logic Levels:           21  (CARRY4=4 LUT2=1 LUT4=3 LUT5=3 LUT6=9 RAMD32=1)
  Clock Path Skew:        -0.096ns (DCD - SCD + CPR)
    Destination Clock Delay (DCD):    4.210ns = ( 9.210 - 5.000 ) 
    Source Clock Delay      (SCD):    4.556ns
    Clock Pessimism Removal (CPR):    0.250ns
  Clock Uncertainty:      0.335ns  ((TSJ^2 + TIJ^2)^1/2 + DJ) / 2 + PE + UU
    Total System Jitter     (TSJ):    0.071ns
    Total Input Jitter      (TIJ):    0.000ns
    Discrete Jitter          (DJ):    0.000ns
    Phase Error              (PE):    0.000ns
    User Uncertainty         (UU):    0.300ns

    Location             Delay type                Incr(ns)  Path(ns)    Netlist Resource(s)
  -------------------------------------------------------------------    -------------------
                         (clock CLK rise edge)        0.000     0.000 r  
    M18                                               0.000     0.000 r  clk (IN)
                         net (fo=0)                   0.000     0.000    clk
    M18                  IBUF (Prop_ibuf_I_O)         0.938     0.938 r  clk_IBUF_inst/O
                         net (fo=1, routed)           1.972     2.910    clk_IBUF
    BUFGCTRL_X0Y0        BUFG (Prop_bufg_I_O)         0.096     3.006 r  clk_IBUF_BUFG_inst/O
                         net (fo=11160, routed)       1.550     4.556    u_cpu/dut_pc/clk_IBUF_BUFG
    SLICE_X35Y28         FDRE                                         r  u_cpu/dut_pc/pc_reg[5]/C
  -------------------------------------------------------------------    -------------------
    SLICE_X35Y28         FDRE (Prop_fdre_C_Q)         0.456     5.012 r  u_cpu/dut_pc/pc_reg[5]/Q
                         net (fo=95, routed)          1.361     6.373    u_l1_icache/tag_array_reg_0_31_6_11/ADDRA1
    SLICE_X38Y27         RAMD32 (Prop_ramd32_RADR1_O)
                                                      0.146     6.519 r  u_l1_icache/tag_array_reg_0_31_6_11/RAMA/O
                         net (fo=1, routed)           1.263     7.783    u_l1_icache/lookup_hit1_0[6]
    SLICE_X34Y27         LUT6 (Prop_lut6_I0_O)        0.328     8.111 r  u_l1_icache/cpu_stall_debug_OBUF_inst_i_31/O
                         net (fo=1, routed)           0.000     8.111    u_l1_icache/cpu_stall_debug_OBUF_inst_i_31_n_0
    SLICE_X34Y27         CARRY4 (Prop_carry4_S[2]_CO[3])
                                                      0.380     8.491 r  u_l1_icache/cpu_stall_debug_OBUF_inst_i_21/CO[3]
                         net (fo=1, routed)           0.000     8.491    u_l1_icache/cpu_stall_debug_OBUF_inst_i_21_n_0
    SLICE_X34Y28         CARRY4 (Prop_carry4_CI_CO[3])
                                                      0.117     8.608 r  u_l1_icache/cpu_stall_debug_OBUF_inst_i_7/CO[3]
                         net (fo=5, routed)           1.018     9.625    u_l1_icache/CO[0]
    SLICE_X32Y29         LUT5 (Prop_lut5_I1_O)        0.124     9.749 r  u_l1_icache/cpu_stall_debug_OBUF_inst_i_2/O
                         net (fo=45, routed)          0.918    10.668    u_cpu/dut_pc/icache_cpu_valid
    SLICE_X31Y28         LUT6 (Prop_lut6_I3_O)        0.124    10.792 r  u_cpu/dut_pc/instr_debug[13]_i_1/O
                         net (fo=15, routed)          0.836    11.627    u_cpu/dut_pc/cpu_mem_funct3[1]
    SLICE_X30Y31         LUT6 (Prop_lut6_I1_O)        0.124    11.751 r  u_cpu/dut_pc/pc_target1_carry_i_16/O
                         net (fo=1, routed)           0.815    12.567    u_cpu/dut_pc/pc_target1_carry_i_16_n_0
    SLICE_X28Y31         LUT6 (Prop_lut6_I3_O)        0.124    12.691 r  u_cpu/dut_pc/pc_target1_carry_i_9/O
                         net (fo=35, routed)          0.851    13.542    u_cpu/dut_pc/imm_sel[1]
    SLICE_X28Y33         LUT6 (Prop_lut6_I0_O)        0.124    13.666 f  u_cpu/dut_pc/pc_target1_carry__0_i_10/O
                         net (fo=9, routed)           0.767    14.433    u_cpu/dut_pc/pc_target1_carry__0_i_10_n_0
    SLICE_X15Y33         LUT4 (Prop_lut4_I2_O)        0.124    14.557 r  u_cpu/dut_pc/pc_target1_carry__1_i_10/O
                         net (fo=28, routed)          0.848    15.405    u_cpu/dut_pc/pc_target1_carry__1_i_10_n_0
    SLICE_X15Y37         LUT6 (Prop_lut6_I5_O)        0.124    15.529 r  u_cpu/dut_pc/pc_target1_carry__5_i_1/O
                         net (fo=5, routed)           0.691    16.220    u_cpu/dut_pc/instruction_hold_valid_q_reg_0[24]
    SLICE_X14Y37         LUT4 (Prop_lut4_I2_O)        0.124    16.344 r  u_cpu/dut_pc/result0_carry__5_i_9/O
                         net (fo=8, routed)           0.712    17.056    u_cpu/dut_pc/src_b[27]
    SLICE_X9Y35          LUT2 (Prop_lut2_I1_O)        0.124    17.180 r  u_cpu/dut_pc/result0_carry__5_i_5/O
                         net (fo=1, routed)           0.000    17.180    u_cpu/dut_alu/mem_addr_q[24]_i_8[3]
    SLICE_X9Y35          CARRY4 (Prop_carry4_S[3]_CO[3])
                                                      0.401    17.581 r  u_cpu/dut_alu/result0_carry__5/CO[3]
                         net (fo=1, routed)           0.000    17.581    u_cpu/dut_alu/result0_carry__5_n_0
    SLICE_X9Y36          CARRY4 (Prop_carry4_CI_O[3])
                                                      0.313    17.894 r  u_cpu/dut_alu/result0_carry__6/O[3]
                         net (fo=1, routed)           0.579    18.473    u_cpu/dut_pc/mem_addr_q[31]_i_5_0[9]
    SLICE_X11Y38         LUT4 (Prop_lut4_I2_O)        0.306    18.779 r  u_cpu/dut_pc/mem_addr_q[31]_i_12/O
                         net (fo=1, routed)           0.814    19.593    u_cpu/dut_pc/mem_addr_q[31]_i_12_n_0
    SLICE_X12Y38         LUT6 (Prop_lut6_I4_O)        0.124    19.717 r  u_cpu/dut_pc/mem_addr_q[31]_i_5/O
                         net (fo=1, routed)           0.295    20.012    u_cpu/dut_pc/mem_addr_q[31]_i_5_n_0
    SLICE_X14Y38         LUT5 (Prop_lut5_I0_O)        0.124    20.136 r  u_cpu/dut_pc/mem_addr_q[31]_i_4/O
                         net (fo=4, routed)           0.626    20.762    u_cpu/dut_pc/cpu_mem_addr[31]
    SLICE_X14Y37         LUT6 (Prop_lut6_I1_O)        0.124    20.886 r  u_cpu/dut_pc/refill_word_q[1]_i_5/O
                         net (fo=4, routed)           1.365    22.250    u_cpu/dut_pc/refill_word_q[1]_i_5_n_0
    SLICE_X29Y19         LUT5 (Prop_lut5_I0_O)        0.124    22.374 f  u_cpu/dut_pc/refill_word_q[1]_i_3/O
                         net (fo=161, routed)         1.386    23.760    u_l1_icache/refill_word_q_reg[1]_3
    SLICE_X36Y9          LUT6 (Prop_lut6_I0_O)        0.124    23.884 r  u_l1_icache/data_array[24][1][31]_i_1/O
                         net (fo=32, routed)          1.045    24.929    u_l1_icache/data_array[24][1][31]_i_1_n_0
    SLICE_X45Y10         FDRE                                         r  u_l1_icache/data_array_reg[24][1][16]/CE
  -------------------------------------------------------------------    -------------------

                         (clock CLK rise edge)        5.000     5.000 r  
    M18                                               0.000     5.000 r  clk (IN)
                         net (fo=0)                   0.000     5.000    clk
    M18                  IBUF (Prop_ibuf_I_O)         0.805     5.805 r  clk_IBUF_inst/O
                         net (fo=1, routed)           1.868     7.673    clk_IBUF
    BUFGCTRL_X0Y0        BUFG (Prop_bufg_I_O)         0.091     7.764 r  clk_IBUF_BUFG_inst/O
                         net (fo=11160, routed)       1.446     9.210    u_l1_icache/clk_IBUF_BUFG
    SLICE_X45Y10         FDRE                                         r  u_l1_icache/data_array_reg[24][1][16]/C
                         clock pessimism              0.250     9.460    
                         clock uncertainty           -0.335     9.125    
    SLICE_X45Y10         FDRE (Setup_fdre_C_CE)      -0.205     8.920    u_l1_icache/data_array_reg[24][1][16]
  -------------------------------------------------------------------
                         required time                          8.920    
                         arrival time                         -24.929    
  -------------------------------------------------------------------
                         slack                                -16.009    

Slack (VIOLATED) :        -16.009ns  (required time - arrival time)
  Source:                 u_cpu/dut_pc/pc_reg[5]/C
                            (rising edge-triggered cell FDRE clocked by CLK  {rise@0.000ns fall@2.500ns period=5.000ns})
  Destination:            u_l1_icache/data_array_reg[24][1][19]/CE
                            (rising edge-triggered cell FDRE clocked by CLK  {rise@0.000ns fall@2.500ns period=5.000ns})
  Path Group:             CLK
  Path Type:              Setup (Max at Slow Process Corner)
  Requirement:            5.000ns  (CLK rise@5.000ns - CLK rise@0.000ns)
  Data Path Delay:        20.373ns  (logic 4.183ns (20.532%)  route 16.190ns (79.468%))
  Logic Levels:           21  (CARRY4=4 LUT2=1 LUT4=3 LUT5=3 LUT6=9 RAMD32=1)
  Clock Path Skew:        -0.096ns (DCD - SCD + CPR)
    Destination Clock Delay (DCD):    4.210ns = ( 9.210 - 5.000 ) 
    Source Clock Delay      (SCD):    4.556ns
    Clock Pessimism Removal (CPR):    0.250ns
  Clock Uncertainty:      0.335ns  ((TSJ^2 + TIJ^2)^1/2 + DJ) / 2 + PE + UU
    Total System Jitter     (TSJ):    0.071ns
    Total Input Jitter      (TIJ):    0.000ns
    Discrete Jitter          (DJ):    0.000ns
    Phase Error              (PE):    0.000ns
    User Uncertainty         (UU):    0.300ns

    Location             Delay type                Incr(ns)  Path(ns)    Netlist Resource(s)
  -------------------------------------------------------------------    -------------------
                         (clock CLK rise edge)        0.000     0.000 r  
    M18                                               0.000     0.000 r  clk (IN)
                         net (fo=0)                   0.000     0.000    clk
    M18                  IBUF (Prop_ibuf_I_O)         0.938     0.938 r  clk_IBUF_inst/O
                         net (fo=1, routed)           1.972     2.910    clk_IBUF
    BUFGCTRL_X0Y0        BUFG (Prop_bufg_I_O)         0.096     3.006 r  clk_IBUF_BUFG_inst/O
                         net (fo=11160, routed)       1.550     4.556    u_cpu/dut_pc/clk_IBUF_BUFG
    SLICE_X35Y28         FDRE                                         r  u_cpu/dut_pc/pc_reg[5]/C
  -------------------------------------------------------------------    -------------------
    SLICE_X35Y28         FDRE (Prop_fdre_C_Q)         0.456     5.012 r  u_cpu/dut_pc/pc_reg[5]/Q
                         net (fo=95, routed)          1.361     6.373    u_l1_icache/tag_array_reg_0_31_6_11/ADDRA1
    SLICE_X38Y27         RAMD32 (Prop_ramd32_RADR1_O)
                                                      0.146     6.519 r  u_l1_icache/tag_array_reg_0_31_6_11/RAMA/O
                         net (fo=1, routed)           1.263     7.783    u_l1_icache/lookup_hit1_0[6]
    SLICE_X34Y27         LUT6 (Prop_lut6_I0_O)        0.328     8.111 r  u_l1_icache/cpu_stall_debug_OBUF_inst_i_31/O
                         net (fo=1, routed)           0.000     8.111    u_l1_icache/cpu_stall_debug_OBUF_inst_i_31_n_0
    SLICE_X34Y27         CARRY4 (Prop_carry4_S[2]_CO[3])
                                                      0.380     8.491 r  u_l1_icache/cpu_stall_debug_OBUF_inst_i_21/CO[3]
                         net (fo=1, routed)           0.000     8.491    u_l1_icache/cpu_stall_debug_OBUF_inst_i_21_n_0
    SLICE_X34Y28         CARRY4 (Prop_carry4_CI_CO[3])
                                                      0.117     8.608 r  u_l1_icache/cpu_stall_debug_OBUF_inst_i_7/CO[3]
                         net (fo=5, routed)           1.018     9.625    u_l1_icache/CO[0]
    SLICE_X32Y29         LUT5 (Prop_lut5_I1_O)        0.124     9.749 r  u_l1_icache/cpu_stall_debug_OBUF_inst_i_2/O
                         net (fo=45, routed)          0.918    10.668    u_cpu/dut_pc/icache_cpu_valid
    SLICE_X31Y28         LUT6 (Prop_lut6_I3_O)        0.124    10.792 r  u_cpu/dut_pc/instr_debug[13]_i_1/O
                         net (fo=15, routed)          0.836    11.627    u_cpu/dut_pc/cpu_mem_funct3[1]
    SLICE_X30Y31         LUT6 (Prop_lut6_I1_O)        0.124    11.751 r  u_cpu/dut_pc/pc_target1_carry_i_16/O
                         net (fo=1, routed)           0.815    12.567    u_cpu/dut_pc/pc_target1_carry_i_16_n_0
    SLICE_X28Y31         LUT6 (Prop_lut6_I3_O)        0.124    12.691 r  u_cpu/dut_pc/pc_target1_carry_i_9/O
                         net (fo=35, routed)          0.851    13.542    u_cpu/dut_pc/imm_sel[1]
    SLICE_X28Y33         LUT6 (Prop_lut6_I0_O)        0.124    13.666 f  u_cpu/dut_pc/pc_target1_carry__0_i_10/O
                         net (fo=9, routed)           0.767    14.433    u_cpu/dut_pc/pc_target1_carry__0_i_10_n_0
    SLICE_X15Y33         LUT4 (Prop_lut4_I2_O)        0.124    14.557 r  u_cpu/dut_pc/pc_target1_carry__1_i_10/O
                         net (fo=28, routed)          0.848    15.405    u_cpu/dut_pc/pc_target1_carry__1_i_10_n_0
    SLICE_X15Y37         LUT6 (Prop_lut6_I5_O)        0.124    15.529 r  u_cpu/dut_pc/pc_target1_carry__5_i_1/O
                         net (fo=5, routed)           0.691    16.220    u_cpu/dut_pc/instruction_hold_valid_q_reg_0[24]
    SLICE_X14Y37         LUT4 (Prop_lut4_I2_O)        0.124    16.344 r  u_cpu/dut_pc/result0_carry__5_i_9/O
                         net (fo=8, routed)           0.712    17.056    u_cpu/dut_pc/src_b[27]
    SLICE_X9Y35          LUT2 (Prop_lut2_I1_O)        0.124    17.180 r  u_cpu/dut_pc/result0_carry__5_i_5/O
                         net (fo=1, routed)           0.000    17.180    u_cpu/dut_alu/mem_addr_q[24]_i_8[3]
    SLICE_X9Y35          CARRY4 (Prop_carry4_S[3]_CO[3])
                                                      0.401    17.581 r  u_cpu/dut_alu/result0_carry__5/CO[3]
                         net (fo=1, routed)           0.000    17.581    u_cpu/dut_alu/result0_carry__5_n_0
    SLICE_X9Y36          CARRY4 (Prop_carry4_CI_O[3])
                                                      0.313    17.894 r  u_cpu/dut_alu/result0_carry__6/O[3]
                         net (fo=1, routed)           0.579    18.473    u_cpu/dut_pc/mem_addr_q[31]_i_5_0[9]
    SLICE_X11Y38         LUT4 (Prop_lut4_I2_O)        0.306    18.779 r  u_cpu/dut_pc/mem_addr_q[31]_i_12/O
                         net (fo=1, routed)           0.814    19.593    u_cpu/dut_pc/mem_addr_q[31]_i_12_n_0
    SLICE_X12Y38         LUT6 (Prop_lut6_I4_O)        0.124    19.717 r  u_cpu/dut_pc/mem_addr_q[31]_i_5/O
                         net (fo=1, routed)           0.295    20.012    u_cpu/dut_pc/mem_addr_q[31]_i_5_n_0
    SLICE_X14Y38         LUT5 (Prop_lut5_I0_O)        0.124    20.136 r  u_cpu/dut_pc/mem_addr_q[31]_i_4/O
                         net (fo=4, routed)           0.626    20.762    u_cpu/dut_pc/cpu_mem_addr[31]
    SLICE_X14Y37         LUT6 (Prop_lut6_I1_O)        0.124    20.886 r  u_cpu/dut_pc/refill_word_q[1]_i_5/O
                         net (fo=4, routed)           1.365    22.250    u_cpu/dut_pc/refill_word_q[1]_i_5_n_0
    SLICE_X29Y19         LUT5 (Prop_lut5_I0_O)        0.124    22.374 f  u_cpu/dut_pc/refill_word_q[1]_i_3/O
                         net (fo=161, routed)         1.386    23.760    u_l1_icache/refill_word_q_reg[1]_3
    SLICE_X36Y9          LUT6 (Prop_lut6_I0_O)        0.124    23.884 r  u_l1_icache/data_array[24][1][31]_i_1/O
                         net (fo=32, routed)          1.045    24.929    u_l1_icache/data_array[24][1][31]_i_1_n_0
    SLICE_X45Y10         FDRE                                         r  u_l1_icache/data_array_reg[24][1][19]/CE
  -------------------------------------------------------------------    -------------------

                         (clock CLK rise edge)        5.000     5.000 r  
    M18                                               0.000     5.000 r  clk (IN)
                         net (fo=0)                   0.000     5.000    clk
    M18                  IBUF (Prop_ibuf_I_O)         0.805     5.805 r  clk_IBUF_inst/O
                         net (fo=1, routed)           1.868     7.673    clk_IBUF
    BUFGCTRL_X0Y0        BUFG (Prop_bufg_I_O)         0.091     7.764 r  clk_IBUF_BUFG_inst/O
                         net (fo=11160, routed)       1.446     9.210    u_l1_icache/clk_IBUF_BUFG
    SLICE_X45Y10         FDRE                                         r  u_l1_icache/data_array_reg[24][1][19]/C
                         clock pessimism              0.250     9.460    
                         clock uncertainty           -0.335     9.125    
    SLICE_X45Y10         FDRE (Setup_fdre_C_CE)      -0.205     8.920    u_l1_icache/data_array_reg[24][1][19]
  -------------------------------------------------------------------
                         required time                          8.920    
                         arrival time                         -24.929    
  -------------------------------------------------------------------
                         slack                                -16.009    

Slack (VIOLATED) :        -16.009ns  (required time - arrival time)
  Source:                 u_cpu/dut_pc/pc_reg[5]/C
                            (rising edge-triggered cell FDRE clocked by CLK  {rise@0.000ns fall@2.500ns period=5.000ns})
  Destination:            u_l1_icache/data_array_reg[24][1][20]/CE
                            (rising edge-triggered cell FDRE clocked by CLK  {rise@0.000ns fall@2.500ns period=5.000ns})
  Path Group:             CLK
  Path Type:              Setup (Max at Slow Process Corner)
  Requirement:            5.000ns  (CLK rise@5.000ns - CLK rise@0.000ns)
  Data Path Delay:        20.373ns  (logic 4.183ns (20.532%)  route 16.190ns (79.468%))
  Logic Levels:           21  (CARRY4=4 LUT2=1 LUT4=3 LUT5=3 LUT6=9 RAMD32=1)
  Clock Path Skew:        -0.096ns (DCD - SCD + CPR)
    Destination Clock Delay (DCD):    4.210ns = ( 9.210 - 5.000 ) 
    Source Clock Delay      (SCD):    4.556ns
    Clock Pessimism Removal (CPR):    0.250ns
  Clock Uncertainty:      0.335ns  ((TSJ^2 + TIJ^2)^1/2 + DJ) / 2 + PE + UU
    Total System Jitter     (TSJ):    0.071ns
    Total Input Jitter      (TIJ):    0.000ns
    Discrete Jitter          (DJ):    0.000ns
    Phase Error              (PE):    0.000ns
    User Uncertainty         (UU):    0.300ns

    Location             Delay type                Incr(ns)  Path(ns)    Netlist Resource(s)
  -------------------------------------------------------------------    -------------------
                         (clock CLK rise edge)        0.000     0.000 r  
    M18                                               0.000     0.000 r  clk (IN)
                         net (fo=0)                   0.000     0.000    clk
    M18                  IBUF (Prop_ibuf_I_O)         0.938     0.938 r  clk_IBUF_inst/O
                         net (fo=1, routed)           1.972     2.910    clk_IBUF
    BUFGCTRL_X0Y0        BUFG (Prop_bufg_I_O)         0.096     3.006 r  clk_IBUF_BUFG_inst/O
                         net (fo=11160, routed)       1.550     4.556    u_cpu/dut_pc/clk_IBUF_BUFG
    SLICE_X35Y28         FDRE                                         r  u_cpu/dut_pc/pc_reg[5]/C
  -------------------------------------------------------------------    -------------------
    SLICE_X35Y28         FDRE (Prop_fdre_C_Q)         0.456     5.012 r  u_cpu/dut_pc/pc_reg[5]/Q
                         net (fo=95, routed)          1.361     6.373    u_l1_icache/tag_array_reg_0_31_6_11/ADDRA1
    SLICE_X38Y27         RAMD32 (Prop_ramd32_RADR1_O)
                                                      0.146     6.519 r  u_l1_icache/tag_array_reg_0_31_6_11/RAMA/O
                         net (fo=1, routed)           1.263     7.783    u_l1_icache/lookup_hit1_0[6]
    SLICE_X34Y27         LUT6 (Prop_lut6_I0_O)        0.328     8.111 r  u_l1_icache/cpu_stall_debug_OBUF_inst_i_31/O
                         net (fo=1, routed)           0.000     8.111    u_l1_icache/cpu_stall_debug_OBUF_inst_i_31_n_0
    SLICE_X34Y27         CARRY4 (Prop_carry4_S[2]_CO[3])
                                                      0.380     8.491 r  u_l1_icache/cpu_stall_debug_OBUF_inst_i_21/CO[3]
                         net (fo=1, routed)           0.000     8.491    u_l1_icache/cpu_stall_debug_OBUF_inst_i_21_n_0
    SLICE_X34Y28         CARRY4 (Prop_carry4_CI_CO[3])
                                                      0.117     8.608 r  u_l1_icache/cpu_stall_debug_OBUF_inst_i_7/CO[3]
                         net (fo=5, routed)           1.018     9.625    u_l1_icache/CO[0]
    SLICE_X32Y29         LUT5 (Prop_lut5_I1_O)        0.124     9.749 r  u_l1_icache/cpu_stall_debug_OBUF_inst_i_2/O
                         net (fo=45, routed)          0.918    10.668    u_cpu/dut_pc/icache_cpu_valid
    SLICE_X31Y28         LUT6 (Prop_lut6_I3_O)        0.124    10.792 r  u_cpu/dut_pc/instr_debug[13]_i_1/O
                         net (fo=15, routed)          0.836    11.627    u_cpu/dut_pc/cpu_mem_funct3[1]
    SLICE_X30Y31         LUT6 (Prop_lut6_I1_O)        0.124    11.751 r  u_cpu/dut_pc/pc_target1_carry_i_16/O
                         net (fo=1, routed)           0.815    12.567    u_cpu/dut_pc/pc_target1_carry_i_16_n_0
    SLICE_X28Y31         LUT6 (Prop_lut6_I3_O)        0.124    12.691 r  u_cpu/dut_pc/pc_target1_carry_i_9/O
                         net (fo=35, routed)          0.851    13.542    u_cpu/dut_pc/imm_sel[1]
    SLICE_X28Y33         LUT6 (Prop_lut6_I0_O)        0.124    13.666 f  u_cpu/dut_pc/pc_target1_carry__0_i_10/O
                         net (fo=9, routed)           0.767    14.433    u_cpu/dut_pc/pc_target1_carry__0_i_10_n_0
    SLICE_X15Y33         LUT4 (Prop_lut4_I2_O)        0.124    14.557 r  u_cpu/dut_pc/pc_target1_carry__1_i_10/O
                         net (fo=28, routed)          0.848    15.405    u_cpu/dut_pc/pc_target1_carry__1_i_10_n_0
    SLICE_X15Y37         LUT6 (Prop_lut6_I5_O)        0.124    15.529 r  u_cpu/dut_pc/pc_target1_carry__5_i_1/O
                         net (fo=5, routed)           0.691    16.220    u_cpu/dut_pc/instruction_hold_valid_q_reg_0[24]
    SLICE_X14Y37         LUT4 (Prop_lut4_I2_O)        0.124    16.344 r  u_cpu/dut_pc/result0_carry__5_i_9/O
                         net (fo=8, routed)           0.712    17.056    u_cpu/dut_pc/src_b[27]
    SLICE_X9Y35          LUT2 (Prop_lut2_I1_O)        0.124    17.180 r  u_cpu/dut_pc/result0_carry__5_i_5/O
                         net (fo=1, routed)           0.000    17.180    u_cpu/dut_alu/mem_addr_q[24]_i_8[3]
    SLICE_X9Y35          CARRY4 (Prop_carry4_S[3]_CO[3])
                                                      0.401    17.581 r  u_cpu/dut_alu/result0_carry__5/CO[3]
                         net (fo=1, routed)           0.000    17.581    u_cpu/dut_alu/result0_carry__5_n_0
    SLICE_X9Y36          CARRY4 (Prop_carry4_CI_O[3])
                                                      0.313    17.894 r  u_cpu/dut_alu/result0_carry__6/O[3]
                         net (fo=1, routed)           0.579    18.473    u_cpu/dut_pc/mem_addr_q[31]_i_5_0[9]
    SLICE_X11Y38         LUT4 (Prop_lut4_I2_O)        0.306    18.779 r  u_cpu/dut_pc/mem_addr_q[31]_i_12/O
                         net (fo=1, routed)           0.814    19.593    u_cpu/dut_pc/mem_addr_q[31]_i_12_n_0
    SLICE_X12Y38         LUT6 (Prop_lut6_I4_O)        0.124    19.717 r  u_cpu/dut_pc/mem_addr_q[31]_i_5/O
                         net (fo=1, routed)           0.295    20.012    u_cpu/dut_pc/mem_addr_q[31]_i_5_n_0
    SLICE_X14Y38         LUT5 (Prop_lut5_I0_O)        0.124    20.136 r  u_cpu/dut_pc/mem_addr_q[31]_i_4/O
                         net (fo=4, routed)           0.626    20.762    u_cpu/dut_pc/cpu_mem_addr[31]
    SLICE_X14Y37         LUT6 (Prop_lut6_I1_O)        0.124    20.886 r  u_cpu/dut_pc/refill_word_q[1]_i_5/O
                         net (fo=4, routed)           1.365    22.250    u_cpu/dut_pc/refill_word_q[1]_i_5_n_0
    SLICE_X29Y19         LUT5 (Prop_lut5_I0_O)        0.124    22.374 f  u_cpu/dut_pc/refill_word_q[1]_i_3/O
                         net (fo=161, routed)         1.386    23.760    u_l1_icache/refill_word_q_reg[1]_3
    SLICE_X36Y9          LUT6 (Prop_lut6_I0_O)        0.124    23.884 r  u_l1_icache/data_array[24][1][31]_i_1/O
                         net (fo=32, routed)          1.045    24.929    u_l1_icache/data_array[24][1][31]_i_1_n_0
    SLICE_X45Y10         FDRE                                         r  u_l1_icache/data_array_reg[24][1][20]/CE
  -------------------------------------------------------------------    -------------------

                         (clock CLK rise edge)        5.000     5.000 r  
    M18                                               0.000     5.000 r  clk (IN)
                         net (fo=0)                   0.000     5.000    clk
    M18                  IBUF (Prop_ibuf_I_O)         0.805     5.805 r  clk_IBUF_inst/O
                         net (fo=1, routed)           1.868     7.673    clk_IBUF
    BUFGCTRL_X0Y0        BUFG (Prop_bufg_I_O)         0.091     7.764 r  clk_IBUF_BUFG_inst/O
                         net (fo=11160, routed)       1.446     9.210    u_l1_icache/clk_IBUF_BUFG
    SLICE_X45Y10         FDRE                                         r  u_l1_icache/data_array_reg[24][1][20]/C
                         clock pessimism              0.250     9.460    
                         clock uncertainty           -0.335     9.125    
    SLICE_X45Y10         FDRE (Setup_fdre_C_CE)      -0.205     8.920    u_l1_icache/data_array_reg[24][1][20]
  -------------------------------------------------------------------
                         required time                          8.920    
                         arrival time                         -24.929    
  -------------------------------------------------------------------
                         slack                                -16.009    

Slack (VIOLATED) :        -16.009ns  (required time - arrival time)
  Source:                 u_cpu/dut_pc/pc_reg[5]/C
                            (rising edge-triggered cell FDRE clocked by CLK  {rise@0.000ns fall@2.500ns period=5.000ns})
  Destination:            u_l1_icache/data_array_reg[24][1][21]/CE
                            (rising edge-triggered cell FDRE clocked by CLK  {rise@0.000ns fall@2.500ns period=5.000ns})
  Path Group:             CLK
  Path Type:              Setup (Max at Slow Process Corner)
  Requirement:            5.000ns  (CLK rise@5.000ns - CLK rise@0.000ns)
  Data Path Delay:        20.373ns  (logic 4.183ns (20.532%)  route 16.190ns (79.468%))
  Logic Levels:           21  (CARRY4=4 LUT2=1 LUT4=3 LUT5=3 LUT6=9 RAMD32=1)
  Clock Path Skew:        -0.096ns (DCD - SCD + CPR)
    Destination Clock Delay (DCD):    4.210ns = ( 9.210 - 5.000 ) 
    Source Clock Delay      (SCD):    4.556ns
    Clock Pessimism Removal (CPR):    0.250ns
  Clock Uncertainty:      0.335ns  ((TSJ^2 + TIJ^2)^1/2 + DJ) / 2 + PE + UU
    Total System Jitter     (TSJ):    0.071ns
    Total Input Jitter      (TIJ):    0.000ns
    Discrete Jitter          (DJ):    0.000ns
    Phase Error              (PE):    0.000ns
    User Uncertainty         (UU):    0.300ns

    Location             Delay type                Incr(ns)  Path(ns)    Netlist Resource(s)
  -------------------------------------------------------------------    -------------------
                         (clock CLK rise edge)        0.000     0.000 r  
    M18                                               0.000     0.000 r  clk (IN)
                         net (fo=0)                   0.000     0.000    clk
    M18                  IBUF (Prop_ibuf_I_O)         0.938     0.938 r  clk_IBUF_inst/O
                         net (fo=1, routed)           1.972     2.910    clk_IBUF
    BUFGCTRL_X0Y0        BUFG (Prop_bufg_I_O)         0.096     3.006 r  clk_IBUF_BUFG_inst/O
                         net (fo=11160, routed)       1.550     4.556    u_cpu/dut_pc/clk_IBUF_BUFG
    SLICE_X35Y28         FDRE                                         r  u_cpu/dut_pc/pc_reg[5]/C
  -------------------------------------------------------------------    -------------------
    SLICE_X35Y28         FDRE (Prop_fdre_C_Q)         0.456     5.012 r  u_cpu/dut_pc/pc_reg[5]/Q
                         net (fo=95, routed)          1.361     6.373    u_l1_icache/tag_array_reg_0_31_6_11/ADDRA1
    SLICE_X38Y27         RAMD32 (Prop_ramd32_RADR1_O)
                                                      0.146     6.519 r  u_l1_icache/tag_array_reg_0_31_6_11/RAMA/O
                         net (fo=1, routed)           1.263     7.783    u_l1_icache/lookup_hit1_0[6]
    SLICE_X34Y27         LUT6 (Prop_lut6_I0_O)        0.328     8.111 r  u_l1_icache/cpu_stall_debug_OBUF_inst_i_31/O
                         net (fo=1, routed)           0.000     8.111    u_l1_icache/cpu_stall_debug_OBUF_inst_i_31_n_0
    SLICE_X34Y27         CARRY4 (Prop_carry4_S[2]_CO[3])
                                                      0.380     8.491 r  u_l1_icache/cpu_stall_debug_OBUF_inst_i_21/CO[3]
                         net (fo=1, routed)           0.000     8.491    u_l1_icache/cpu_stall_debug_OBUF_inst_i_21_n_0
    SLICE_X34Y28         CARRY4 (Prop_carry4_CI_CO[3])
                                                      0.117     8.608 r  u_l1_icache/cpu_stall_debug_OBUF_inst_i_7/CO[3]
                         net (fo=5, routed)           1.018     9.625    u_l1_icache/CO[0]
    SLICE_X32Y29         LUT5 (Prop_lut5_I1_O)        0.124     9.749 r  u_l1_icache/cpu_stall_debug_OBUF_inst_i_2/O
                         net (fo=45, routed)          0.918    10.668    u_cpu/dut_pc/icache_cpu_valid
    SLICE_X31Y28         LUT6 (Prop_lut6_I3_O)        0.124    10.792 r  u_cpu/dut_pc/instr_debug[13]_i_1/O
                         net (fo=15, routed)          0.836    11.627    u_cpu/dut_pc/cpu_mem_funct3[1]
    SLICE_X30Y31         LUT6 (Prop_lut6_I1_O)        0.124    11.751 r  u_cpu/dut_pc/pc_target1_carry_i_16/O
                         net (fo=1, routed)           0.815    12.567    u_cpu/dut_pc/pc_target1_carry_i_16_n_0
    SLICE_X28Y31         LUT6 (Prop_lut6_I3_O)        0.124    12.691 r  u_cpu/dut_pc/pc_target1_carry_i_9/O
                         net (fo=35, routed)          0.851    13.542    u_cpu/dut_pc/imm_sel[1]
    SLICE_X28Y33         LUT6 (Prop_lut6_I0_O)        0.124    13.666 f  u_cpu/dut_pc/pc_target1_carry__0_i_10/O
                         net (fo=9, routed)           0.767    14.433    u_cpu/dut_pc/pc_target1_carry__0_i_10_n_0
    SLICE_X15Y33         LUT4 (Prop_lut4_I2_O)        0.124    14.557 r  u_cpu/dut_pc/pc_target1_carry__1_i_10/O
                         net (fo=28, routed)          0.848    15.405    u_cpu/dut_pc/pc_target1_carry__1_i_10_n_0
    SLICE_X15Y37         LUT6 (Prop_lut6_I5_O)        0.124    15.529 r  u_cpu/dut_pc/pc_target1_carry__5_i_1/O
                         net (fo=5, routed)           0.691    16.220    u_cpu/dut_pc/instruction_hold_valid_q_reg_0[24]
    SLICE_X14Y37         LUT4 (Prop_lut4_I2_O)        0.124    16.344 r  u_cpu/dut_pc/result0_carry__5_i_9/O
                         net (fo=8, routed)           0.712    17.056    u_cpu/dut_pc/src_b[27]
    SLICE_X9Y35          LUT2 (Prop_lut2_I1_O)        0.124    17.180 r  u_cpu/dut_pc/result0_carry__5_i_5/O
                         net (fo=1, routed)           0.000    17.180    u_cpu/dut_alu/mem_addr_q[24]_i_8[3]
    SLICE_X9Y35          CARRY4 (Prop_carry4_S[3]_CO[3])
                                                      0.401    17.581 r  u_cpu/dut_alu/result0_carry__5/CO[3]
                         net (fo=1, routed)           0.000    17.581    u_cpu/dut_alu/result0_carry__5_n_0
    SLICE_X9Y36          CARRY4 (Prop_carry4_CI_O[3])
                                                      0.313    17.894 r  u_cpu/dut_alu/result0_carry__6/O[3]
                         net (fo=1, routed)           0.579    18.473    u_cpu/dut_pc/mem_addr_q[31]_i_5_0[9]
    SLICE_X11Y38         LUT4 (Prop_lut4_I2_O)        0.306    18.779 r  u_cpu/dut_pc/mem_addr_q[31]_i_12/O
                         net (fo=1, routed)           0.814    19.593    u_cpu/dut_pc/mem_addr_q[31]_i_12_n_0
    SLICE_X12Y38         LUT6 (Prop_lut6_I4_O)        0.124    19.717 r  u_cpu/dut_pc/mem_addr_q[31]_i_5/O
                         net (fo=1, routed)           0.295    20.012    u_cpu/dut_pc/mem_addr_q[31]_i_5_n_0
    SLICE_X14Y38         LUT5 (Prop_lut5_I0_O)        0.124    20.136 r  u_cpu/dut_pc/mem_addr_q[31]_i_4/O
                         net (fo=4, routed)           0.626    20.762    u_cpu/dut_pc/cpu_mem_addr[31]
    SLICE_X14Y37         LUT6 (Prop_lut6_I1_O)        0.124    20.886 r  u_cpu/dut_pc/refill_word_q[1]_i_5/O
                         net (fo=4, routed)           1.365    22.250    u_cpu/dut_pc/refill_word_q[1]_i_5_n_0
    SLICE_X29Y19         LUT5 (Prop_lut5_I0_O)        0.124    22.374 f  u_cpu/dut_pc/refill_word_q[1]_i_3/O
                         net (fo=161, routed)         1.386    23.760    u_l1_icache/refill_word_q_reg[1]_3
    SLICE_X36Y9          LUT6 (Prop_lut6_I0_O)        0.124    23.884 r  u_l1_icache/data_array[24][1][31]_i_1/O
                         net (fo=32, routed)          1.045    24.929    u_l1_icache/data_array[24][1][31]_i_1_n_0
    SLICE_X45Y10         FDRE                                         r  u_l1_icache/data_array_reg[24][1][21]/CE
  -------------------------------------------------------------------    -------------------

                         (clock CLK rise edge)        5.000     5.000 r  
    M18                                               0.000     5.000 r  clk (IN)
                         net (fo=0)                   0.000     5.000    clk
    M18                  IBUF (Prop_ibuf_I_O)         0.805     5.805 r  clk_IBUF_inst/O
                         net (fo=1, routed)           1.868     7.673    clk_IBUF
    BUFGCTRL_X0Y0        BUFG (Prop_bufg_I_O)         0.091     7.764 r  clk_IBUF_BUFG_inst/O
                         net (fo=11160, routed)       1.446     9.210    u_l1_icache/clk_IBUF_BUFG
    SLICE_X45Y10         FDRE                                         r  u_l1_icache/data_array_reg[24][1][21]/C
                         clock pessimism              0.250     9.460    
                         clock uncertainty           -0.335     9.125    
    SLICE_X45Y10         FDRE (Setup_fdre_C_CE)      -0.205     8.920    u_l1_icache/data_array_reg[24][1][21]
  -------------------------------------------------------------------
                         required time                          8.920    
                         arrival time                         -24.929    
  -------------------------------------------------------------------
                         slack                                -16.009    

Slack (VIOLATED) :        -16.009ns  (required time - arrival time)
  Source:                 u_cpu/dut_pc/pc_reg[5]/C
                            (rising edge-triggered cell FDRE clocked by CLK  {rise@0.000ns fall@2.500ns period=5.000ns})
  Destination:            u_l1_icache/data_array_reg[24][1][23]/CE
                            (rising edge-triggered cell FDRE clocked by CLK  {rise@0.000ns fall@2.500ns period=5.000ns})
  Path Group:             CLK
  Path Type:              Setup (Max at Slow Process Corner)
  Requirement:            5.000ns  (CLK rise@5.000ns - CLK rise@0.000ns)
  Data Path Delay:        20.373ns  (logic 4.183ns (20.532%)  route 16.190ns (79.468%))
  Logic Levels:           21  (CARRY4=4 LUT2=1 LUT4=3 LUT5=3 LUT6=9 RAMD32=1)
  Clock Path Skew:        -0.096ns (DCD - SCD + CPR)
    Destination Clock Delay (DCD):    4.210ns = ( 9.210 - 5.000 ) 
    Source Clock Delay      (SCD):    4.556ns
    Clock Pessimism Removal (CPR):    0.250ns
  Clock Uncertainty:      0.335ns  ((TSJ^2 + TIJ^2)^1/2 + DJ) / 2 + PE + UU
    Total System Jitter     (TSJ):    0.071ns
    Total Input Jitter      (TIJ):    0.000ns
    Discrete Jitter          (DJ):    0.000ns
    Phase Error              (PE):    0.000ns
    User Uncertainty         (UU):    0.300ns

    Location             Delay type                Incr(ns)  Path(ns)    Netlist Resource(s)
  -------------------------------------------------------------------    -------------------
                         (clock CLK rise edge)        0.000     0.000 r  
    M18                                               0.000     0.000 r  clk (IN)
                         net (fo=0)                   0.000     0.000    clk
    M18                  IBUF (Prop_ibuf_I_O)         0.938     0.938 r  clk_IBUF_inst/O
                         net (fo=1, routed)           1.972     2.910    clk_IBUF
    BUFGCTRL_X0Y0        BUFG (Prop_bufg_I_O)         0.096     3.006 r  clk_IBUF_BUFG_inst/O
                         net (fo=11160, routed)       1.550     4.556    u_cpu/dut_pc/clk_IBUF_BUFG
    SLICE_X35Y28         FDRE                                         r  u_cpu/dut_pc/pc_reg[5]/C
  -------------------------------------------------------------------    -------------------
    SLICE_X35Y28         FDRE (Prop_fdre_C_Q)         0.456     5.012 r  u_cpu/dut_pc/pc_reg[5]/Q
                         net (fo=95, routed)          1.361     6.373    u_l1_icache/tag_array_reg_0_31_6_11/ADDRA1
    SLICE_X38Y27         RAMD32 (Prop_ramd32_RADR1_O)
                                                      0.146     6.519 r  u_l1_icache/tag_array_reg_0_31_6_11/RAMA/O
                         net (fo=1, routed)           1.263     7.783    u_l1_icache/lookup_hit1_0[6]
    SLICE_X34Y27         LUT6 (Prop_lut6_I0_O)        0.328     8.111 r  u_l1_icache/cpu_stall_debug_OBUF_inst_i_31/O
                         net (fo=1, routed)           0.000     8.111    u_l1_icache/cpu_stall_debug_OBUF_inst_i_31_n_0
    SLICE_X34Y27         CARRY4 (Prop_carry4_S[2]_CO[3])
                                                      0.380     8.491 r  u_l1_icache/cpu_stall_debug_OBUF_inst_i_21/CO[3]
                         net (fo=1, routed)           0.000     8.491    u_l1_icache/cpu_stall_debug_OBUF_inst_i_21_n_0
    SLICE_X34Y28         CARRY4 (Prop_carry4_CI_CO[3])
                                                      0.117     8.608 r  u_l1_icache/cpu_stall_debug_OBUF_inst_i_7/CO[3]
                         net (fo=5, routed)           1.018     9.625    u_l1_icache/CO[0]
    SLICE_X32Y29         LUT5 (Prop_lut5_I1_O)        0.124     9.749 r  u_l1_icache/cpu_stall_debug_OBUF_inst_i_2/O
                         net (fo=45, routed)          0.918    10.668    u_cpu/dut_pc/icache_cpu_valid
    SLICE_X31Y28         LUT6 (Prop_lut6_I3_O)        0.124    10.792 r  u_cpu/dut_pc/instr_debug[13]_i_1/O
                         net (fo=15, routed)          0.836    11.627    u_cpu/dut_pc/cpu_mem_funct3[1]
    SLICE_X30Y31         LUT6 (Prop_lut6_I1_O)        0.124    11.751 r  u_cpu/dut_pc/pc_target1_carry_i_16/O
                         net (fo=1, routed)           0.815    12.567    u_cpu/dut_pc/pc_target1_carry_i_16_n_0
    SLICE_X28Y31         LUT6 (Prop_lut6_I3_O)        0.124    12.691 r  u_cpu/dut_pc/pc_target1_carry_i_9/O
                         net (fo=35, routed)          0.851    13.542    u_cpu/dut_pc/imm_sel[1]
    SLICE_X28Y33         LUT6 (Prop_lut6_I0_O)        0.124    13.666 f  u_cpu/dut_pc/pc_target1_carry__0_i_10/O
                         net (fo=9, routed)           0.767    14.433    u_cpu/dut_pc/pc_target1_carry__0_i_10_n_0
    SLICE_X15Y33         LUT4 (Prop_lut4_I2_O)        0.124    14.557 r  u_cpu/dut_pc/pc_target1_carry__1_i_10/O
                         net (fo=28, routed)          0.848    15.405    u_cpu/dut_pc/pc_target1_carry__1_i_10_n_0
    SLICE_X15Y37         LUT6 (Prop_lut6_I5_O)        0.124    15.529 r  u_cpu/dut_pc/pc_target1_carry__5_i_1/O
                         net (fo=5, routed)           0.691    16.220    u_cpu/dut_pc/instruction_hold_valid_q_reg_0[24]
    SLICE_X14Y37         LUT4 (Prop_lut4_I2_O)        0.124    16.344 r  u_cpu/dut_pc/result0_carry__5_i_9/O
                         net (fo=8, routed)           0.712    17.056    u_cpu/dut_pc/src_b[27]
    SLICE_X9Y35          LUT2 (Prop_lut2_I1_O)        0.124    17.180 r  u_cpu/dut_pc/result0_carry__5_i_5/O
                         net (fo=1, routed)           0.000    17.180    u_cpu/dut_alu/mem_addr_q[24]_i_8[3]
    SLICE_X9Y35          CARRY4 (Prop_carry4_S[3]_CO[3])
                                                      0.401    17.581 r  u_cpu/dut_alu/result0_carry__5/CO[3]
                         net (fo=1, routed)           0.000    17.581    u_cpu/dut_alu/result0_carry__5_n_0
    SLICE_X9Y36          CARRY4 (Prop_carry4_CI_O[3])
                                                      0.313    17.894 r  u_cpu/dut_alu/result0_carry__6/O[3]
                         net (fo=1, routed)           0.579    18.473    u_cpu/dut_pc/mem_addr_q[31]_i_5_0[9]
    SLICE_X11Y38         LUT4 (Prop_lut4_I2_O)        0.306    18.779 r  u_cpu/dut_pc/mem_addr_q[31]_i_12/O
                         net (fo=1, routed)           0.814    19.593    u_cpu/dut_pc/mem_addr_q[31]_i_12_n_0
    SLICE_X12Y38         LUT6 (Prop_lut6_I4_O)        0.124    19.717 r  u_cpu/dut_pc/mem_addr_q[31]_i_5/O
                         net (fo=1, routed)           0.295    20.012    u_cpu/dut_pc/mem_addr_q[31]_i_5_n_0
    SLICE_X14Y38         LUT5 (Prop_lut5_I0_O)        0.124    20.136 r  u_cpu/dut_pc/mem_addr_q[31]_i_4/O
                         net (fo=4, routed)           0.626    20.762    u_cpu/dut_pc/cpu_mem_addr[31]
    SLICE_X14Y37         LUT6 (Prop_lut6_I1_O)        0.124    20.886 r  u_cpu/dut_pc/refill_word_q[1]_i_5/O
                         net (fo=4, routed)           1.365    22.250    u_cpu/dut_pc/refill_word_q[1]_i_5_n_0
    SLICE_X29Y19         LUT5 (Prop_lut5_I0_O)        0.124    22.374 f  u_cpu/dut_pc/refill_word_q[1]_i_3/O
                         net (fo=161, routed)         1.386    23.760    u_l1_icache/refill_word_q_reg[1]_3
    SLICE_X36Y9          LUT6 (Prop_lut6_I0_O)        0.124    23.884 r  u_l1_icache/data_array[24][1][31]_i_1/O
                         net (fo=32, routed)          1.045    24.929    u_l1_icache/data_array[24][1][31]_i_1_n_0
    SLICE_X45Y10         FDRE                                         r  u_l1_icache/data_array_reg[24][1][23]/CE
  -------------------------------------------------------------------    -------------------

                         (clock CLK rise edge)        5.000     5.000 r  
    M18                                               0.000     5.000 r  clk (IN)
                         net (fo=0)                   0.000     5.000    clk
    M18                  IBUF (Prop_ibuf_I_O)         0.805     5.805 r  clk_IBUF_inst/O
                         net (fo=1, routed)           1.868     7.673    clk_IBUF
    BUFGCTRL_X0Y0        BUFG (Prop_bufg_I_O)         0.091     7.764 r  clk_IBUF_BUFG_inst/O
                         net (fo=11160, routed)       1.446     9.210    u_l1_icache/clk_IBUF_BUFG
    SLICE_X45Y10         FDRE                                         r  u_l1_icache/data_array_reg[24][1][23]/C
                         clock pessimism              0.250     9.460    
                         clock uncertainty           -0.335     9.125    
    SLICE_X45Y10         FDRE (Setup_fdre_C_CE)      -0.205     8.920    u_l1_icache/data_array_reg[24][1][23]
  -------------------------------------------------------------------
                         required time                          8.920    
                         arrival time                         -24.929    
  -------------------------------------------------------------------
                         slack                                -16.009    

Slack (VIOLATED) :        -16.009ns  (required time - arrival time)
  Source:                 u_cpu/dut_pc/pc_reg[5]/C
                            (rising edge-triggered cell FDRE clocked by CLK  {rise@0.000ns fall@2.500ns period=5.000ns})
  Destination:            u_l1_icache/data_array_reg[24][1][30]/CE
                            (rising edge-triggered cell FDRE clocked by CLK  {rise@0.000ns fall@2.500ns period=5.000ns})
  Path Group:             CLK
  Path Type:              Setup (Max at Slow Process Corner)
  Requirement:            5.000ns  (CLK rise@5.000ns - CLK rise@0.000ns)
  Data Path Delay:        20.373ns  (logic 4.183ns (20.532%)  route 16.190ns (79.468%))
  Logic Levels:           21  (CARRY4=4 LUT2=1 LUT4=3 LUT5=3 LUT6=9 RAMD32=1)
  Clock Path Skew:        -0.096ns (DCD - SCD + CPR)
    Destination Clock Delay (DCD):    4.210ns = ( 9.210 - 5.000 ) 
    Source Clock Delay      (SCD):    4.556ns
    Clock Pessimism Removal (CPR):    0.250ns
  Clock Uncertainty:      0.335ns  ((TSJ^2 + TIJ^2)^1/2 + DJ) / 2 + PE + UU
    Total System Jitter     (TSJ):    0.071ns
    Total Input Jitter      (TIJ):    0.000ns
    Discrete Jitter          (DJ):    0.000ns
    Phase Error              (PE):    0.000ns
    User Uncertainty         (UU):    0.300ns

    Location             Delay type                Incr(ns)  Path(ns)    Netlist Resource(s)
  -------------------------------------------------------------------    -------------------
                         (clock CLK rise edge)        0.000     0.000 r  
    M18                                               0.000     0.000 r  clk (IN)
                         net (fo=0)                   0.000     0.000    clk
    M18                  IBUF (Prop_ibuf_I_O)         0.938     0.938 r  clk_IBUF_inst/O
                         net (fo=1, routed)           1.972     2.910    clk_IBUF
    BUFGCTRL_X0Y0        BUFG (Prop_bufg_I_O)         0.096     3.006 r  clk_IBUF_BUFG_inst/O
                         net (fo=11160, routed)       1.550     4.556    u_cpu/dut_pc/clk_IBUF_BUFG
    SLICE_X35Y28         FDRE                                         r  u_cpu/dut_pc/pc_reg[5]/C
  -------------------------------------------------------------------    -------------------
    SLICE_X35Y28         FDRE (Prop_fdre_C_Q)         0.456     5.012 r  u_cpu/dut_pc/pc_reg[5]/Q
                         net (fo=95, routed)          1.361     6.373    u_l1_icache/tag_array_reg_0_31_6_11/ADDRA1
    SLICE_X38Y27         RAMD32 (Prop_ramd32_RADR1_O)
                                                      0.146     6.519 r  u_l1_icache/tag_array_reg_0_31_6_11/RAMA/O
                         net (fo=1, routed)           1.263     7.783    u_l1_icache/lookup_hit1_0[6]
    SLICE_X34Y27         LUT6 (Prop_lut6_I0_O)        0.328     8.111 r  u_l1_icache/cpu_stall_debug_OBUF_inst_i_31/O
                         net (fo=1, routed)           0.000     8.111    u_l1_icache/cpu_stall_debug_OBUF_inst_i_31_n_0
    SLICE_X34Y27         CARRY4 (Prop_carry4_S[2]_CO[3])
                                                      0.380     8.491 r  u_l1_icache/cpu_stall_debug_OBUF_inst_i_21/CO[3]
                         net (fo=1, routed)           0.000     8.491    u_l1_icache/cpu_stall_debug_OBUF_inst_i_21_n_0
    SLICE_X34Y28         CARRY4 (Prop_carry4_CI_CO[3])
                                                      0.117     8.608 r  u_l1_icache/cpu_stall_debug_OBUF_inst_i_7/CO[3]
                         net (fo=5, routed)           1.018     9.625    u_l1_icache/CO[0]
    SLICE_X32Y29         LUT5 (Prop_lut5_I1_O)        0.124     9.749 r  u_l1_icache/cpu_stall_debug_OBUF_inst_i_2/O
                         net (fo=45, routed)          0.918    10.668    u_cpu/dut_pc/icache_cpu_valid
    SLICE_X31Y28         LUT6 (Prop_lut6_I3_O)        0.124    10.792 r  u_cpu/dut_pc/instr_debug[13]_i_1/O
                         net (fo=15, routed)          0.836    11.627    u_cpu/dut_pc/cpu_mem_funct3[1]
    SLICE_X30Y31         LUT6 (Prop_lut6_I1_O)        0.124    11.751 r  u_cpu/dut_pc/pc_target1_carry_i_16/O
                         net (fo=1, routed)           0.815    12.567    u_cpu/dut_pc/pc_target1_carry_i_16_n_0
    SLICE_X28Y31         LUT6 (Prop_lut6_I3_O)        0.124    12.691 r  u_cpu/dut_pc/pc_target1_carry_i_9/O
                         net (fo=35, routed)          0.851    13.542    u_cpu/dut_pc/imm_sel[1]
    SLICE_X28Y33         LUT6 (Prop_lut6_I0_O)        0.124    13.666 f  u_cpu/dut_pc/pc_target1_carry__0_i_10/O
                         net (fo=9, routed)           0.767    14.433    u_cpu/dut_pc/pc_target1_carry__0_i_10_n_0
    SLICE_X15Y33         LUT4 (Prop_lut4_I2_O)        0.124    14.557 r  u_cpu/dut_pc/pc_target1_carry__1_i_10/O
                         net (fo=28, routed)          0.848    15.405    u_cpu/dut_pc/pc_target1_carry__1_i_10_n_0
    SLICE_X15Y37         LUT6 (Prop_lut6_I5_O)        0.124    15.529 r  u_cpu/dut_pc/pc_target1_carry__5_i_1/O
                         net (fo=5, routed)           0.691    16.220    u_cpu/dut_pc/instruction_hold_valid_q_reg_0[24]
    SLICE_X14Y37         LUT4 (Prop_lut4_I2_O)        0.124    16.344 r  u_cpu/dut_pc/result0_carry__5_i_9/O
                         net (fo=8, routed)           0.712    17.056    u_cpu/dut_pc/src_b[27]
    SLICE_X9Y35          LUT2 (Prop_lut2_I1_O)        0.124    17.180 r  u_cpu/dut_pc/result0_carry__5_i_5/O
                         net (fo=1, routed)           0.000    17.180    u_cpu/dut_alu/mem_addr_q[24]_i_8[3]
    SLICE_X9Y35          CARRY4 (Prop_carry4_S[3]_CO[3])
                                                      0.401    17.581 r  u_cpu/dut_alu/result0_carry__5/CO[3]
                         net (fo=1, routed)           0.000    17.581    u_cpu/dut_alu/result0_carry__5_n_0
    SLICE_X9Y36          CARRY4 (Prop_carry4_CI_O[3])
                                                      0.313    17.894 r  u_cpu/dut_alu/result0_carry__6/O[3]
                         net (fo=1, routed)           0.579    18.473    u_cpu/dut_pc/mem_addr_q[31]_i_5_0[9]
    SLICE_X11Y38         LUT4 (Prop_lut4_I2_O)        0.306    18.779 r  u_cpu/dut_pc/mem_addr_q[31]_i_12/O
                         net (fo=1, routed)           0.814    19.593    u_cpu/dut_pc/mem_addr_q[31]_i_12_n_0
    SLICE_X12Y38         LUT6 (Prop_lut6_I4_O)        0.124    19.717 r  u_cpu/dut_pc/mem_addr_q[31]_i_5/O
                         net (fo=1, routed)           0.295    20.012    u_cpu/dut_pc/mem_addr_q[31]_i_5_n_0
    SLICE_X14Y38         LUT5 (Prop_lut5_I0_O)        0.124    20.136 r  u_cpu/dut_pc/mem_addr_q[31]_i_4/O
                         net (fo=4, routed)           0.626    20.762    u_cpu/dut_pc/cpu_mem_addr[31]
    SLICE_X14Y37         LUT6 (Prop_lut6_I1_O)        0.124    20.886 r  u_cpu/dut_pc/refill_word_q[1]_i_5/O
                         net (fo=4, routed)           1.365    22.250    u_cpu/dut_pc/refill_word_q[1]_i_5_n_0
    SLICE_X29Y19         LUT5 (Prop_lut5_I0_O)        0.124    22.374 f  u_cpu/dut_pc/refill_word_q[1]_i_3/O
                         net (fo=161, routed)         1.386    23.760    u_l1_icache/refill_word_q_reg[1]_3
    SLICE_X36Y9          LUT6 (Prop_lut6_I0_O)        0.124    23.884 r  u_l1_icache/data_array[24][1][31]_i_1/O
                         net (fo=32, routed)          1.045    24.929    u_l1_icache/data_array[24][1][31]_i_1_n_0
    SLICE_X45Y10         FDRE                                         r  u_l1_icache/data_array_reg[24][1][30]/CE
  -------------------------------------------------------------------    -------------------

                         (clock CLK rise edge)        5.000     5.000 r  
    M18                                               0.000     5.000 r  clk (IN)
                         net (fo=0)                   0.000     5.000    clk
    M18                  IBUF (Prop_ibuf_I_O)         0.805     5.805 r  clk_IBUF_inst/O
                         net (fo=1, routed)           1.868     7.673    clk_IBUF
    BUFGCTRL_X0Y0        BUFG (Prop_bufg_I_O)         0.091     7.764 r  clk_IBUF_BUFG_inst/O
                         net (fo=11160, routed)       1.446     9.210    u_l1_icache/clk_IBUF_BUFG
    SLICE_X45Y10         FDRE                                         r  u_l1_icache/data_array_reg[24][1][30]/C
                         clock pessimism              0.250     9.460    
                         clock uncertainty           -0.335     9.125    
    SLICE_X45Y10         FDRE (Setup_fdre_C_CE)      -0.205     8.920    u_l1_icache/data_array_reg[24][1][30]
  -------------------------------------------------------------------
                         required time                          8.920    
                         arrival time                         -24.929    
  -------------------------------------------------------------------
                         slack                                -16.009    

Slack (VIOLATED) :        -16.009ns  (required time - arrival time)
  Source:                 u_cpu/dut_pc/pc_reg[5]/C
                            (rising edge-triggered cell FDRE clocked by CLK  {rise@0.000ns fall@2.500ns period=5.000ns})
  Destination:            u_l1_icache/data_array_reg[24][1][31]/CE
                            (rising edge-triggered cell FDRE clocked by CLK  {rise@0.000ns fall@2.500ns period=5.000ns})
  Path Group:             CLK
  Path Type:              Setup (Max at Slow Process Corner)
  Requirement:            5.000ns  (CLK rise@5.000ns - CLK rise@0.000ns)
  Data Path Delay:        20.373ns  (logic 4.183ns (20.532%)  route 16.190ns (79.468%))
  Logic Levels:           21  (CARRY4=4 LUT2=1 LUT4=3 LUT5=3 LUT6=9 RAMD32=1)
  Clock Path Skew:        -0.096ns (DCD - SCD + CPR)
    Destination Clock Delay (DCD):    4.210ns = ( 9.210 - 5.000 ) 
    Source Clock Delay      (SCD):    4.556ns
    Clock Pessimism Removal (CPR):    0.250ns
  Clock Uncertainty:      0.335ns  ((TSJ^2 + TIJ^2)^1/2 + DJ) / 2 + PE + UU
    Total System Jitter     (TSJ):    0.071ns
    Total Input Jitter      (TIJ):    0.000ns
    Discrete Jitter          (DJ):    0.000ns
    Phase Error              (PE):    0.000ns
    User Uncertainty         (UU):    0.300ns

    Location             Delay type                Incr(ns)  Path(ns)    Netlist Resource(s)
  -------------------------------------------------------------------    -------------------
                         (clock CLK rise edge)        0.000     0.000 r  
    M18                                               0.000     0.000 r  clk (IN)
                         net (fo=0)                   0.000     0.000    clk
    M18                  IBUF (Prop_ibuf_I_O)         0.938     0.938 r  clk_IBUF_inst/O
                         net (fo=1, routed)           1.972     2.910    clk_IBUF
    BUFGCTRL_X0Y0        BUFG (Prop_bufg_I_O)         0.096     3.006 r  clk_IBUF_BUFG_inst/O
                         net (fo=11160, routed)       1.550     4.556    u_cpu/dut_pc/clk_IBUF_BUFG
    SLICE_X35Y28         FDRE                                         r  u_cpu/dut_pc/pc_reg[5]/C
  -------------------------------------------------------------------    -------------------
    SLICE_X35Y28         FDRE (Prop_fdre_C_Q)         0.456     5.012 r  u_cpu/dut_pc/pc_reg[5]/Q
                         net (fo=95, routed)          1.361     6.373    u_l1_icache/tag_array_reg_0_31_6_11/ADDRA1
    SLICE_X38Y27         RAMD32 (Prop_ramd32_RADR1_O)
                                                      0.146     6.519 r  u_l1_icache/tag_array_reg_0_31_6_11/RAMA/O
                         net (fo=1, routed)           1.263     7.783    u_l1_icache/lookup_hit1_0[6]
    SLICE_X34Y27         LUT6 (Prop_lut6_I0_O)        0.328     8.111 r  u_l1_icache/cpu_stall_debug_OBUF_inst_i_31/O
                         net (fo=1, routed)           0.000     8.111    u_l1_icache/cpu_stall_debug_OBUF_inst_i_31_n_0
    SLICE_X34Y27         CARRY4 (Prop_carry4_S[2]_CO[3])
                                                      0.380     8.491 r  u_l1_icache/cpu_stall_debug_OBUF_inst_i_21/CO[3]
                         net (fo=1, routed)           0.000     8.491    u_l1_icache/cpu_stall_debug_OBUF_inst_i_21_n_0
    SLICE_X34Y28         CARRY4 (Prop_carry4_CI_CO[3])
                                                      0.117     8.608 r  u_l1_icache/cpu_stall_debug_OBUF_inst_i_7/CO[3]
                         net (fo=5, routed)           1.018     9.625    u_l1_icache/CO[0]
    SLICE_X32Y29         LUT5 (Prop_lut5_I1_O)        0.124     9.749 r  u_l1_icache/cpu_stall_debug_OBUF_inst_i_2/O
                         net (fo=45, routed)          0.918    10.668    u_cpu/dut_pc/icache_cpu_valid
    SLICE_X31Y28         LUT6 (Prop_lut6_I3_O)        0.124    10.792 r  u_cpu/dut_pc/instr_debug[13]_i_1/O
                         net (fo=15, routed)          0.836    11.627    u_cpu/dut_pc/cpu_mem_funct3[1]
    SLICE_X30Y31         LUT6 (Prop_lut6_I1_O)        0.124    11.751 r  u_cpu/dut_pc/pc_target1_carry_i_16/O
                         net (fo=1, routed)           0.815    12.567    u_cpu/dut_pc/pc_target1_carry_i_16_n_0
    SLICE_X28Y31         LUT6 (Prop_lut6_I3_O)        0.124    12.691 r  u_cpu/dut_pc/pc_target1_carry_i_9/O
                         net (fo=35, routed)          0.851    13.542    u_cpu/dut_pc/imm_sel[1]
    SLICE_X28Y33         LUT6 (Prop_lut6_I0_O)        0.124    13.666 f  u_cpu/dut_pc/pc_target1_carry__0_i_10/O
                         net (fo=9, routed)           0.767    14.433    u_cpu/dut_pc/pc_target1_carry__0_i_10_n_0
    SLICE_X15Y33         LUT4 (Prop_lut4_I2_O)        0.124    14.557 r  u_cpu/dut_pc/pc_target1_carry__1_i_10/O
                         net (fo=28, routed)          0.848    15.405    u_cpu/dut_pc/pc_target1_carry__1_i_10_n_0
    SLICE_X15Y37         LUT6 (Prop_lut6_I5_O)        0.124    15.529 r  u_cpu/dut_pc/pc_target1_carry__5_i_1/O
                         net (fo=5, routed)           0.691    16.220    u_cpu/dut_pc/instruction_hold_valid_q_reg_0[24]
    SLICE_X14Y37         LUT4 (Prop_lut4_I2_O)        0.124    16.344 r  u_cpu/dut_pc/result0_carry__5_i_9/O
                         net (fo=8, routed)           0.712    17.056    u_cpu/dut_pc/src_b[27]
    SLICE_X9Y35          LUT2 (Prop_lut2_I1_O)        0.124    17.180 r  u_cpu/dut_pc/result0_carry__5_i_5/O
                         net (fo=1, routed)           0.000    17.180    u_cpu/dut_alu/mem_addr_q[24]_i_8[3]
    SLICE_X9Y35          CARRY4 (Prop_carry4_S[3]_CO[3])
                                                      0.401    17.581 r  u_cpu/dut_alu/result0_carry__5/CO[3]
                         net (fo=1, routed)           0.000    17.581    u_cpu/dut_alu/result0_carry__5_n_0
    SLICE_X9Y36          CARRY4 (Prop_carry4_CI_O[3])
                                                      0.313    17.894 r  u_cpu/dut_alu/result0_carry__6/O[3]
                         net (fo=1, routed)           0.579    18.473    u_cpu/dut_pc/mem_addr_q[31]_i_5_0[9]
    SLICE_X11Y38         LUT4 (Prop_lut4_I2_O)        0.306    18.779 r  u_cpu/dut_pc/mem_addr_q[31]_i_12/O
                         net (fo=1, routed)           0.814    19.593    u_cpu/dut_pc/mem_addr_q[31]_i_12_n_0
    SLICE_X12Y38         LUT6 (Prop_lut6_I4_O)        0.124    19.717 r  u_cpu/dut_pc/mem_addr_q[31]_i_5/O
                         net (fo=1, routed)           0.295    20.012    u_cpu/dut_pc/mem_addr_q[31]_i_5_n_0
    SLICE_X14Y38         LUT5 (Prop_lut5_I0_O)        0.124    20.136 r  u_cpu/dut_pc/mem_addr_q[31]_i_4/O
                         net (fo=4, routed)           0.626    20.762    u_cpu/dut_pc/cpu_mem_addr[31]
    SLICE_X14Y37         LUT6 (Prop_lut6_I1_O)        0.124    20.886 r  u_cpu/dut_pc/refill_word_q[1]_i_5/O
                         net (fo=4, routed)           1.365    22.250    u_cpu/dut_pc/refill_word_q[1]_i_5_n_0
    SLICE_X29Y19         LUT5 (Prop_lut5_I0_O)        0.124    22.374 f  u_cpu/dut_pc/refill_word_q[1]_i_3/O
                         net (fo=161, routed)         1.386    23.760    u_l1_icache/refill_word_q_reg[1]_3
    SLICE_X36Y9          LUT6 (Prop_lut6_I0_O)        0.124    23.884 r  u_l1_icache/data_array[24][1][31]_i_1/O
                         net (fo=32, routed)          1.045    24.929    u_l1_icache/data_array[24][1][31]_i_1_n_0
    SLICE_X45Y10         FDRE                                         r  u_l1_icache/data_array_reg[24][1][31]/CE
  -------------------------------------------------------------------    -------------------

                         (clock CLK rise edge)        5.000     5.000 r  
    M18                                               0.000     5.000 r  clk (IN)
                         net (fo=0)                   0.000     5.000    clk
    M18                  IBUF (Prop_ibuf_I_O)         0.805     5.805 r  clk_IBUF_inst/O
                         net (fo=1, routed)           1.868     7.673    clk_IBUF
    BUFGCTRL_X0Y0        BUFG (Prop_bufg_I_O)         0.091     7.764 r  clk_IBUF_BUFG_inst/O
                         net (fo=11160, routed)       1.446     9.210    u_l1_icache/clk_IBUF_BUFG
    SLICE_X45Y10         FDRE                                         r  u_l1_icache/data_array_reg[24][1][31]/C
                         clock pessimism              0.250     9.460    
                         clock uncertainty           -0.335     9.125    
    SLICE_X45Y10         FDRE (Setup_fdre_C_CE)      -0.205     8.920    u_l1_icache/data_array_reg[24][1][31]
  -------------------------------------------------------------------
                         required time                          8.920    
                         arrival time                         -24.929    
  -------------------------------------------------------------------
                         slack                                -16.009    

Slack (VIOLATED) :        -16.006ns  (required time - arrival time)
  Source:                 u_cpu/dut_pc/pc_reg[5]/C
                            (rising edge-triggered cell FDRE clocked by CLK  {rise@0.000ns fall@2.500ns period=5.000ns})
  Destination:            u_l1_icache/data_array_reg[24][3][26]/CE
                            (rising edge-triggered cell FDRE clocked by CLK  {rise@0.000ns fall@2.500ns period=5.000ns})
  Path Group:             CLK
  Path Type:              Setup (Max at Slow Process Corner)
  Requirement:            5.000ns  (CLK rise@5.000ns - CLK rise@0.000ns)
  Data Path Delay:        20.367ns  (logic 4.183ns (20.538%)  route 16.184ns (79.462%))
  Logic Levels:           21  (CARRY4=4 LUT2=1 LUT4=3 LUT5=3 LUT6=9 RAMD32=1)
  Clock Path Skew:        -0.099ns (DCD - SCD + CPR)
    Destination Clock Delay (DCD):    4.207ns = ( 9.207 - 5.000 ) 
    Source Clock Delay      (SCD):    4.556ns
    Clock Pessimism Removal (CPR):    0.250ns
  Clock Uncertainty:      0.335ns  ((TSJ^2 + TIJ^2)^1/2 + DJ) / 2 + PE + UU
    Total System Jitter     (TSJ):    0.071ns
    Total Input Jitter      (TIJ):    0.000ns
    Discrete Jitter          (DJ):    0.000ns
    Phase Error              (PE):    0.000ns
    User Uncertainty         (UU):    0.300ns

    Location             Delay type                Incr(ns)  Path(ns)    Netlist Resource(s)
  -------------------------------------------------------------------    -------------------
                         (clock CLK rise edge)        0.000     0.000 r  
    M18                                               0.000     0.000 r  clk (IN)
                         net (fo=0)                   0.000     0.000    clk
    M18                  IBUF (Prop_ibuf_I_O)         0.938     0.938 r  clk_IBUF_inst/O
                         net (fo=1, routed)           1.972     2.910    clk_IBUF
    BUFGCTRL_X0Y0        BUFG (Prop_bufg_I_O)         0.096     3.006 r  clk_IBUF_BUFG_inst/O
                         net (fo=11160, routed)       1.550     4.556    u_cpu/dut_pc/clk_IBUF_BUFG
    SLICE_X35Y28         FDRE                                         r  u_cpu/dut_pc/pc_reg[5]/C
  -------------------------------------------------------------------    -------------------
    SLICE_X35Y28         FDRE (Prop_fdre_C_Q)         0.456     5.012 r  u_cpu/dut_pc/pc_reg[5]/Q
                         net (fo=95, routed)          1.361     6.373    u_l1_icache/tag_array_reg_0_31_6_11/ADDRA1
    SLICE_X38Y27         RAMD32 (Prop_ramd32_RADR1_O)
                                                      0.146     6.519 r  u_l1_icache/tag_array_reg_0_31_6_11/RAMA/O
                         net (fo=1, routed)           1.263     7.783    u_l1_icache/lookup_hit1_0[6]
    SLICE_X34Y27         LUT6 (Prop_lut6_I0_O)        0.328     8.111 r  u_l1_icache/cpu_stall_debug_OBUF_inst_i_31/O
                         net (fo=1, routed)           0.000     8.111    u_l1_icache/cpu_stall_debug_OBUF_inst_i_31_n_0
    SLICE_X34Y27         CARRY4 (Prop_carry4_S[2]_CO[3])
                                                      0.380     8.491 r  u_l1_icache/cpu_stall_debug_OBUF_inst_i_21/CO[3]
                         net (fo=1, routed)           0.000     8.491    u_l1_icache/cpu_stall_debug_OBUF_inst_i_21_n_0
    SLICE_X34Y28         CARRY4 (Prop_carry4_CI_CO[3])
                                                      0.117     8.608 r  u_l1_icache/cpu_stall_debug_OBUF_inst_i_7/CO[3]
                         net (fo=5, routed)           1.018     9.625    u_l1_icache/CO[0]
    SLICE_X32Y29         LUT5 (Prop_lut5_I1_O)        0.124     9.749 r  u_l1_icache/cpu_stall_debug_OBUF_inst_i_2/O
                         net (fo=45, routed)          0.918    10.668    u_cpu/dut_pc/icache_cpu_valid
    SLICE_X31Y28         LUT6 (Prop_lut6_I3_O)        0.124    10.792 r  u_cpu/dut_pc/instr_debug[13]_i_1/O
                         net (fo=15, routed)          0.836    11.627    u_cpu/dut_pc/cpu_mem_funct3[1]
    SLICE_X30Y31         LUT6 (Prop_lut6_I1_O)        0.124    11.751 r  u_cpu/dut_pc/pc_target1_carry_i_16/O
                         net (fo=1, routed)           0.815    12.567    u_cpu/dut_pc/pc_target1_carry_i_16_n_0
    SLICE_X28Y31         LUT6 (Prop_lut6_I3_O)        0.124    12.691 r  u_cpu/dut_pc/pc_target1_carry_i_9/O
                         net (fo=35, routed)          0.851    13.542    u_cpu/dut_pc/imm_sel[1]
    SLICE_X28Y33         LUT6 (Prop_lut6_I0_O)        0.124    13.666 f  u_cpu/dut_pc/pc_target1_carry__0_i_10/O
                         net (fo=9, routed)           0.767    14.433    u_cpu/dut_pc/pc_target1_carry__0_i_10_n_0
    SLICE_X15Y33         LUT4 (Prop_lut4_I2_O)        0.124    14.557 r  u_cpu/dut_pc/pc_target1_carry__1_i_10/O
                         net (fo=28, routed)          0.848    15.405    u_cpu/dut_pc/pc_target1_carry__1_i_10_n_0
    SLICE_X15Y37         LUT6 (Prop_lut6_I5_O)        0.124    15.529 r  u_cpu/dut_pc/pc_target1_carry__5_i_1/O
                         net (fo=5, routed)           0.691    16.220    u_cpu/dut_pc/instruction_hold_valid_q_reg_0[24]
    SLICE_X14Y37         LUT4 (Prop_lut4_I2_O)        0.124    16.344 r  u_cpu/dut_pc/result0_carry__5_i_9/O
                         net (fo=8, routed)           0.712    17.056    u_cpu/dut_pc/src_b[27]
    SLICE_X9Y35          LUT2 (Prop_lut2_I1_O)        0.124    17.180 r  u_cpu/dut_pc/result0_carry__5_i_5/O
                         net (fo=1, routed)           0.000    17.180    u_cpu/dut_alu/mem_addr_q[24]_i_8[3]
    SLICE_X9Y35          CARRY4 (Prop_carry4_S[3]_CO[3])
                                                      0.401    17.581 r  u_cpu/dut_alu/result0_carry__5/CO[3]
                         net (fo=1, routed)           0.000    17.581    u_cpu/dut_alu/result0_carry__5_n_0
    SLICE_X9Y36          CARRY4 (Prop_carry4_CI_O[3])
                                                      0.313    17.894 r  u_cpu/dut_alu/result0_carry__6/O[3]
                         net (fo=1, routed)           0.579    18.473    u_cpu/dut_pc/mem_addr_q[31]_i_5_0[9]
    SLICE_X11Y38         LUT4 (Prop_lut4_I2_O)        0.306    18.779 r  u_cpu/dut_pc/mem_addr_q[31]_i_12/O
                         net (fo=1, routed)           0.814    19.593    u_cpu/dut_pc/mem_addr_q[31]_i_12_n_0
    SLICE_X12Y38         LUT6 (Prop_lut6_I4_O)        0.124    19.717 r  u_cpu/dut_pc/mem_addr_q[31]_i_5/O
                         net (fo=1, routed)           0.295    20.012    u_cpu/dut_pc/mem_addr_q[31]_i_5_n_0
    SLICE_X14Y38         LUT5 (Prop_lut5_I0_O)        0.124    20.136 r  u_cpu/dut_pc/mem_addr_q[31]_i_4/O
                         net (fo=4, routed)           0.626    20.762    u_cpu/dut_pc/cpu_mem_addr[31]
    SLICE_X14Y37         LUT6 (Prop_lut6_I1_O)        0.124    20.886 r  u_cpu/dut_pc/refill_word_q[1]_i_5/O
                         net (fo=4, routed)           1.365    22.250    u_cpu/dut_pc/refill_word_q[1]_i_5_n_0
    SLICE_X29Y19         LUT5 (Prop_lut5_I0_O)        0.124    22.374 f  u_cpu/dut_pc/refill_word_q[1]_i_3/O
                         net (fo=161, routed)         1.414    23.789    u_l1_icache/refill_word_q_reg[1]_3
    SLICE_X40Y26         LUT6 (Prop_lut6_I2_O)        0.124    23.913 r  u_l1_icache/data_array[24][3][31]_i_1/O
                         net (fo=32, routed)          1.010    24.923    u_l1_icache/data_array[24][3][31]_i_1_n_0
    SLICE_X45Y35         FDRE                                         r  u_l1_icache/data_array_reg[24][3][26]/CE
  -------------------------------------------------------------------    -------------------

                         (clock CLK rise edge)        5.000     5.000 r  
    M18                                               0.000     5.000 r  clk (IN)
                         net (fo=0)                   0.000     5.000    clk
    M18                  IBUF (Prop_ibuf_I_O)         0.805     5.805 r  clk_IBUF_inst/O
                         net (fo=1, routed)           1.868     7.673    clk_IBUF
    BUFGCTRL_X0Y0        BUFG (Prop_bufg_I_O)         0.091     7.764 r  clk_IBUF_BUFG_inst/O
                         net (fo=11160, routed)       1.443     9.207    u_l1_icache/clk_IBUF_BUFG
    SLICE_X45Y35         FDRE                                         r  u_l1_icache/data_array_reg[24][3][26]/C
                         clock pessimism              0.250     9.457    
                         clock uncertainty           -0.335     9.122    
    SLICE_X45Y35         FDRE (Setup_fdre_C_CE)      -0.205     8.917    u_l1_icache/data_array_reg[24][3][26]
  -------------------------------------------------------------------
                         required time                          8.917    
                         arrival time                         -24.923    
  -------------------------------------------------------------------
                         slack                                -16.006    





Min Delay Paths
--------------------------------------------------------------------------------------
Slack (MET) :             0.050ns  (arrival time - required time)
  Source:                 u_aes_slave/u_aes_core/key_schedule_inst/key_state_reg_reg[5][93]/C
                            (rising edge-triggered cell FDRE clocked by CLK  {rise@0.000ns fall@2.500ns period=5.000ns})
  Destination:            u_aes_slave/u_aes_core/state_reg_reg[6][93]/D
                            (rising edge-triggered cell FDRE clocked by CLK  {rise@0.000ns fall@2.500ns period=5.000ns})
  Path Group:             CLK
  Path Type:              Hold (Min at Fast Process Corner)
  Requirement:            0.000ns  (CLK rise@0.000ns - CLK rise@0.000ns)
  Data Path Delay:        0.422ns  (logic 0.186ns (44.027%)  route 0.236ns (55.973%))
  Logic Levels:           1  (LUT6=1)
  Clock Path Skew:        0.180ns (DCD - SCD - CPR)
    Destination Clock Delay (DCD):    1.903ns
    Source Clock Delay      (SCD):    1.471ns
    Clock Pessimism Removal (CPR):    0.251ns
  Clock Uncertainty:      0.100ns  ((TSJ^2 + TIJ^2)^1/2 + DJ) / 2 + PE + UU
    Total System Jitter     (TSJ):    0.000ns
    Total Input Jitter      (TIJ):    0.000ns
    Discrete Jitter          (DJ):    0.000ns
    Phase Error              (PE):    0.000ns
    User Uncertainty         (UU):    0.100ns

    Location             Delay type                Incr(ns)  Path(ns)    Netlist Resource(s)
  -------------------------------------------------------------------    -------------------
                         (clock CLK rise edge)        0.000     0.000 r  
    M18                                               0.000     0.000 r  clk (IN)
                         net (fo=0)                   0.000     0.000    clk
    M18                  IBUF (Prop_ibuf_I_O)         0.167     0.167 r  clk_IBUF_inst/O
                         net (fo=1, routed)           0.634     0.801    clk_IBUF
    BUFGCTRL_X0Y0        BUFG (Prop_bufg_I_O)         0.026     0.827 r  clk_IBUF_BUFG_inst/O
                         net (fo=11160, routed)       0.644     1.471    u_aes_slave/u_aes_core/key_schedule_inst/clk_IBUF_BUFG
    SLICE_X41Y100        FDRE                                         r  u_aes_slave/u_aes_core/key_schedule_inst/key_state_reg_reg[5][93]/C
  -------------------------------------------------------------------    -------------------
    SLICE_X41Y100        FDRE (Prop_fdre_C_Q)         0.141     1.612 r  u_aes_slave/u_aes_core/key_schedule_inst/key_state_reg_reg[5][93]/Q
                         net (fo=2, routed)           0.236     1.849    u_aes_slave/u_aes_core/key_schedule_inst/round_key[6]_32[93]
    SLICE_X36Y96         LUT6 (Prop_lut6_I5_O)        0.045     1.894 r  u_aes_slave/u_aes_core/key_schedule_inst/state_reg[6][93]_i_1/O
                         net (fo=1, routed)           0.000     1.894    u_aes_slave/u_aes_core/state_out[6]_5[93]
    SLICE_X36Y96         FDRE                                         r  u_aes_slave/u_aes_core/state_reg_reg[6][93]/D
  -------------------------------------------------------------------    -------------------

                         (clock CLK rise edge)        0.000     0.000 r  
    M18                                               0.000     0.000 r  clk (IN)
                         net (fo=0)                   0.000     0.000    clk
    M18                  IBUF (Prop_ibuf_I_O)         0.356     0.356 r  clk_IBUF_inst/O
                         net (fo=1, routed)           0.689     1.044    clk_IBUF
    BUFGCTRL_X0Y0        BUFG (Prop_bufg_I_O)         0.029     1.073 r  clk_IBUF_BUFG_inst/O
                         net (fo=11160, routed)       0.829     1.903    u_aes_slave/u_aes_core/clk_IBUF_BUFG
    SLICE_X36Y96         FDRE                                         r  u_aes_slave/u_aes_core/state_reg_reg[6][93]/C
                         clock pessimism             -0.251     1.652    
                         clock uncertainty            0.100     1.752    
    SLICE_X36Y96         FDRE (Hold_fdre_C_D)         0.092     1.844    u_aes_slave/u_aes_core/state_reg_reg[6][93]
  -------------------------------------------------------------------
                         required time                         -1.844    
                         arrival time                           1.894    
  -------------------------------------------------------------------
                         slack                                  0.050    

Slack (MET) :             0.052ns  (arrival time - required time)
  Source:                 u_aes_slave/u_aes_core/key_schedule_inst/key_state_reg_reg[0][209]/C
                            (rising edge-triggered cell FDRE clocked by CLK  {rise@0.000ns fall@2.500ns period=5.000ns})
  Destination:            u_aes_slave/u_aes_core/state_reg_reg[1][81]/D
                            (rising edge-triggered cell FDRE clocked by CLK  {rise@0.000ns fall@2.500ns period=5.000ns})
  Path Group:             CLK
  Path Type:              Hold (Min at Fast Process Corner)
  Requirement:            0.000ns  (CLK rise@0.000ns - CLK rise@0.000ns)
  Data Path Delay:        0.508ns  (logic 0.209ns (41.166%)  route 0.299ns (58.834%))
  Logic Levels:           1  (LUT2=1)
  Clock Path Skew:        0.265ns (DCD - SCD - CPR)
    Destination Clock Delay (DCD):    1.903ns
    Source Clock Delay      (SCD):    1.387ns
    Clock Pessimism Removal (CPR):    0.251ns
  Clock Uncertainty:      0.100ns  ((TSJ^2 + TIJ^2)^1/2 + DJ) / 2 + PE + UU
    Total System Jitter     (TSJ):    0.000ns
    Total Input Jitter      (TIJ):    0.000ns
    Discrete Jitter          (DJ):    0.000ns
    Phase Error              (PE):    0.000ns
    User Uncertainty         (UU):    0.100ns

    Location             Delay type                Incr(ns)  Path(ns)    Netlist Resource(s)
  -------------------------------------------------------------------    -------------------
                         (clock CLK rise edge)        0.000     0.000 r  
    M18                                               0.000     0.000 r  clk (IN)
                         net (fo=0)                   0.000     0.000    clk
    M18                  IBUF (Prop_ibuf_I_O)         0.167     0.167 r  clk_IBUF_inst/O
                         net (fo=1, routed)           0.634     0.801    clk_IBUF
    BUFGCTRL_X0Y0        BUFG (Prop_bufg_I_O)         0.026     0.827 r  clk_IBUF_BUFG_inst/O
                         net (fo=11160, routed)       0.560     1.387    u_aes_slave/u_aes_core/key_schedule_inst/clk_IBUF_BUFG
    SLICE_X30Y58         FDRE                                         r  u_aes_slave/u_aes_core/key_schedule_inst/key_state_reg_reg[0][209]/C
  -------------------------------------------------------------------    -------------------
    SLICE_X30Y58         FDRE (Prop_fdre_C_Q)         0.164     1.551 r  u_aes_slave/u_aes_core/key_schedule_inst/key_state_reg_reg[0][209]/Q
                         net (fo=3, routed)           0.299     1.850    u_aes_slave/u_aes_core/key_schedule_inst/round_key[1]_24[81]
    SLICE_X43Y58         LUT2 (Prop_lut2_I0_O)        0.045     1.895 r  u_aes_slave/u_aes_core/key_schedule_inst/state_reg[1][81]_i_1/O
                         net (fo=1, routed)           0.000     1.895    u_aes_slave/u_aes_core/state_out[1]_0[81]
    SLICE_X43Y58         FDRE                                         r  u_aes_slave/u_aes_core/state_reg_reg[1][81]/D
  -------------------------------------------------------------------    -------------------

                         (clock CLK rise edge)        0.000     0.000 r  
    M18                                               0.000     0.000 r  clk (IN)
                         net (fo=0)                   0.000     0.000    clk
    M18                  IBUF (Prop_ibuf_I_O)         0.356     0.356 r  clk_IBUF_inst/O
                         net (fo=1, routed)           0.689     1.044    clk_IBUF
    BUFGCTRL_X0Y0        BUFG (Prop_bufg_I_O)         0.029     1.073 r  clk_IBUF_BUFG_inst/O
                         net (fo=11160, routed)       0.830     1.903    u_aes_slave/u_aes_core/clk_IBUF_BUFG
    SLICE_X43Y58         FDRE                                         r  u_aes_slave/u_aes_core/state_reg_reg[1][81]/C
                         clock pessimism             -0.251     1.652    
                         clock uncertainty            0.100     1.752    
    SLICE_X43Y58         FDRE (Hold_fdre_C_D)         0.091     1.843    u_aes_slave/u_aes_core/state_reg_reg[1][81]
  -------------------------------------------------------------------
                         required time                         -1.843    
                         arrival time                           1.895    
  -------------------------------------------------------------------
                         slack                                  0.052    

Slack (MET) :             0.052ns  (arrival time - required time)
  Source:                 u_aes_slave/u_aes_core/key_schedule_inst/key_state_reg_reg[8][65]/C
                            (rising edge-triggered cell FDRE clocked by CLK  {rise@0.000ns fall@2.500ns period=5.000ns})
  Destination:            u_aes_slave/u_aes_core/key_schedule_inst/key_state_reg_reg[9][65]/D
                            (rising edge-triggered cell FDRE clocked by CLK  {rise@0.000ns fall@2.500ns period=5.000ns})
  Path Group:             CLK
  Path Type:              Hold (Min at Fast Process Corner)
  Requirement:            0.000ns  (CLK rise@0.000ns - CLK rise@0.000ns)
  Data Path Delay:        0.286ns  (logic 0.186ns (64.988%)  route 0.100ns (35.012%))
  Logic Levels:           1  (LUT6=1)
  Clock Path Skew:        0.013ns (DCD - SCD - CPR)
    Destination Clock Delay (DCD):    1.975ns
    Source Clock Delay      (SCD):    1.457ns
    Clock Pessimism Removal (CPR):    0.504ns
  Clock Uncertainty:      0.100ns  ((TSJ^2 + TIJ^2)^1/2 + DJ) / 2 + PE + UU
    Total System Jitter     (TSJ):    0.000ns
    Total Input Jitter      (TIJ):    0.000ns
    Discrete Jitter          (DJ):    0.000ns
    Phase Error              (PE):    0.000ns
    User Uncertainty         (UU):    0.100ns

    Location             Delay type                Incr(ns)  Path(ns)    Netlist Resource(s)
  -------------------------------------------------------------------    -------------------
                         (clock CLK rise edge)        0.000     0.000 r  
    M18                                               0.000     0.000 r  clk (IN)
                         net (fo=0)                   0.000     0.000    clk
    M18                  IBUF (Prop_ibuf_I_O)         0.167     0.167 r  clk_IBUF_inst/O
                         net (fo=1, routed)           0.634     0.801    clk_IBUF
    BUFGCTRL_X0Y0        BUFG (Prop_bufg_I_O)         0.026     0.827 r  clk_IBUF_BUFG_inst/O
                         net (fo=11160, routed)       0.630     1.457    u_aes_slave/u_aes_core/key_schedule_inst/clk_IBUF_BUFG
    SLICE_X39Y126        FDRE                                         r  u_aes_slave/u_aes_core/key_schedule_inst/key_state_reg_reg[8][65]/C
  -------------------------------------------------------------------    -------------------
    SLICE_X39Y126        FDRE (Prop_fdre_C_Q)         0.141     1.598 r  u_aes_slave/u_aes_core/key_schedule_inst/key_state_reg_reg[8][65]/Q
                         net (fo=2, routed)           0.100     1.699    u_aes_slave/u_aes_core/key_schedule_inst/gen_key_expand[4].key_expand_inst/key_state_reg_reg[8][65]
    SLICE_X38Y126        LUT6 (Prop_lut6_I5_O)        0.045     1.744 r  u_aes_slave/u_aes_core/key_schedule_inst/gen_key_expand[4].key_expand_inst/key_state_reg[9][65]_i_1/O
                         net (fo=1, routed)           0.000     1.744    u_aes_slave/u_aes_core/key_schedule_inst/expanded_round_key[4]_21[65]
    SLICE_X38Y126        FDRE                                         r  u_aes_slave/u_aes_core/key_schedule_inst/key_state_reg_reg[9][65]/D
  -------------------------------------------------------------------    -------------------

                         (clock CLK rise edge)        0.000     0.000 r  
    M18                                               0.000     0.000 r  clk (IN)
                         net (fo=0)                   0.000     0.000    clk
    M18                  IBUF (Prop_ibuf_I_O)         0.356     0.356 r  clk_IBUF_inst/O
                         net (fo=1, routed)           0.689     1.044    clk_IBUF
    BUFGCTRL_X0Y0        BUFG (Prop_bufg_I_O)         0.029     1.073 r  clk_IBUF_BUFG_inst/O
                         net (fo=11160, routed)       0.901     1.975    u_aes_slave/u_aes_core/key_schedule_inst/clk_IBUF_BUFG
    SLICE_X38Y126        FDRE                                         r  u_aes_slave/u_aes_core/key_schedule_inst/key_state_reg_reg[9][65]/C
                         clock pessimism             -0.504     1.470    
                         clock uncertainty            0.100     1.570    
    SLICE_X38Y126        FDRE (Hold_fdre_C_D)         0.121     1.691    u_aes_slave/u_aes_core/key_schedule_inst/key_state_reg_reg[9][65]
  -------------------------------------------------------------------
                         required time                         -1.691    
                         arrival time                           1.744    
  -------------------------------------------------------------------
                         slack                                  0.052    

Slack (MET) :             0.054ns  (arrival time - required time)
  Source:                 u_aes_slave/key_q_reg[2][1]/C
                            (rising edge-triggered cell FDRE clocked by CLK  {rise@0.000ns fall@2.500ns period=5.000ns})
  Destination:            u_aes_slave/u_aes_core/state_reg_reg[0][89]/D
                            (rising edge-triggered cell FDRE clocked by CLK  {rise@0.000ns fall@2.500ns period=5.000ns})
  Path Group:             CLK
  Path Type:              Hold (Min at Fast Process Corner)
  Requirement:            0.000ns  (CLK rise@0.000ns - CLK rise@0.000ns)
  Data Path Delay:        0.287ns  (logic 0.186ns (64.889%)  route 0.101ns (35.111%))
  Logic Levels:           1  (LUT2=1)
  Clock Path Skew:        0.013ns (DCD - SCD - CPR)
    Destination Clock Delay (DCD):    1.910ns
    Source Clock Delay      (SCD):    1.393ns
    Clock Pessimism Removal (CPR):    0.504ns
  Clock Uncertainty:      0.100ns  ((TSJ^2 + TIJ^2)^1/2 + DJ) / 2 + PE + UU
    Total System Jitter     (TSJ):    0.000ns
    Total Input Jitter      (TIJ):    0.000ns
    Discrete Jitter          (DJ):    0.000ns
    Phase Error              (PE):    0.000ns
    User Uncertainty         (UU):    0.100ns

    Location             Delay type                Incr(ns)  Path(ns)    Netlist Resource(s)
  -------------------------------------------------------------------    -------------------
                         (clock CLK rise edge)        0.000     0.000 r  
    M18                                               0.000     0.000 r  clk (IN)
                         net (fo=0)                   0.000     0.000    clk
    M18                  IBUF (Prop_ibuf_I_O)         0.167     0.167 r  clk_IBUF_inst/O
                         net (fo=1, routed)           0.634     0.801    clk_IBUF
    BUFGCTRL_X0Y0        BUFG (Prop_bufg_I_O)         0.026     0.827 r  clk_IBUF_BUFG_inst/O
                         net (fo=11160, routed)       0.566     1.393    u_aes_slave/clk_IBUF_BUFG
    SLICE_X55Y44         FDRE                                         r  u_aes_slave/key_q_reg[2][1]/C
  -------------------------------------------------------------------    -------------------
    SLICE_X55Y44         FDRE (Prop_fdre_C_Q)         0.141     1.534 r  u_aes_slave/key_q_reg[2][1]/Q
                         net (fo=3, routed)           0.101     1.634    u_aes_slave/u_aes_core/D[89]
    SLICE_X54Y44         LUT2 (Prop_lut2_I0_O)        0.045     1.679 r  u_aes_slave/u_aes_core/state_reg[0][89]_i_1/O
                         net (fo=1, routed)           0.000     1.679    u_aes_slave/u_aes_core/state_init[89]
    SLICE_X54Y44         FDRE                                         r  u_aes_slave/u_aes_core/state_reg_reg[0][89]/D
  -------------------------------------------------------------------    -------------------

                         (clock CLK rise edge)        0.000     0.000 r  
    M18                                               0.000     0.000 r  clk (IN)
                         net (fo=0)                   0.000     0.000    clk
    M18                  IBUF (Prop_ibuf_I_O)         0.356     0.356 r  clk_IBUF_inst/O
                         net (fo=1, routed)           0.689     1.044    clk_IBUF
    BUFGCTRL_X0Y0        BUFG (Prop_bufg_I_O)         0.029     1.073 r  clk_IBUF_BUFG_inst/O
                         net (fo=11160, routed)       0.837     1.910    u_aes_slave/u_aes_core/clk_IBUF_BUFG
    SLICE_X54Y44         FDRE                                         r  u_aes_slave/u_aes_core/state_reg_reg[0][89]/C
                         clock pessimism             -0.504     1.406    
                         clock uncertainty            0.100     1.506    
    SLICE_X54Y44         FDRE (Hold_fdre_C_D)         0.120     1.626    u_aes_slave/u_aes_core/state_reg_reg[0][89]
  -------------------------------------------------------------------
                         required time                         -1.626    
                         arrival time                           1.679    
  -------------------------------------------------------------------
                         slack                                  0.054    

Slack (MET) :             0.054ns  (arrival time - required time)
  Source:                 u_aes_slave/u_aes_core/key_schedule_inst/key_state_reg_reg[13][45]/C
                            (rising edge-triggered cell FDRE clocked by CLK  {rise@0.000ns fall@2.500ns period=5.000ns})
  Destination:            u_aes_slave/u_aes_core/state_reg_reg[14][45]/D
                            (rising edge-triggered cell FDRE clocked by CLK  {rise@0.000ns fall@2.500ns period=5.000ns})
  Path Group:             CLK
  Path Type:              Hold (Min at Fast Process Corner)
  Requirement:            0.000ns  (CLK rise@0.000ns - CLK rise@0.000ns)
  Data Path Delay:        0.259ns  (logic 0.209ns (80.663%)  route 0.050ns (19.337%))
  Logic Levels:           1  (LUT2=1)
  Clock Path Skew:        0.013ns (DCD - SCD - CPR)
    Destination Clock Delay (DCD):    1.989ns
    Source Clock Delay      (SCD):    1.469ns
    Clock Pessimism Removal (CPR):    0.506ns
  Clock Uncertainty:      0.100ns  ((TSJ^2 + TIJ^2)^1/2 + DJ) / 2 + PE + UU
    Total System Jitter     (TSJ):    0.000ns
    Total Input Jitter      (TIJ):    0.000ns
    Discrete Jitter          (DJ):    0.000ns
    Phase Error              (PE):    0.000ns
    User Uncertainty         (UU):    0.100ns

    Location             Delay type                Incr(ns)  Path(ns)    Netlist Resource(s)
  -------------------------------------------------------------------    -------------------
                         (clock CLK rise edge)        0.000     0.000 r  
    M18                                               0.000     0.000 r  clk (IN)
                         net (fo=0)                   0.000     0.000    clk
    M18                  IBUF (Prop_ibuf_I_O)         0.167     0.167 r  clk_IBUF_inst/O
                         net (fo=1, routed)           0.634     0.801    clk_IBUF
    BUFGCTRL_X0Y0        BUFG (Prop_bufg_I_O)         0.026     0.827 r  clk_IBUF_BUFG_inst/O
                         net (fo=11160, routed)       0.642     1.469    u_aes_slave/u_aes_core/key_schedule_inst/clk_IBUF_BUFG
    SLICE_X50Y137        FDRE                                         r  u_aes_slave/u_aes_core/key_schedule_inst/key_state_reg_reg[13][45]/C
  -------------------------------------------------------------------    -------------------
    SLICE_X50Y137        FDRE (Prop_fdre_C_Q)         0.164     1.633 r  u_aes_slave/u_aes_core/key_schedule_inst/key_state_reg_reg[13][45]/Q
                         net (fo=1, routed)           0.050     1.683    u_aes_slave/u_aes_core/key_schedule_inst/round_key[14]_43[45]
    SLICE_X51Y137        LUT2 (Prop_lut2_I0_O)        0.045     1.728 r  u_aes_slave/u_aes_core/key_schedule_inst/state_reg[14][45]_i_1/O
                         net (fo=1, routed)           0.000     1.728    u_aes_slave/u_aes_core/state_out[14]_44[45]
    SLICE_X51Y137        FDRE                                         r  u_aes_slave/u_aes_core/state_reg_reg[14][45]/D
  -------------------------------------------------------------------    -------------------

                         (clock CLK rise edge)        0.000     0.000 r  
    M18                                               0.000     0.000 r  clk (IN)
                         net (fo=0)                   0.000     0.000    clk
    M18                  IBUF (Prop_ibuf_I_O)         0.356     0.356 r  clk_IBUF_inst/O
                         net (fo=1, routed)           0.689     1.044    clk_IBUF
    BUFGCTRL_X0Y0        BUFG (Prop_bufg_I_O)         0.029     1.073 r  clk_IBUF_BUFG_inst/O
                         net (fo=11160, routed)       0.915     1.989    u_aes_slave/u_aes_core/clk_IBUF_BUFG
    SLICE_X51Y137        FDRE                                         r  u_aes_slave/u_aes_core/state_reg_reg[14][45]/C
                         clock pessimism             -0.506     1.482    
                         clock uncertainty            0.100     1.582    
    SLICE_X51Y137        FDRE (Hold_fdre_C_D)         0.092     1.674    u_aes_slave/u_aes_core/state_reg_reg[14][45]
  -------------------------------------------------------------------
                         required time                         -1.674    
                         arrival time                           1.728    
  -------------------------------------------------------------------
                         slack                                  0.054    

Slack (MET) :             0.054ns  (arrival time - required time)
  Source:                 u_aes_slave/u_aes_core/key_schedule_inst/key_state_reg_reg[12][62]/C
                            (rising edge-triggered cell FDRE clocked by CLK  {rise@0.000ns fall@2.500ns period=5.000ns})
  Destination:            u_aes_slave/u_aes_core/key_schedule_inst/key_state_reg_reg[13][62]/D
                            (rising edge-triggered cell FDRE clocked by CLK  {rise@0.000ns fall@2.500ns period=5.000ns})
  Path Group:             CLK
  Path Type:              Hold (Min at Fast Process Corner)
  Requirement:            0.000ns  (CLK rise@0.000ns - CLK rise@0.000ns)
  Data Path Delay:        0.259ns  (logic 0.186ns (71.777%)  route 0.073ns (28.223%))
  Logic Levels:           1  (LUT5=1)
  Clock Path Skew:        0.013ns (DCD - SCD - CPR)
    Destination Clock Delay (DCD):    1.991ns
    Source Clock Delay      (SCD):    1.470ns
    Clock Pessimism Removal (CPR):    0.507ns
  Clock Uncertainty:      0.100ns  ((TSJ^2 + TIJ^2)^1/2 + DJ) / 2 + PE + UU
    Total System Jitter     (TSJ):    0.000ns
    Total Input Jitter      (TIJ):    0.000ns
    Discrete Jitter          (DJ):    0.000ns
    Phase Error              (PE):    0.000ns
    User Uncertainty         (UU):    0.100ns

    Location             Delay type                Incr(ns)  Path(ns)    Netlist Resource(s)
  -------------------------------------------------------------------    -------------------
                         (clock CLK rise edge)        0.000     0.000 r  
    M18                                               0.000     0.000 r  clk (IN)
                         net (fo=0)                   0.000     0.000    clk
    M18                  IBUF (Prop_ibuf_I_O)         0.167     0.167 r  clk_IBUF_inst/O
                         net (fo=1, routed)           0.634     0.801    clk_IBUF
    BUFGCTRL_X0Y0        BUFG (Prop_bufg_I_O)         0.026     0.827 r  clk_IBUF_BUFG_inst/O
                         net (fo=11160, routed)       0.643     1.470    u_aes_slave/u_aes_core/key_schedule_inst/clk_IBUF_BUFG
    SLICE_X44Y145        FDRE                                         r  u_aes_slave/u_aes_core/key_schedule_inst/key_state_reg_reg[12][62]/C
  -------------------------------------------------------------------    -------------------
    SLICE_X44Y145        FDRE (Prop_fdre_C_Q)         0.141     1.611 r  u_aes_slave/u_aes_core/key_schedule_inst/key_state_reg_reg[12][62]/Q
                         net (fo=3, routed)           0.073     1.684    u_aes_slave/u_aes_core/key_schedule_inst/gen_key_expand[6].key_expand_inst/key_state_reg_reg[12][62]
    SLICE_X45Y145        LUT5 (Prop_lut5_I4_O)        0.045     1.729 r  u_aes_slave/u_aes_core/key_schedule_inst/gen_key_expand[6].key_expand_inst/key_state_reg[13][62]_i_1/O
                         net (fo=1, routed)           0.000     1.729    u_aes_slave/u_aes_core/key_schedule_inst/expanded_round_key[6]_23[62]
    SLICE_X45Y145        FDRE                                         r  u_aes_slave/u_aes_core/key_schedule_inst/key_state_reg_reg[13][62]/D
  -------------------------------------------------------------------    -------------------

                         (clock CLK rise edge)        0.000     0.000 r  
    M18                                               0.000     0.000 r  clk (IN)
                         net (fo=0)                   0.000     0.000    clk
    M18                  IBUF (Prop_ibuf_I_O)         0.356     0.356 r  clk_IBUF_inst/O
                         net (fo=1, routed)           0.689     1.044    clk_IBUF
    BUFGCTRL_X0Y0        BUFG (Prop_bufg_I_O)         0.029     1.073 r  clk_IBUF_BUFG_inst/O
                         net (fo=11160, routed)       0.917     1.991    u_aes_slave/u_aes_core/key_schedule_inst/clk_IBUF_BUFG
    SLICE_X45Y145        FDRE                                         r  u_aes_slave/u_aes_core/key_schedule_inst/key_state_reg_reg[13][62]/C
                         clock pessimism             -0.507     1.483    
                         clock uncertainty            0.100     1.583    
    SLICE_X45Y145        FDRE (Hold_fdre_C_D)         0.092     1.675    u_aes_slave/u_aes_core/key_schedule_inst/key_state_reg_reg[13][62]
  -------------------------------------------------------------------
                         required time                         -1.675    
                         arrival time                           1.729    
  -------------------------------------------------------------------
                         slack                                  0.054    

Slack (MET) :             0.054ns  (arrival time - required time)
  Source:                 u_aes_slave/u_aes_core/key_schedule_inst/key_state_reg_reg[8][34]/C
                            (rising edge-triggered cell FDRE clocked by CLK  {rise@0.000ns fall@2.500ns period=5.000ns})
  Destination:            u_aes_slave/u_aes_core/key_schedule_inst/key_state_reg_reg[9][66]/D
                            (rising edge-triggered cell FDRE clocked by CLK  {rise@0.000ns fall@2.500ns period=5.000ns})
  Path Group:             CLK
  Path Type:              Hold (Min at Fast Process Corner)
  Requirement:            0.000ns  (CLK rise@0.000ns - CLK rise@0.000ns)
  Data Path Delay:        0.259ns  (logic 0.186ns (71.777%)  route 0.073ns (28.223%))
  Logic Levels:           1  (LUT6=1)
  Clock Path Skew:        0.013ns (DCD - SCD - CPR)
    Destination Clock Delay (DCD):    1.980ns
    Source Clock Delay      (SCD):    1.461ns
    Clock Pessimism Removal (CPR):    0.505ns
  Clock Uncertainty:      0.100ns  ((TSJ^2 + TIJ^2)^1/2 + DJ) / 2 + PE + UU
    Total System Jitter     (TSJ):    0.000ns
    Total Input Jitter      (TIJ):    0.000ns
    Discrete Jitter          (DJ):    0.000ns
    Phase Error              (PE):    0.000ns
    User Uncertainty         (UU):    0.100ns

    Location             Delay type                Incr(ns)  Path(ns)    Netlist Resource(s)
  -------------------------------------------------------------------    -------------------
                         (clock CLK rise edge)        0.000     0.000 r  
    M18                                               0.000     0.000 r  clk (IN)
                         net (fo=0)                   0.000     0.000    clk
    M18                  IBUF (Prop_ibuf_I_O)         0.167     0.167 r  clk_IBUF_inst/O
                         net (fo=1, routed)           0.634     0.801    clk_IBUF
    BUFGCTRL_X0Y0        BUFG (Prop_bufg_I_O)         0.026     0.827 r  clk_IBUF_BUFG_inst/O
                         net (fo=11160, routed)       0.634     1.461    u_aes_slave/u_aes_core/key_schedule_inst/clk_IBUF_BUFG
    SLICE_X44Y129        FDRE                                         r  u_aes_slave/u_aes_core/key_schedule_inst/key_state_reg_reg[8][34]/C
  -------------------------------------------------------------------    -------------------
    SLICE_X44Y129        FDRE (Prop_fdre_C_Q)         0.141     1.602 r  u_aes_slave/u_aes_core/key_schedule_inst/key_state_reg_reg[8][34]/Q
                         net (fo=3, routed)           0.073     1.675    u_aes_slave/u_aes_core/key_schedule_inst/gen_key_expand[4].key_expand_inst/key_state_reg_reg[8][34]
    SLICE_X45Y129        LUT6 (Prop_lut6_I0_O)        0.045     1.720 r  u_aes_slave/u_aes_core/key_schedule_inst/gen_key_expand[4].key_expand_inst/key_state_reg[9][66]_i_1/O
                         net (fo=1, routed)           0.000     1.720    u_aes_slave/u_aes_core/key_schedule_inst/expanded_round_key[4]_21[66]
    SLICE_X45Y129        FDRE                                         r  u_aes_slave/u_aes_core/key_schedule_inst/key_state_reg_reg[9][66]/D
  -------------------------------------------------------------------    -------------------

                         (clock CLK rise edge)        0.000     0.000 r  
    M18                                               0.000     0.000 r  clk (IN)
                         net (fo=0)                   0.000     0.000    clk
    M18                  IBUF (Prop_ibuf_I_O)         0.356     0.356 r  clk_IBUF_inst/O
                         net (fo=1, routed)           0.689     1.044    clk_IBUF
    BUFGCTRL_X0Y0        BUFG (Prop_bufg_I_O)         0.029     1.073 r  clk_IBUF_BUFG_inst/O
                         net (fo=11160, routed)       0.906     1.980    u_aes_slave/u_aes_core/key_schedule_inst/clk_IBUF_BUFG
    SLICE_X45Y129        FDRE                                         r  u_aes_slave/u_aes_core/key_schedule_inst/key_state_reg_reg[9][66]/C
                         clock pessimism             -0.505     1.474    
                         clock uncertainty            0.100     1.574    
    SLICE_X45Y129        FDRE (Hold_fdre_C_D)         0.092     1.666    u_aes_slave/u_aes_core/key_schedule_inst/key_state_reg_reg[9][66]
  -------------------------------------------------------------------
                         required time                         -1.666    
                         arrival time                           1.720    
  -------------------------------------------------------------------
                         slack                                  0.054    

Slack (MET) :             0.054ns  (arrival time - required time)
  Source:                 u_aes_slave/u_aes_core/key_schedule_inst/key_state_reg_reg[8][35]/C
                            (rising edge-triggered cell FDRE clocked by CLK  {rise@0.000ns fall@2.500ns period=5.000ns})
  Destination:            u_aes_slave/u_aes_core/key_schedule_inst/key_state_reg_reg[9][67]/D
                            (rising edge-triggered cell FDRE clocked by CLK  {rise@0.000ns fall@2.500ns period=5.000ns})
  Path Group:             CLK
  Path Type:              Hold (Min at Fast Process Corner)
  Requirement:            0.000ns  (CLK rise@0.000ns - CLK rise@0.000ns)
  Data Path Delay:        0.259ns  (logic 0.186ns (71.777%)  route 0.073ns (28.223%))
  Logic Levels:           1  (LUT6=1)
  Clock Path Skew:        0.013ns (DCD - SCD - CPR)
    Destination Clock Delay (DCD):    1.977ns
    Source Clock Delay      (SCD):    1.460ns
    Clock Pessimism Removal (CPR):    0.503ns
  Clock Uncertainty:      0.100ns  ((TSJ^2 + TIJ^2)^1/2 + DJ) / 2 + PE + UU
    Total System Jitter     (TSJ):    0.000ns
    Total Input Jitter      (TIJ):    0.000ns
    Discrete Jitter          (DJ):    0.000ns
    Phase Error              (PE):    0.000ns
    User Uncertainty         (UU):    0.100ns

    Location             Delay type                Incr(ns)  Path(ns)    Netlist Resource(s)
  -------------------------------------------------------------------    -------------------
                         (clock CLK rise edge)        0.000     0.000 r  
    M18                                               0.000     0.000 r  clk (IN)
                         net (fo=0)                   0.000     0.000    clk
    M18                  IBUF (Prop_ibuf_I_O)         0.167     0.167 r  clk_IBUF_inst/O
                         net (fo=1, routed)           0.634     0.801    clk_IBUF
    BUFGCTRL_X0Y0        BUFG (Prop_bufg_I_O)         0.026     0.827 r  clk_IBUF_BUFG_inst/O
                         net (fo=11160, routed)       0.633     1.460    u_aes_slave/u_aes_core/key_schedule_inst/clk_IBUF_BUFG
    SLICE_X40Y127        FDRE                                         r  u_aes_slave/u_aes_core/key_schedule_inst/key_state_reg_reg[8][35]/C
  -------------------------------------------------------------------    -------------------
    SLICE_X40Y127        FDRE (Prop_fdre_C_Q)         0.141     1.601 r  u_aes_slave/u_aes_core/key_schedule_inst/key_state_reg_reg[8][35]/Q
                         net (fo=3, routed)           0.073     1.674    u_aes_slave/u_aes_core/key_schedule_inst/gen_key_expand[4].key_expand_inst/key_state_reg_reg[8][35]
    SLICE_X41Y127        LUT6 (Prop_lut6_I0_O)        0.045     1.719 r  u_aes_slave/u_aes_core/key_schedule_inst/gen_key_expand[4].key_expand_inst/key_state_reg[9][67]_i_1/O
                         net (fo=1, routed)           0.000     1.719    u_aes_slave/u_aes_core/key_schedule_inst/expanded_round_key[4]_21[67]
    SLICE_X41Y127        FDRE                                         r  u_aes_slave/u_aes_core/key_schedule_inst/key_state_reg_reg[9][67]/D
  -------------------------------------------------------------------    -------------------

                         (clock CLK rise edge)        0.000     0.000 r  
    M18                                               0.000     0.000 r  clk (IN)
                         net (fo=0)                   0.000     0.000    clk
    M18                  IBUF (Prop_ibuf_I_O)         0.356     0.356 r  clk_IBUF_inst/O
                         net (fo=1, routed)           0.689     1.044    clk_IBUF
    BUFGCTRL_X0Y0        BUFG (Prop_bufg_I_O)         0.029     1.073 r  clk_IBUF_BUFG_inst/O
                         net (fo=11160, routed)       0.903     1.977    u_aes_slave/u_aes_core/key_schedule_inst/clk_IBUF_BUFG
    SLICE_X41Y127        FDRE                                         r  u_aes_slave/u_aes_core/key_schedule_inst/key_state_reg_reg[9][67]/C
                         clock pessimism             -0.503     1.473    
                         clock uncertainty            0.100     1.573    
    SLICE_X41Y127        FDRE (Hold_fdre_C_D)         0.092     1.665    u_aes_slave/u_aes_core/key_schedule_inst/key_state_reg_reg[9][67]
  -------------------------------------------------------------------
                         required time                         -1.665    
                         arrival time                           1.719    
  -------------------------------------------------------------------
                         slack                                  0.054    

Slack (MET) :             0.055ns  (arrival time - required time)
  Source:                 u_aes_slave/u_aes_core/key_schedule_inst/key_state_reg_reg[11][161]/C
                            (rising edge-triggered cell FDRE clocked by CLK  {rise@0.000ns fall@2.500ns period=5.000ns})
  Destination:            u_aes_slave/u_aes_core/key_schedule_inst/key_state_reg_reg[12][161]/D
                            (rising edge-triggered cell FDRE clocked by CLK  {rise@0.000ns fall@2.500ns period=5.000ns})
  Path Group:             CLK
  Path Type:              Hold (Min at Fast Process Corner)
  Requirement:            0.000ns  (CLK rise@0.000ns - CLK rise@0.000ns)
  Data Path Delay:        0.490ns  (logic 0.141ns (28.782%)  route 0.349ns (71.218%))
  Logic Levels:           0  
  Clock Path Skew:        0.265ns (DCD - SCD - CPR)
    Destination Clock Delay (DCD):    1.988ns
    Source Clock Delay      (SCD):    1.467ns
    Clock Pessimism Removal (CPR):    0.255ns
  Clock Uncertainty:      0.100ns  ((TSJ^2 + TIJ^2)^1/2 + DJ) / 2 + PE + UU
    Total System Jitter     (TSJ):    0.000ns
    Total Input Jitter      (TIJ):    0.000ns
    Discrete Jitter          (DJ):    0.000ns
    Phase Error              (PE):    0.000ns
    User Uncertainty         (UU):    0.100ns

    Location             Delay type                Incr(ns)  Path(ns)    Netlist Resource(s)
  -------------------------------------------------------------------    -------------------
                         (clock CLK rise edge)        0.000     0.000 r  
    M18                                               0.000     0.000 r  clk (IN)
                         net (fo=0)                   0.000     0.000    clk
    M18                  IBUF (Prop_ibuf_I_O)         0.167     0.167 r  clk_IBUF_inst/O
                         net (fo=1, routed)           0.634     0.801    clk_IBUF
    BUFGCTRL_X0Y0        BUFG (Prop_bufg_I_O)         0.026     0.827 r  clk_IBUF_BUFG_inst/O
                         net (fo=11160, routed)       0.640     1.467    u_aes_slave/u_aes_core/key_schedule_inst/clk_IBUF_BUFG
    SLICE_X27Y136        FDRE                                         r  u_aes_slave/u_aes_core/key_schedule_inst/key_state_reg_reg[11][161]/C
  -------------------------------------------------------------------    -------------------
    SLICE_X27Y136        FDRE (Prop_fdre_C_Q)         0.141     1.608 r  u_aes_slave/u_aes_core/key_schedule_inst/key_state_reg_reg[11][161]/Q
                         net (fo=1, routed)           0.349     1.957    u_aes_slave/u_aes_core/key_schedule_inst/key_state_reg_reg[11]_40[161]
    SLICE_X37Y139        FDRE                                         r  u_aes_slave/u_aes_core/key_schedule_inst/key_state_reg_reg[12][161]/D
  -------------------------------------------------------------------    -------------------

                         (clock CLK rise edge)        0.000     0.000 r  
    M18                                               0.000     0.000 r  clk (IN)
                         net (fo=0)                   0.000     0.000    clk
    M18                  IBUF (Prop_ibuf_I_O)         0.356     0.356 r  clk_IBUF_inst/O
                         net (fo=1, routed)           0.689     1.044    clk_IBUF
    BUFGCTRL_X0Y0        BUFG (Prop_bufg_I_O)         0.029     1.073 r  clk_IBUF_BUFG_inst/O
                         net (fo=11160, routed)       0.914     1.988    u_aes_slave/u_aes_core/key_schedule_inst/clk_IBUF_BUFG
    SLICE_X37Y139        FDRE                                         r  u_aes_slave/u_aes_core/key_schedule_inst/key_state_reg_reg[12][161]/C
                         clock pessimism             -0.255     1.732    
                         clock uncertainty            0.100     1.832    
    SLICE_X37Y139        FDRE (Hold_fdre_C_D)         0.070     1.902    u_aes_slave/u_aes_core/key_schedule_inst/key_state_reg_reg[12][161]
  -------------------------------------------------------------------
                         required time                         -1.902    
                         arrival time                           1.957    
  -------------------------------------------------------------------
                         slack                                  0.055    

Slack (MET) :             0.057ns  (arrival time - required time)
  Source:                 u_aes_slave/u_aes_core/key_schedule_inst/key_state_reg_reg[12][62]/C
                            (rising edge-triggered cell FDRE clocked by CLK  {rise@0.000ns fall@2.500ns period=5.000ns})
  Destination:            u_aes_slave/u_aes_core/key_schedule_inst/key_state_reg_reg[13][94]/D
                            (rising edge-triggered cell FDRE clocked by CLK  {rise@0.000ns fall@2.500ns period=5.000ns})
  Path Group:             CLK
  Path Type:              Hold (Min at Fast Process Corner)
  Requirement:            0.000ns  (CLK rise@0.000ns - CLK rise@0.000ns)
  Data Path Delay:        0.262ns  (logic 0.186ns (70.955%)  route 0.076ns (29.045%))
  Logic Levels:           1  (LUT6=1)
  Clock Path Skew:        0.013ns (DCD - SCD - CPR)
    Destination Clock Delay (DCD):    1.991ns
    Source Clock Delay      (SCD):    1.470ns
    Clock Pessimism Removal (CPR):    0.507ns
  Clock Uncertainty:      0.100ns  ((TSJ^2 + TIJ^2)^1/2 + DJ) / 2 + PE + UU
    Total System Jitter     (TSJ):    0.000ns
    Total Input Jitter      (TIJ):    0.000ns
    Discrete Jitter          (DJ):    0.000ns
    Phase Error              (PE):    0.000ns
    User Uncertainty         (UU):    0.100ns

    Location             Delay type                Incr(ns)  Path(ns)    Netlist Resource(s)
  -------------------------------------------------------------------    -------------------
                         (clock CLK rise edge)        0.000     0.000 r  
    M18                                               0.000     0.000 r  clk (IN)
                         net (fo=0)                   0.000     0.000    clk
    M18                  IBUF (Prop_ibuf_I_O)         0.167     0.167 r  clk_IBUF_inst/O
                         net (fo=1, routed)           0.634     0.801    clk_IBUF
    BUFGCTRL_X0Y0        BUFG (Prop_bufg_I_O)         0.026     0.827 r  clk_IBUF_BUFG_inst/O
                         net (fo=11160, routed)       0.643     1.470    u_aes_slave/u_aes_core/key_schedule_inst/clk_IBUF_BUFG
    SLICE_X44Y145        FDRE                                         r  u_aes_slave/u_aes_core/key_schedule_inst/key_state_reg_reg[12][62]/C
  -------------------------------------------------------------------    -------------------
    SLICE_X44Y145        FDRE (Prop_fdre_C_Q)         0.141     1.611 r  u_aes_slave/u_aes_core/key_schedule_inst/key_state_reg_reg[12][62]/Q
                         net (fo=3, routed)           0.076     1.687    u_aes_slave/u_aes_core/key_schedule_inst/gen_key_expand[6].key_expand_inst/key_state_reg_reg[12][62]
    SLICE_X45Y145        LUT6 (Prop_lut6_I0_O)        0.045     1.732 r  u_aes_slave/u_aes_core/key_schedule_inst/gen_key_expand[6].key_expand_inst/key_state_reg[13][94]_i_1/O
                         net (fo=1, routed)           0.000     1.732    u_aes_slave/u_aes_core/key_schedule_inst/expanded_round_key[6]_23[94]
    SLICE_X45Y145        FDRE                                         r  u_aes_slave/u_aes_core/key_schedule_inst/key_state_reg_reg[13][94]/D
  -------------------------------------------------------------------    -------------------

                         (clock CLK rise edge)        0.000     0.000 r  
    M18                                               0.000     0.000 r  clk (IN)
                         net (fo=0)                   0.000     0.000    clk
    M18                  IBUF (Prop_ibuf_I_O)         0.356     0.356 r  clk_IBUF_inst/O
                         net (fo=1, routed)           0.689     1.044    clk_IBUF
    BUFGCTRL_X0Y0        BUFG (Prop_bufg_I_O)         0.029     1.073 r  clk_IBUF_BUFG_inst/O
                         net (fo=11160, routed)       0.917     1.991    u_aes_slave/u_aes_core/key_schedule_inst/clk_IBUF_BUFG
    SLICE_X45Y145        FDRE                                         r  u_aes_slave/u_aes_core/key_schedule_inst/key_state_reg_reg[13][94]/C
                         clock pessimism             -0.507     1.483    
                         clock uncertainty            0.100     1.583    
    SLICE_X45Y145        FDRE (Hold_fdre_C_D)         0.092     1.675    u_aes_slave/u_aes_core/key_schedule_inst/key_state_reg_reg[13][94]
  -------------------------------------------------------------------
                         required time                         -1.675    
                         arrival time                           1.732    
  -------------------------------------------------------------------
                         slack                                  0.057    

Slack (MET) :             0.058ns  (arrival time - required time)
  Source:                 u_aes_slave/u_aes_core/key_schedule_inst/key_state_reg_reg[5][21]/C
                            (rising edge-triggered cell FDRE clocked by CLK  {rise@0.000ns fall@2.500ns period=5.000ns})
  Destination:            u_aes_slave/u_aes_core/key_schedule_inst/key_state_reg_reg[6][21]/D
                            (rising edge-triggered cell FDRE clocked by CLK  {rise@0.000ns fall@2.500ns period=5.000ns})
  Path Group:             CLK
  Path Type:              Hold (Min at Fast Process Corner)
  Requirement:            0.000ns  (CLK rise@0.000ns - CLK rise@0.000ns)
  Data Path Delay:        0.584ns  (logic 0.164ns (28.096%)  route 0.420ns (71.904%))
  Logic Levels:           0  
  Clock Path Skew:        0.353ns (DCD - SCD - CPR)
    Destination Clock Delay (DCD):    1.993ns
    Source Clock Delay      (SCD):    1.388ns
    Clock Pessimism Removal (CPR):    0.251ns
  Clock Uncertainty:      0.100ns  ((TSJ^2 + TIJ^2)^1/2 + DJ) / 2 + PE + UU
    Total System Jitter     (TSJ):    0.000ns
    Total Input Jitter      (TIJ):    0.000ns
    Discrete Jitter          (DJ):    0.000ns
    Phase Error              (PE):    0.000ns
    User Uncertainty         (UU):    0.100ns

    Location             Delay type                Incr(ns)  Path(ns)    Netlist Resource(s)
  -------------------------------------------------------------------    -------------------
                         (clock CLK rise edge)        0.000     0.000 r  
    M18                                               0.000     0.000 r  clk (IN)
                         net (fo=0)                   0.000     0.000    clk
    M18                  IBUF (Prop_ibuf_I_O)         0.167     0.167 r  clk_IBUF_inst/O
                         net (fo=1, routed)           0.634     0.801    clk_IBUF
    BUFGCTRL_X0Y0        BUFG (Prop_bufg_I_O)         0.026     0.827 r  clk_IBUF_BUFG_inst/O
                         net (fo=11160, routed)       0.561     1.388    u_aes_slave/u_aes_core/key_schedule_inst/clk_IBUF_BUFG
    SLICE_X14Y87         FDRE                                         r  u_aes_slave/u_aes_core/key_schedule_inst/key_state_reg_reg[5][21]/C
  -------------------------------------------------------------------    -------------------
    SLICE_X14Y87         FDRE (Prop_fdre_C_Q)         0.164     1.552 r  u_aes_slave/u_aes_core/key_schedule_inst/key_state_reg_reg[5][21]/Q
                         net (fo=2, routed)           0.420     1.972    u_aes_slave/u_aes_core/key_schedule_inst/round_key[6]_32[21]
    SLICE_X27Y102        FDRE                                         r  u_aes_slave/u_aes_core/key_schedule_inst/key_state_reg_reg[6][21]/D
  -------------------------------------------------------------------    -------------------

                         (clock CLK rise edge)        0.000     0.000 r  
    M18                                               0.000     0.000 r  clk (IN)
                         net (fo=0)                   0.000     0.000    clk
    M18                  IBUF (Prop_ibuf_I_O)         0.356     0.356 r  clk_IBUF_inst/O
                         net (fo=1, routed)           0.689     1.044    clk_IBUF
    BUFGCTRL_X0Y0        BUFG (Prop_bufg_I_O)         0.029     1.073 r  clk_IBUF_BUFG_inst/O
                         net (fo=11160, routed)       0.919     1.993    u_aes_slave/u_aes_core/key_schedule_inst/clk_IBUF_BUFG
    SLICE_X27Y102        FDRE                                         r  u_aes_slave/u_aes_core/key_schedule_inst/key_state_reg_reg[6][21]/C
                         clock pessimism             -0.251     1.741    
                         clock uncertainty            0.100     1.841    
    SLICE_X27Y102        FDRE (Hold_fdre_C_D)         0.072     1.913    u_aes_slave/u_aes_core/key_schedule_inst/key_state_reg_reg[6][21]
  -------------------------------------------------------------------
                         required time                         -1.913    
                         arrival time                           1.972    
  -------------------------------------------------------------------
                         slack                                  0.058    

Slack (MET) :             0.059ns  (arrival time - required time)
  Source:                 u_aes_slave/u_aes_core/key_schedule_inst/key_state_reg_reg[9][65]/C
                            (rising edge-triggered cell FDRE clocked by CLK  {rise@0.000ns fall@2.500ns period=5.000ns})
  Destination:            u_aes_slave/u_aes_core/key_schedule_inst/key_state_reg_reg[10][65]/D
                            (rising edge-triggered cell FDRE clocked by CLK  {rise@0.000ns fall@2.500ns period=5.000ns})
  Path Group:             CLK
  Path Type:              Hold (Min at Fast Process Corner)
  Requirement:            0.000ns  (CLK rise@0.000ns - CLK rise@0.000ns)
  Data Path Delay:        0.496ns  (logic 0.164ns (33.063%)  route 0.332ns (66.937%))
  Logic Levels:           0  
  Clock Path Skew:        0.267ns (DCD - SCD - CPR)
    Destination Clock Delay (DCD):    1.980ns
    Source Clock Delay      (SCD):    1.457ns
    Clock Pessimism Removal (CPR):    0.255ns
  Clock Uncertainty:      0.100ns  ((TSJ^2 + TIJ^2)^1/2 + DJ) / 2 + PE + UU
    Total System Jitter     (TSJ):    0.000ns
    Total Input Jitter      (TIJ):    0.000ns
    Discrete Jitter          (DJ):    0.000ns
    Phase Error              (PE):    0.000ns
    User Uncertainty         (UU):    0.100ns

    Location             Delay type                Incr(ns)  Path(ns)    Netlist Resource(s)
  -------------------------------------------------------------------    -------------------
                         (clock CLK rise edge)        0.000     0.000 r  
    M18                                               0.000     0.000 r  clk (IN)
                         net (fo=0)                   0.000     0.000    clk
    M18                  IBUF (Prop_ibuf_I_O)         0.167     0.167 r  clk_IBUF_inst/O
                         net (fo=1, routed)           0.634     0.801    clk_IBUF
    BUFGCTRL_X0Y0        BUFG (Prop_bufg_I_O)         0.026     0.827 r  clk_IBUF_BUFG_inst/O
                         net (fo=11160, routed)       0.630     1.457    u_aes_slave/u_aes_core/key_schedule_inst/clk_IBUF_BUFG
    SLICE_X38Y126        FDRE                                         r  u_aes_slave/u_aes_core/key_schedule_inst/key_state_reg_reg[9][65]/C
  -------------------------------------------------------------------    -------------------
    SLICE_X38Y126        FDRE (Prop_fdre_C_Q)         0.164     1.621 r  u_aes_slave/u_aes_core/key_schedule_inst/key_state_reg_reg[9][65]/Q
                         net (fo=2, routed)           0.332     1.953    u_aes_slave/u_aes_core/key_schedule_inst/round_key[10]_38[65]
    SLICE_X26Y128        FDRE                                         r  u_aes_slave/u_aes_core/key_schedule_inst/key_state_reg_reg[10][65]/D
  -------------------------------------------------------------------    -------------------

                         (clock CLK rise edge)        0.000     0.000 r  
    M18                                               0.000     0.000 r  clk (IN)
                         net (fo=0)                   0.000     0.000    clk
    M18                  IBUF (Prop_ibuf_I_O)         0.356     0.356 r  clk_IBUF_inst/O
                         net (fo=1, routed)           0.689     1.044    clk_IBUF
    BUFGCTRL_X0Y0        BUFG (Prop_bufg_I_O)         0.029     1.073 r  clk_IBUF_BUFG_inst/O
                         net (fo=11160, routed)       0.906     1.980    u_aes_slave/u_aes_core/key_schedule_inst/clk_IBUF_BUFG
    SLICE_X26Y128        FDRE                                         r  u_aes_slave/u_aes_core/key_schedule_inst/key_state_reg_reg[10][65]/C
                         clock pessimism             -0.255     1.724    
                         clock uncertainty            0.100     1.824    
    SLICE_X26Y128        FDRE (Hold_fdre_C_D)         0.070     1.894    u_aes_slave/u_aes_core/key_schedule_inst/key_state_reg_reg[10][65]
  -------------------------------------------------------------------
                         required time                         -1.894    
                         arrival time                           1.953    
  -------------------------------------------------------------------
                         slack                                  0.059    

Slack (MET) :             0.060ns  (arrival time - required time)
  Source:                 u_aes_slave/u_aes_core/key_schedule_inst/key_state_reg_reg[8][5]/C
                            (rising edge-triggered cell FDRE clocked by CLK  {rise@0.000ns fall@2.500ns period=5.000ns})
  Destination:            u_aes_slave/u_aes_core/key_schedule_inst/key_state_reg_reg[9][5]/D
                            (rising edge-triggered cell FDRE clocked by CLK  {rise@0.000ns fall@2.500ns period=5.000ns})
  Path Group:             CLK
  Path Type:              Hold (Min at Fast Process Corner)
  Requirement:            0.000ns  (CLK rise@0.000ns - CLK rise@0.000ns)
  Data Path Delay:        0.265ns  (logic 0.186ns (70.060%)  route 0.079ns (29.940%))
  Logic Levels:           1  (LUT6=1)
  Clock Path Skew:        0.013ns (DCD - SCD - CPR)
    Destination Clock Delay (DCD):    1.976ns
    Source Clock Delay      (SCD):    1.458ns
    Clock Pessimism Removal (CPR):    0.504ns
  Clock Uncertainty:      0.100ns  ((TSJ^2 + TIJ^2)^1/2 + DJ) / 2 + PE + UU
    Total System Jitter     (TSJ):    0.000ns
    Total Input Jitter      (TIJ):    0.000ns
    Discrete Jitter          (DJ):    0.000ns
    Phase Error              (PE):    0.000ns
    User Uncertainty         (UU):    0.100ns

    Location             Delay type                Incr(ns)  Path(ns)    Netlist Resource(s)
  -------------------------------------------------------------------    -------------------
                         (clock CLK rise edge)        0.000     0.000 r  
    M18                                               0.000     0.000 r  clk (IN)
                         net (fo=0)                   0.000     0.000    clk
    M18                  IBUF (Prop_ibuf_I_O)         0.167     0.167 r  clk_IBUF_inst/O
                         net (fo=1, routed)           0.634     0.801    clk_IBUF
    BUFGCTRL_X0Y0        BUFG (Prop_bufg_I_O)         0.026     0.827 r  clk_IBUF_BUFG_inst/O
                         net (fo=11160, routed)       0.631     1.458    u_aes_slave/u_aes_core/key_schedule_inst/clk_IBUF_BUFG
    SLICE_X45Y126        FDRE                                         r  u_aes_slave/u_aes_core/key_schedule_inst/key_state_reg_reg[8][5]/C
  -------------------------------------------------------------------    -------------------
    SLICE_X45Y126        FDRE (Prop_fdre_C_Q)         0.141     1.599 r  u_aes_slave/u_aes_core/key_schedule_inst/key_state_reg_reg[8][5]/Q
                         net (fo=4, routed)           0.079     1.679    u_aes_slave/u_aes_core/key_schedule_inst/gen_key_expand[4].key_expand_inst/key_state_reg_reg[8][5]
    SLICE_X44Y126        LUT6 (Prop_lut6_I5_O)        0.045     1.724 r  u_aes_slave/u_aes_core/key_schedule_inst/gen_key_expand[4].key_expand_inst/key_state_reg[9][5]_i_1/O
                         net (fo=1, routed)           0.000     1.724    u_aes_slave/u_aes_core/key_schedule_inst/expanded_round_key[4]_21[5]
    SLICE_X44Y126        FDRE                                         r  u_aes_slave/u_aes_core/key_schedule_inst/key_state_reg_reg[9][5]/D
  -------------------------------------------------------------------    -------------------

                         (clock CLK rise edge)        0.000     0.000 r  
    M18                                               0.000     0.000 r  clk (IN)
                         net (fo=0)                   0.000     0.000    clk
    M18                  IBUF (Prop_ibuf_I_O)         0.356     0.356 r  clk_IBUF_inst/O
                         net (fo=1, routed)           0.689     1.044    clk_IBUF
    BUFGCTRL_X0Y0        BUFG (Prop_bufg_I_O)         0.029     1.073 r  clk_IBUF_BUFG_inst/O
                         net (fo=11160, routed)       0.902     1.976    u_aes_slave/u_aes_core/key_schedule_inst/clk_IBUF_BUFG
    SLICE_X44Y126        FDRE                                         r  u_aes_slave/u_aes_core/key_schedule_inst/key_state_reg_reg[9][5]/C
                         clock pessimism             -0.504     1.471    
                         clock uncertainty            0.100     1.571    
    SLICE_X44Y126        FDRE (Hold_fdre_C_D)         0.092     1.663    u_aes_slave/u_aes_core/key_schedule_inst/key_state_reg_reg[9][5]
  -------------------------------------------------------------------
                         required time                         -1.663    
                         arrival time                           1.724    
  -------------------------------------------------------------------
                         slack                                  0.060    

Slack (MET) :             0.061ns  (arrival time - required time)
  Source:                 u_aes_slave/u_aes_core/key_schedule_inst/key_state_reg_reg[5][56]/C
                            (rising edge-triggered cell FDRE clocked by CLK  {rise@0.000ns fall@2.500ns period=5.000ns})
  Destination:            u_aes_slave/u_aes_core/state_reg_reg[6][56]/D
                            (rising edge-triggered cell FDRE clocked by CLK  {rise@0.000ns fall@2.500ns period=5.000ns})
  Path Group:             CLK
  Path Type:              Hold (Min at Fast Process Corner)
  Requirement:            0.000ns  (CLK rise@0.000ns - CLK rise@0.000ns)
  Data Path Delay:        0.517ns  (logic 0.186ns (35.989%)  route 0.331ns (64.012%))
  Logic Levels:           1  (LUT6=1)
  Clock Path Skew:        0.264ns (DCD - SCD - CPR)
    Destination Clock Delay (DCD):    1.904ns
    Source Clock Delay      (SCD):    1.389ns
    Clock Pessimism Removal (CPR):    0.251ns
  Clock Uncertainty:      0.100ns  ((TSJ^2 + TIJ^2)^1/2 + DJ) / 2 + PE + UU
    Total System Jitter     (TSJ):    0.000ns
    Total Input Jitter      (TIJ):    0.000ns
    Discrete Jitter          (DJ):    0.000ns
    Phase Error              (PE):    0.000ns
    User Uncertainty         (UU):    0.100ns

    Location             Delay type                Incr(ns)  Path(ns)    Netlist Resource(s)
  -------------------------------------------------------------------    -------------------
                         (clock CLK rise edge)        0.000     0.000 r  
    M18                                               0.000     0.000 r  clk (IN)
                         net (fo=0)                   0.000     0.000    clk
    M18                  IBUF (Prop_ibuf_I_O)         0.167     0.167 r  clk_IBUF_inst/O
                         net (fo=1, routed)           0.634     0.801    clk_IBUF
    BUFGCTRL_X0Y0        BUFG (Prop_bufg_I_O)         0.026     0.827 r  clk_IBUF_BUFG_inst/O
                         net (fo=11160, routed)       0.562     1.389    u_aes_slave/u_aes_core/key_schedule_inst/clk_IBUF_BUFG
    SLICE_X41Y99         FDRE                                         r  u_aes_slave/u_aes_core/key_schedule_inst/key_state_reg_reg[5][56]/C
  -------------------------------------------------------------------    -------------------
    SLICE_X41Y99         FDRE (Prop_fdre_C_Q)         0.141     1.530 r  u_aes_slave/u_aes_core/key_schedule_inst/key_state_reg_reg[5][56]/Q
                         net (fo=2, routed)           0.331     1.861    u_aes_slave/u_aes_core/key_schedule_inst/round_key[6]_32[56]
    SLICE_X29Y93         LUT6 (Prop_lut6_I5_O)        0.045     1.906 r  u_aes_slave/u_aes_core/key_schedule_inst/state_reg[6][56]_i_1/O
                         net (fo=1, routed)           0.000     1.906    u_aes_slave/u_aes_core/state_out[6]_5[56]
    SLICE_X29Y93         FDRE                                         r  u_aes_slave/u_aes_core/state_reg_reg[6][56]/D
  -------------------------------------------------------------------    -------------------

                         (clock CLK rise edge)        0.000     0.000 r  
    M18                                               0.000     0.000 r  clk (IN)
                         net (fo=0)                   0.000     0.000    clk
    M18                  IBUF (Prop_ibuf_I_O)         0.356     0.356 r  clk_IBUF_inst/O
                         net (fo=1, routed)           0.689     1.044    clk_IBUF
    BUFGCTRL_X0Y0        BUFG (Prop_bufg_I_O)         0.029     1.073 r  clk_IBUF_BUFG_inst/O
                         net (fo=11160, routed)       0.831     1.904    u_aes_slave/u_aes_core/clk_IBUF_BUFG
    SLICE_X29Y93         FDRE                                         r  u_aes_slave/u_aes_core/state_reg_reg[6][56]/C
                         clock pessimism             -0.251     1.653    
                         clock uncertainty            0.100     1.753    
    SLICE_X29Y93         FDRE (Hold_fdre_C_D)         0.092     1.845    u_aes_slave/u_aes_core/state_reg_reg[6][56]
  -------------------------------------------------------------------
                         required time                         -1.845    
                         arrival time                           1.906    
  -------------------------------------------------------------------
                         slack                                  0.061    

Slack (MET) :             0.061ns  (arrival time - required time)
  Source:                 u_aes_slave/u_aes_core/state_reg_reg[14][115]/C
                            (rising edge-triggered cell FDRE clocked by CLK  {rise@0.000ns fall@2.500ns period=5.000ns})
  Destination:            u_aes_slave/ct_q_reg[3][11]/D
                            (rising edge-triggered cell FDRE clocked by CLK  {rise@0.000ns fall@2.500ns period=5.000ns})
  Path Group:             CLK
  Path Type:              Hold (Min at Fast Process Corner)
  Requirement:            0.000ns  (CLK rise@0.000ns - CLK rise@0.000ns)
  Data Path Delay:        0.240ns  (logic 0.141ns (58.691%)  route 0.099ns (41.309%))
  Logic Levels:           0  
  Clock Path Skew:        0.016ns (DCD - SCD - CPR)
    Destination Clock Delay (DCD):    1.991ns
    Source Clock Delay      (SCD):    1.470ns
    Clock Pessimism Removal (CPR):    0.504ns
  Clock Uncertainty:      0.100ns  ((TSJ^2 + TIJ^2)^1/2 + DJ) / 2 + PE + UU
    Total System Jitter     (TSJ):    0.000ns
    Total Input Jitter      (TIJ):    0.000ns
    Discrete Jitter          (DJ):    0.000ns
    Phase Error              (PE):    0.000ns
    User Uncertainty         (UU):    0.100ns

    Location             Delay type                Incr(ns)  Path(ns)    Netlist Resource(s)
  -------------------------------------------------------------------    -------------------
                         (clock CLK rise edge)        0.000     0.000 r  
    M18                                               0.000     0.000 r  clk (IN)
                         net (fo=0)                   0.000     0.000    clk
    M18                  IBUF (Prop_ibuf_I_O)         0.167     0.167 r  clk_IBUF_inst/O
                         net (fo=1, routed)           0.634     0.801    clk_IBUF
    BUFGCTRL_X0Y0        BUFG (Prop_bufg_I_O)         0.026     0.827 r  clk_IBUF_BUFG_inst/O
                         net (fo=11160, routed)       0.643     1.470    u_aes_slave/u_aes_core/clk_IBUF_BUFG
    SLICE_X37Y149        FDRE                                         r  u_aes_slave/u_aes_core/state_reg_reg[14][115]/C
  -------------------------------------------------------------------    -------------------
    SLICE_X37Y149        FDRE (Prop_fdre_C_Q)         0.141     1.611 r  u_aes_slave/u_aes_core/state_reg_reg[14][115]/Q
                         net (fo=1, routed)           0.099     1.711    u_aes_slave/aes_cipher_text[11]
    SLICE_X38Y149        FDRE                                         r  u_aes_slave/ct_q_reg[3][11]/D
  -------------------------------------------------------------------    -------------------

                         (clock CLK rise edge)        0.000     0.000 r  
    M18                                               0.000     0.000 r  clk (IN)
                         net (fo=0)                   0.000     0.000    clk
    M18                  IBUF (Prop_ibuf_I_O)         0.356     0.356 r  clk_IBUF_inst/O
                         net (fo=1, routed)           0.689     1.044    clk_IBUF
    BUFGCTRL_X0Y0        BUFG (Prop_bufg_I_O)         0.029     1.073 r  clk_IBUF_BUFG_inst/O
                         net (fo=11160, routed)       0.917     1.991    u_aes_slave/clk_IBUF_BUFG
    SLICE_X38Y149        FDRE                                         r  u_aes_slave/ct_q_reg[3][11]/C
                         clock pessimism             -0.504     1.486    
                         clock uncertainty            0.100     1.586    
    SLICE_X38Y149        FDRE (Hold_fdre_C_D)         0.063     1.649    u_aes_slave/ct_q_reg[3][11]
  -------------------------------------------------------------------
                         required time                         -1.649    
                         arrival time                           1.711    
  -------------------------------------------------------------------
                         slack                                  0.061    

Slack (MET) :             0.062ns  (arrival time - required time)
  Source:                 u_aes_slave/u_aes_core/key_schedule_inst/key_state_reg_reg[10][57]/C
                            (rising edge-triggered cell FDRE clocked by CLK  {rise@0.000ns fall@2.500ns period=5.000ns})
  Destination:            u_aes_slave/u_aes_core/key_schedule_inst/key_state_reg_reg[11][89]/D
                            (rising edge-triggered cell FDRE clocked by CLK  {rise@0.000ns fall@2.500ns period=5.000ns})
  Path Group:             CLK
  Path Type:              Hold (Min at Fast Process Corner)
  Requirement:            0.000ns  (CLK rise@0.000ns - CLK rise@0.000ns)
  Data Path Delay:        0.267ns  (logic 0.186ns (69.783%)  route 0.081ns (30.217%))
  Logic Levels:           1  (LUT6=1)
  Clock Path Skew:        0.013ns (DCD - SCD - CPR)
    Destination Clock Delay (DCD):    1.984ns
    Source Clock Delay      (SCD):    1.465ns
    Clock Pessimism Removal (CPR):    0.505ns
  Clock Uncertainty:      0.100ns  ((TSJ^2 + TIJ^2)^1/2 + DJ) / 2 + PE + UU
    Total System Jitter     (TSJ):    0.000ns
    Total Input Jitter      (TIJ):    0.000ns
    Discrete Jitter          (DJ):    0.000ns
    Phase Error              (PE):    0.000ns
    User Uncertainty         (UU):    0.100ns

    Location             Delay type                Incr(ns)  Path(ns)    Netlist Resource(s)
  -------------------------------------------------------------------    -------------------
                         (clock CLK rise edge)        0.000     0.000 r  
    M18                                               0.000     0.000 r  clk (IN)
                         net (fo=0)                   0.000     0.000    clk
    M18                  IBUF (Prop_ibuf_I_O)         0.167     0.167 r  clk_IBUF_inst/O
                         net (fo=1, routed)           0.634     0.801    clk_IBUF
    BUFGCTRL_X0Y0        BUFG (Prop_bufg_I_O)         0.026     0.827 r  clk_IBUF_BUFG_inst/O
                         net (fo=11160, routed)       0.638     1.465    u_aes_slave/u_aes_core/key_schedule_inst/clk_IBUF_BUFG
    SLICE_X21Y131        FDRE                                         r  u_aes_slave/u_aes_core/key_schedule_inst/key_state_reg_reg[10][57]/C
  -------------------------------------------------------------------    -------------------
    SLICE_X21Y131        FDRE (Prop_fdre_C_Q)         0.141     1.606 r  u_aes_slave/u_aes_core/key_schedule_inst/key_state_reg_reg[10][57]/Q
                         net (fo=3, routed)           0.081     1.687    u_aes_slave/u_aes_core/key_schedule_inst/gen_key_expand[5].key_expand_inst/key_state_reg_reg[10][57]
    SLICE_X20Y131        LUT6 (Prop_lut6_I0_O)        0.045     1.732 r  u_aes_slave/u_aes_core/key_schedule_inst/gen_key_expand[5].key_expand_inst/key_state_reg[11][89]_i_1/O
                         net (fo=1, routed)           0.000     1.732    u_aes_slave/u_aes_core/key_schedule_inst/expanded_round_key[5]_22[89]
    SLICE_X20Y131        FDRE                                         r  u_aes_slave/u_aes_core/key_schedule_inst/key_state_reg_reg[11][89]/D
  -------------------------------------------------------------------    -------------------

                         (clock CLK rise edge)        0.000     0.000 r  
    M18                                               0.000     0.000 r  clk (IN)
                         net (fo=0)                   0.000     0.000    clk
    M18                  IBUF (Prop_ibuf_I_O)         0.356     0.356 r  clk_IBUF_inst/O
                         net (fo=1, routed)           0.689     1.044    clk_IBUF
    BUFGCTRL_X0Y0        BUFG (Prop_bufg_I_O)         0.029     1.073 r  clk_IBUF_BUFG_inst/O
                         net (fo=11160, routed)       0.910     1.984    u_aes_slave/u_aes_core/key_schedule_inst/clk_IBUF_BUFG
    SLICE_X20Y131        FDRE                                         r  u_aes_slave/u_aes_core/key_schedule_inst/key_state_reg_reg[11][89]/C
                         clock pessimism             -0.505     1.478    
                         clock uncertainty            0.100     1.578    
    SLICE_X20Y131        FDRE (Hold_fdre_C_D)         0.092     1.670    u_aes_slave/u_aes_core/key_schedule_inst/key_state_reg_reg[11][89]
  -------------------------------------------------------------------
                         required time                         -1.670    
                         arrival time                           1.732    
  -------------------------------------------------------------------
                         slack                                  0.062    

Slack (MET) :             0.062ns  (arrival time - required time)
  Source:                 u_aes_slave/u_aes_core/key_schedule_inst/key_state_reg_reg[8][37]/C
                            (rising edge-triggered cell FDRE clocked by CLK  {rise@0.000ns fall@2.500ns period=5.000ns})
  Destination:            u_aes_slave/u_aes_core/key_schedule_inst/key_state_reg_reg[9][69]/D
                            (rising edge-triggered cell FDRE clocked by CLK  {rise@0.000ns fall@2.500ns period=5.000ns})
  Path Group:             CLK
  Path Type:              Hold (Min at Fast Process Corner)
  Requirement:            0.000ns  (CLK rise@0.000ns - CLK rise@0.000ns)
  Data Path Delay:        0.267ns  (logic 0.186ns (69.783%)  route 0.081ns (30.217%))
  Logic Levels:           1  (LUT6=1)
  Clock Path Skew:        0.013ns (DCD - SCD - CPR)
    Destination Clock Delay (DCD):    1.976ns
    Source Clock Delay      (SCD):    1.458ns
    Clock Pessimism Removal (CPR):    0.504ns
  Clock Uncertainty:      0.100ns  ((TSJ^2 + TIJ^2)^1/2 + DJ) / 2 + PE + UU
    Total System Jitter     (TSJ):    0.000ns
    Total Input Jitter      (TIJ):    0.000ns
    Discrete Jitter          (DJ):    0.000ns
    Phase Error              (PE):    0.000ns
    User Uncertainty         (UU):    0.100ns

    Location             Delay type                Incr(ns)  Path(ns)    Netlist Resource(s)
  -------------------------------------------------------------------    -------------------
                         (clock CLK rise edge)        0.000     0.000 r  
    M18                                               0.000     0.000 r  clk (IN)
                         net (fo=0)                   0.000     0.000    clk
    M18                  IBUF (Prop_ibuf_I_O)         0.167     0.167 r  clk_IBUF_inst/O
                         net (fo=1, routed)           0.634     0.801    clk_IBUF
    BUFGCTRL_X0Y0        BUFG (Prop_bufg_I_O)         0.026     0.827 r  clk_IBUF_BUFG_inst/O
                         net (fo=11160, routed)       0.631     1.458    u_aes_slave/u_aes_core/key_schedule_inst/clk_IBUF_BUFG
    SLICE_X45Y126        FDRE                                         r  u_aes_slave/u_aes_core/key_schedule_inst/key_state_reg_reg[8][37]/C
  -------------------------------------------------------------------    -------------------
    SLICE_X45Y126        FDRE (Prop_fdre_C_Q)         0.141     1.599 r  u_aes_slave/u_aes_core/key_schedule_inst/key_state_reg_reg[8][37]/Q
                         net (fo=3, routed)           0.081     1.680    u_aes_slave/u_aes_core/key_schedule_inst/gen_key_expand[4].key_expand_inst/key_state_reg_reg[8][37]
    SLICE_X44Y126        LUT6 (Prop_lut6_I0_O)        0.045     1.725 r  u_aes_slave/u_aes_core/key_schedule_inst/gen_key_expand[4].key_expand_inst/key_state_reg[9][69]_i_1/O
                         net (fo=1, routed)           0.000     1.725    u_aes_slave/u_aes_core/key_schedule_inst/expanded_round_key[4]_21[69]
    SLICE_X44Y126        FDRE                                         r  u_aes_slave/u_aes_core/key_schedule_inst/key_state_reg_reg[9][69]/D
  -------------------------------------------------------------------    -------------------

                         (clock CLK rise edge)        0.000     0.000 r  
    M18                                               0.000     0.000 r  clk (IN)
                         net (fo=0)                   0.000     0.000    clk
    M18                  IBUF (Prop_ibuf_I_O)         0.356     0.356 r  clk_IBUF_inst/O
                         net (fo=1, routed)           0.689     1.044    clk_IBUF
    BUFGCTRL_X0Y0        BUFG (Prop_bufg_I_O)         0.029     1.073 r  clk_IBUF_BUFG_inst/O
                         net (fo=11160, routed)       0.902     1.976    u_aes_slave/u_aes_core/key_schedule_inst/clk_IBUF_BUFG
    SLICE_X44Y126        FDRE                                         r  u_aes_slave/u_aes_core/key_schedule_inst/key_state_reg_reg[9][69]/C
                         clock pessimism             -0.504     1.471    
                         clock uncertainty            0.100     1.571    
    SLICE_X44Y126        FDRE (Hold_fdre_C_D)         0.092     1.663    u_aes_slave/u_aes_core/key_schedule_inst/key_state_reg_reg[9][69]
  -------------------------------------------------------------------
                         required time                         -1.663    
                         arrival time                           1.725    
  -------------------------------------------------------------------
                         slack                                  0.062    

Slack (MET) :             0.062ns  (arrival time - required time)
  Source:                 u_aes_slave/pt_q_reg[0][11]/C
                            (rising edge-triggered cell FDRE clocked by CLK  {rise@0.000ns fall@2.500ns period=5.000ns})
  Destination:            u_aes_slave/u_aes_core/state_reg_reg[0][19]/D
                            (rising edge-triggered cell FDRE clocked by CLK  {rise@0.000ns fall@2.500ns period=5.000ns})
  Path Group:             CLK
  Path Type:              Hold (Min at Fast Process Corner)
  Requirement:            0.000ns  (CLK rise@0.000ns - CLK rise@0.000ns)
  Data Path Delay:        0.516ns  (logic 0.186ns (36.065%)  route 0.330ns (63.935%))
  Logic Levels:           1  (LUT2=1)
  Clock Path Skew:        0.262ns (DCD - SCD - CPR)
    Destination Clock Delay (DCD):    1.902ns
    Source Clock Delay      (SCD):    1.389ns
    Clock Pessimism Removal (CPR):    0.251ns
  Clock Uncertainty:      0.100ns  ((TSJ^2 + TIJ^2)^1/2 + DJ) / 2 + PE + UU
    Total System Jitter     (TSJ):    0.000ns
    Total Input Jitter      (TIJ):    0.000ns
    Discrete Jitter          (DJ):    0.000ns
    Phase Error              (PE):    0.000ns
    User Uncertainty         (UU):    0.100ns

    Location             Delay type                Incr(ns)  Path(ns)    Netlist Resource(s)
  -------------------------------------------------------------------    -------------------
                         (clock CLK rise edge)        0.000     0.000 r  
    M18                                               0.000     0.000 r  clk (IN)
                         net (fo=0)                   0.000     0.000    clk
    M18                  IBUF (Prop_ibuf_I_O)         0.167     0.167 r  clk_IBUF_inst/O
                         net (fo=1, routed)           0.634     0.801    clk_IBUF
    BUFGCTRL_X0Y0        BUFG (Prop_bufg_I_O)         0.026     0.827 r  clk_IBUF_BUFG_inst/O
                         net (fo=11160, routed)       0.562     1.389    u_aes_slave/clk_IBUF_BUFG
    SLICE_X36Y52         FDRE                                         r  u_aes_slave/pt_q_reg[0][11]/C
  -------------------------------------------------------------------    -------------------
    SLICE_X36Y52         FDRE (Prop_fdre_C_Q)         0.141     1.530 r  u_aes_slave/pt_q_reg[0][11]/Q
                         net (fo=2, routed)           0.330     1.860    u_aes_slave/u_aes_core/aes_plain_text[107]
    SLICE_X35Y53         LUT2 (Prop_lut2_I1_O)        0.045     1.905 r  u_aes_slave/u_aes_core/state_reg[0][19]_i_1/O
                         net (fo=1, routed)           0.000     1.905    u_aes_slave/u_aes_core/state_init[19]
    SLICE_X35Y53         FDRE                                         r  u_aes_slave/u_aes_core/state_reg_reg[0][19]/D
  -------------------------------------------------------------------    -------------------

                         (clock CLK rise edge)        0.000     0.000 r  
    M18                                               0.000     0.000 r  clk (IN)
                         net (fo=0)                   0.000     0.000    clk
    M18                  IBUF (Prop_ibuf_I_O)         0.356     0.356 r  clk_IBUF_inst/O
                         net (fo=1, routed)           0.689     1.044    clk_IBUF
    BUFGCTRL_X0Y0        BUFG (Prop_bufg_I_O)         0.029     1.073 r  clk_IBUF_BUFG_inst/O
                         net (fo=11160, routed)       0.828     1.902    u_aes_slave/u_aes_core/clk_IBUF_BUFG
    SLICE_X35Y53         FDRE                                         r  u_aes_slave/u_aes_core/state_reg_reg[0][19]/C
                         clock pessimism             -0.251     1.651    
                         clock uncertainty            0.100     1.751    
    SLICE_X35Y53         FDRE (Hold_fdre_C_D)         0.092     1.843    u_aes_slave/u_aes_core/state_reg_reg[0][19]
  -------------------------------------------------------------------
                         required time                         -1.843    
                         arrival time                           1.905    
  -------------------------------------------------------------------
                         slack                                  0.062    

Slack (MET) :             0.062ns  (arrival time - required time)
  Source:                 u_aes_slave/u_aes_core/key_schedule_inst/key_state_reg_reg[11][177]/C
                            (rising edge-triggered cell FDRE clocked by CLK  {rise@0.000ns fall@2.500ns period=5.000ns})
  Destination:            u_aes_slave/u_aes_core/key_schedule_inst/key_state_reg_reg[12][177]/D
                            (rising edge-triggered cell FDRE clocked by CLK  {rise@0.000ns fall@2.500ns period=5.000ns})
  Path Group:             CLK
  Path Type:              Hold (Min at Fast Process Corner)
  Requirement:            0.000ns  (CLK rise@0.000ns - CLK rise@0.000ns)
  Data Path Delay:        0.251ns  (logic 0.141ns (56.174%)  route 0.110ns (43.826%))
  Logic Levels:           0  
  Clock Path Skew:        0.013ns (DCD - SCD - CPR)
    Destination Clock Delay (DCD):    2.024ns
    Source Clock Delay      (SCD):    1.502ns
    Clock Pessimism Removal (CPR):    0.508ns
  Clock Uncertainty:      0.100ns  ((TSJ^2 + TIJ^2)^1/2 + DJ) / 2 + PE + UU
    Total System Jitter     (TSJ):    0.000ns
    Total Input Jitter      (TIJ):    0.000ns
    Discrete Jitter          (DJ):    0.000ns
    Phase Error              (PE):    0.000ns
    User Uncertainty         (UU):    0.100ns

    Location             Delay type                Incr(ns)  Path(ns)    Netlist Resource(s)
  -------------------------------------------------------------------    -------------------
                         (clock CLK rise edge)        0.000     0.000 r  
    M18                                               0.000     0.000 r  clk (IN)
                         net (fo=0)                   0.000     0.000    clk
    M18                  IBUF (Prop_ibuf_I_O)         0.167     0.167 r  clk_IBUF_inst/O
                         net (fo=1, routed)           0.634     0.801    clk_IBUF
    BUFGCTRL_X0Y0        BUFG (Prop_bufg_I_O)         0.026     0.827 r  clk_IBUF_BUFG_inst/O
                         net (fo=11160, routed)       0.675     1.502    u_aes_slave/u_aes_core/key_schedule_inst/clk_IBUF_BUFG
    SLICE_X1Y145         FDRE                                         r  u_aes_slave/u_aes_core/key_schedule_inst/key_state_reg_reg[11][177]/C
  -------------------------------------------------------------------    -------------------
    SLICE_X1Y145         FDRE (Prop_fdre_C_Q)         0.141     1.643 r  u_aes_slave/u_aes_core/key_schedule_inst/key_state_reg_reg[11][177]/Q
                         net (fo=1, routed)           0.110     1.753    u_aes_slave/u_aes_core/key_schedule_inst/key_state_reg_reg[11]_40[177]
    SLICE_X0Y145         FDRE                                         r  u_aes_slave/u_aes_core/key_schedule_inst/key_state_reg_reg[12][177]/D
  -------------------------------------------------------------------    -------------------

                         (clock CLK rise edge)        0.000     0.000 r  
    M18                                               0.000     0.000 r  clk (IN)
                         net (fo=0)                   0.000     0.000    clk
    M18                  IBUF (Prop_ibuf_I_O)         0.356     0.356 r  clk_IBUF_inst/O
                         net (fo=1, routed)           0.689     1.044    clk_IBUF
    BUFGCTRL_X0Y0        BUFG (Prop_bufg_I_O)         0.029     1.073 r  clk_IBUF_BUFG_inst/O
                         net (fo=11160, routed)       0.950     2.024    u_aes_slave/u_aes_core/key_schedule_inst/clk_IBUF_BUFG
    SLICE_X0Y145         FDRE                                         r  u_aes_slave/u_aes_core/key_schedule_inst/key_state_reg_reg[12][177]/C
                         clock pessimism             -0.508     1.515    
                         clock uncertainty            0.100     1.615    
    SLICE_X0Y145         FDRE (Hold_fdre_C_D)         0.076     1.691    u_aes_slave/u_aes_core/key_schedule_inst/key_state_reg_reg[12][177]
  -------------------------------------------------------------------
                         required time                         -1.691    
                         arrival time                           1.753    
  -------------------------------------------------------------------
                         slack                                  0.062    

Slack (MET) :             0.062ns  (arrival time - required time)
  Source:                 u_aes_slave/u_aes_core/key_schedule_inst/key_state_reg_reg[3][133]/C
                            (rising edge-triggered cell FDRE clocked by CLK  {rise@0.000ns fall@2.500ns period=5.000ns})
  Destination:            u_aes_slave/u_aes_core/key_schedule_inst/key_state_reg_reg[4][133]/D
                            (rising edge-triggered cell FDRE clocked by CLK  {rise@0.000ns fall@2.500ns period=5.000ns})
  Path Group:             CLK
  Path Type:              Hold (Min at Fast Process Corner)
  Requirement:            0.000ns  (CLK rise@0.000ns - CLK rise@0.000ns)
  Data Path Delay:        0.251ns  (logic 0.141ns (56.174%)  route 0.110ns (43.826%))
  Logic Levels:           0  
  Clock Path Skew:        0.013ns (DCD - SCD - CPR)
    Destination Clock Delay (DCD):    1.933ns
    Source Clock Delay      (SCD):    1.417ns
    Clock Pessimism Removal (CPR):    0.503ns
  Clock Uncertainty:      0.100ns  ((TSJ^2 + TIJ^2)^1/2 + DJ) / 2 + PE + UU
    Total System Jitter     (TSJ):    0.000ns
    Total Input Jitter      (TIJ):    0.000ns
    Discrete Jitter          (DJ):    0.000ns
    Phase Error              (PE):    0.000ns
    User Uncertainty         (UU):    0.100ns

    Location             Delay type                Incr(ns)  Path(ns)    Netlist Resource(s)
  -------------------------------------------------------------------    -------------------
                         (clock CLK rise edge)        0.000     0.000 r  
    M18                                               0.000     0.000 r  clk (IN)
                         net (fo=0)                   0.000     0.000    clk
    M18                  IBUF (Prop_ibuf_I_O)         0.167     0.167 r  clk_IBUF_inst/O
                         net (fo=1, routed)           0.634     0.801    clk_IBUF
    BUFGCTRL_X0Y0        BUFG (Prop_bufg_I_O)         0.026     0.827 r  clk_IBUF_BUFG_inst/O
                         net (fo=11160, routed)       0.590     1.417    u_aes_slave/u_aes_core/key_schedule_inst/clk_IBUF_BUFG
    SLICE_X59Y88         FDRE                                         r  u_aes_slave/u_aes_core/key_schedule_inst/key_state_reg_reg[3][133]/C
  -------------------------------------------------------------------    -------------------
    SLICE_X59Y88         FDRE (Prop_fdre_C_Q)         0.141     1.558 r  u_aes_slave/u_aes_core/key_schedule_inst/key_state_reg_reg[3][133]/Q
                         net (fo=1, routed)           0.110     1.668    u_aes_slave/u_aes_core/key_schedule_inst/key_state_reg_reg[3]_28[133]
    SLICE_X58Y88         FDRE                                         r  u_aes_slave/u_aes_core/key_schedule_inst/key_state_reg_reg[4][133]/D
  -------------------------------------------------------------------    -------------------

                         (clock CLK rise edge)        0.000     0.000 r  
    M18                                               0.000     0.000 r  clk (IN)
                         net (fo=0)                   0.000     0.000    clk
    M18                  IBUF (Prop_ibuf_I_O)         0.356     0.356 r  clk_IBUF_inst/O
                         net (fo=1, routed)           0.689     1.044    clk_IBUF
    BUFGCTRL_X0Y0        BUFG (Prop_bufg_I_O)         0.029     1.073 r  clk_IBUF_BUFG_inst/O
                         net (fo=11160, routed)       0.860     1.933    u_aes_slave/u_aes_core/key_schedule_inst/clk_IBUF_BUFG
    SLICE_X58Y88         FDRE                                         r  u_aes_slave/u_aes_core/key_schedule_inst/key_state_reg_reg[4][133]/C
                         clock pessimism             -0.503     1.430    
                         clock uncertainty            0.100     1.530    
    SLICE_X58Y88         FDRE (Hold_fdre_C_D)         0.076     1.606    u_aes_slave/u_aes_core/key_schedule_inst/key_state_reg_reg[4][133]
  -------------------------------------------------------------------
                         required time                         -1.606    
                         arrival time                           1.668    
  -------------------------------------------------------------------
                         slack                                  0.062    





Pulse Width Checks
--------------------------------------------------------------------------------------
Clock Name:         CLK
Waveform(ns):       { 0.000 2.500 }
Period(ns):         5.000
Sources:            { clk }

Check Type        Corner  Lib Pin     Reference Pin  Required(ns)  Actual(ns)  Slack(ns)  Location       Pin
Min Period        n/a     BUFG/I      n/a            2.155         5.000       2.845      BUFGCTRL_X0Y0  clk_IBUF_BUFG_inst/I
Min Period        n/a     FDRE/C      n/a            1.000         5.000       4.000      SLICE_X14Y49   u_aes_slave/aes_valid_in_q_reg/C
Min Period        n/a     FDRE/C      n/a            1.000         5.000       4.000      SLICE_X50Y43   u_aes_slave/aw_hold_q_reg/C
Min Period        n/a     FDRE/C      n/a            1.000         5.000       4.000      SLICE_X47Y44   u_aes_slave/awaddr_q_reg[10]/C
Min Period        n/a     FDRE/C      n/a            1.000         5.000       4.000      SLICE_X47Y44   u_aes_slave/awaddr_q_reg[11]/C
Min Period        n/a     FDRE/C      n/a            1.000         5.000       4.000      SLICE_X47Y44   u_aes_slave/awaddr_q_reg[2]/C
Min Period        n/a     FDRE/C      n/a            1.000         5.000       4.000      SLICE_X47Y45   u_aes_slave/awaddr_q_reg[3]/C
Min Period        n/a     FDRE/C      n/a            1.000         5.000       4.000      SLICE_X47Y45   u_aes_slave/awaddr_q_reg[4]/C
Min Period        n/a     FDRE/C      n/a            1.000         5.000       4.000      SLICE_X47Y45   u_aes_slave/awaddr_q_reg[5]/C
Min Period        n/a     FDRE/C      n/a            1.000         5.000       4.000      SLICE_X47Y45   u_aes_slave/awaddr_q_reg[6]/C
Min Period        n/a     FDRE/C      n/a            1.000         5.000       4.000      SLICE_X47Y43   u_aes_slave/awaddr_q_reg[7]/C
Min Period        n/a     FDRE/C      n/a            1.000         5.000       4.000      SLICE_X47Y43   u_aes_slave/awaddr_q_reg[8]/C
Min Period        n/a     FDRE/C      n/a            1.000         5.000       4.000      SLICE_X47Y44   u_aes_slave/awaddr_q_reg[9]/C
Min Period        n/a     FDRE/C      n/a            1.000         5.000       4.000      SLICE_X48Y44   u_aes_slave/awsize_q_reg[1]/C
Min Period        n/a     FDRE/C      n/a            1.000         5.000       4.000      SLICE_X41Y49   u_aes_slave/busy_q_reg/C
Min Period        n/a     FDRE/C      n/a            1.000         5.000       4.000      SLICE_X50Y44   u_aes_slave/bvalid_q_reg/C
Min Period        n/a     FDRE/C      n/a            1.000         5.000       4.000      SLICE_X43Y146  u_aes_slave/ct_q_reg[0][0]/C
Min Period        n/a     FDRE/C      n/a            1.000         5.000       4.000      SLICE_X45Y147  u_aes_slave/ct_q_reg[0][10]/C
Min Period        n/a     FDRE/C      n/a            1.000         5.000       4.000      SLICE_X38Y149  u_aes_slave/ct_q_reg[0][11]/C
Min Period        n/a     FDRE/C      n/a            1.000         5.000       4.000      SLICE_X39Y149  u_aes_slave/ct_q_reg[0][12]/C
Low Pulse Width   Slow    RAMD32/CLK  n/a            1.250         2.500       1.250      SLICE_X30Y32   u_cpu/dut_register_file/registers_reg_r1_0_31_0_5/RAMA/CLK
Low Pulse Width   Fast    RAMD32/CLK  n/a            1.250         2.500       1.250      SLICE_X30Y32   u_cpu/dut_register_file/registers_reg_r1_0_31_0_5/RAMA/CLK
Low Pulse Width   Slow    RAMD32/CLK  n/a            1.250         2.500       1.250      SLICE_X30Y32   u_cpu/dut_register_file/registers_reg_r1_0_31_0_5/RAMA_D1/CLK
Low Pulse Width   Fast    RAMD32/CLK  n/a            1.250         2.500       1.250      SLICE_X30Y32   u_cpu/dut_register_file/registers_reg_r1_0_31_0_5/RAMA_D1/CLK
Low Pulse Width   Slow    RAMD32/CLK  n/a            1.250         2.500       1.250      SLICE_X30Y32   u_cpu/dut_register_file/registers_reg_r1_0_31_0_5/RAMB/CLK
Low Pulse Width   Fast    RAMD32/CLK  n/a            1.250         2.500       1.250      SLICE_X30Y32   u_cpu/dut_register_file/registers_reg_r1_0_31_0_5/RAMB/CLK
Low Pulse Width   Slow    RAMD32/CLK  n/a            1.250         2.500       1.250      SLICE_X30Y32   u_cpu/dut_register_file/registers_reg_r1_0_31_0_5/RAMB_D1/CLK
Low Pulse Width   Fast    RAMD32/CLK  n/a            1.250         2.500       1.250      SLICE_X30Y32   u_cpu/dut_register_file/registers_reg_r1_0_31_0_5/RAMB_D1/CLK
Low Pulse Width   Slow    RAMD32/CLK  n/a            1.250         2.500       1.250      SLICE_X30Y32   u_cpu/dut_register_file/registers_reg_r1_0_31_0_5/RAMC/CLK
Low Pulse Width   Fast    RAMD32/CLK  n/a            1.250         2.500       1.250      SLICE_X30Y32   u_cpu/dut_register_file/registers_reg_r1_0_31_0_5/RAMC/CLK
Low Pulse Width   Slow    RAMD32/CLK  n/a            1.250         2.500       1.250      SLICE_X30Y32   u_cpu/dut_register_file/registers_reg_r1_0_31_0_5/RAMC_D1/CLK
Low Pulse Width   Fast    RAMD32/CLK  n/a            1.250         2.500       1.250      SLICE_X30Y32   u_cpu/dut_register_file/registers_reg_r1_0_31_0_5/RAMC_D1/CLK
Low Pulse Width   Slow    RAMS32/CLK  n/a            1.250         2.500       1.250      SLICE_X30Y32   u_cpu/dut_register_file/registers_reg_r1_0_31_0_5/RAMD/CLK
Low Pulse Width   Fast    RAMS32/CLK  n/a            1.250         2.500       1.250      SLICE_X30Y32   u_cpu/dut_register_file/registers_reg_r1_0_31_0_5/RAMD/CLK
Low Pulse Width   Slow    RAMS32/CLK  n/a            1.250         2.500       1.250      SLICE_X30Y32   u_cpu/dut_register_file/registers_reg_r1_0_31_0_5/RAMD_D1/CLK
Low Pulse Width   Fast    RAMS32/CLK  n/a            1.250         2.500       1.250      SLICE_X30Y32   u_cpu/dut_register_file/registers_reg_r1_0_31_0_5/RAMD_D1/CLK
Low Pulse Width   Slow    RAMD32/CLK  n/a            1.250         2.500       1.250      SLICE_X30Y34   u_cpu/dut_register_file/registers_reg_r1_0_31_12_17/RAMA/CLK
Low Pulse Width   Fast    RAMD32/CLK  n/a            1.250         2.500       1.250      SLICE_X30Y34   u_cpu/dut_register_file/registers_reg_r1_0_31_12_17/RAMA/CLK
Low Pulse Width   Slow    RAMD32/CLK  n/a            1.250         2.500       1.250      SLICE_X30Y34   u_cpu/dut_register_file/registers_reg_r1_0_31_12_17/RAMA_D1/CLK
Low Pulse Width   Fast    RAMD32/CLK  n/a            1.250         2.500       1.250      SLICE_X30Y34   u_cpu/dut_register_file/registers_reg_r1_0_31_12_17/RAMA_D1/CLK
High Pulse Width  Slow    RAMD32/CLK  n/a            1.250         2.500       1.250      SLICE_X30Y32   u_cpu/dut_register_file/registers_reg_r1_0_31_0_5/RAMA/CLK
High Pulse Width  Fast    RAMD32/CLK  n/a            1.250         2.500       1.250      SLICE_X30Y32   u_cpu/dut_register_file/registers_reg_r1_0_31_0_5/RAMA/CLK
High Pulse Width  Slow    RAMD32/CLK  n/a            1.250         2.500       1.250      SLICE_X30Y32   u_cpu/dut_register_file/registers_reg_r1_0_31_0_5/RAMA_D1/CLK
High Pulse Width  Fast    RAMD32/CLK  n/a            1.250         2.500       1.250      SLICE_X30Y32   u_cpu/dut_register_file/registers_reg_r1_0_31_0_5/RAMA_D1/CLK
High Pulse Width  Slow    RAMD32/CLK  n/a            1.250         2.500       1.250      SLICE_X30Y32   u_cpu/dut_register_file/registers_reg_r1_0_31_0_5/RAMB/CLK
High Pulse Width  Fast    RAMD32/CLK  n/a            1.250         2.500       1.250      SLICE_X30Y32   u_cpu/dut_register_file/registers_reg_r1_0_31_0_5/RAMB/CLK
High Pulse Width  Slow    RAMD32/CLK  n/a            1.250         2.500       1.250      SLICE_X30Y32   u_cpu/dut_register_file/registers_reg_r1_0_31_0_5/RAMB_D1/CLK
High Pulse Width  Fast    RAMD32/CLK  n/a            1.250         2.500       1.250      SLICE_X30Y32   u_cpu/dut_register_file/registers_reg_r1_0_31_0_5/RAMB_D1/CLK
High Pulse Width  Slow    RAMD32/CLK  n/a            1.250         2.500       1.250      SLICE_X30Y32   u_cpu/dut_register_file/registers_reg_r1_0_31_0_5/RAMC/CLK
High Pulse Width  Fast    RAMD32/CLK  n/a            1.250         2.500       1.250      SLICE_X30Y32   u_cpu/dut_register_file/registers_reg_r1_0_31_0_5/RAMC/CLK
High Pulse Width  Slow    RAMD32/CLK  n/a            1.250         2.500       1.250      SLICE_X30Y32   u_cpu/dut_register_file/registers_reg_r1_0_31_0_5/RAMC_D1/CLK
High Pulse Width  Fast    RAMD32/CLK  n/a            1.250         2.500       1.250      SLICE_X30Y32   u_cpu/dut_register_file/registers_reg_r1_0_31_0_5/RAMC_D1/CLK
High Pulse Width  Slow    RAMS32/CLK  n/a            1.250         2.500       1.250      SLICE_X30Y32   u_cpu/dut_register_file/registers_reg_r1_0_31_0_5/RAMD/CLK
High Pulse Width  Fast    RAMS32/CLK  n/a            1.250         2.500       1.250      SLICE_X30Y32   u_cpu/dut_register_file/registers_reg_r1_0_31_0_5/RAMD/CLK
High Pulse Width  Slow    RAMS32/CLK  n/a            1.250         2.500       1.250      SLICE_X30Y32   u_cpu/dut_register_file/registers_reg_r1_0_31_0_5/RAMD_D1/CLK
High Pulse Width  Fast    RAMS32/CLK  n/a            1.250         2.500       1.250      SLICE_X30Y32   u_cpu/dut_register_file/registers_reg_r1_0_31_0_5/RAMD_D1/CLK
High Pulse Width  Slow    RAMD32/CLK  n/a            1.250         2.500       1.250      SLICE_X30Y34   u_cpu/dut_register_file/registers_reg_r1_0_31_12_17/RAMA/CLK
High Pulse Width  Fast    RAMD32/CLK  n/a            1.250         2.500       1.250      SLICE_X30Y34   u_cpu/dut_register_file/registers_reg_r1_0_31_12_17/RAMA/CLK
High Pulse Width  Slow    RAMD32/CLK  n/a            1.250         2.500       1.250      SLICE_X30Y34   u_cpu/dut_register_file/registers_reg_r1_0_31_12_17/RAMA_D1/CLK
High Pulse Width  Fast    RAMD32/CLK  n/a            1.250         2.500       1.250      SLICE_X30Y34   u_cpu/dut_register_file/registers_reg_r1_0_31_12_17/RAMA_D1/CLK



--------------------------------------------------------------------------------------
Path Group:  (none)
From Clock:  
  To Clock:  

Max Delay             1 Endpoint
Min Delay             1 Endpoint
--------------------------------------------------------------------------------------


Max Delay Paths
--------------------------------------------------------------------------------------
Slack:                    inf
  Source:                 rstn
                            (input port)
  Destination:            cpu_stall_debug
                            (output port)
  Path Group:             (none)
  Path Type:              Max at Slow Process Corner
  Data Path Delay:        21.470ns  (logic 5.243ns (24.419%)  route 16.227ns (75.581%))
  Logic Levels:           14  (IBUF=1 LUT2=1 LUT4=2 LUT5=3 LUT6=6 OBUF=1)
  Timing Exception:       False Path

    Location             Delay type                Incr(ns)  Path(ns)    Netlist Resource(s)
  -------------------------------------------------------------------    -------------------
    U16                                               0.000     0.000 f  rstn (IN)
                         net (fo=0)                   0.000     0.000    rstn
    U16                  IBUF (Prop_ibuf_I_O)         0.935     0.935 f  rstn_IBUF_inst/O
                         net (fo=38, routed)          4.117     5.052    u_cpu/dut_pc/rstn_IBUF
    SLICE_X33Y30         LUT6 (Prop_lut6_I5_O)        0.124     5.176 f  u_cpu/dut_pc/cpu_stall_debug_OBUF_inst_i_17/O
                         net (fo=2, routed)           0.814     5.989    u_cpu/dut_pc/cpu_stall_debug_OBUF_inst_i_17_n_0
    SLICE_X34Y30         LUT6 (Prop_lut6_I0_O)        0.124     6.113 f  u_cpu/dut_pc/instruction_hold_q[30]_i_3/O
                         net (fo=38, routed)          1.122     7.235    u_cpu/dut_pc/instruction_hold_q[30]_i_3_n_0
    SLICE_X41Y31         LUT6 (Prop_lut6_I0_O)        0.124     7.359 f  u_cpu/dut_pc/instr_debug[3]_i_3/O
                         net (fo=1, routed)           0.987     8.346    u_cpu/dut_pc/instr_debug[3]_i_3_n_0
    SLICE_X28Y29         LUT6 (Prop_lut6_I1_O)        0.124     8.470 f  u_cpu/dut_pc/instr_debug[3]_i_1/O
                         net (fo=9, routed)           0.643     9.113    u_cpu/dut_pc/instruction_hold_q_reg[3]
    SLICE_X28Y31         LUT5 (Prop_lut5_I0_O)        0.124     9.237 f  u_cpu/dut_pc/registers_reg_r1_0_31_0_5_i_41/O
                         net (fo=7, routed)           0.827    10.064    u_cpu/dut_pc/registers_reg_r1_0_31_0_5_i_41_n_0
    SLICE_X30Y39         LUT2 (Prop_lut2_I0_O)        0.119    10.183 r  u_cpu/dut_pc/FSM_onehot_current_state[4]_i_5/O
                         net (fo=3, routed)           0.350    10.533    u_cpu/dut_pc/FSM_onehot_current_state[4]_i_5_n_0
    SLICE_X34Y39         LUT4 (Prop_lut4_I2_O)        0.355    10.888 r  u_cpu/dut_pc/cpu_stall_debug_OBUF_inst_i_18/O
                         net (fo=5, routed)           0.540    11.429    u_cpu/dut_pc/mem_read
    SLICE_X35Y39         LUT5 (Prop_lut5_I1_O)        0.124    11.553 r  u_cpu/dut_pc/FSM_onehot_current_state[4]_i_2/O
                         net (fo=75, routed)          0.567    12.120    u_cpu/dut_pc/u_cpu_axi_arbiter/select_data__0
    SLICE_X34Y39         LUT4 (Prop_lut4_I1_O)        0.124    12.244 r  u_cpu/dut_pc/FSM_onehot_current_state[4]_i_4/O
                         net (fo=5, routed)           0.588    12.832    u_cpu/dut_pc/axi_req_read
    SLICE_X33Y40         LUT5 (Prop_lut5_I2_O)        0.124    12.956 r  u_cpu/dut_pc/FSM_sequential_owner_q[1]_i_2/O
                         net (fo=11, routed)          0.484    13.440    u_cpu/dut_pc/FSM_onehot_current_state_reg[0]
    SLICE_X34Y39         LUT6 (Prop_lut6_I4_O)        0.124    13.564 r  u_cpu/dut_pc/cpu_stall_debug_OBUF_inst_i_5/O
                         net (fo=3, routed)           1.527    15.091    u_cpu/dut_pc/cpu_mem_stall
    SLICE_X35Y36         LUT6 (Prop_lut6_I5_O)        0.124    15.215 r  u_cpu/dut_pc/cpu_stall_debug_OBUF_inst_i_1/O
                         net (fo=1, routed)           3.661    18.876    cpu_stall_debug_OBUF
    V14                  OBUF (Prop_obuf_I_O)         2.594    21.470 r  cpu_stall_debug_OBUF_inst/O
                         net (fo=0)                   0.000    21.470    cpu_stall_debug
    V14                                                               r  cpu_stall_debug (OUT)
  -------------------------------------------------------------------    -------------------





Min Delay Paths
--------------------------------------------------------------------------------------
Slack:                    inf
  Source:                 rstn
                            (input port)
  Destination:            cpu_stall_debug
                            (output port)
  Path Group:             (none)
  Path Type:              Min at Fast Process Corner
  Data Path Delay:        4.386ns  (logic 1.320ns (30.094%)  route 3.066ns (69.906%))
  Logic Levels:           3  (IBUF=1 LUT6=1 OBUF=1)
  Timing Exception:       False Path

    Location             Delay type                Incr(ns)  Path(ns)    Netlist Resource(s)
  -------------------------------------------------------------------    -------------------
    U16                                               0.000     0.000 r  rstn (IN)
                         net (fo=0)                   0.000     0.000    rstn
    U16                  IBUF (Prop_ibuf_I_O)         0.164     0.164 r  rstn_IBUF_inst/O
                         net (fo=38, routed)          1.755     1.919    u_cpu/dut_pc/rstn_IBUF
    SLICE_X35Y36         LUT6 (Prop_lut6_I3_O)        0.045     1.964 r  u_cpu/dut_pc/cpu_stall_debug_OBUF_inst_i_1/O
                         net (fo=1, routed)           1.311     3.275    cpu_stall_debug_OBUF
    V14                  OBUF (Prop_obuf_I_O)         1.111     4.386 r  cpu_stall_debug_OBUF_inst/O
                         net (fo=0)                   0.000     4.386    cpu_stall_debug
    V14                                                               r  cpu_stall_debug (OUT)
  -------------------------------------------------------------------    -------------------





--------------------------------------------------------------------------------------
Path Group:  (none)
From Clock:  
  To Clock:  CLK

Max Delay         11713 Endpoints
Min Delay         11713 Endpoints
--------------------------------------------------------------------------------------


Max Delay Paths
--------------------------------------------------------------------------------------
Slack:                    inf
  Source:                 rstn
                            (input port)
  Destination:            u_aes_slave/u_aes_core/valid_reg_reg[0]/R
                            (rising edge-triggered cell FDRE clocked by CLK  {rise@0.000ns fall@2.500ns period=5.000ns})
  Path Group:             (none)
  Path Type:              Setup (Max at Slow Process Corner)
  Data Path Delay:        39.952ns  (logic 1.059ns (2.651%)  route 38.894ns (97.349%))
  Logic Levels:           2  (IBUF=1 LUT1=1)
  Clock Path Skew:        4.204ns (DCD - SCD + CPR)
    Destination Clock Delay (DCD):    4.204ns
    Source Clock Delay      (SCD):    0.000ns
    Clock Pessimism Removal (CPR):    0.000ns
  Clock Uncertainty:      0.325ns  ((TSJ^2 + TIJ^2)^1/2 + DJ) / 2 + PE + UU
    Total System Jitter     (TSJ):    0.050ns
    Total Input Jitter      (TIJ):    0.000ns
    Discrete Jitter          (DJ):    0.000ns
    Phase Error              (PE):    0.000ns
    User Uncertainty         (UU):    0.300ns
  Timing Exception:       False Path

    Location             Delay type                Incr(ns)  Path(ns)    Netlist Resource(s)
  -------------------------------------------------------------------    -------------------
    U16                                               0.000     0.000 f  rstn (IN)
                         net (fo=0)                   0.000     0.000    rstn
    U16                  IBUF (Prop_ibuf_I_O)         0.935     0.935 f  rstn_IBUF_inst/O
                         net (fo=38, routed)          1.984     2.919    u_aes_slave/u_aes_core/key_schedule_inst/rstn_IBUF
    SLICE_X0Y19          LUT1 (Prop_lut1_I0_O)        0.124     3.043 r  u_aes_slave/u_aes_core/key_schedule_inst/key_state_reg[0][255]_i_1/O
                         net (fo=6485, routed)       36.909    39.952    u_aes_slave/u_aes_core/SR[0]
    SLICE_X14Y51         FDRE                                         r  u_aes_slave/u_aes_core/valid_reg_reg[0]/R
  -------------------------------------------------------------------    -------------------

                         (clock CLK rise edge)        0.000     0.000 r  
    M18                                               0.000     0.000 r  clk (IN)
                         net (fo=0)                   0.000     0.000    clk
    M18                  IBUF (Prop_ibuf_I_O)         0.805     0.805 r  clk_IBUF_inst/O
                         net (fo=1, routed)           1.868     2.673    clk_IBUF
    BUFGCTRL_X0Y0        BUFG (Prop_bufg_I_O)         0.091     2.764 r  clk_IBUF_BUFG_inst/O
                         net (fo=11160, routed)       1.441     4.204    u_aes_slave/u_aes_core/clk_IBUF_BUFG
    SLICE_X14Y51         FDRE                                         r  u_aes_slave/u_aes_core/valid_reg_reg[0]/C

Slack:                    inf
  Source:                 rstn
                            (input port)
  Destination:            u_aes_slave/u_aes_core/key_schedule_inst/key_state_reg_reg[0][116]/R
                            (rising edge-triggered cell FDRE clocked by CLK  {rise@0.000ns fall@2.500ns period=5.000ns})
  Path Group:             (none)
  Path Type:              Setup (Max at Slow Process Corner)
  Data Path Delay:        39.668ns  (logic 1.059ns (2.670%)  route 38.609ns (97.330%))
  Logic Levels:           2  (IBUF=1 LUT1=1)
  Clock Path Skew:        4.203ns (DCD - SCD + CPR)
    Destination Clock Delay (DCD):    4.203ns
    Source Clock Delay      (SCD):    0.000ns
    Clock Pessimism Removal (CPR):    0.000ns
  Clock Uncertainty:      0.325ns  ((TSJ^2 + TIJ^2)^1/2 + DJ) / 2 + PE + UU
    Total System Jitter     (TSJ):    0.050ns
    Total Input Jitter      (TIJ):    0.000ns
    Discrete Jitter          (DJ):    0.000ns
    Phase Error              (PE):    0.000ns
    User Uncertainty         (UU):    0.300ns
  Timing Exception:       False Path

    Location             Delay type                Incr(ns)  Path(ns)    Netlist Resource(s)
  -------------------------------------------------------------------    -------------------
    U16                                               0.000     0.000 f  rstn (IN)
                         net (fo=0)                   0.000     0.000    rstn
    U16                  IBUF (Prop_ibuf_I_O)         0.935     0.935 f  rstn_IBUF_inst/O
                         net (fo=38, routed)          1.984     2.919    u_aes_slave/u_aes_core/key_schedule_inst/rstn_IBUF
    SLICE_X0Y19          LUT1 (Prop_lut1_I0_O)        0.124     3.043 r  u_aes_slave/u_aes_core/key_schedule_inst/key_state_reg[0][255]_i_1/O
                         net (fo=6485, routed)       36.624    39.668    u_aes_slave/u_aes_core/key_schedule_inst/SR[0]
    SLICE_X14Y54         FDRE                                         r  u_aes_slave/u_aes_core/key_schedule_inst/key_state_reg_reg[0][116]/R
  -------------------------------------------------------------------    -------------------

                         (clock CLK rise edge)        0.000     0.000 r  
    M18                                               0.000     0.000 r  clk (IN)
                         net (fo=0)                   0.000     0.000    clk
    M18                  IBUF (Prop_ibuf_I_O)         0.805     0.805 r  clk_IBUF_inst/O
                         net (fo=1, routed)           1.868     2.673    clk_IBUF
    BUFGCTRL_X0Y0        BUFG (Prop_bufg_I_O)         0.091     2.764 r  clk_IBUF_BUFG_inst/O
                         net (fo=11160, routed)       1.440     4.203    u_aes_slave/u_aes_core/key_schedule_inst/clk_IBUF_BUFG
    SLICE_X14Y54         FDRE                                         r  u_aes_slave/u_aes_core/key_schedule_inst/key_state_reg_reg[0][116]/C

Slack:                    inf
  Source:                 rstn
                            (input port)
  Destination:            u_aes_slave/u_aes_core/key_schedule_inst/key_state_reg_reg[0][84]/R
                            (rising edge-triggered cell FDRE clocked by CLK  {rise@0.000ns fall@2.500ns period=5.000ns})
  Path Group:             (none)
  Path Type:              Setup (Max at Slow Process Corner)
  Data Path Delay:        39.668ns  (logic 1.059ns (2.670%)  route 38.609ns (97.330%))
  Logic Levels:           2  (IBUF=1 LUT1=1)
  Clock Path Skew:        4.203ns (DCD - SCD + CPR)
    Destination Clock Delay (DCD):    4.203ns
    Source Clock Delay      (SCD):    0.000ns
    Clock Pessimism Removal (CPR):    0.000ns
  Clock Uncertainty:      0.325ns  ((TSJ^2 + TIJ^2)^1/2 + DJ) / 2 + PE + UU
    Total System Jitter     (TSJ):    0.050ns
    Total Input Jitter      (TIJ):    0.000ns
    Discrete Jitter          (DJ):    0.000ns
    Phase Error              (PE):    0.000ns
    User Uncertainty         (UU):    0.300ns
  Timing Exception:       False Path

    Location             Delay type                Incr(ns)  Path(ns)    Netlist Resource(s)
  -------------------------------------------------------------------    -------------------
    U16                                               0.000     0.000 f  rstn (IN)
                         net (fo=0)                   0.000     0.000    rstn
    U16                  IBUF (Prop_ibuf_I_O)         0.935     0.935 f  rstn_IBUF_inst/O
                         net (fo=38, routed)          1.984     2.919    u_aes_slave/u_aes_core/key_schedule_inst/rstn_IBUF
    SLICE_X0Y19          LUT1 (Prop_lut1_I0_O)        0.124     3.043 r  u_aes_slave/u_aes_core/key_schedule_inst/key_state_reg[0][255]_i_1/O
                         net (fo=6485, routed)       36.624    39.668    u_aes_slave/u_aes_core/key_schedule_inst/SR[0]
    SLICE_X14Y54         FDRE                                         r  u_aes_slave/u_aes_core/key_schedule_inst/key_state_reg_reg[0][84]/R
  -------------------------------------------------------------------    -------------------

                         (clock CLK rise edge)        0.000     0.000 r  
    M18                                               0.000     0.000 r  clk (IN)
                         net (fo=0)                   0.000     0.000    clk
    M18                  IBUF (Prop_ibuf_I_O)         0.805     0.805 r  clk_IBUF_inst/O
                         net (fo=1, routed)           1.868     2.673    clk_IBUF
    BUFGCTRL_X0Y0        BUFG (Prop_bufg_I_O)         0.091     2.764 r  clk_IBUF_BUFG_inst/O
                         net (fo=11160, routed)       1.440     4.203    u_aes_slave/u_aes_core/key_schedule_inst/clk_IBUF_BUFG
    SLICE_X14Y54         FDRE                                         r  u_aes_slave/u_aes_core/key_schedule_inst/key_state_reg_reg[0][84]/C

Slack:                    inf
  Source:                 rstn
                            (input port)
  Destination:            u_aes_slave/u_aes_core/state_reg_reg[14][31]/R
                            (rising edge-triggered cell FDRE clocked by CLK  {rise@0.000ns fall@2.500ns period=5.000ns})
  Path Group:             (none)
  Path Type:              Setup (Max at Slow Process Corner)
  Data Path Delay:        39.532ns  (logic 1.059ns (2.679%)  route 38.473ns (97.321%))
  Logic Levels:           2  (IBUF=1 LUT1=1)
  Clock Path Skew:        4.376ns (DCD - SCD + CPR)
    Destination Clock Delay (DCD):    4.376ns
    Source Clock Delay      (SCD):    0.000ns
    Clock Pessimism Removal (CPR):    0.000ns
  Clock Uncertainty:      0.325ns  ((TSJ^2 + TIJ^2)^1/2 + DJ) / 2 + PE + UU
    Total System Jitter     (TSJ):    0.050ns
    Total Input Jitter      (TIJ):    0.000ns
    Discrete Jitter          (DJ):    0.000ns
    Phase Error              (PE):    0.000ns
    User Uncertainty         (UU):    0.300ns
  Timing Exception:       False Path

    Location             Delay type                Incr(ns)  Path(ns)    Netlist Resource(s)
  -------------------------------------------------------------------    -------------------
    U16                                               0.000     0.000 f  rstn (IN)
                         net (fo=0)                   0.000     0.000    rstn
    U16                  IBUF (Prop_ibuf_I_O)         0.935     0.935 f  rstn_IBUF_inst/O
                         net (fo=38, routed)          1.984     2.919    u_aes_slave/u_aes_core/key_schedule_inst/rstn_IBUF
    SLICE_X0Y19          LUT1 (Prop_lut1_I0_O)        0.124     3.043 r  u_aes_slave/u_aes_core/key_schedule_inst/key_state_reg[0][255]_i_1/O
                         net (fo=6485, routed)       36.489    39.532    u_aes_slave/u_aes_core/SR[0]
    SLICE_X51Y144        FDRE                                         r  u_aes_slave/u_aes_core/state_reg_reg[14][31]/R
  -------------------------------------------------------------------    -------------------

                         (clock CLK rise edge)        0.000     0.000 r  
    M18                                               0.000     0.000 r  clk (IN)
                         net (fo=0)                   0.000     0.000    clk
    M18                  IBUF (Prop_ibuf_I_O)         0.805     0.805 r  clk_IBUF_inst/O
                         net (fo=1, routed)           1.868     2.673    clk_IBUF
    BUFGCTRL_X0Y0        BUFG (Prop_bufg_I_O)         0.091     2.764 r  clk_IBUF_BUFG_inst/O
                         net (fo=11160, routed)       1.612     4.376    u_aes_slave/u_aes_core/clk_IBUF_BUFG
    SLICE_X51Y144        FDRE                                         r  u_aes_slave/u_aes_core/state_reg_reg[14][31]/C

Slack:                    inf
  Source:                 rstn
                            (input port)
  Destination:            u_aes_slave/u_aes_core/key_schedule_inst/key_state_reg_reg[0][20]/R
                            (rising edge-triggered cell FDRE clocked by CLK  {rise@0.000ns fall@2.500ns period=5.000ns})
  Path Group:             (none)
  Path Type:              Setup (Max at Slow Process Corner)
  Data Path Delay:        39.517ns  (logic 1.059ns (2.680%)  route 38.458ns (97.320%))
  Logic Levels:           2  (IBUF=1 LUT1=1)
  Clock Path Skew:        4.203ns (DCD - SCD + CPR)
    Destination Clock Delay (DCD):    4.203ns
    Source Clock Delay      (SCD):    0.000ns
    Clock Pessimism Removal (CPR):    0.000ns
  Clock Uncertainty:      0.325ns  ((TSJ^2 + TIJ^2)^1/2 + DJ) / 2 + PE + UU
    Total System Jitter     (TSJ):    0.050ns
    Total Input Jitter      (TIJ):    0.000ns
    Discrete Jitter          (DJ):    0.000ns
    Phase Error              (PE):    0.000ns
    User Uncertainty         (UU):    0.300ns
  Timing Exception:       False Path

    Location             Delay type                Incr(ns)  Path(ns)    Netlist Resource(s)
  -------------------------------------------------------------------    -------------------
    U16                                               0.000     0.000 f  rstn (IN)
                         net (fo=0)                   0.000     0.000    rstn
    U16                  IBUF (Prop_ibuf_I_O)         0.935     0.935 f  rstn_IBUF_inst/O
                         net (fo=38, routed)          1.984     2.919    u_aes_slave/u_aes_core/key_schedule_inst/rstn_IBUF
    SLICE_X0Y19          LUT1 (Prop_lut1_I0_O)        0.124     3.043 r  u_aes_slave/u_aes_core/key_schedule_inst/key_state_reg[0][255]_i_1/O
                         net (fo=6485, routed)       36.474    39.517    u_aes_slave/u_aes_core/key_schedule_inst/SR[0]
    SLICE_X14Y55         FDRE                                         r  u_aes_slave/u_aes_core/key_schedule_inst/key_state_reg_reg[0][20]/R
  -------------------------------------------------------------------    -------------------

                         (clock CLK rise edge)        0.000     0.000 r  
    M18                                               0.000     0.000 r  clk (IN)
                         net (fo=0)                   0.000     0.000    clk
    M18                  IBUF (Prop_ibuf_I_O)         0.805     0.805 r  clk_IBUF_inst/O
                         net (fo=1, routed)           1.868     2.673    clk_IBUF
    BUFGCTRL_X0Y0        BUFG (Prop_bufg_I_O)         0.091     2.764 r  clk_IBUF_BUFG_inst/O
                         net (fo=11160, routed)       1.440     4.203    u_aes_slave/u_aes_core/key_schedule_inst/clk_IBUF_BUFG
    SLICE_X14Y55         FDRE                                         r  u_aes_slave/u_aes_core/key_schedule_inst/key_state_reg_reg[0][20]/C

Slack:                    inf
  Source:                 rstn
                            (input port)
  Destination:            u_aes_slave/u_aes_core/key_schedule_inst/key_state_reg_reg[0][52]/R
                            (rising edge-triggered cell FDRE clocked by CLK  {rise@0.000ns fall@2.500ns period=5.000ns})
  Path Group:             (none)
  Path Type:              Setup (Max at Slow Process Corner)
  Data Path Delay:        39.517ns  (logic 1.059ns (2.680%)  route 38.458ns (97.320%))
  Logic Levels:           2  (IBUF=1 LUT1=1)
  Clock Path Skew:        4.203ns (DCD - SCD + CPR)
    Destination Clock Delay (DCD):    4.203ns
    Source Clock Delay      (SCD):    0.000ns
    Clock Pessimism Removal (CPR):    0.000ns
  Clock Uncertainty:      0.325ns  ((TSJ^2 + TIJ^2)^1/2 + DJ) / 2 + PE + UU
    Total System Jitter     (TSJ):    0.050ns
    Total Input Jitter      (TIJ):    0.000ns
    Discrete Jitter          (DJ):    0.000ns
    Phase Error              (PE):    0.000ns
    User Uncertainty         (UU):    0.300ns
  Timing Exception:       False Path

    Location             Delay type                Incr(ns)  Path(ns)    Netlist Resource(s)
  -------------------------------------------------------------------    -------------------
    U16                                               0.000     0.000 f  rstn (IN)
                         net (fo=0)                   0.000     0.000    rstn
    U16                  IBUF (Prop_ibuf_I_O)         0.935     0.935 f  rstn_IBUF_inst/O
                         net (fo=38, routed)          1.984     2.919    u_aes_slave/u_aes_core/key_schedule_inst/rstn_IBUF
    SLICE_X0Y19          LUT1 (Prop_lut1_I0_O)        0.124     3.043 r  u_aes_slave/u_aes_core/key_schedule_inst/key_state_reg[0][255]_i_1/O
                         net (fo=6485, routed)       36.474    39.517    u_aes_slave/u_aes_core/key_schedule_inst/SR[0]
    SLICE_X14Y55         FDRE                                         r  u_aes_slave/u_aes_core/key_schedule_inst/key_state_reg_reg[0][52]/R
  -------------------------------------------------------------------    -------------------

                         (clock CLK rise edge)        0.000     0.000 r  
    M18                                               0.000     0.000 r  clk (IN)
                         net (fo=0)                   0.000     0.000    clk
    M18                  IBUF (Prop_ibuf_I_O)         0.805     0.805 r  clk_IBUF_inst/O
                         net (fo=1, routed)           1.868     2.673    clk_IBUF
    BUFGCTRL_X0Y0        BUFG (Prop_bufg_I_O)         0.091     2.764 r  clk_IBUF_BUFG_inst/O
                         net (fo=11160, routed)       1.440     4.203    u_aes_slave/u_aes_core/key_schedule_inst/clk_IBUF_BUFG
    SLICE_X14Y55         FDRE                                         r  u_aes_slave/u_aes_core/key_schedule_inst/key_state_reg_reg[0][52]/C

Slack:                    inf
  Source:                 rstn
                            (input port)
  Destination:            u_aes_slave/u_aes_core/state_reg_reg[13][105]/R
                            (rising edge-triggered cell FDRE clocked by CLK  {rise@0.000ns fall@2.500ns period=5.000ns})
  Path Group:             (none)
  Path Type:              Setup (Max at Slow Process Corner)
  Data Path Delay:        39.394ns  (logic 1.059ns (2.688%)  route 38.335ns (97.312%))
  Logic Levels:           2  (IBUF=1 LUT1=1)
  Clock Path Skew:        4.376ns (DCD - SCD + CPR)
    Destination Clock Delay (DCD):    4.376ns
    Source Clock Delay      (SCD):    0.000ns
    Clock Pessimism Removal (CPR):    0.000ns
  Clock Uncertainty:      0.325ns  ((TSJ^2 + TIJ^2)^1/2 + DJ) / 2 + PE + UU
    Total System Jitter     (TSJ):    0.050ns
    Total Input Jitter      (TIJ):    0.000ns
    Discrete Jitter          (DJ):    0.000ns
    Phase Error              (PE):    0.000ns
    User Uncertainty         (UU):    0.300ns
  Timing Exception:       False Path

    Location             Delay type                Incr(ns)  Path(ns)    Netlist Resource(s)
  -------------------------------------------------------------------    -------------------
    U16                                               0.000     0.000 f  rstn (IN)
                         net (fo=0)                   0.000     0.000    rstn
    U16                  IBUF (Prop_ibuf_I_O)         0.935     0.935 f  rstn_IBUF_inst/O
                         net (fo=38, routed)          1.984     2.919    u_aes_slave/u_aes_core/key_schedule_inst/rstn_IBUF
    SLICE_X0Y19          LUT1 (Prop_lut1_I0_O)        0.124     3.043 r  u_aes_slave/u_aes_core/key_schedule_inst/key_state_reg[0][255]_i_1/O
                         net (fo=6485, routed)       36.351    39.394    u_aes_slave/u_aes_core/SR[0]
    SLICE_X50Y143        FDRE                                         r  u_aes_slave/u_aes_core/state_reg_reg[13][105]/R
  -------------------------------------------------------------------    -------------------

                         (clock CLK rise edge)        0.000     0.000 r  
    M18                                               0.000     0.000 r  clk (IN)
                         net (fo=0)                   0.000     0.000    clk
    M18                  IBUF (Prop_ibuf_I_O)         0.805     0.805 r  clk_IBUF_inst/O
                         net (fo=1, routed)           1.868     2.673    clk_IBUF
    BUFGCTRL_X0Y0        BUFG (Prop_bufg_I_O)         0.091     2.764 r  clk_IBUF_BUFG_inst/O
                         net (fo=11160, routed)       1.612     4.376    u_aes_slave/u_aes_core/clk_IBUF_BUFG
    SLICE_X50Y143        FDRE                                         r  u_aes_slave/u_aes_core/state_reg_reg[13][105]/C

Slack:                    inf
  Source:                 rstn
                            (input port)
  Destination:            u_aes_slave/u_aes_core/key_schedule_inst/key_state_reg_reg[1][23]/R
                            (rising edge-triggered cell FDRE clocked by CLK  {rise@0.000ns fall@2.500ns period=5.000ns})
  Path Group:             (none)
  Path Type:              Setup (Max at Slow Process Corner)
  Data Path Delay:        39.373ns  (logic 1.059ns (2.690%)  route 38.314ns (97.310%))
  Logic Levels:           2  (IBUF=1 LUT1=1)
  Clock Path Skew:        4.203ns (DCD - SCD + CPR)
    Destination Clock Delay (DCD):    4.203ns
    Source Clock Delay      (SCD):    0.000ns
    Clock Pessimism Removal (CPR):    0.000ns
  Clock Uncertainty:      0.325ns  ((TSJ^2 + TIJ^2)^1/2 + DJ) / 2 + PE + UU
    Total System Jitter     (TSJ):    0.050ns
    Total Input Jitter      (TIJ):    0.000ns
    Discrete Jitter          (DJ):    0.000ns
    Phase Error              (PE):    0.000ns
    User Uncertainty         (UU):    0.300ns
  Timing Exception:       False Path

    Location             Delay type                Incr(ns)  Path(ns)    Netlist Resource(s)
  -------------------------------------------------------------------    -------------------
    U16                                               0.000     0.000 f  rstn (IN)
                         net (fo=0)                   0.000     0.000    rstn
    U16                  IBUF (Prop_ibuf_I_O)         0.935     0.935 f  rstn_IBUF_inst/O
                         net (fo=38, routed)          1.984     2.919    u_aes_slave/u_aes_core/key_schedule_inst/rstn_IBUF
    SLICE_X0Y19          LUT1 (Prop_lut1_I0_O)        0.124     3.043 r  u_aes_slave/u_aes_core/key_schedule_inst/key_state_reg[0][255]_i_1/O
                         net (fo=6485, routed)       36.330    39.373    u_aes_slave/u_aes_core/key_schedule_inst/SR[0]
    SLICE_X14Y56         FDRE                                         r  u_aes_slave/u_aes_core/key_schedule_inst/key_state_reg_reg[1][23]/R
  -------------------------------------------------------------------    -------------------

                         (clock CLK rise edge)        0.000     0.000 r  
    M18                                               0.000     0.000 r  clk (IN)
                         net (fo=0)                   0.000     0.000    clk
    M18                  IBUF (Prop_ibuf_I_O)         0.805     0.805 r  clk_IBUF_inst/O
                         net (fo=1, routed)           1.868     2.673    clk_IBUF
    BUFGCTRL_X0Y0        BUFG (Prop_bufg_I_O)         0.091     2.764 r  clk_IBUF_BUFG_inst/O
                         net (fo=11160, routed)       1.440     4.203    u_aes_slave/u_aes_core/key_schedule_inst/clk_IBUF_BUFG
    SLICE_X14Y56         FDRE                                         r  u_aes_slave/u_aes_core/key_schedule_inst/key_state_reg_reg[1][23]/C

Slack:                    inf
  Source:                 rstn
                            (input port)
  Destination:            u_aes_slave/u_aes_core/key_schedule_inst/key_state_reg_reg[1][55]/R
                            (rising edge-triggered cell FDRE clocked by CLK  {rise@0.000ns fall@2.500ns period=5.000ns})
  Path Group:             (none)
  Path Type:              Setup (Max at Slow Process Corner)
  Data Path Delay:        39.373ns  (logic 1.059ns (2.690%)  route 38.314ns (97.310%))
  Logic Levels:           2  (IBUF=1 LUT1=1)
  Clock Path Skew:        4.203ns (DCD - SCD + CPR)
    Destination Clock Delay (DCD):    4.203ns
    Source Clock Delay      (SCD):    0.000ns
    Clock Pessimism Removal (CPR):    0.000ns
  Clock Uncertainty:      0.325ns  ((TSJ^2 + TIJ^2)^1/2 + DJ) / 2 + PE + UU
    Total System Jitter     (TSJ):    0.050ns
    Total Input Jitter      (TIJ):    0.000ns
    Discrete Jitter          (DJ):    0.000ns
    Phase Error              (PE):    0.000ns
    User Uncertainty         (UU):    0.300ns
  Timing Exception:       False Path

    Location             Delay type                Incr(ns)  Path(ns)    Netlist Resource(s)
  -------------------------------------------------------------------    -------------------
    U16                                               0.000     0.000 f  rstn (IN)
                         net (fo=0)                   0.000     0.000    rstn
    U16                  IBUF (Prop_ibuf_I_O)         0.935     0.935 f  rstn_IBUF_inst/O
                         net (fo=38, routed)          1.984     2.919    u_aes_slave/u_aes_core/key_schedule_inst/rstn_IBUF
    SLICE_X0Y19          LUT1 (Prop_lut1_I0_O)        0.124     3.043 r  u_aes_slave/u_aes_core/key_schedule_inst/key_state_reg[0][255]_i_1/O
                         net (fo=6485, routed)       36.330    39.373    u_aes_slave/u_aes_core/key_schedule_inst/SR[0]
    SLICE_X15Y56         FDRE                                         r  u_aes_slave/u_aes_core/key_schedule_inst/key_state_reg_reg[1][55]/R
  -------------------------------------------------------------------    -------------------

                         (clock CLK rise edge)        0.000     0.000 r  
    M18                                               0.000     0.000 r  clk (IN)
                         net (fo=0)                   0.000     0.000    clk
    M18                  IBUF (Prop_ibuf_I_O)         0.805     0.805 r  clk_IBUF_inst/O
                         net (fo=1, routed)           1.868     2.673    clk_IBUF
    BUFGCTRL_X0Y0        BUFG (Prop_bufg_I_O)         0.091     2.764 r  clk_IBUF_BUFG_inst/O
                         net (fo=11160, routed)       1.440     4.203    u_aes_slave/u_aes_core/key_schedule_inst/clk_IBUF_BUFG
    SLICE_X15Y56         FDRE                                         r  u_aes_slave/u_aes_core/key_schedule_inst/key_state_reg_reg[1][55]/C

Slack:                    inf
  Source:                 rstn
                            (input port)
  Destination:            u_aes_slave/u_aes_core/key_schedule_inst/key_state_reg_reg[1][87]/R
                            (rising edge-triggered cell FDRE clocked by CLK  {rise@0.000ns fall@2.500ns period=5.000ns})
  Path Group:             (none)
  Path Type:              Setup (Max at Slow Process Corner)
  Data Path Delay:        39.373ns  (logic 1.059ns (2.690%)  route 38.314ns (97.310%))
  Logic Levels:           2  (IBUF=1 LUT1=1)
  Clock Path Skew:        4.203ns (DCD - SCD + CPR)
    Destination Clock Delay (DCD):    4.203ns
    Source Clock Delay      (SCD):    0.000ns
    Clock Pessimism Removal (CPR):    0.000ns
  Clock Uncertainty:      0.325ns  ((TSJ^2 + TIJ^2)^1/2 + DJ) / 2 + PE + UU
    Total System Jitter     (TSJ):    0.050ns
    Total Input Jitter      (TIJ):    0.000ns
    Discrete Jitter          (DJ):    0.000ns
    Phase Error              (PE):    0.000ns
    User Uncertainty         (UU):    0.300ns
  Timing Exception:       False Path

    Location             Delay type                Incr(ns)  Path(ns)    Netlist Resource(s)
  -------------------------------------------------------------------    -------------------
    U16                                               0.000     0.000 f  rstn (IN)
                         net (fo=0)                   0.000     0.000    rstn
    U16                  IBUF (Prop_ibuf_I_O)         0.935     0.935 f  rstn_IBUF_inst/O
                         net (fo=38, routed)          1.984     2.919    u_aes_slave/u_aes_core/key_schedule_inst/rstn_IBUF
    SLICE_X0Y19          LUT1 (Prop_lut1_I0_O)        0.124     3.043 r  u_aes_slave/u_aes_core/key_schedule_inst/key_state_reg[0][255]_i_1/O
                         net (fo=6485, routed)       36.330    39.373    u_aes_slave/u_aes_core/key_schedule_inst/SR[0]
    SLICE_X15Y56         FDRE                                         r  u_aes_slave/u_aes_core/key_schedule_inst/key_state_reg_reg[1][87]/R
  -------------------------------------------------------------------    -------------------

                         (clock CLK rise edge)        0.000     0.000 r  
    M18                                               0.000     0.000 r  clk (IN)
                         net (fo=0)                   0.000     0.000    clk
    M18                  IBUF (Prop_ibuf_I_O)         0.805     0.805 r  clk_IBUF_inst/O
                         net (fo=1, routed)           1.868     2.673    clk_IBUF
    BUFGCTRL_X0Y0        BUFG (Prop_bufg_I_O)         0.091     2.764 r  clk_IBUF_BUFG_inst/O
                         net (fo=11160, routed)       1.440     4.203    u_aes_slave/u_aes_core/key_schedule_inst/clk_IBUF_BUFG
    SLICE_X15Y56         FDRE                                         r  u_aes_slave/u_aes_core/key_schedule_inst/key_state_reg_reg[1][87]/C

Slack:                    inf
  Source:                 rstn
                            (input port)
  Destination:            u_aes_slave/u_aes_core/valid_reg_reg[1]/R
                            (rising edge-triggered cell FDRE clocked by CLK  {rise@0.000ns fall@2.500ns period=5.000ns})
  Path Group:             (none)
  Path Type:              Setup (Max at Slow Process Corner)
  Data Path Delay:        39.373ns  (logic 1.059ns (2.690%)  route 38.314ns (97.310%))
  Logic Levels:           2  (IBUF=1 LUT1=1)
  Clock Path Skew:        4.203ns (DCD - SCD + CPR)
    Destination Clock Delay (DCD):    4.203ns
    Source Clock Delay      (SCD):    0.000ns
    Clock Pessimism Removal (CPR):    0.000ns
  Clock Uncertainty:      0.325ns  ((TSJ^2 + TIJ^2)^1/2 + DJ) / 2 + PE + UU
    Total System Jitter     (TSJ):    0.050ns
    Total Input Jitter      (TIJ):    0.000ns
    Discrete Jitter          (DJ):    0.000ns
    Phase Error              (PE):    0.000ns
    User Uncertainty         (UU):    0.300ns
  Timing Exception:       False Path

    Location             Delay type                Incr(ns)  Path(ns)    Netlist Resource(s)
  -------------------------------------------------------------------    -------------------
    U16                                               0.000     0.000 f  rstn (IN)
                         net (fo=0)                   0.000     0.000    rstn
    U16                  IBUF (Prop_ibuf_I_O)         0.935     0.935 f  rstn_IBUF_inst/O
                         net (fo=38, routed)          1.984     2.919    u_aes_slave/u_aes_core/key_schedule_inst/rstn_IBUF
    SLICE_X0Y19          LUT1 (Prop_lut1_I0_O)        0.124     3.043 r  u_aes_slave/u_aes_core/key_schedule_inst/key_state_reg[0][255]_i_1/O
                         net (fo=6485, routed)       36.330    39.373    u_aes_slave/u_aes_core/SR[0]
    SLICE_X14Y56         FDRE                                         r  u_aes_slave/u_aes_core/valid_reg_reg[1]/R
  -------------------------------------------------------------------    -------------------

                         (clock CLK rise edge)        0.000     0.000 r  
    M18                                               0.000     0.000 r  clk (IN)
                         net (fo=0)                   0.000     0.000    clk
    M18                  IBUF (Prop_ibuf_I_O)         0.805     0.805 r  clk_IBUF_inst/O
                         net (fo=1, routed)           1.868     2.673    clk_IBUF
    BUFGCTRL_X0Y0        BUFG (Prop_bufg_I_O)         0.091     2.764 r  clk_IBUF_BUFG_inst/O
                         net (fo=11160, routed)       1.440     4.203    u_aes_slave/u_aes_core/clk_IBUF_BUFG
    SLICE_X14Y56         FDRE                                         r  u_aes_slave/u_aes_core/valid_reg_reg[1]/C

Slack:                    inf
  Source:                 rstn
                            (input port)
  Destination:            u_aes_slave/u_aes_core/valid_reg_reg[2]/R
                            (rising edge-triggered cell FDRE clocked by CLK  {rise@0.000ns fall@2.500ns period=5.000ns})
  Path Group:             (none)
  Path Type:              Setup (Max at Slow Process Corner)
  Data Path Delay:        39.373ns  (logic 1.059ns (2.690%)  route 38.314ns (97.310%))
  Logic Levels:           2  (IBUF=1 LUT1=1)
  Clock Path Skew:        4.203ns (DCD - SCD + CPR)
    Destination Clock Delay (DCD):    4.203ns
    Source Clock Delay      (SCD):    0.000ns
    Clock Pessimism Removal (CPR):    0.000ns
  Clock Uncertainty:      0.325ns  ((TSJ^2 + TIJ^2)^1/2 + DJ) / 2 + PE + UU
    Total System Jitter     (TSJ):    0.050ns
    Total Input Jitter      (TIJ):    0.000ns
    Discrete Jitter          (DJ):    0.000ns
    Phase Error              (PE):    0.000ns
    User Uncertainty         (UU):    0.300ns
  Timing Exception:       False Path

    Location             Delay type                Incr(ns)  Path(ns)    Netlist Resource(s)
  -------------------------------------------------------------------    -------------------
    U16                                               0.000     0.000 f  rstn (IN)
                         net (fo=0)                   0.000     0.000    rstn
    U16                  IBUF (Prop_ibuf_I_O)         0.935     0.935 f  rstn_IBUF_inst/O
                         net (fo=38, routed)          1.984     2.919    u_aes_slave/u_aes_core/key_schedule_inst/rstn_IBUF
    SLICE_X0Y19          LUT1 (Prop_lut1_I0_O)        0.124     3.043 r  u_aes_slave/u_aes_core/key_schedule_inst/key_state_reg[0][255]_i_1/O
                         net (fo=6485, routed)       36.330    39.373    u_aes_slave/u_aes_core/SR[0]
    SLICE_X14Y56         FDRE                                         r  u_aes_slave/u_aes_core/valid_reg_reg[2]/R
  -------------------------------------------------------------------    -------------------

                         (clock CLK rise edge)        0.000     0.000 r  
    M18                                               0.000     0.000 r  clk (IN)
                         net (fo=0)                   0.000     0.000    clk
    M18                  IBUF (Prop_ibuf_I_O)         0.805     0.805 r  clk_IBUF_inst/O
                         net (fo=1, routed)           1.868     2.673    clk_IBUF
    BUFGCTRL_X0Y0        BUFG (Prop_bufg_I_O)         0.091     2.764 r  clk_IBUF_BUFG_inst/O
                         net (fo=11160, routed)       1.440     4.203    u_aes_slave/u_aes_core/clk_IBUF_BUFG
    SLICE_X14Y56         FDRE                                         r  u_aes_slave/u_aes_core/valid_reg_reg[2]/C

Slack:                    inf
  Source:                 rstn
                            (input port)
  Destination:            u_aes_slave/u_aes_core/key_schedule_inst/key_state_reg_reg[13][15]/R
                            (rising edge-triggered cell FDRE clocked by CLK  {rise@0.000ns fall@2.500ns period=5.000ns})
  Path Group:             (none)
  Path Type:              Setup (Max at Slow Process Corner)
  Data Path Delay:        39.245ns  (logic 1.059ns (2.698%)  route 38.186ns (97.302%))
  Logic Levels:           2  (IBUF=1 LUT1=1)
  Clock Path Skew:        4.375ns (DCD - SCD + CPR)
    Destination Clock Delay (DCD):    4.375ns
    Source Clock Delay      (SCD):    0.000ns
    Clock Pessimism Removal (CPR):    0.000ns
  Clock Uncertainty:      0.325ns  ((TSJ^2 + TIJ^2)^1/2 + DJ) / 2 + PE + UU
    Total System Jitter     (TSJ):    0.050ns
    Total Input Jitter      (TIJ):    0.000ns
    Discrete Jitter          (DJ):    0.000ns
    Phase Error              (PE):    0.000ns
    User Uncertainty         (UU):    0.300ns
  Timing Exception:       False Path

    Location             Delay type                Incr(ns)  Path(ns)    Netlist Resource(s)
  -------------------------------------------------------------------    -------------------
    U16                                               0.000     0.000 f  rstn (IN)
                         net (fo=0)                   0.000     0.000    rstn
    U16                  IBUF (Prop_ibuf_I_O)         0.935     0.935 f  rstn_IBUF_inst/O
                         net (fo=38, routed)          1.984     2.919    u_aes_slave/u_aes_core/key_schedule_inst/rstn_IBUF
    SLICE_X0Y19          LUT1 (Prop_lut1_I0_O)        0.124     3.043 r  u_aes_slave/u_aes_core/key_schedule_inst/key_state_reg[0][255]_i_1/O
                         net (fo=6485, routed)       36.202    39.245    u_aes_slave/u_aes_core/key_schedule_inst/SR[0]
    SLICE_X51Y142        FDRE                                         r  u_aes_slave/u_aes_core/key_schedule_inst/key_state_reg_reg[13][15]/R
  -------------------------------------------------------------------    -------------------

                         (clock CLK rise edge)        0.000     0.000 r  
    M18                                               0.000     0.000 r  clk (IN)
                         net (fo=0)                   0.000     0.000    clk
    M18                  IBUF (Prop_ibuf_I_O)         0.805     0.805 r  clk_IBUF_inst/O
                         net (fo=1, routed)           1.868     2.673    clk_IBUF
    BUFGCTRL_X0Y0        BUFG (Prop_bufg_I_O)         0.091     2.764 r  clk_IBUF_BUFG_inst/O
                         net (fo=11160, routed)       1.611     4.375    u_aes_slave/u_aes_core/key_schedule_inst/clk_IBUF_BUFG
    SLICE_X51Y142        FDRE                                         r  u_aes_slave/u_aes_core/key_schedule_inst/key_state_reg_reg[13][15]/C

Slack:                    inf
  Source:                 rstn
                            (input port)
  Destination:            u_aes_slave/u_aes_core/state_reg_reg[14][111]/R
                            (rising edge-triggered cell FDRE clocked by CLK  {rise@0.000ns fall@2.500ns period=5.000ns})
  Path Group:             (none)
  Path Type:              Setup (Max at Slow Process Corner)
  Data Path Delay:        39.245ns  (logic 1.059ns (2.698%)  route 38.186ns (97.302%))
  Logic Levels:           2  (IBUF=1 LUT1=1)
  Clock Path Skew:        4.375ns (DCD - SCD + CPR)
    Destination Clock Delay (DCD):    4.375ns
    Source Clock Delay      (SCD):    0.000ns
    Clock Pessimism Removal (CPR):    0.000ns
  Clock Uncertainty:      0.325ns  ((TSJ^2 + TIJ^2)^1/2 + DJ) / 2 + PE + UU
    Total System Jitter     (TSJ):    0.050ns
    Total Input Jitter      (TIJ):    0.000ns
    Discrete Jitter          (DJ):    0.000ns
    Phase Error              (PE):    0.000ns
    User Uncertainty         (UU):    0.300ns
  Timing Exception:       False Path

    Location             Delay type                Incr(ns)  Path(ns)    Netlist Resource(s)
  -------------------------------------------------------------------    -------------------
    U16                                               0.000     0.000 f  rstn (IN)
                         net (fo=0)                   0.000     0.000    rstn
    U16                  IBUF (Prop_ibuf_I_O)         0.935     0.935 f  rstn_IBUF_inst/O
                         net (fo=38, routed)          1.984     2.919    u_aes_slave/u_aes_core/key_schedule_inst/rstn_IBUF
    SLICE_X0Y19          LUT1 (Prop_lut1_I0_O)        0.124     3.043 r  u_aes_slave/u_aes_core/key_schedule_inst/key_state_reg[0][255]_i_1/O
                         net (fo=6485, routed)       36.202    39.245    u_aes_slave/u_aes_core/SR[0]
    SLICE_X51Y142        FDRE                                         r  u_aes_slave/u_aes_core/state_reg_reg[14][111]/R
  -------------------------------------------------------------------    -------------------

                         (clock CLK rise edge)        0.000     0.000 r  
    M18                                               0.000     0.000 r  clk (IN)
                         net (fo=0)                   0.000     0.000    clk
    M18                  IBUF (Prop_ibuf_I_O)         0.805     0.805 r  clk_IBUF_inst/O
                         net (fo=1, routed)           1.868     2.673    clk_IBUF
    BUFGCTRL_X0Y0        BUFG (Prop_bufg_I_O)         0.091     2.764 r  clk_IBUF_BUFG_inst/O
                         net (fo=11160, routed)       1.611     4.375    u_aes_slave/u_aes_core/clk_IBUF_BUFG
    SLICE_X51Y142        FDRE                                         r  u_aes_slave/u_aes_core/state_reg_reg[14][111]/C

Slack:                    inf
  Source:                 rstn
                            (input port)
  Destination:            u_aes_slave/u_aes_core/state_reg_reg[14][15]/R
                            (rising edge-triggered cell FDRE clocked by CLK  {rise@0.000ns fall@2.500ns period=5.000ns})
  Path Group:             (none)
  Path Type:              Setup (Max at Slow Process Corner)
  Data Path Delay:        39.245ns  (logic 1.059ns (2.698%)  route 38.186ns (97.302%))
  Logic Levels:           2  (IBUF=1 LUT1=1)
  Clock Path Skew:        4.375ns (DCD - SCD + CPR)
    Destination Clock Delay (DCD):    4.375ns
    Source Clock Delay      (SCD):    0.000ns
    Clock Pessimism Removal (CPR):    0.000ns
  Clock Uncertainty:      0.325ns  ((TSJ^2 + TIJ^2)^1/2 + DJ) / 2 + PE + UU
    Total System Jitter     (TSJ):    0.050ns
    Total Input Jitter      (TIJ):    0.000ns
    Discrete Jitter          (DJ):    0.000ns
    Phase Error              (PE):    0.000ns
    User Uncertainty         (UU):    0.300ns
  Timing Exception:       False Path

    Location             Delay type                Incr(ns)  Path(ns)    Netlist Resource(s)
  -------------------------------------------------------------------    -------------------
    U16                                               0.000     0.000 f  rstn (IN)
                         net (fo=0)                   0.000     0.000    rstn
    U16                  IBUF (Prop_ibuf_I_O)         0.935     0.935 f  rstn_IBUF_inst/O
                         net (fo=38, routed)          1.984     2.919    u_aes_slave/u_aes_core/key_schedule_inst/rstn_IBUF
    SLICE_X0Y19          LUT1 (Prop_lut1_I0_O)        0.124     3.043 r  u_aes_slave/u_aes_core/key_schedule_inst/key_state_reg[0][255]_i_1/O
                         net (fo=6485, routed)       36.202    39.245    u_aes_slave/u_aes_core/SR[0]
    SLICE_X51Y142        FDRE                                         r  u_aes_slave/u_aes_core/state_reg_reg[14][15]/R
  -------------------------------------------------------------------    -------------------

                         (clock CLK rise edge)        0.000     0.000 r  
    M18                                               0.000     0.000 r  clk (IN)
                         net (fo=0)                   0.000     0.000    clk
    M18                  IBUF (Prop_ibuf_I_O)         0.805     0.805 r  clk_IBUF_inst/O
                         net (fo=1, routed)           1.868     2.673    clk_IBUF
    BUFGCTRL_X0Y0        BUFG (Prop_bufg_I_O)         0.091     2.764 r  clk_IBUF_BUFG_inst/O
                         net (fo=11160, routed)       1.611     4.375    u_aes_slave/u_aes_core/clk_IBUF_BUFG
    SLICE_X51Y142        FDRE                                         r  u_aes_slave/u_aes_core/state_reg_reg[14][15]/C

Slack:                    inf
  Source:                 rstn
                            (input port)
  Destination:            u_aes_slave/u_aes_core/key_schedule_inst/key_state_reg_reg[0][115]/R
                            (rising edge-triggered cell FDRE clocked by CLK  {rise@0.000ns fall@2.500ns period=5.000ns})
  Path Group:             (none)
  Path Type:              Setup (Max at Slow Process Corner)
  Data Path Delay:        39.219ns  (logic 1.059ns (2.700%)  route 38.160ns (97.300%))
  Logic Levels:           2  (IBUF=1 LUT1=1)
  Clock Path Skew:        4.202ns (DCD - SCD + CPR)
    Destination Clock Delay (DCD):    4.202ns
    Source Clock Delay      (SCD):    0.000ns
    Clock Pessimism Removal (CPR):    0.000ns
  Clock Uncertainty:      0.325ns  ((TSJ^2 + TIJ^2)^1/2 + DJ) / 2 + PE + UU
    Total System Jitter     (TSJ):    0.050ns
    Total Input Jitter      (TIJ):    0.000ns
    Discrete Jitter          (DJ):    0.000ns
    Phase Error              (PE):    0.000ns
    User Uncertainty         (UU):    0.300ns
  Timing Exception:       False Path

    Location             Delay type                Incr(ns)  Path(ns)    Netlist Resource(s)
  -------------------------------------------------------------------    -------------------
    U16                                               0.000     0.000 f  rstn (IN)
                         net (fo=0)                   0.000     0.000    rstn
    U16                  IBUF (Prop_ibuf_I_O)         0.935     0.935 f  rstn_IBUF_inst/O
                         net (fo=38, routed)          1.984     2.919    u_aes_slave/u_aes_core/key_schedule_inst/rstn_IBUF
    SLICE_X0Y19          LUT1 (Prop_lut1_I0_O)        0.124     3.043 r  u_aes_slave/u_aes_core/key_schedule_inst/key_state_reg[0][255]_i_1/O
                         net (fo=6485, routed)       36.176    39.219    u_aes_slave/u_aes_core/key_schedule_inst/SR[0]
    SLICE_X14Y58         FDRE                                         r  u_aes_slave/u_aes_core/key_schedule_inst/key_state_reg_reg[0][115]/R
  -------------------------------------------------------------------    -------------------

                         (clock CLK rise edge)        0.000     0.000 r  
    M18                                               0.000     0.000 r  clk (IN)
                         net (fo=0)                   0.000     0.000    clk
    M18                  IBUF (Prop_ibuf_I_O)         0.805     0.805 r  clk_IBUF_inst/O
                         net (fo=1, routed)           1.868     2.673    clk_IBUF
    BUFGCTRL_X0Y0        BUFG (Prop_bufg_I_O)         0.091     2.764 r  clk_IBUF_BUFG_inst/O
                         net (fo=11160, routed)       1.439     4.202    u_aes_slave/u_aes_core/key_schedule_inst/clk_IBUF_BUFG
    SLICE_X14Y58         FDRE                                         r  u_aes_slave/u_aes_core/key_schedule_inst/key_state_reg_reg[0][115]/C

Slack:                    inf
  Source:                 rstn
                            (input port)
  Destination:            u_aes_slave/u_aes_core/key_schedule_inst/key_state_reg_reg[0][19]/R
                            (rising edge-triggered cell FDRE clocked by CLK  {rise@0.000ns fall@2.500ns period=5.000ns})
  Path Group:             (none)
  Path Type:              Setup (Max at Slow Process Corner)
  Data Path Delay:        39.219ns  (logic 1.059ns (2.700%)  route 38.160ns (97.300%))
  Logic Levels:           2  (IBUF=1 LUT1=1)
  Clock Path Skew:        4.202ns (DCD - SCD + CPR)
    Destination Clock Delay (DCD):    4.202ns
    Source Clock Delay      (SCD):    0.000ns
    Clock Pessimism Removal (CPR):    0.000ns
  Clock Uncertainty:      0.325ns  ((TSJ^2 + TIJ^2)^1/2 + DJ) / 2 + PE + UU
    Total System Jitter     (TSJ):    0.050ns
    Total Input Jitter      (TIJ):    0.000ns
    Discrete Jitter          (DJ):    0.000ns
    Phase Error              (PE):    0.000ns
    User Uncertainty         (UU):    0.300ns
  Timing Exception:       False Path

    Location             Delay type                Incr(ns)  Path(ns)    Netlist Resource(s)
  -------------------------------------------------------------------    -------------------
    U16                                               0.000     0.000 f  rstn (IN)
                         net (fo=0)                   0.000     0.000    rstn
    U16                  IBUF (Prop_ibuf_I_O)         0.935     0.935 f  rstn_IBUF_inst/O
                         net (fo=38, routed)          1.984     2.919    u_aes_slave/u_aes_core/key_schedule_inst/rstn_IBUF
    SLICE_X0Y19          LUT1 (Prop_lut1_I0_O)        0.124     3.043 r  u_aes_slave/u_aes_core/key_schedule_inst/key_state_reg[0][255]_i_1/O
                         net (fo=6485, routed)       36.176    39.219    u_aes_slave/u_aes_core/key_schedule_inst/SR[0]
    SLICE_X15Y58         FDRE                                         r  u_aes_slave/u_aes_core/key_schedule_inst/key_state_reg_reg[0][19]/R
  -------------------------------------------------------------------    -------------------

                         (clock CLK rise edge)        0.000     0.000 r  
    M18                                               0.000     0.000 r  clk (IN)
                         net (fo=0)                   0.000     0.000    clk
    M18                  IBUF (Prop_ibuf_I_O)         0.805     0.805 r  clk_IBUF_inst/O
                         net (fo=1, routed)           1.868     2.673    clk_IBUF
    BUFGCTRL_X0Y0        BUFG (Prop_bufg_I_O)         0.091     2.764 r  clk_IBUF_BUFG_inst/O
                         net (fo=11160, routed)       1.439     4.202    u_aes_slave/u_aes_core/key_schedule_inst/clk_IBUF_BUFG
    SLICE_X15Y58         FDRE                                         r  u_aes_slave/u_aes_core/key_schedule_inst/key_state_reg_reg[0][19]/C

Slack:                    inf
  Source:                 rstn
                            (input port)
  Destination:            u_aes_slave/u_aes_core/key_schedule_inst/key_state_reg_reg[0][51]/R
                            (rising edge-triggered cell FDRE clocked by CLK  {rise@0.000ns fall@2.500ns period=5.000ns})
  Path Group:             (none)
  Path Type:              Setup (Max at Slow Process Corner)
  Data Path Delay:        39.219ns  (logic 1.059ns (2.700%)  route 38.160ns (97.300%))
  Logic Levels:           2  (IBUF=1 LUT1=1)
  Clock Path Skew:        4.202ns (DCD - SCD + CPR)
    Destination Clock Delay (DCD):    4.202ns
    Source Clock Delay      (SCD):    0.000ns
    Clock Pessimism Removal (CPR):    0.000ns
  Clock Uncertainty:      0.325ns  ((TSJ^2 + TIJ^2)^1/2 + DJ) / 2 + PE + UU
    Total System Jitter     (TSJ):    0.050ns
    Total Input Jitter      (TIJ):    0.000ns
    Discrete Jitter          (DJ):    0.000ns
    Phase Error              (PE):    0.000ns
    User Uncertainty         (UU):    0.300ns
  Timing Exception:       False Path

    Location             Delay type                Incr(ns)  Path(ns)    Netlist Resource(s)
  -------------------------------------------------------------------    -------------------
    U16                                               0.000     0.000 f  rstn (IN)
                         net (fo=0)                   0.000     0.000    rstn
    U16                  IBUF (Prop_ibuf_I_O)         0.935     0.935 f  rstn_IBUF_inst/O
                         net (fo=38, routed)          1.984     2.919    u_aes_slave/u_aes_core/key_schedule_inst/rstn_IBUF
    SLICE_X0Y19          LUT1 (Prop_lut1_I0_O)        0.124     3.043 r  u_aes_slave/u_aes_core/key_schedule_inst/key_state_reg[0][255]_i_1/O
                         net (fo=6485, routed)       36.176    39.219    u_aes_slave/u_aes_core/key_schedule_inst/SR[0]
    SLICE_X15Y58         FDRE                                         r  u_aes_slave/u_aes_core/key_schedule_inst/key_state_reg_reg[0][51]/R
  -------------------------------------------------------------------    -------------------

                         (clock CLK rise edge)        0.000     0.000 r  
    M18                                               0.000     0.000 r  clk (IN)
                         net (fo=0)                   0.000     0.000    clk
    M18                  IBUF (Prop_ibuf_I_O)         0.805     0.805 r  clk_IBUF_inst/O
                         net (fo=1, routed)           1.868     2.673    clk_IBUF
    BUFGCTRL_X0Y0        BUFG (Prop_bufg_I_O)         0.091     2.764 r  clk_IBUF_BUFG_inst/O
                         net (fo=11160, routed)       1.439     4.202    u_aes_slave/u_aes_core/key_schedule_inst/clk_IBUF_BUFG
    SLICE_X15Y58         FDRE                                         r  u_aes_slave/u_aes_core/key_schedule_inst/key_state_reg_reg[0][51]/C

Slack:                    inf
  Source:                 rstn
                            (input port)
  Destination:            u_aes_slave/u_aes_core/key_schedule_inst/key_state_reg_reg[0][83]/R
                            (rising edge-triggered cell FDRE clocked by CLK  {rise@0.000ns fall@2.500ns period=5.000ns})
  Path Group:             (none)
  Path Type:              Setup (Max at Slow Process Corner)
  Data Path Delay:        39.219ns  (logic 1.059ns (2.700%)  route 38.160ns (97.300%))
  Logic Levels:           2  (IBUF=1 LUT1=1)
  Clock Path Skew:        4.202ns (DCD - SCD + CPR)
    Destination Clock Delay (DCD):    4.202ns
    Source Clock Delay      (SCD):    0.000ns
    Clock Pessimism Removal (CPR):    0.000ns
  Clock Uncertainty:      0.325ns  ((TSJ^2 + TIJ^2)^1/2 + DJ) / 2 + PE + UU
    Total System Jitter     (TSJ):    0.050ns
    Total Input Jitter      (TIJ):    0.000ns
    Discrete Jitter          (DJ):    0.000ns
    Phase Error              (PE):    0.000ns
    User Uncertainty         (UU):    0.300ns
  Timing Exception:       False Path

    Location             Delay type                Incr(ns)  Path(ns)    Netlist Resource(s)
  -------------------------------------------------------------------    -------------------
    U16                                               0.000     0.000 f  rstn (IN)
                         net (fo=0)                   0.000     0.000    rstn
    U16                  IBUF (Prop_ibuf_I_O)         0.935     0.935 f  rstn_IBUF_inst/O
                         net (fo=38, routed)          1.984     2.919    u_aes_slave/u_aes_core/key_schedule_inst/rstn_IBUF
    SLICE_X0Y19          LUT1 (Prop_lut1_I0_O)        0.124     3.043 r  u_aes_slave/u_aes_core/key_schedule_inst/key_state_reg[0][255]_i_1/O
                         net (fo=6485, routed)       36.176    39.219    u_aes_slave/u_aes_core/key_schedule_inst/SR[0]
    SLICE_X15Y58         FDRE                                         r  u_aes_slave/u_aes_core/key_schedule_inst/key_state_reg_reg[0][83]/R
  -------------------------------------------------------------------    -------------------

                         (clock CLK rise edge)        0.000     0.000 r  
    M18                                               0.000     0.000 r  clk (IN)
                         net (fo=0)                   0.000     0.000    clk
    M18                  IBUF (Prop_ibuf_I_O)         0.805     0.805 r  clk_IBUF_inst/O
                         net (fo=1, routed)           1.868     2.673    clk_IBUF
    BUFGCTRL_X0Y0        BUFG (Prop_bufg_I_O)         0.091     2.764 r  clk_IBUF_BUFG_inst/O
                         net (fo=11160, routed)       1.439     4.202    u_aes_slave/u_aes_core/key_schedule_inst/clk_IBUF_BUFG
    SLICE_X15Y58         FDRE                                         r  u_aes_slave/u_aes_core/key_schedule_inst/key_state_reg_reg[0][83]/C

Slack:                    inf
  Source:                 rstn
                            (input port)
  Destination:            u_aes_slave/u_aes_core/key_schedule_inst/key_state_reg_reg[1][19]/R
                            (rising edge-triggered cell FDRE clocked by CLK  {rise@0.000ns fall@2.500ns period=5.000ns})
  Path Group:             (none)
  Path Type:              Setup (Max at Slow Process Corner)
  Data Path Delay:        39.219ns  (logic 1.059ns (2.700%)  route 38.160ns (97.300%))
  Logic Levels:           2  (IBUF=1 LUT1=1)
  Clock Path Skew:        4.202ns (DCD - SCD + CPR)
    Destination Clock Delay (DCD):    4.202ns
    Source Clock Delay      (SCD):    0.000ns
    Clock Pessimism Removal (CPR):    0.000ns
  Clock Uncertainty:      0.325ns  ((TSJ^2 + TIJ^2)^1/2 + DJ) / 2 + PE + UU
    Total System Jitter     (TSJ):    0.050ns
    Total Input Jitter      (TIJ):    0.000ns
    Discrete Jitter          (DJ):    0.000ns
    Phase Error              (PE):    0.000ns
    User Uncertainty         (UU):    0.300ns
  Timing Exception:       False Path

    Location             Delay type                Incr(ns)  Path(ns)    Netlist Resource(s)
  -------------------------------------------------------------------    -------------------
    U16                                               0.000     0.000 f  rstn (IN)
                         net (fo=0)                   0.000     0.000    rstn
    U16                  IBUF (Prop_ibuf_I_O)         0.935     0.935 f  rstn_IBUF_inst/O
                         net (fo=38, routed)          1.984     2.919    u_aes_slave/u_aes_core/key_schedule_inst/rstn_IBUF
    SLICE_X0Y19          LUT1 (Prop_lut1_I0_O)        0.124     3.043 r  u_aes_slave/u_aes_core/key_schedule_inst/key_state_reg[0][255]_i_1/O
                         net (fo=6485, routed)       36.176    39.219    u_aes_slave/u_aes_core/key_schedule_inst/SR[0]
    SLICE_X15Y58         FDRE                                         r  u_aes_slave/u_aes_core/key_schedule_inst/key_state_reg_reg[1][19]/R
  -------------------------------------------------------------------    -------------------

                         (clock CLK rise edge)        0.000     0.000 r  
    M18                                               0.000     0.000 r  clk (IN)
                         net (fo=0)                   0.000     0.000    clk
    M18                  IBUF (Prop_ibuf_I_O)         0.805     0.805 r  clk_IBUF_inst/O
                         net (fo=1, routed)           1.868     2.673    clk_IBUF
    BUFGCTRL_X0Y0        BUFG (Prop_bufg_I_O)         0.091     2.764 r  clk_IBUF_BUFG_inst/O
                         net (fo=11160, routed)       1.439     4.202    u_aes_slave/u_aes_core/key_schedule_inst/clk_IBUF_BUFG
    SLICE_X15Y58         FDRE                                         r  u_aes_slave/u_aes_core/key_schedule_inst/key_state_reg_reg[1][19]/C





Min Delay Paths
--------------------------------------------------------------------------------------
Slack:                    inf
  Source:                 uart_rx_i
                            (input port)
  Destination:            u_uart_slave/u_uart_core/rx_sync_inst/rx_capture_reg/D
                            (rising edge-triggered cell FDSE clocked by CLK  {rise@0.000ns fall@2.500ns period=5.000ns})
  Path Group:             (none)
  Path Type:              Hold (Min at Fast Process Corner)
  Data Path Delay:        0.895ns  (logic 0.174ns (19.422%)  route 0.721ns (80.578%))
  Logic Levels:           1  (IBUF=1)
  Clock Path Skew:        1.937ns (DCD - SCD - CPR)
    Destination Clock Delay (DCD):    1.937ns
    Source Clock Delay      (SCD):    0.000ns
    Clock Pessimism Removal (CPR):    -0.000ns
  Timing Exception:       False Path

    Location             Delay type                Incr(ns)  Path(ns)    Netlist Resource(s)
  -------------------------------------------------------------------    -------------------
    U15                                               0.000     0.000 r  uart_rx_i (IN)
                         net (fo=0)                   0.000     0.000    uart_rx_i
    U15                  IBUF (Prop_ibuf_I_O)         0.174     0.174 r  uart_rx_i_IBUF_inst/O
                         net (fo=1, routed)           0.721     0.895    u_uart_slave/u_uart_core/rx_sync_inst/uart_rx_i_IBUF
    SLICE_X2Y39          FDSE                                         r  u_uart_slave/u_uart_core/rx_sync_inst/rx_capture_reg/D
  -------------------------------------------------------------------    -------------------

                         (clock CLK rise edge)        0.000     0.000 r  
    M18                                               0.000     0.000 r  clk (IN)
                         net (fo=0)                   0.000     0.000    clk
    M18                  IBUF (Prop_ibuf_I_O)         0.356     0.356 r  clk_IBUF_inst/O
                         net (fo=1, routed)           0.689     1.044    clk_IBUF
    BUFGCTRL_X0Y0        BUFG (Prop_bufg_I_O)         0.029     1.073 r  clk_IBUF_BUFG_inst/O
                         net (fo=11160, routed)       0.864     1.937    u_uart_slave/u_uart_core/rx_sync_inst/clk_IBUF_BUFG
    SLICE_X2Y39          FDSE                                         r  u_uart_slave/u_uart_core/rx_sync_inst/rx_capture_reg/C

Slack:                    inf
  Source:                 rstn
                            (input port)
  Destination:            u_axi_master/mem_addr_q_reg[9]/R
                            (rising edge-triggered cell FDRE clocked by CLK  {rise@0.000ns fall@2.500ns period=5.000ns})
  Path Group:             (none)
  Path Type:              Hold (Min at Fast Process Corner)
  Data Path Delay:        1.599ns  (logic 0.209ns (13.075%)  route 1.390ns (86.925%))
  Logic Levels:           2  (IBUF=1 LUT1=1)
  Clock Path Skew:        1.893ns (DCD - SCD - CPR)
    Destination Clock Delay (DCD):    1.893ns
    Source Clock Delay      (SCD):    0.000ns
    Clock Pessimism Removal (CPR):    -0.000ns
  Timing Exception:       False Path

    Location             Delay type                Incr(ns)  Path(ns)    Netlist Resource(s)
  -------------------------------------------------------------------    -------------------
    U16                                               0.000     0.000 f  rstn (IN)
                         net (fo=0)                   0.000     0.000    rstn
    U16                  IBUF (Prop_ibuf_I_O)         0.164     0.164 f  rstn_IBUF_inst/O
                         net (fo=38, routed)          0.791     0.955    u_aes_slave/u_aes_core/key_schedule_inst/rstn_IBUF
    SLICE_X0Y19          LUT1 (Prop_lut1_I0_O)        0.045     1.000 r  u_aes_slave/u_aes_core/key_schedule_inst/key_state_reg[0][255]_i_1/O
                         net (fo=6485, routed)        0.599     1.599    u_axi_master/wb_debug__0[0]
    SLICE_X10Y25         FDRE                                         r  u_axi_master/mem_addr_q_reg[9]/R
  -------------------------------------------------------------------    -------------------

                         (clock CLK rise edge)        0.000     0.000 r  
    M18                                               0.000     0.000 r  clk (IN)
                         net (fo=0)                   0.000     0.000    clk
    M18                  IBUF (Prop_ibuf_I_O)         0.356     0.356 r  clk_IBUF_inst/O
                         net (fo=1, routed)           0.689     1.044    clk_IBUF
    BUFGCTRL_X0Y0        BUFG (Prop_bufg_I_O)         0.029     1.073 r  clk_IBUF_BUFG_inst/O
                         net (fo=11160, routed)       0.820     1.893    u_axi_master/clk_IBUF_BUFG
    SLICE_X10Y25         FDRE                                         r  u_axi_master/mem_addr_q_reg[9]/C

Slack:                    inf
  Source:                 rstn
                            (input port)
  Destination:            u_axi_master/mem_addr_q_reg[2]/R
                            (rising edge-triggered cell FDRE clocked by CLK  {rise@0.000ns fall@2.500ns period=5.000ns})
  Path Group:             (none)
  Path Type:              Hold (Min at Fast Process Corner)
  Data Path Delay:        1.668ns  (logic 0.209ns (12.533%)  route 1.459ns (87.467%))
  Logic Levels:           2  (IBUF=1 LUT1=1)
  Clock Path Skew:        1.896ns (DCD - SCD - CPR)
    Destination Clock Delay (DCD):    1.896ns
    Source Clock Delay      (SCD):    0.000ns
    Clock Pessimism Removal (CPR):    -0.000ns
  Timing Exception:       False Path

    Location             Delay type                Incr(ns)  Path(ns)    Netlist Resource(s)
  -------------------------------------------------------------------    -------------------
    U16                                               0.000     0.000 f  rstn (IN)
                         net (fo=0)                   0.000     0.000    rstn
    U16                  IBUF (Prop_ibuf_I_O)         0.164     0.164 f  rstn_IBUF_inst/O
                         net (fo=38, routed)          0.791     0.955    u_aes_slave/u_aes_core/key_schedule_inst/rstn_IBUF
    SLICE_X0Y19          LUT1 (Prop_lut1_I0_O)        0.045     1.000 r  u_aes_slave/u_aes_core/key_schedule_inst/key_state_reg[0][255]_i_1/O
                         net (fo=6485, routed)        0.668     1.668    u_axi_master/wb_debug__0[0]
    SLICE_X10Y27         FDRE                                         r  u_axi_master/mem_addr_q_reg[2]/R
  -------------------------------------------------------------------    -------------------

                         (clock CLK rise edge)        0.000     0.000 r  
    M18                                               0.000     0.000 r  clk (IN)
                         net (fo=0)                   0.000     0.000    clk
    M18                  IBUF (Prop_ibuf_I_O)         0.356     0.356 r  clk_IBUF_inst/O
                         net (fo=1, routed)           0.689     1.044    clk_IBUF
    BUFGCTRL_X0Y0        BUFG (Prop_bufg_I_O)         0.029     1.073 r  clk_IBUF_BUFG_inst/O
                         net (fo=11160, routed)       0.823     1.896    u_axi_master/clk_IBUF_BUFG
    SLICE_X10Y27         FDRE                                         r  u_axi_master/mem_addr_q_reg[2]/C

Slack:                    inf
  Source:                 rstn
                            (input port)
  Destination:            u_axi_master/mem_addr_q_reg[14]/R
                            (rising edge-triggered cell FDRE clocked by CLK  {rise@0.000ns fall@2.500ns period=5.000ns})
  Path Group:             (none)
  Path Type:              Hold (Min at Fast Process Corner)
  Data Path Delay:        1.669ns  (logic 0.209ns (12.525%)  route 1.460ns (87.475%))
  Logic Levels:           2  (IBUF=1 LUT1=1)
  Clock Path Skew:        1.928ns (DCD - SCD - CPR)
    Destination Clock Delay (DCD):    1.928ns
    Source Clock Delay      (SCD):    0.000ns
    Clock Pessimism Removal (CPR):    -0.000ns
  Timing Exception:       False Path

    Location             Delay type                Incr(ns)  Path(ns)    Netlist Resource(s)
  -------------------------------------------------------------------    -------------------
    U16                                               0.000     0.000 f  rstn (IN)
                         net (fo=0)                   0.000     0.000    rstn
    U16                  IBUF (Prop_ibuf_I_O)         0.164     0.164 f  rstn_IBUF_inst/O
                         net (fo=38, routed)          0.791     0.955    u_aes_slave/u_aes_core/key_schedule_inst/rstn_IBUF
    SLICE_X0Y19          LUT1 (Prop_lut1_I0_O)        0.045     1.000 r  u_aes_slave/u_aes_core/key_schedule_inst/key_state_reg[0][255]_i_1/O
                         net (fo=6485, routed)        0.669     1.669    u_axi_master/wb_debug__0[0]
    SLICE_X7Y31          FDRE                                         r  u_axi_master/mem_addr_q_reg[14]/R
  -------------------------------------------------------------------    -------------------

                         (clock CLK rise edge)        0.000     0.000 r  
    M18                                               0.000     0.000 r  clk (IN)
                         net (fo=0)                   0.000     0.000    clk
    M18                  IBUF (Prop_ibuf_I_O)         0.356     0.356 r  clk_IBUF_inst/O
                         net (fo=1, routed)           0.689     1.044    clk_IBUF
    BUFGCTRL_X0Y0        BUFG (Prop_bufg_I_O)         0.029     1.073 r  clk_IBUF_BUFG_inst/O
                         net (fo=11160, routed)       0.855     1.928    u_axi_master/clk_IBUF_BUFG
    SLICE_X7Y31          FDRE                                         r  u_axi_master/mem_addr_q_reg[14]/C

Slack:                    inf
  Source:                 rstn
                            (input port)
  Destination:            u_axi_master/mem_addr_q_reg[12]/R
                            (rising edge-triggered cell FDRE clocked by CLK  {rise@0.000ns fall@2.500ns period=5.000ns})
  Path Group:             (none)
  Path Type:              Hold (Min at Fast Process Corner)
  Data Path Delay:        1.740ns  (logic 0.209ns (12.021%)  route 1.530ns (87.979%))
  Logic Levels:           2  (IBUF=1 LUT1=1)
  Clock Path Skew:        1.897ns (DCD - SCD - CPR)
    Destination Clock Delay (DCD):    1.897ns
    Source Clock Delay      (SCD):    0.000ns
    Clock Pessimism Removal (CPR):    -0.000ns
  Timing Exception:       False Path

    Location             Delay type                Incr(ns)  Path(ns)    Netlist Resource(s)
  -------------------------------------------------------------------    -------------------
    U16                                               0.000     0.000 f  rstn (IN)
                         net (fo=0)                   0.000     0.000    rstn
    U16                  IBUF (Prop_ibuf_I_O)         0.164     0.164 f  rstn_IBUF_inst/O
                         net (fo=38, routed)          0.791     0.955    u_aes_slave/u_aes_core/key_schedule_inst/rstn_IBUF
    SLICE_X0Y19          LUT1 (Prop_lut1_I0_O)        0.045     1.000 r  u_aes_slave/u_aes_core/key_schedule_inst/key_state_reg[0][255]_i_1/O
                         net (fo=6485, routed)        0.739     1.740    u_axi_master/wb_debug__0[0]
    SLICE_X8Y28          FDRE                                         r  u_axi_master/mem_addr_q_reg[12]/R
  -------------------------------------------------------------------    -------------------

                         (clock CLK rise edge)        0.000     0.000 r  
    M18                                               0.000     0.000 r  clk (IN)
                         net (fo=0)                   0.000     0.000    clk
    M18                  IBUF (Prop_ibuf_I_O)         0.356     0.356 r  clk_IBUF_inst/O
                         net (fo=1, routed)           0.689     1.044    clk_IBUF
    BUFGCTRL_X0Y0        BUFG (Prop_bufg_I_O)         0.029     1.073 r  clk_IBUF_BUFG_inst/O
                         net (fo=11160, routed)       0.824     1.897    u_axi_master/clk_IBUF_BUFG
    SLICE_X8Y28          FDRE                                         r  u_axi_master/mem_addr_q_reg[12]/C

Slack:                    inf
  Source:                 rstn
                            (input port)
  Destination:            u_axi_master/mem_addr_q_reg[17]/R
                            (rising edge-triggered cell FDRE clocked by CLK  {rise@0.000ns fall@2.500ns period=5.000ns})
  Path Group:             (none)
  Path Type:              Hold (Min at Fast Process Corner)
  Data Path Delay:        1.763ns  (logic 0.209ns (11.859%)  route 1.554ns (88.141%))
  Logic Levels:           2  (IBUF=1 LUT1=1)
  Clock Path Skew:        1.926ns (DCD - SCD - CPR)
    Destination Clock Delay (DCD):    1.926ns
    Source Clock Delay      (SCD):    0.000ns
    Clock Pessimism Removal (CPR):    -0.000ns
  Timing Exception:       False Path

    Location             Delay type                Incr(ns)  Path(ns)    Netlist Resource(s)
  -------------------------------------------------------------------    -------------------
    U16                                               0.000     0.000 f  rstn (IN)
                         net (fo=0)                   0.000     0.000    rstn
    U16                  IBUF (Prop_ibuf_I_O)         0.164     0.164 f  rstn_IBUF_inst/O
                         net (fo=38, routed)          0.791     0.955    u_aes_slave/u_aes_core/key_schedule_inst/rstn_IBUF
    SLICE_X0Y19          LUT1 (Prop_lut1_I0_O)        0.045     1.000 r  u_aes_slave/u_aes_core/key_schedule_inst/key_state_reg[0][255]_i_1/O
                         net (fo=6485, routed)        0.763     1.763    u_axi_master/wb_debug__0[0]
    SLICE_X7Y29          FDRE                                         r  u_axi_master/mem_addr_q_reg[17]/R
  -------------------------------------------------------------------    -------------------

                         (clock CLK rise edge)        0.000     0.000 r  
    M18                                               0.000     0.000 r  clk (IN)
                         net (fo=0)                   0.000     0.000    clk
    M18                  IBUF (Prop_ibuf_I_O)         0.356     0.356 r  clk_IBUF_inst/O
                         net (fo=1, routed)           0.689     1.044    clk_IBUF
    BUFGCTRL_X0Y0        BUFG (Prop_bufg_I_O)         0.029     1.073 r  clk_IBUF_BUFG_inst/O
                         net (fo=11160, routed)       0.853     1.926    u_axi_master/clk_IBUF_BUFG
    SLICE_X7Y29          FDRE                                         r  u_axi_master/mem_addr_q_reg[17]/C

Slack:                    inf
  Source:                 rstn
                            (input port)
  Destination:            u_axi_master/mem_addr_q_reg[18]/R
                            (rising edge-triggered cell FDRE clocked by CLK  {rise@0.000ns fall@2.500ns period=5.000ns})
  Path Group:             (none)
  Path Type:              Hold (Min at Fast Process Corner)
  Data Path Delay:        1.763ns  (logic 0.209ns (11.859%)  route 1.554ns (88.141%))
  Logic Levels:           2  (IBUF=1 LUT1=1)
  Clock Path Skew:        1.926ns (DCD - SCD - CPR)
    Destination Clock Delay (DCD):    1.926ns
    Source Clock Delay      (SCD):    0.000ns
    Clock Pessimism Removal (CPR):    -0.000ns
  Timing Exception:       False Path

    Location             Delay type                Incr(ns)  Path(ns)    Netlist Resource(s)
  -------------------------------------------------------------------    -------------------
    U16                                               0.000     0.000 f  rstn (IN)
                         net (fo=0)                   0.000     0.000    rstn
    U16                  IBUF (Prop_ibuf_I_O)         0.164     0.164 f  rstn_IBUF_inst/O
                         net (fo=38, routed)          0.791     0.955    u_aes_slave/u_aes_core/key_schedule_inst/rstn_IBUF
    SLICE_X0Y19          LUT1 (Prop_lut1_I0_O)        0.045     1.000 r  u_aes_slave/u_aes_core/key_schedule_inst/key_state_reg[0][255]_i_1/O
                         net (fo=6485, routed)        0.763     1.763    u_axi_master/wb_debug__0[0]
    SLICE_X7Y29          FDRE                                         r  u_axi_master/mem_addr_q_reg[18]/R
  -------------------------------------------------------------------    -------------------

                         (clock CLK rise edge)        0.000     0.000 r  
    M18                                               0.000     0.000 r  clk (IN)
                         net (fo=0)                   0.000     0.000    clk
    M18                  IBUF (Prop_ibuf_I_O)         0.356     0.356 r  clk_IBUF_inst/O
                         net (fo=1, routed)           0.689     1.044    clk_IBUF
    BUFGCTRL_X0Y0        BUFG (Prop_bufg_I_O)         0.029     1.073 r  clk_IBUF_BUFG_inst/O
                         net (fo=11160, routed)       0.853     1.926    u_axi_master/clk_IBUF_BUFG
    SLICE_X7Y29          FDRE                                         r  u_axi_master/mem_addr_q_reg[18]/C

Slack:                    inf
  Source:                 rstn
                            (input port)
  Destination:            u_axi_master/mem_addr_q_reg[19]/R
                            (rising edge-triggered cell FDRE clocked by CLK  {rise@0.000ns fall@2.500ns period=5.000ns})
  Path Group:             (none)
  Path Type:              Hold (Min at Fast Process Corner)
  Data Path Delay:        1.776ns  (logic 0.209ns (11.773%)  route 1.567ns (88.227%))
  Logic Levels:           2  (IBUF=1 LUT1=1)
  Clock Path Skew:        1.929ns (DCD - SCD - CPR)
    Destination Clock Delay (DCD):    1.929ns
    Source Clock Delay      (SCD):    0.000ns
    Clock Pessimism Removal (CPR):    -0.000ns
  Timing Exception:       False Path

    Location             Delay type                Incr(ns)  Path(ns)    Netlist Resource(s)
  -------------------------------------------------------------------    -------------------
    U16                                               0.000     0.000 f  rstn (IN)
                         net (fo=0)                   0.000     0.000    rstn
    U16                  IBUF (Prop_ibuf_I_O)         0.164     0.164 f  rstn_IBUF_inst/O
                         net (fo=38, routed)          0.791     0.955    u_aes_slave/u_aes_core/key_schedule_inst/rstn_IBUF
    SLICE_X0Y19          LUT1 (Prop_lut1_I0_O)        0.045     1.000 r  u_aes_slave/u_aes_core/key_schedule_inst/key_state_reg[0][255]_i_1/O
                         net (fo=6485, routed)        0.776     1.776    u_axi_master/wb_debug__0[0]
    SLICE_X7Y32          FDRE                                         r  u_axi_master/mem_addr_q_reg[19]/R
  -------------------------------------------------------------------    -------------------

                         (clock CLK rise edge)        0.000     0.000 r  
    M18                                               0.000     0.000 r  clk (IN)
                         net (fo=0)                   0.000     0.000    clk
    M18                  IBUF (Prop_ibuf_I_O)         0.356     0.356 r  clk_IBUF_inst/O
                         net (fo=1, routed)           0.689     1.044    clk_IBUF
    BUFGCTRL_X0Y0        BUFG (Prop_bufg_I_O)         0.029     1.073 r  clk_IBUF_BUFG_inst/O
                         net (fo=11160, routed)       0.856     1.929    u_axi_master/clk_IBUF_BUFG
    SLICE_X7Y32          FDRE                                         r  u_axi_master/mem_addr_q_reg[19]/C

Slack:                    inf
  Source:                 rstn
                            (input port)
  Destination:            u_axi_master/mem_addr_q_reg[10]/R
                            (rising edge-triggered cell FDRE clocked by CLK  {rise@0.000ns fall@2.500ns period=5.000ns})
  Path Group:             (none)
  Path Type:              Hold (Min at Fast Process Corner)
  Data Path Delay:        1.850ns  (logic 0.209ns (11.301%)  route 1.641ns (88.699%))
  Logic Levels:           2  (IBUF=1 LUT1=1)
  Clock Path Skew:        1.897ns (DCD - SCD - CPR)
    Destination Clock Delay (DCD):    1.897ns
    Source Clock Delay      (SCD):    0.000ns
    Clock Pessimism Removal (CPR):    -0.000ns
  Timing Exception:       False Path

    Location             Delay type                Incr(ns)  Path(ns)    Netlist Resource(s)
  -------------------------------------------------------------------    -------------------
    U16                                               0.000     0.000 f  rstn (IN)
                         net (fo=0)                   0.000     0.000    rstn
    U16                  IBUF (Prop_ibuf_I_O)         0.164     0.164 f  rstn_IBUF_inst/O
                         net (fo=38, routed)          0.791     0.955    u_aes_slave/u_aes_core/key_schedule_inst/rstn_IBUF
    SLICE_X0Y19          LUT1 (Prop_lut1_I0_O)        0.045     1.000 r  u_aes_slave/u_aes_core/key_schedule_inst/key_state_reg[0][255]_i_1/O
                         net (fo=6485, routed)        0.850     1.850    u_axi_master/wb_debug__0[0]
    SLICE_X13Y28         FDRE                                         r  u_axi_master/mem_addr_q_reg[10]/R
  -------------------------------------------------------------------    -------------------

                         (clock CLK rise edge)        0.000     0.000 r  
    M18                                               0.000     0.000 r  clk (IN)
                         net (fo=0)                   0.000     0.000    clk
    M18                  IBUF (Prop_ibuf_I_O)         0.356     0.356 r  clk_IBUF_inst/O
                         net (fo=1, routed)           0.689     1.044    clk_IBUF
    BUFGCTRL_X0Y0        BUFG (Prop_bufg_I_O)         0.029     1.073 r  clk_IBUF_BUFG_inst/O
                         net (fo=11160, routed)       0.824     1.897    u_axi_master/clk_IBUF_BUFG
    SLICE_X13Y28         FDRE                                         r  u_axi_master/mem_addr_q_reg[10]/C

Slack:                    inf
  Source:                 rstn
                            (input port)
  Destination:            u_axi_master/mem_addr_q_reg[15]/R
                            (rising edge-triggered cell FDRE clocked by CLK  {rise@0.000ns fall@2.500ns period=5.000ns})
  Path Group:             (none)
  Path Type:              Hold (Min at Fast Process Corner)
  Data Path Delay:        1.850ns  (logic 0.209ns (11.301%)  route 1.641ns (88.699%))
  Logic Levels:           2  (IBUF=1 LUT1=1)
  Clock Path Skew:        1.897ns (DCD - SCD - CPR)
    Destination Clock Delay (DCD):    1.897ns
    Source Clock Delay      (SCD):    0.000ns
    Clock Pessimism Removal (CPR):    -0.000ns
  Timing Exception:       False Path

    Location             Delay type                Incr(ns)  Path(ns)    Netlist Resource(s)
  -------------------------------------------------------------------    -------------------
    U16                                               0.000     0.000 f  rstn (IN)
                         net (fo=0)                   0.000     0.000    rstn
    U16                  IBUF (Prop_ibuf_I_O)         0.164     0.164 f  rstn_IBUF_inst/O
                         net (fo=38, routed)          0.791     0.955    u_aes_slave/u_aes_core/key_schedule_inst/rstn_IBUF
    SLICE_X0Y19          LUT1 (Prop_lut1_I0_O)        0.045     1.000 r  u_aes_slave/u_aes_core/key_schedule_inst/key_state_reg[0][255]_i_1/O
                         net (fo=6485, routed)        0.850     1.850    u_axi_master/wb_debug__0[0]
    SLICE_X13Y28         FDRE                                         r  u_axi_master/mem_addr_q_reg[15]/R
  -------------------------------------------------------------------    -------------------

                         (clock CLK rise edge)        0.000     0.000 r  
    M18                                               0.000     0.000 r  clk (IN)
                         net (fo=0)                   0.000     0.000    clk
    M18                  IBUF (Prop_ibuf_I_O)         0.356     0.356 r  clk_IBUF_inst/O
                         net (fo=1, routed)           0.689     1.044    clk_IBUF
    BUFGCTRL_X0Y0        BUFG (Prop_bufg_I_O)         0.029     1.073 r  clk_IBUF_BUFG_inst/O
                         net (fo=11160, routed)       0.824     1.897    u_axi_master/clk_IBUF_BUFG
    SLICE_X13Y28         FDRE                                         r  u_axi_master/mem_addr_q_reg[15]/C

Slack:                    inf
  Source:                 rstn
                            (input port)
  Destination:            u_l1_icache/data_array_reg[2][1][10]/CE
                            (rising edge-triggered cell FDRE clocked by CLK  {rise@0.000ns fall@2.500ns period=5.000ns})
  Path Group:             (none)
  Path Type:              Hold (Min at Fast Process Corner)
  Data Path Delay:        1.952ns  (logic 0.254ns (13.018%)  route 1.698ns (86.982%))
  Logic Levels:           3  (IBUF=1 LUT5=1 LUT6=1)
  Clock Path Skew:        1.895ns (DCD - SCD - CPR)
    Destination Clock Delay (DCD):    1.895ns
    Source Clock Delay      (SCD):    0.000ns
    Clock Pessimism Removal (CPR):    -0.000ns
  Timing Exception:       False Path

    Location             Delay type                Incr(ns)  Path(ns)    Netlist Resource(s)
  -------------------------------------------------------------------    -------------------
    U16                                               0.000     0.000 r  rstn (IN)
                         net (fo=0)                   0.000     0.000    rstn
    U16                  IBUF (Prop_ibuf_I_O)         0.164     0.164 r  rstn_IBUF_inst/O
                         net (fo=38, routed)          1.341     1.505    u_cpu/dut_pc/rstn_IBUF
    SLICE_X29Y19         LUT5 (Prop_lut5_I4_O)        0.045     1.550 f  u_cpu/dut_pc/refill_word_q[1]_i_3/O
                         net (fo=161, routed)         0.194     1.744    u_l1_icache/refill_word_q_reg[1]_3
    SLICE_X29Y19         LUT6 (Prop_lut6_I4_O)        0.045     1.789 r  u_l1_icache/data_array[2][1][31]_i_1/O
                         net (fo=32, routed)          0.163     1.952    u_l1_icache/data_array[2][1][31]_i_1_n_0
    SLICE_X31Y19         FDRE                                         r  u_l1_icache/data_array_reg[2][1][10]/CE
  -------------------------------------------------------------------    -------------------

                         (clock CLK rise edge)        0.000     0.000 r  
    M18                                               0.000     0.000 r  clk (IN)
                         net (fo=0)                   0.000     0.000    clk
    M18                  IBUF (Prop_ibuf_I_O)         0.356     0.356 r  clk_IBUF_inst/O
                         net (fo=1, routed)           0.689     1.044    clk_IBUF
    BUFGCTRL_X0Y0        BUFG (Prop_bufg_I_O)         0.029     1.073 r  clk_IBUF_BUFG_inst/O
                         net (fo=11160, routed)       0.822     1.895    u_l1_icache/clk_IBUF_BUFG
    SLICE_X31Y19         FDRE                                         r  u_l1_icache/data_array_reg[2][1][10]/C

Slack:                    inf
  Source:                 rstn
                            (input port)
  Destination:            u_l1_icache/data_array_reg[2][1][22]/CE
                            (rising edge-triggered cell FDRE clocked by CLK  {rise@0.000ns fall@2.500ns period=5.000ns})
  Path Group:             (none)
  Path Type:              Hold (Min at Fast Process Corner)
  Data Path Delay:        1.952ns  (logic 0.254ns (13.018%)  route 1.698ns (86.982%))
  Logic Levels:           3  (IBUF=1 LUT5=1 LUT6=1)
  Clock Path Skew:        1.895ns (DCD - SCD - CPR)
    Destination Clock Delay (DCD):    1.895ns
    Source Clock Delay      (SCD):    0.000ns
    Clock Pessimism Removal (CPR):    -0.000ns
  Timing Exception:       False Path

    Location             Delay type                Incr(ns)  Path(ns)    Netlist Resource(s)
  -------------------------------------------------------------------    -------------------
    U16                                               0.000     0.000 r  rstn (IN)
                         net (fo=0)                   0.000     0.000    rstn
    U16                  IBUF (Prop_ibuf_I_O)         0.164     0.164 r  rstn_IBUF_inst/O
                         net (fo=38, routed)          1.341     1.505    u_cpu/dut_pc/rstn_IBUF
    SLICE_X29Y19         LUT5 (Prop_lut5_I4_O)        0.045     1.550 f  u_cpu/dut_pc/refill_word_q[1]_i_3/O
                         net (fo=161, routed)         0.194     1.744    u_l1_icache/refill_word_q_reg[1]_3
    SLICE_X29Y19         LUT6 (Prop_lut6_I4_O)        0.045     1.789 r  u_l1_icache/data_array[2][1][31]_i_1/O
                         net (fo=32, routed)          0.163     1.952    u_l1_icache/data_array[2][1][31]_i_1_n_0
    SLICE_X31Y19         FDRE                                         r  u_l1_icache/data_array_reg[2][1][22]/CE
  -------------------------------------------------------------------    -------------------

                         (clock CLK rise edge)        0.000     0.000 r  
    M18                                               0.000     0.000 r  clk (IN)
                         net (fo=0)                   0.000     0.000    clk
    M18                  IBUF (Prop_ibuf_I_O)         0.356     0.356 r  clk_IBUF_inst/O
                         net (fo=1, routed)           0.689     1.044    clk_IBUF
    BUFGCTRL_X0Y0        BUFG (Prop_bufg_I_O)         0.029     1.073 r  clk_IBUF_BUFG_inst/O
                         net (fo=11160, routed)       0.822     1.895    u_l1_icache/clk_IBUF_BUFG
    SLICE_X31Y19         FDRE                                         r  u_l1_icache/data_array_reg[2][1][22]/C

Slack:                    inf
  Source:                 rstn
                            (input port)
  Destination:            u_l1_icache/data_array_reg[2][1][24]/CE
                            (rising edge-triggered cell FDRE clocked by CLK  {rise@0.000ns fall@2.500ns period=5.000ns})
  Path Group:             (none)
  Path Type:              Hold (Min at Fast Process Corner)
  Data Path Delay:        1.952ns  (logic 0.254ns (13.018%)  route 1.698ns (86.982%))
  Logic Levels:           3  (IBUF=1 LUT5=1 LUT6=1)
  Clock Path Skew:        1.895ns (DCD - SCD - CPR)
    Destination Clock Delay (DCD):    1.895ns
    Source Clock Delay      (SCD):    0.000ns
    Clock Pessimism Removal (CPR):    -0.000ns
  Timing Exception:       False Path

    Location             Delay type                Incr(ns)  Path(ns)    Netlist Resource(s)
  -------------------------------------------------------------------    -------------------
    U16                                               0.000     0.000 r  rstn (IN)
                         net (fo=0)                   0.000     0.000    rstn
    U16                  IBUF (Prop_ibuf_I_O)         0.164     0.164 r  rstn_IBUF_inst/O
                         net (fo=38, routed)          1.341     1.505    u_cpu/dut_pc/rstn_IBUF
    SLICE_X29Y19         LUT5 (Prop_lut5_I4_O)        0.045     1.550 f  u_cpu/dut_pc/refill_word_q[1]_i_3/O
                         net (fo=161, routed)         0.194     1.744    u_l1_icache/refill_word_q_reg[1]_3
    SLICE_X29Y19         LUT6 (Prop_lut6_I4_O)        0.045     1.789 r  u_l1_icache/data_array[2][1][31]_i_1/O
                         net (fo=32, routed)          0.163     1.952    u_l1_icache/data_array[2][1][31]_i_1_n_0
    SLICE_X31Y19         FDRE                                         r  u_l1_icache/data_array_reg[2][1][24]/CE
  -------------------------------------------------------------------    -------------------

                         (clock CLK rise edge)        0.000     0.000 r  
    M18                                               0.000     0.000 r  clk (IN)
                         net (fo=0)                   0.000     0.000    clk
    M18                  IBUF (Prop_ibuf_I_O)         0.356     0.356 r  clk_IBUF_inst/O
                         net (fo=1, routed)           0.689     1.044    clk_IBUF
    BUFGCTRL_X0Y0        BUFG (Prop_bufg_I_O)         0.029     1.073 r  clk_IBUF_BUFG_inst/O
                         net (fo=11160, routed)       0.822     1.895    u_l1_icache/clk_IBUF_BUFG
    SLICE_X31Y19         FDRE                                         r  u_l1_icache/data_array_reg[2][1][24]/C

Slack:                    inf
  Source:                 rstn
                            (input port)
  Destination:            u_l1_icache/data_array_reg[2][1][31]/CE
                            (rising edge-triggered cell FDRE clocked by CLK  {rise@0.000ns fall@2.500ns period=5.000ns})
  Path Group:             (none)
  Path Type:              Hold (Min at Fast Process Corner)
  Data Path Delay:        1.952ns  (logic 0.254ns (13.018%)  route 1.698ns (86.982%))
  Logic Levels:           3  (IBUF=1 LUT5=1 LUT6=1)
  Clock Path Skew:        1.895ns (DCD - SCD - CPR)
    Destination Clock Delay (DCD):    1.895ns
    Source Clock Delay      (SCD):    0.000ns
    Clock Pessimism Removal (CPR):    -0.000ns
  Timing Exception:       False Path

    Location             Delay type                Incr(ns)  Path(ns)    Netlist Resource(s)
  -------------------------------------------------------------------    -------------------
    U16                                               0.000     0.000 r  rstn (IN)
                         net (fo=0)                   0.000     0.000    rstn
    U16                  IBUF (Prop_ibuf_I_O)         0.164     0.164 r  rstn_IBUF_inst/O
                         net (fo=38, routed)          1.341     1.505    u_cpu/dut_pc/rstn_IBUF
    SLICE_X29Y19         LUT5 (Prop_lut5_I4_O)        0.045     1.550 f  u_cpu/dut_pc/refill_word_q[1]_i_3/O
                         net (fo=161, routed)         0.194     1.744    u_l1_icache/refill_word_q_reg[1]_3
    SLICE_X29Y19         LUT6 (Prop_lut6_I4_O)        0.045     1.789 r  u_l1_icache/data_array[2][1][31]_i_1/O
                         net (fo=32, routed)          0.163     1.952    u_l1_icache/data_array[2][1][31]_i_1_n_0
    SLICE_X31Y19         FDRE                                         r  u_l1_icache/data_array_reg[2][1][31]/CE
  -------------------------------------------------------------------    -------------------

                         (clock CLK rise edge)        0.000     0.000 r  
    M18                                               0.000     0.000 r  clk (IN)
                         net (fo=0)                   0.000     0.000    clk
    M18                  IBUF (Prop_ibuf_I_O)         0.356     0.356 r  clk_IBUF_inst/O
                         net (fo=1, routed)           0.689     1.044    clk_IBUF
    BUFGCTRL_X0Y0        BUFG (Prop_bufg_I_O)         0.029     1.073 r  clk_IBUF_BUFG_inst/O
                         net (fo=11160, routed)       0.822     1.895    u_l1_icache/clk_IBUF_BUFG
    SLICE_X31Y19         FDRE                                         r  u_l1_icache/data_array_reg[2][1][31]/C

Slack:                    inf
  Source:                 rstn
                            (input port)
  Destination:            u_l1_icache/data_array_reg[2][1][3]/CE
                            (rising edge-triggered cell FDRE clocked by CLK  {rise@0.000ns fall@2.500ns period=5.000ns})
  Path Group:             (none)
  Path Type:              Hold (Min at Fast Process Corner)
  Data Path Delay:        1.952ns  (logic 0.254ns (13.018%)  route 1.698ns (86.982%))
  Logic Levels:           3  (IBUF=1 LUT5=1 LUT6=1)
  Clock Path Skew:        1.895ns (DCD - SCD - CPR)
    Destination Clock Delay (DCD):    1.895ns
    Source Clock Delay      (SCD):    0.000ns
    Clock Pessimism Removal (CPR):    -0.000ns
  Timing Exception:       False Path

    Location             Delay type                Incr(ns)  Path(ns)    Netlist Resource(s)
  -------------------------------------------------------------------    -------------------
    U16                                               0.000     0.000 r  rstn (IN)
                         net (fo=0)                   0.000     0.000    rstn
    U16                  IBUF (Prop_ibuf_I_O)         0.164     0.164 r  rstn_IBUF_inst/O
                         net (fo=38, routed)          1.341     1.505    u_cpu/dut_pc/rstn_IBUF
    SLICE_X29Y19         LUT5 (Prop_lut5_I4_O)        0.045     1.550 f  u_cpu/dut_pc/refill_word_q[1]_i_3/O
                         net (fo=161, routed)         0.194     1.744    u_l1_icache/refill_word_q_reg[1]_3
    SLICE_X29Y19         LUT6 (Prop_lut6_I4_O)        0.045     1.789 r  u_l1_icache/data_array[2][1][31]_i_1/O
                         net (fo=32, routed)          0.163     1.952    u_l1_icache/data_array[2][1][31]_i_1_n_0
    SLICE_X31Y19         FDRE                                         r  u_l1_icache/data_array_reg[2][1][3]/CE
  -------------------------------------------------------------------    -------------------

                         (clock CLK rise edge)        0.000     0.000 r  
    M18                                               0.000     0.000 r  clk (IN)
                         net (fo=0)                   0.000     0.000    clk
    M18                  IBUF (Prop_ibuf_I_O)         0.356     0.356 r  clk_IBUF_inst/O
                         net (fo=1, routed)           0.689     1.044    clk_IBUF
    BUFGCTRL_X0Y0        BUFG (Prop_bufg_I_O)         0.029     1.073 r  clk_IBUF_BUFG_inst/O
                         net (fo=11160, routed)       0.822     1.895    u_l1_icache/clk_IBUF_BUFG
    SLICE_X31Y19         FDRE                                         r  u_l1_icache/data_array_reg[2][1][3]/C

Slack:                    inf
  Source:                 rstn
                            (input port)
  Destination:            u_l1_icache/data_array_reg[29][3][25]/CE
                            (rising edge-triggered cell FDRE clocked by CLK  {rise@0.000ns fall@2.500ns period=5.000ns})
  Path Group:             (none)
  Path Type:              Hold (Min at Fast Process Corner)
  Data Path Delay:        1.980ns  (logic 0.254ns (12.833%)  route 1.726ns (87.167%))
  Logic Levels:           3  (IBUF=1 LUT5=1 LUT6=1)
  Clock Path Skew:        1.895ns (DCD - SCD - CPR)
    Destination Clock Delay (DCD):    1.895ns
    Source Clock Delay      (SCD):    0.000ns
    Clock Pessimism Removal (CPR):    -0.000ns
  Timing Exception:       False Path

    Location             Delay type                Incr(ns)  Path(ns)    Netlist Resource(s)
  -------------------------------------------------------------------    -------------------
    U16                                               0.000     0.000 r  rstn (IN)
                         net (fo=0)                   0.000     0.000    rstn
    U16                  IBUF (Prop_ibuf_I_O)         0.164     0.164 r  rstn_IBUF_inst/O
                         net (fo=38, routed)          1.341     1.505    u_cpu/dut_pc/rstn_IBUF
    SLICE_X29Y19         LUT5 (Prop_lut5_I4_O)        0.045     1.550 f  u_cpu/dut_pc/refill_word_q[1]_i_3/O
                         net (fo=161, routed)         0.314     1.864    u_l1_icache/refill_word_q_reg[1]_3
    SLICE_X28Y20         LUT6 (Prop_lut6_I5_O)        0.045     1.909 r  u_l1_icache/data_array[29][3][31]_i_1/O
                         net (fo=32, routed)          0.071     1.980    u_l1_icache/data_array[29][3][31]_i_1_n_0
    SLICE_X28Y20         FDRE                                         r  u_l1_icache/data_array_reg[29][3][25]/CE
  -------------------------------------------------------------------    -------------------

                         (clock CLK rise edge)        0.000     0.000 r  
    M18                                               0.000     0.000 r  clk (IN)
                         net (fo=0)                   0.000     0.000    clk
    M18                  IBUF (Prop_ibuf_I_O)         0.356     0.356 r  clk_IBUF_inst/O
                         net (fo=1, routed)           0.689     1.044    clk_IBUF
    BUFGCTRL_X0Y0        BUFG (Prop_bufg_I_O)         0.029     1.073 r  clk_IBUF_BUFG_inst/O
                         net (fo=11160, routed)       0.822     1.895    u_l1_icache/clk_IBUF_BUFG
    SLICE_X28Y20         FDRE                                         r  u_l1_icache/data_array_reg[29][3][25]/C

Slack:                    inf
  Source:                 rstn
                            (input port)
  Destination:            u_l1_icache/data_array_reg[29][3][30]/CE
                            (rising edge-triggered cell FDRE clocked by CLK  {rise@0.000ns fall@2.500ns period=5.000ns})
  Path Group:             (none)
  Path Type:              Hold (Min at Fast Process Corner)
  Data Path Delay:        1.980ns  (logic 0.254ns (12.833%)  route 1.726ns (87.167%))
  Logic Levels:           3  (IBUF=1 LUT5=1 LUT6=1)
  Clock Path Skew:        1.895ns (DCD - SCD - CPR)
    Destination Clock Delay (DCD):    1.895ns
    Source Clock Delay      (SCD):    0.000ns
    Clock Pessimism Removal (CPR):    -0.000ns
  Timing Exception:       False Path

    Location             Delay type                Incr(ns)  Path(ns)    Netlist Resource(s)
  -------------------------------------------------------------------    -------------------
    U16                                               0.000     0.000 r  rstn (IN)
                         net (fo=0)                   0.000     0.000    rstn
    U16                  IBUF (Prop_ibuf_I_O)         0.164     0.164 r  rstn_IBUF_inst/O
                         net (fo=38, routed)          1.341     1.505    u_cpu/dut_pc/rstn_IBUF
    SLICE_X29Y19         LUT5 (Prop_lut5_I4_O)        0.045     1.550 f  u_cpu/dut_pc/refill_word_q[1]_i_3/O
                         net (fo=161, routed)         0.314     1.864    u_l1_icache/refill_word_q_reg[1]_3
    SLICE_X28Y20         LUT6 (Prop_lut6_I5_O)        0.045     1.909 r  u_l1_icache/data_array[29][3][31]_i_1/O
                         net (fo=32, routed)          0.071     1.980    u_l1_icache/data_array[29][3][31]_i_1_n_0
    SLICE_X28Y20         FDRE                                         r  u_l1_icache/data_array_reg[29][3][30]/CE
  -------------------------------------------------------------------    -------------------

                         (clock CLK rise edge)        0.000     0.000 r  
    M18                                               0.000     0.000 r  clk (IN)
                         net (fo=0)                   0.000     0.000    clk
    M18                  IBUF (Prop_ibuf_I_O)         0.356     0.356 r  clk_IBUF_inst/O
                         net (fo=1, routed)           0.689     1.044    clk_IBUF
    BUFGCTRL_X0Y0        BUFG (Prop_bufg_I_O)         0.029     1.073 r  clk_IBUF_BUFG_inst/O
                         net (fo=11160, routed)       0.822     1.895    u_l1_icache/clk_IBUF_BUFG
    SLICE_X28Y20         FDRE                                         r  u_l1_icache/data_array_reg[29][3][30]/C

Slack:                    inf
  Source:                 rstn
                            (input port)
  Destination:            u_l1_icache/data_array_reg[29][3][3]/CE
                            (rising edge-triggered cell FDRE clocked by CLK  {rise@0.000ns fall@2.500ns period=5.000ns})
  Path Group:             (none)
  Path Type:              Hold (Min at Fast Process Corner)
  Data Path Delay:        1.980ns  (logic 0.254ns (12.833%)  route 1.726ns (87.167%))
  Logic Levels:           3  (IBUF=1 LUT5=1 LUT6=1)
  Clock Path Skew:        1.895ns (DCD - SCD - CPR)
    Destination Clock Delay (DCD):    1.895ns
    Source Clock Delay      (SCD):    0.000ns
    Clock Pessimism Removal (CPR):    -0.000ns
  Timing Exception:       False Path

    Location             Delay type                Incr(ns)  Path(ns)    Netlist Resource(s)
  -------------------------------------------------------------------    -------------------
    U16                                               0.000     0.000 r  rstn (IN)
                         net (fo=0)                   0.000     0.000    rstn
    U16                  IBUF (Prop_ibuf_I_O)         0.164     0.164 r  rstn_IBUF_inst/O
                         net (fo=38, routed)          1.341     1.505    u_cpu/dut_pc/rstn_IBUF
    SLICE_X29Y19         LUT5 (Prop_lut5_I4_O)        0.045     1.550 f  u_cpu/dut_pc/refill_word_q[1]_i_3/O
                         net (fo=161, routed)         0.314     1.864    u_l1_icache/refill_word_q_reg[1]_3
    SLICE_X28Y20         LUT6 (Prop_lut6_I5_O)        0.045     1.909 r  u_l1_icache/data_array[29][3][31]_i_1/O
                         net (fo=32, routed)          0.071     1.980    u_l1_icache/data_array[29][3][31]_i_1_n_0
    SLICE_X28Y20         FDRE                                         r  u_l1_icache/data_array_reg[29][3][3]/CE
  -------------------------------------------------------------------    -------------------

                         (clock CLK rise edge)        0.000     0.000 r  
    M18                                               0.000     0.000 r  clk (IN)
                         net (fo=0)                   0.000     0.000    clk
    M18                  IBUF (Prop_ibuf_I_O)         0.356     0.356 r  clk_IBUF_inst/O
                         net (fo=1, routed)           0.689     1.044    clk_IBUF
    BUFGCTRL_X0Y0        BUFG (Prop_bufg_I_O)         0.029     1.073 r  clk_IBUF_BUFG_inst/O
                         net (fo=11160, routed)       0.822     1.895    u_l1_icache/clk_IBUF_BUFG
    SLICE_X28Y20         FDRE                                         r  u_l1_icache/data_array_reg[29][3][3]/C

Slack:                    inf
  Source:                 rstn
                            (input port)
  Destination:            u_l1_icache/data_array_reg[29][3][6]/CE
                            (rising edge-triggered cell FDRE clocked by CLK  {rise@0.000ns fall@2.500ns period=5.000ns})
  Path Group:             (none)
  Path Type:              Hold (Min at Fast Process Corner)
  Data Path Delay:        1.980ns  (logic 0.254ns (12.833%)  route 1.726ns (87.167%))
  Logic Levels:           3  (IBUF=1 LUT5=1 LUT6=1)
  Clock Path Skew:        1.895ns (DCD - SCD - CPR)
    Destination Clock Delay (DCD):    1.895ns
    Source Clock Delay      (SCD):    0.000ns
    Clock Pessimism Removal (CPR):    -0.000ns
  Timing Exception:       False Path

    Location             Delay type                Incr(ns)  Path(ns)    Netlist Resource(s)
  -------------------------------------------------------------------    -------------------
    U16                                               0.000     0.000 r  rstn (IN)
                         net (fo=0)                   0.000     0.000    rstn
    U16                  IBUF (Prop_ibuf_I_O)         0.164     0.164 r  rstn_IBUF_inst/O
                         net (fo=38, routed)          1.341     1.505    u_cpu/dut_pc/rstn_IBUF
    SLICE_X29Y19         LUT5 (Prop_lut5_I4_O)        0.045     1.550 f  u_cpu/dut_pc/refill_word_q[1]_i_3/O
                         net (fo=161, routed)         0.314     1.864    u_l1_icache/refill_word_q_reg[1]_3
    SLICE_X28Y20         LUT6 (Prop_lut6_I5_O)        0.045     1.909 r  u_l1_icache/data_array[29][3][31]_i_1/O
                         net (fo=32, routed)          0.071     1.980    u_l1_icache/data_array[29][3][31]_i_1_n_0
    SLICE_X28Y20         FDRE                                         r  u_l1_icache/data_array_reg[29][3][6]/CE
  -------------------------------------------------------------------    -------------------

                         (clock CLK rise edge)        0.000     0.000 r  
    M18                                               0.000     0.000 r  clk (IN)
                         net (fo=0)                   0.000     0.000    clk
    M18                  IBUF (Prop_ibuf_I_O)         0.356     0.356 r  clk_IBUF_inst/O
                         net (fo=1, routed)           0.689     1.044    clk_IBUF
    BUFGCTRL_X0Y0        BUFG (Prop_bufg_I_O)         0.029     1.073 r  clk_IBUF_BUFG_inst/O
                         net (fo=11160, routed)       0.822     1.895    u_l1_icache/clk_IBUF_BUFG
    SLICE_X28Y20         FDRE                                         r  u_l1_icache/data_array_reg[29][3][6]/C

Slack:                    inf
  Source:                 rstn
                            (input port)
  Destination:            u_l1_icache/data_array_reg[2][1][6]/CE
                            (rising edge-triggered cell FDRE clocked by CLK  {rise@0.000ns fall@2.500ns period=5.000ns})
  Path Group:             (none)
  Path Type:              Hold (Min at Fast Process Corner)
  Data Path Delay:        1.990ns  (logic 0.254ns (12.768%)  route 1.736ns (87.232%))
  Logic Levels:           3  (IBUF=1 LUT5=1 LUT6=1)
  Clock Path Skew:        1.896ns (DCD - SCD - CPR)
    Destination Clock Delay (DCD):    1.896ns
    Source Clock Delay      (SCD):    0.000ns
    Clock Pessimism Removal (CPR):    -0.000ns
  Timing Exception:       False Path

    Location             Delay type                Incr(ns)  Path(ns)    Netlist Resource(s)
  -------------------------------------------------------------------    -------------------
    U16                                               0.000     0.000 r  rstn (IN)
                         net (fo=0)                   0.000     0.000    rstn
    U16                  IBUF (Prop_ibuf_I_O)         0.164     0.164 r  rstn_IBUF_inst/O
                         net (fo=38, routed)          1.341     1.505    u_cpu/dut_pc/rstn_IBUF
    SLICE_X29Y19         LUT5 (Prop_lut5_I4_O)        0.045     1.550 f  u_cpu/dut_pc/refill_word_q[1]_i_3/O
                         net (fo=161, routed)         0.194     1.744    u_l1_icache/refill_word_q_reg[1]_3
    SLICE_X29Y19         LUT6 (Prop_lut6_I4_O)        0.045     1.789 r  u_l1_icache/data_array[2][1][31]_i_1/O
                         net (fo=32, routed)          0.201     1.990    u_l1_icache/data_array[2][1][31]_i_1_n_0
    SLICE_X30Y18         FDRE                                         r  u_l1_icache/data_array_reg[2][1][6]/CE
  -------------------------------------------------------------------    -------------------

                         (clock CLK rise edge)        0.000     0.000 r  
    M18                                               0.000     0.000 r  clk (IN)
                         net (fo=0)                   0.000     0.000    clk
    M18                  IBUF (Prop_ibuf_I_O)         0.356     0.356 r  clk_IBUF_inst/O
                         net (fo=1, routed)           0.689     1.044    clk_IBUF
    BUFGCTRL_X0Y0        BUFG (Prop_bufg_I_O)         0.029     1.073 r  clk_IBUF_BUFG_inst/O
                         net (fo=11160, routed)       0.823     1.896    u_l1_icache/clk_IBUF_BUFG
    SLICE_X30Y18         FDRE                                         r  u_l1_icache/data_array_reg[2][1][6]/C





--------------------------------------------------------------------------------------
Path Group:  (none)
From Clock:  CLK
  To Clock:  

Max Delay             3 Endpoints
Min Delay             3 Endpoints
--------------------------------------------------------------------------------------


Max Delay Paths
--------------------------------------------------------------------------------------
Slack:                    inf
  Source:                 u_cpu/dut_pc/pc_reg[5]/C
                            (rising edge-triggered cell FDRE clocked by CLK  {rise@0.000ns fall@2.500ns period=5.000ns})
  Destination:            cpu_stall_debug
                            (output port)
  Path Group:             (none)
  Path Type:              Max at Slow Process Corner
  Data Path Delay:        19.104ns  (logic 5.525ns (28.919%)  route 13.579ns (71.081%))
  Logic Levels:           15  (CARRY4=2 LUT2=1 LUT4=2 LUT5=3 LUT6=5 OBUF=1 RAMD32=1)
  Clock Uncertainty:      0.325ns  ((TSJ^2 + TIJ^2)^1/2 + DJ) / 2 + PE + UU
    Total System Jitter     (TSJ):    0.050ns
    Total Input Jitter      (TIJ):    0.000ns
    Discrete Jitter          (DJ):    0.000ns
    Phase Error              (PE):    0.000ns
    User Uncertainty         (UU):    0.300ns

    Location             Delay type                Incr(ns)  Path(ns)    Netlist Resource(s)
  -------------------------------------------------------------------    -------------------
                         (clock CLK rise edge)        0.000     0.000 r  
    M18                                               0.000     0.000 r  clk (IN)
                         net (fo=0)                   0.000     0.000    clk
    M18                  IBUF (Prop_ibuf_I_O)         0.938     0.938 r  clk_IBUF_inst/O
                         net (fo=1, routed)           1.972     2.910    clk_IBUF
    BUFGCTRL_X0Y0        BUFG (Prop_bufg_I_O)         0.096     3.006 r  clk_IBUF_BUFG_inst/O
                         net (fo=11160, routed)       1.550     4.556    u_cpu/dut_pc/clk_IBUF_BUFG
    SLICE_X35Y28         FDRE                                         r  u_cpu/dut_pc/pc_reg[5]/C
  -------------------------------------------------------------------    -------------------
    SLICE_X35Y28         FDRE (Prop_fdre_C_Q)         0.456     5.012 r  u_cpu/dut_pc/pc_reg[5]/Q
                         net (fo=95, routed)          1.361     6.373    u_l1_icache/tag_array_reg_0_31_6_11/ADDRA1
    SLICE_X38Y27         RAMD32 (Prop_ramd32_RADR1_O)
                                                      0.146     6.519 r  u_l1_icache/tag_array_reg_0_31_6_11/RAMA/O
                         net (fo=1, routed)           1.263     7.783    u_l1_icache/lookup_hit1_0[6]
    SLICE_X34Y27         LUT6 (Prop_lut6_I0_O)        0.328     8.111 r  u_l1_icache/cpu_stall_debug_OBUF_inst_i_31/O
                         net (fo=1, routed)           0.000     8.111    u_l1_icache/cpu_stall_debug_OBUF_inst_i_31_n_0
    SLICE_X34Y27         CARRY4 (Prop_carry4_S[2]_CO[3])
                                                      0.380     8.491 r  u_l1_icache/cpu_stall_debug_OBUF_inst_i_21/CO[3]
                         net (fo=1, routed)           0.000     8.491    u_l1_icache/cpu_stall_debug_OBUF_inst_i_21_n_0
    SLICE_X34Y28         CARRY4 (Prop_carry4_CI_CO[3])
                                                      0.117     8.608 f  u_l1_icache/cpu_stall_debug_OBUF_inst_i_7/CO[3]
                         net (fo=5, routed)           0.915     9.522    u_l1_icache/CO[0]
    SLICE_X35Y28         LUT6 (Prop_lut6_I0_O)        0.124     9.646 f  u_l1_icache/instruction_hold_q[4]_i_3/O
                         net (fo=5, routed)           0.442    10.088    u_l1_icache/pc_reg[8]_rep__0
    SLICE_X35Y30         LUT5 (Prop_lut5_I4_O)        0.124    10.212 r  u_l1_icache/instruction_hold_q[1]_i_1/O
                         net (fo=2, routed)           0.679    10.891    u_cpu/dut_pc/instr_debug_reg[31]_0[1]
    SLICE_X30Y30         LUT6 (Prop_lut6_I0_O)        0.124    11.015 f  u_cpu/dut_pc/regwrite_debug_i_3/O
                         net (fo=14, routed)          1.201    12.216    u_cpu/dut_pc/regwrite_debug_i_3_n_0
    SLICE_X30Y39         LUT2 (Prop_lut2_I1_O)        0.157    12.373 r  u_cpu/dut_pc/FSM_onehot_current_state[4]_i_5/O
                         net (fo=3, routed)           0.350    12.723    u_cpu/dut_pc/FSM_onehot_current_state[4]_i_5_n_0
    SLICE_X34Y39         LUT4 (Prop_lut4_I2_O)        0.355    13.078 r  u_cpu/dut_pc/cpu_stall_debug_OBUF_inst_i_18/O
                         net (fo=5, routed)           0.540    13.619    u_cpu/dut_pc/mem_read
    SLICE_X35Y39         LUT5 (Prop_lut5_I1_O)        0.124    13.743 r  u_cpu/dut_pc/FSM_onehot_current_state[4]_i_2/O
                         net (fo=75, routed)          0.567    14.310    u_cpu/dut_pc/u_cpu_axi_arbiter/select_data__0
    SLICE_X34Y39         LUT4 (Prop_lut4_I1_O)        0.124    14.434 r  u_cpu/dut_pc/FSM_onehot_current_state[4]_i_4/O
                         net (fo=5, routed)           0.588    15.022    u_cpu/dut_pc/axi_req_read
    SLICE_X33Y40         LUT5 (Prop_lut5_I2_O)        0.124    15.146 r  u_cpu/dut_pc/FSM_sequential_owner_q[1]_i_2/O
                         net (fo=11, routed)          0.484    15.630    u_cpu/dut_pc/FSM_onehot_current_state_reg[0]
    SLICE_X34Y39         LUT6 (Prop_lut6_I4_O)        0.124    15.754 r  u_cpu/dut_pc/cpu_stall_debug_OBUF_inst_i_5/O
                         net (fo=3, routed)           1.527    17.281    u_cpu/dut_pc/cpu_mem_stall
    SLICE_X35Y36         LUT6 (Prop_lut6_I5_O)        0.124    17.405 r  u_cpu/dut_pc/cpu_stall_debug_OBUF_inst_i_1/O
                         net (fo=1, routed)           3.661    21.066    cpu_stall_debug_OBUF
    V14                  OBUF (Prop_obuf_I_O)         2.594    23.660 r  cpu_stall_debug_OBUF_inst/O
                         net (fo=0)                   0.000    23.660    cpu_stall_debug
    V14                                                               r  cpu_stall_debug (OUT)
  -------------------------------------------------------------------    -------------------

Slack:                    inf
  Source:                 u_uart_slave/u_uart_core/uart_tx_inst/bit_cnt_reg[1]/C
                            (rising edge-triggered cell FDRE clocked by CLK  {rise@0.000ns fall@2.500ns period=5.000ns})
  Destination:            uart_tx_o
                            (output port)
  Path Group:             (none)
  Path Type:              Max at Slow Process Corner
  Data Path Delay:        8.652ns  (logic 3.688ns (42.629%)  route 4.963ns (57.371%))
  Logic Levels:           4  (LUT5=1 LUT6=1 MUXF7=1 OBUF=1)
  Clock Uncertainty:      0.325ns  ((TSJ^2 + TIJ^2)^1/2 + DJ) / 2 + PE + UU
    Total System Jitter     (TSJ):    0.050ns
    Total Input Jitter      (TIJ):    0.000ns
    Discrete Jitter          (DJ):    0.000ns
    Phase Error              (PE):    0.000ns
    User Uncertainty         (UU):    0.300ns

    Location             Delay type                Incr(ns)  Path(ns)    Netlist Resource(s)
  -------------------------------------------------------------------    -------------------
                         (clock CLK rise edge)        0.000     0.000 r  
    M18                                               0.000     0.000 r  clk (IN)
                         net (fo=0)                   0.000     0.000    clk
    M18                  IBUF (Prop_ibuf_I_O)         0.938     0.938 r  clk_IBUF_inst/O
                         net (fo=1, routed)           1.972     2.910    clk_IBUF
    BUFGCTRL_X0Y0        BUFG (Prop_bufg_I_O)         0.096     3.006 r  clk_IBUF_BUFG_inst/O
                         net (fo=11160, routed)       1.568     4.574    u_uart_slave/u_uart_core/uart_tx_inst/clk_IBUF_BUFG
    SLICE_X11Y42         FDRE                                         r  u_uart_slave/u_uart_core/uart_tx_inst/bit_cnt_reg[1]/C
  -------------------------------------------------------------------    -------------------
    SLICE_X11Y42         FDRE (Prop_fdre_C_Q)         0.456     5.030 r  u_uart_slave/u_uart_core/uart_tx_inst/bit_cnt_reg[1]/Q
                         net (fo=5, routed)           1.020     6.050    u_uart_slave/u_uart_core/uart_tx_inst/bit_cnt[1]
    SLICE_X10Y42         LUT6 (Prop_lut6_I2_O)        0.124     6.174 r  u_uart_slave/u_uart_core/uart_tx_inst/uart_tx_o_OBUF_inst_i_4/O
                         net (fo=1, routed)           0.000     6.174    u_uart_slave/u_uart_core/uart_tx_inst/uart_tx_o_OBUF_inst_i_4_n_0
    SLICE_X10Y42         MUXF7 (Prop_muxf7_I1_O)      0.214     6.388 r  u_uart_slave/u_uart_core/uart_tx_inst/uart_tx_o_OBUF_inst_i_2/O
                         net (fo=1, routed)           0.661     7.049    u_uart_slave/u_uart_core/uart_tx_inst/uart_tx_o_OBUF_inst_i_2_n_0
    SLICE_X11Y42         LUT5 (Prop_lut5_I2_O)        0.297     7.346 r  u_uart_slave/u_uart_core/uart_tx_inst/uart_tx_o_OBUF_inst_i_1/O
                         net (fo=1, routed)           3.282    10.628    uart_tx_o_OBUF
    V13                  OBUF (Prop_obuf_I_O)         2.597    13.225 r  uart_tx_o_OBUF_inst/O
                         net (fo=0)                   0.000    13.225    uart_tx_o
    V13                                                               r  uart_tx_o (OUT)
  -------------------------------------------------------------------    -------------------

Slack:                    inf
  Source:                 u_aes_slave/done_q_reg/C
                            (rising edge-triggered cell FDRE clocked by CLK  {rise@0.000ns fall@2.500ns period=5.000ns})
  Destination:            aes_done_debug
                            (output port)
  Path Group:             (none)
  Path Type:              Max at Slow Process Corner
  Data Path Delay:        7.644ns  (logic 3.193ns (41.772%)  route 4.451ns (58.228%))
  Logic Levels:           1  (OBUF=1)
  Clock Uncertainty:      0.325ns  ((TSJ^2 + TIJ^2)^1/2 + DJ) / 2 + PE + UU
    Total System Jitter     (TSJ):    0.050ns
    Total Input Jitter      (TIJ):    0.000ns
    Discrete Jitter          (DJ):    0.000ns
    Phase Error              (PE):    0.000ns
    User Uncertainty         (UU):    0.300ns

    Location             Delay type                Incr(ns)  Path(ns)    Netlist Resource(s)
  -------------------------------------------------------------------    -------------------
                         (clock CLK rise edge)        0.000     0.000 r  
    M18                                               0.000     0.000 r  clk (IN)
                         net (fo=0)                   0.000     0.000    clk
    M18                  IBUF (Prop_ibuf_I_O)         0.938     0.938 r  clk_IBUF_inst/O
                         net (fo=1, routed)           1.972     2.910    clk_IBUF
    BUFGCTRL_X0Y0        BUFG (Prop_bufg_I_O)         0.096     3.006 r  clk_IBUF_BUFG_inst/O
                         net (fo=11160, routed)       1.567     4.573    u_aes_slave/clk_IBUF_BUFG
    SLICE_X41Y49         FDRE                                         r  u_aes_slave/done_q_reg/C
  -------------------------------------------------------------------    -------------------
    SLICE_X41Y49         FDRE (Prop_fdre_C_Q)         0.419     4.992 r  u_aes_slave/done_q_reg/Q
                         net (fo=3, routed)           4.451     9.443    aes_done_debug_OBUF
    U14                  OBUF (Prop_obuf_I_O)         2.774    12.217 r  aes_done_debug_OBUF_inst/O
                         net (fo=0)                   0.000    12.217    aes_done_debug
    U14                                                               r  aes_done_debug (OUT)
  -------------------------------------------------------------------    -------------------





Min Delay Paths
--------------------------------------------------------------------------------------
Slack:                    inf
  Source:                 u_uart_slave/u_uart_core/uart_tx_inst/FSM_sequential_current_state_reg[2]/C
                            (rising edge-triggered cell FDRE clocked by CLK  {rise@0.000ns fall@2.500ns period=5.000ns})
  Destination:            uart_tx_o
                            (output port)
  Path Group:             (none)
  Path Type:              Min at Fast Process Corner
  Data Path Delay:        2.750ns  (logic 1.341ns (48.762%)  route 1.409ns (51.238%))
  Logic Levels:           2  (LUT5=1 OBUF=1)
  Clock Uncertainty:      0.125ns  ((TSJ^2 + TIJ^2)^1/2 + DJ) / 2 + PE + UU
    Total System Jitter     (TSJ):    0.050ns
    Total Input Jitter      (TIJ):    0.000ns
    Discrete Jitter          (DJ):    0.000ns
    Phase Error              (PE):    0.000ns
    User Uncertainty         (UU):    0.100ns

    Location             Delay type                Incr(ns)  Path(ns)    Netlist Resource(s)
  -------------------------------------------------------------------    -------------------
                         (clock CLK rise edge)        0.000     0.000 r  
    M18                                               0.000     0.000 r  clk (IN)
                         net (fo=0)                   0.000     0.000    clk
    M18                  IBUF (Prop_ibuf_I_O)         0.167     0.167 r  clk_IBUF_inst/O
                         net (fo=1, routed)           0.634     0.801    clk_IBUF
    BUFGCTRL_X0Y0        BUFG (Prop_bufg_I_O)         0.026     0.827 r  clk_IBUF_BUFG_inst/O
                         net (fo=11160, routed)       0.565     1.392    u_uart_slave/u_uart_core/uart_tx_inst/clk_IBUF_BUFG
    SLICE_X13Y42         FDRE                                         r  u_uart_slave/u_uart_core/uart_tx_inst/FSM_sequential_current_state_reg[2]/C
  -------------------------------------------------------------------    -------------------
    SLICE_X13Y42         FDRE (Prop_fdre_C_Q)         0.128     1.520 f  u_uart_slave/u_uart_core/uart_tx_inst/FSM_sequential_current_state_reg[2]/Q
                         net (fo=12, routed)          0.301     1.821    u_uart_slave/u_uart_core/uart_tx_inst/current_state[2]
    SLICE_X11Y42         LUT5 (Prop_lut5_I0_O)        0.099     1.920 r  u_uart_slave/u_uart_core/uart_tx_inst/uart_tx_o_OBUF_inst_i_1/O
                         net (fo=1, routed)           1.108     3.028    uart_tx_o_OBUF
    V13                  OBUF (Prop_obuf_I_O)         1.114     4.142 r  uart_tx_o_OBUF_inst/O
                         net (fo=0)                   0.000     4.142    uart_tx_o
    V13                                                               r  uart_tx_o (OUT)
  -------------------------------------------------------------------    -------------------

Slack:                    inf
  Source:                 u_aes_slave/done_q_reg/C
                            (rising edge-triggered cell FDRE clocked by CLK  {rise@0.000ns fall@2.500ns period=5.000ns})
  Destination:            aes_done_debug
                            (output port)
  Path Group:             (none)
  Path Type:              Min at Fast Process Corner
  Data Path Delay:        2.937ns  (logic 1.298ns (44.199%)  route 1.639ns (55.801%))
  Logic Levels:           1  (OBUF=1)
  Clock Uncertainty:      0.125ns  ((TSJ^2 + TIJ^2)^1/2 + DJ) / 2 + PE + UU
    Total System Jitter     (TSJ):    0.050ns
    Total Input Jitter      (TIJ):    0.000ns
    Discrete Jitter          (DJ):    0.000ns
    Phase Error              (PE):    0.000ns
    User Uncertainty         (UU):    0.100ns

    Location             Delay type                Incr(ns)  Path(ns)    Netlist Resource(s)
  -------------------------------------------------------------------    -------------------
                         (clock CLK rise edge)        0.000     0.000 r  
    M18                                               0.000     0.000 r  clk (IN)
                         net (fo=0)                   0.000     0.000    clk
    M18                  IBUF (Prop_ibuf_I_O)         0.167     0.167 r  clk_IBUF_inst/O
                         net (fo=1, routed)           0.634     0.801    clk_IBUF
    BUFGCTRL_X0Y0        BUFG (Prop_bufg_I_O)         0.026     0.827 r  clk_IBUF_BUFG_inst/O
                         net (fo=11160, routed)       0.564     1.391    u_aes_slave/clk_IBUF_BUFG
    SLICE_X41Y49         FDRE                                         r  u_aes_slave/done_q_reg/C
  -------------------------------------------------------------------    -------------------
    SLICE_X41Y49         FDRE (Prop_fdre_C_Q)         0.128     1.519 r  u_aes_slave/done_q_reg/Q
                         net (fo=3, routed)           1.639     3.158    aes_done_debug_OBUF
    U14                  OBUF (Prop_obuf_I_O)         1.170     4.328 r  aes_done_debug_OBUF_inst/O
                         net (fo=0)                   0.000     4.328    aes_done_debug
    U14                                                               r  aes_done_debug (OUT)
  -------------------------------------------------------------------    -------------------

Slack:                    inf
  Source:                 u_cpu/dut_pc/pc_reg[31]/C
                            (rising edge-triggered cell FDRE clocked by CLK  {rise@0.000ns fall@2.500ns period=5.000ns})
  Destination:            cpu_stall_debug
                            (output port)
  Path Group:             (none)
  Path Type:              Min at Fast Process Corner
  Data Path Delay:        3.336ns  (logic 1.387ns (41.567%)  route 1.950ns (58.433%))
  Logic Levels:           4  (LUT4=1 LUT5=1 LUT6=1 OBUF=1)
  Clock Uncertainty:      0.125ns  ((TSJ^2 + TIJ^2)^1/2 + DJ) / 2 + PE + UU
    Total System Jitter     (TSJ):    0.050ns
    Total Input Jitter      (TIJ):    0.000ns
    Discrete Jitter          (DJ):    0.000ns
    Phase Error              (PE):    0.000ns
    User Uncertainty         (UU):    0.100ns

    Location             Delay type                Incr(ns)  Path(ns)    Netlist Resource(s)
  -------------------------------------------------------------------    -------------------
                         (clock CLK rise edge)        0.000     0.000 r  
    M18                                               0.000     0.000 r  clk (IN)
                         net (fo=0)                   0.000     0.000    clk
    M18                  IBUF (Prop_ibuf_I_O)         0.167     0.167 r  clk_IBUF_inst/O
                         net (fo=1, routed)           0.634     0.801    clk_IBUF
    BUFGCTRL_X0Y0        BUFG (Prop_bufg_I_O)         0.026     0.827 r  clk_IBUF_BUFG_inst/O
                         net (fo=11160, routed)       0.558     1.385    u_cpu/dut_pc/clk_IBUF_BUFG
    SLICE_X33Y33         FDRE                                         r  u_cpu/dut_pc/pc_reg[31]/C
  -------------------------------------------------------------------    -------------------
    SLICE_X33Y33         FDRE (Prop_fdre_C_Q)         0.141     1.526 r  u_cpu/dut_pc/pc_reg[31]/Q
                         net (fo=7, routed)           0.155     1.681    u_cpu/dut_pc/Q[31]
    SLICE_X33Y34         LUT4 (Prop_lut4_I2_O)        0.045     1.726 r  u_cpu/dut_pc/cpu_stall_debug_OBUF_inst_i_16/O
                         net (fo=2, routed)           0.174     1.899    u_cpu/dut_pc/cpu_stall_debug_OBUF_inst_i_16_n_0
    SLICE_X33Y31         LUT5 (Prop_lut5_I3_O)        0.045     1.944 f  u_cpu/dut_pc/cpu_stall_debug_OBUF_inst_i_4/O
                         net (fo=16, routed)          0.310     2.254    u_cpu/dut_pc/pc_reg[19]_0
    SLICE_X35Y36         LUT6 (Prop_lut6_I2_O)        0.045     2.299 r  u_cpu/dut_pc/cpu_stall_debug_OBUF_inst_i_1/O
                         net (fo=1, routed)           1.311     3.610    cpu_stall_debug_OBUF
    V14                  OBUF (Prop_obuf_I_O)         1.111     4.721 r  cpu_stall_debug_OBUF_inst/O
                         net (fo=0)                   0.000     4.721    cpu_stall_debug
    V14                                                               r  cpu_stall_debug (OUT)
  -------------------------------------------------------------------    -------------------





