Copyright 1986-2022 Xilinx, Inc. All Rights Reserved. Copyright 2022-2025 Advanced Micro Devices, Inc. All Rights Reserved.
----------------------------------------------------------------------------------------------------------------------------------------------------------------------------------------------------------------
| Tool Version : Vivado v.2025.2 (lin64) Build 6299465 Fri Nov 14 12:34:56 MST 2025
| Date         : Thu Sep 10 19:31:19 2026
| Host         : trungp1412 running 64-bit Red Hat Enterprise Linux 10.2 (Coughlan)"
RELEASE_TYPE=stable
| Command      : report_timing_summary -delay_type min_max -max_paths 20 -report_unconstrained -file /home/trungpham/PROJECT/KLTN/vivado_fmax_arty_a7_100t_icache_invalidate_20ns/post_route_timing_summary.rpt
| Design       : soc_top
| Device       : 7a100t-csg324
| Speed File   : -1  PRODUCTION 1.23 2018-06-13
| Design State : Routed
----------------------------------------------------------------------------------------------------------------------------------------------------------------------------------------------------------------

Timing Summary Report

------------------------------------------------------------------------------------------------
| Timer Settings
| --------------
------------------------------------------------------------------------------------------------

  Enable Multi Corner Analysis               :  Yes
  Enable Pessimism Removal                   :  Yes
  Pessimism Removal Resolution               :  Nearest Common Node
  Enable Input Delay Default Clock           :  No
  Enable Preset / Clear Arcs                 :  No
  Disable Flight Delays                      :  No
  Ignore I/O Paths                           :  No
  Timing Early Launch at Borrowing Latches   :  No
  Borrow Time for Max Delay Exceptions       :  Yes
  Merge Timing Exceptions                    :  Yes
  Inter-SLR Compensation                     :  Conservative

  Corner  Analyze    Analyze    
  Name    Max Paths  Min Paths  
  ------  ---------  ---------  
  Slow    Yes        Yes        
  Fast    Yes        Yes        


------------------------------------------------------------------------------------------------
| Report Methodology
| ------------------
------------------------------------------------------------------------------------------------

No report available as report_methodology has not been run prior. Run report_methodology on the current design for the summary of methodology violations.



check_timing report

Table of Contents
-----------------
1. checking no_clock (0)
2. checking constant_clock (0)
3. checking pulse_width_clock (0)
4. checking unconstrained_internal_endpoints (0)
5. checking no_input_delay (2)
6. checking no_output_delay (3)
7. checking multiple_clock (0)
8. checking generated_clocks (0)
9. checking loops (0)
10. checking partial_input_delay (0)
11. checking partial_output_delay (0)
12. checking latch_loops (0)

1. checking no_clock (0)
------------------------
 There are 0 register/latch pins with no clock.


2. checking constant_clock (0)
------------------------------
 There are 0 register/latch pins with constant_clock.


3. checking pulse_width_clock (0)
---------------------------------
 There are 0 register/latch pins which need pulse_width check


4. checking unconstrained_internal_endpoints (0)
------------------------------------------------
 There are 0 pins that are not constrained for maximum delay.

 There are 0 pins that are not constrained for maximum delay due to constant clock.


5. checking no_input_delay (2)
------------------------------
 There are 0 input ports with no input delay specified.

 There are 2 input ports with no input delay but user has a false path constraint. (MEDIUM)


6. checking no_output_delay (3)
-------------------------------
 There are 3 ports with no output delay specified. (HIGH)

 There are 0 ports with no output delay but user has a false path constraint

 There are 0 ports with no output delay but with a timing clock defined on it or propagating through it


7. checking multiple_clock (0)
------------------------------
 There are 0 register/latch pins with multiple clocks.


8. checking generated_clocks (0)
--------------------------------
 There are 0 generated clocks that are not connected to a clock source.


9. checking loops (0)
---------------------
 There are 0 combinational loops in the design.


10. checking partial_input_delay (0)
------------------------------------
 There are 0 input ports with partial input delay specified.


11. checking partial_output_delay (0)
-------------------------------------
 There are 0 ports with partial output delay specified.


12. checking latch_loops (0)
----------------------------
 There are 0 combinational latch loops in the design through latch input



------------------------------------------------------------------------------------------------
| Design Timing Summary
| ---------------------
------------------------------------------------------------------------------------------------

    WNS(ns)      TNS(ns)  TNS Failing Endpoints  TNS Total Endpoints      WHS(ns)      THS(ns)  THS Failing Endpoints  THS Total Endpoints     WPWS(ns)     TPWS(ns)  TPWS Failing Endpoints  TPWS Total Endpoints  
    -------      -------  ---------------------  -------------------      -------      -------  ---------------------  -------------------     --------     --------  ----------------------  --------------------  
     -0.040       -0.040                      1                19339        0.035        0.000                      0                19339        8.750        0.000                       0                 11157  


Timing constraints are not met.


------------------------------------------------------------------------------------------------
| Clock Summary
| -------------
------------------------------------------------------------------------------------------------

Clock  Waveform(ns)       Period(ns)      Frequency(MHz)
-----  ------------       ----------      --------------
CLK    {0.000 10.000}     20.000          50.000          


------------------------------------------------------------------------------------------------
| Intra Clock Table
| -----------------
------------------------------------------------------------------------------------------------

Clock             WNS(ns)      TNS(ns)  TNS Failing Endpoints  TNS Total Endpoints      WHS(ns)      THS(ns)  THS Failing Endpoints  THS Total Endpoints     WPWS(ns)     TPWS(ns)  TPWS Failing Endpoints  TPWS Total Endpoints  
-----             -------      -------  ---------------------  -------------------      -------      -------  ---------------------  -------------------     --------     --------  ----------------------  --------------------  
CLK                -0.040       -0.040                      1                19339        0.035        0.000                      0                19339        8.750        0.000                       0                 11157  


------------------------------------------------------------------------------------------------
| Inter Clock Table
| -----------------
------------------------------------------------------------------------------------------------

From Clock    To Clock          WNS(ns)      TNS(ns)  TNS Failing Endpoints  TNS Total Endpoints      WHS(ns)      THS(ns)  THS Failing Endpoints  THS Total Endpoints  
----------    --------          -------      -------  ---------------------  -------------------      -------      -------  ---------------------  -------------------  


------------------------------------------------------------------------------------------------
| Other Path Groups Table
| -----------------------
------------------------------------------------------------------------------------------------

Path Group    From Clock    To Clock          WNS(ns)      TNS(ns)  TNS Failing Endpoints  TNS Total Endpoints      WHS(ns)      THS(ns)  THS Failing Endpoints  THS Total Endpoints  
----------    ----------    --------          -------      -------  ---------------------  -------------------      -------      -------  ---------------------  -------------------  


------------------------------------------------------------------------------------------------
| User Ignored Path Table
| -----------------------
------------------------------------------------------------------------------------------------

Path Group    From Clock    To Clock    
----------    ----------    --------    
(none)                                    
(none)                      CLK           


------------------------------------------------------------------------------------------------
| Unconstrained Path Table
| ------------------------
------------------------------------------------------------------------------------------------

Path Group    From Clock    To Clock    
----------    ----------    --------    
(none)        CLK                         


------------------------------------------------------------------------------------------------
| Timing Details
| --------------
------------------------------------------------------------------------------------------------


---------------------------------------------------------------------------------------------------
From Clock:  CLK
  To Clock:  CLK

Setup :            1  Failing Endpoint ,  Worst Slack       -0.040ns,  Total Violation       -0.040ns
Hold  :            0  Failing Endpoints,  Worst Slack        0.035ns,  Total Violation        0.000ns
PW    :            0  Failing Endpoints,  Worst Slack        8.750ns,  Total Violation        0.000ns
---------------------------------------------------------------------------------------------------


Max Delay Paths
--------------------------------------------------------------------------------------
Slack (VIOLATED) :        -0.040ns  (required time - arrival time)
  Source:                 u_cpu/dut_pc/pc_reg[5]_rep__1/C
                            (rising edge-triggered cell FDRE clocked by CLK  {rise@0.000ns fall@10.000ns period=20.000ns})
  Destination:            u_cpu/dut_pc/pc_reg[6]_rep__3/D
                            (rising edge-triggered cell FDRE clocked by CLK  {rise@0.000ns fall@10.000ns period=20.000ns})
  Path Group:             CLK
  Path Type:              Setup (Max at Slow Process Corner)
  Requirement:            20.000ns  (CLK rise@20.000ns - CLK rise@0.000ns)
  Data Path Delay:        19.599ns  (logic 4.387ns (22.384%)  route 15.212ns (77.616%))
  Logic Levels:           23  (CARRY4=6 LUT2=1 LUT4=3 LUT6=12 MUXF7=1)
  Clock Path Skew:        -0.047ns (DCD - SCD + CPR)
    Destination Clock Delay (DCD):    4.493ns = ( 24.493 - 20.000 ) 
    Source Clock Delay      (SCD):    4.872ns
    Clock Pessimism Removal (CPR):    0.331ns
  Clock Uncertainty:      0.335ns  ((TSJ^2 + TIJ^2)^1/2 + DJ) / 2 + PE + UU
    Total System Jitter     (TSJ):    0.071ns
    Total Input Jitter      (TIJ):    0.000ns
    Discrete Jitter          (DJ):    0.000ns
    Phase Error              (PE):    0.000ns
    User Uncertainty         (UU):    0.300ns

    Location             Delay type                Incr(ns)  Path(ns)    Netlist Resource(s)
  -------------------------------------------------------------------    -------------------
                         (clock CLK rise edge)        0.000     0.000 r  
    N15                                               0.000     0.000 r  clk (IN)
                         net (fo=0)                   0.000     0.000    clk
    N15                  IBUF (Prop_ibuf_I_O)         0.948     0.948 r  clk_IBUF_inst/O
                         net (fo=1, routed)           2.016     2.963    clk_IBUF
    BUFGCTRL_X0Y0        BUFG (Prop_bufg_I_O)         0.096     3.059 r  clk_IBUF_BUFG_inst/O
                         net (fo=11156, routed)       1.812     4.872    u_cpu/dut_pc/clk_IBUF_BUFG
    SLICE_X25Y12         FDRE                                         r  u_cpu/dut_pc/pc_reg[5]_rep__1/C
  -------------------------------------------------------------------    -------------------
    SLICE_X25Y12         FDRE (Prop_fdre_C_Q)         0.419     5.291 r  u_cpu/dut_pc/pc_reg[5]_rep__1/Q
                         net (fo=128, routed)         2.403     7.693    u_l1_icache/instruction_hold_q_reg[14]_i_23_0
    SLICE_X64Y22         LUT6 (Prop_lut6_I2_O)        0.299     7.992 f  u_l1_icache/instruction_hold_q[30]_i_56/O
                         net (fo=1, routed)           0.000     7.992    u_l1_icache/instruction_hold_q[30]_i_56_n_0
    SLICE_X64Y22         MUXF7 (Prop_muxf7_I1_O)      0.217     8.209 f  u_l1_icache/instruction_hold_q_reg[30]_i_24/O
                         net (fo=1, routed)           1.246     9.456    u_l1_icache/instruction_hold_q_reg[30]_i_24_n_0
    SLICE_X41Y16         LUT6 (Prop_lut6_I5_O)        0.299     9.755 f  u_l1_icache/instruction_hold_q[30]_i_8/O
                         net (fo=1, routed)           0.855    10.610    u_l1_icache/instruction_hold_q[30]_i_8_n_0
    SLICE_X23Y11         LUT6 (Prop_lut6_I5_O)        0.124    10.734 r  u_l1_icache/instruction_hold_q[30]_i_4/O
                         net (fo=2, routed)           0.277    11.011    u_cpu/dut_pc/instruction_hold_q_reg[30]
    SLICE_X23Y11         LUT6 (Prop_lut6_I3_O)        0.124    11.135 f  u_cpu/dut_pc/instr_debug[30]_i_1/O
                         net (fo=11, routed)          0.924    12.059    u_cpu/dut_pc/funct7
    SLICE_X17Y10         LUT4 (Prop_lut4_I2_O)        0.124    12.183 f  u_cpu/dut_pc/pc_target1_carry_i_15/O
                         net (fo=1, routed)           0.667    12.850    u_cpu/dut_pc/pc_target1_carry_i_15_n_0
    SLICE_X17Y10         LUT6 (Prop_lut6_I4_O)        0.124    12.974 r  u_cpu/dut_pc/pc_target1_carry_i_9/O
                         net (fo=5, routed)           0.778    13.752    u_cpu/dut_pc/pc_target1_carry_i_9_n_0
    SLICE_X15Y10         LUT6 (Prop_lut6_I2_O)        0.124    13.876 r  u_cpu/dut_pc/pc_target1_carry_i_3/O
                         net (fo=5, routed)           0.805    14.681    u_cpu/dut_pc/instruction_hold_valid_q_reg[1]
    SLICE_X6Y10          LUT4 (Prop_lut4_I3_O)        0.124    14.805 r  u_cpu/dut_pc/result0_carry_i_12/O
                         net (fo=114, routed)         1.127    15.932    u_cpu/dut_pc/src_b[1]
    SLICE_X8Y6           LUT2 (Prop_lut2_I1_O)        0.124    16.056 r  u_cpu/dut_pc/result0_carry_i_7/O
                         net (fo=1, routed)           0.000    16.056    u_cpu/dut_alu/S[1]
    SLICE_X8Y6           CARRY4 (Prop_carry4_S[1]_CO[3])
                                                      0.533    16.589 r  u_cpu/dut_alu/result0_carry/CO[3]
                         net (fo=1, routed)           0.000    16.589    u_cpu/dut_alu/result0_carry_n_0
    SLICE_X8Y7           CARRY4 (Prop_carry4_CI_CO[3])
                                                      0.117    16.706 r  u_cpu/dut_alu/result0_carry__0/CO[3]
                         net (fo=1, routed)           0.000    16.706    u_cpu/dut_alu/result0_carry__0_n_0
    SLICE_X8Y8           CARRY4 (Prop_carry4_CI_CO[3])
                                                      0.117    16.823 r  u_cpu/dut_alu/result0_carry__1/CO[3]
                         net (fo=1, routed)           0.000    16.823    u_cpu/dut_alu/result0_carry__1_n_0
    SLICE_X8Y9           CARRY4 (Prop_carry4_CI_CO[3])
                                                      0.117    16.940 r  u_cpu/dut_alu/result0_carry__2/CO[3]
                         net (fo=1, routed)           0.000    16.940    u_cpu/dut_alu/result0_carry__2_n_0
    SLICE_X8Y10          CARRY4 (Prop_carry4_CI_CO[3])
                                                      0.117    17.057 r  u_cpu/dut_alu/result0_carry__3/CO[3]
                         net (fo=1, routed)           0.000    17.057    u_cpu/dut_alu/result0_carry__3_n_0
    SLICE_X8Y11          CARRY4 (Prop_carry4_CI_O[2])
                                                      0.239    17.296 f  u_cpu/dut_alu/result0_carry__4/O[2]
                         net (fo=1, routed)           0.796    18.092    u_cpu/dut_alu/data0[22]
    SLICE_X6Y15          LUT4 (Prop_lut4_I0_O)        0.301    18.393 f  u_cpu/dut_alu/mem_addr_q[22]_i_12/O
                         net (fo=1, routed)           0.666    19.059    u_cpu/dut_pc/mem_addr_q[22]_i_2_0
    SLICE_X6Y15          LUT6 (Prop_lut6_I5_O)        0.124    19.183 f  u_cpu/dut_pc/mem_addr_q[22]_i_6/O
                         net (fo=1, routed)           0.528    19.712    u_cpu/dut_pc/mem_addr_q[22]_i_6_n_0
    SLICE_X11Y15         LUT6 (Prop_lut6_I5_O)        0.124    19.836 f  u_cpu/dut_pc/mem_addr_q[22]_i_2/O
                         net (fo=5, routed)           1.007    20.843    u_cpu/dut_pc/cpu_mem_addr[22]
    SLICE_X14Y14         LUT6 (Prop_lut6_I0_O)        0.124    20.967 r  u_cpu/dut_pc/pc[31]_i_18/O
                         net (fo=1, routed)           0.582    21.548    u_cpu/dut_pc/pc[31]_i_18_n_0
    SLICE_X16Y13         LUT6 (Prop_lut6_I3_O)        0.124    21.672 r  u_cpu/dut_pc/pc[31]_i_10/O
                         net (fo=2, routed)           0.802    22.474    u_cpu/dut_pc/pc[31]_i_10_n_0
    SLICE_X20Y11         LUT6 (Prop_lut6_I0_O)        0.124    22.598 r  u_cpu/dut_pc/pc[31]_i_5/O
                         net (fo=58, routed)          1.098    23.696    u_cpu/dut_pc/pc[31]_i_5_n_0
    SLICE_X40Y11         LUT6 (Prop_lut6_I1_O)        0.124    23.820 r  u_cpu/dut_pc/pc[6]_rep__3_i_1/O
                         net (fo=1, routed)           0.650    24.471    u_cpu/dut_pc/pc[6]_rep__3_i_1_n_0
    SLICE_X40Y11         FDRE                                         r  u_cpu/dut_pc/pc_reg[6]_rep__3/D
  -------------------------------------------------------------------    -------------------

                         (clock CLK rise edge)       20.000    20.000 r  
    N15                                               0.000    20.000 r  clk (IN)
                         net (fo=0)                   0.000    20.000    clk
    N15                  IBUF (Prop_ibuf_I_O)         0.814    20.814 r  clk_IBUF_inst/O
                         net (fo=1, routed)           1.911    22.725    clk_IBUF
    BUFGCTRL_X0Y0        BUFG (Prop_bufg_I_O)         0.091    22.816 r  clk_IBUF_BUFG_inst/O
                         net (fo=11156, routed)       1.677    24.493    u_cpu/dut_pc/clk_IBUF_BUFG
    SLICE_X40Y11         FDRE                                         r  u_cpu/dut_pc/pc_reg[6]_rep__3/C
                         clock pessimism              0.331    24.825    
                         clock uncertainty           -0.335    24.489    
    SLICE_X40Y11         FDRE (Setup_fdre_C_D)       -0.058    24.431    u_cpu/dut_pc/pc_reg[6]_rep__3
  -------------------------------------------------------------------
                         required time                         24.431    
                         arrival time                         -24.471    
  -------------------------------------------------------------------
                         slack                                 -0.040    

Slack (MET) :             0.072ns  (required time - arrival time)
  Source:                 u_cpu/dut_pc/pc_reg[5]_rep__1/C
                            (rising edge-triggered cell FDRE clocked by CLK  {rise@0.000ns fall@10.000ns period=20.000ns})
  Destination:            u_cpu/dut_pc/pc_reg[4]_rep__4/D
                            (rising edge-triggered cell FDRE clocked by CLK  {rise@0.000ns fall@10.000ns period=20.000ns})
  Path Group:             CLK
  Path Type:              Setup (Max at Slow Process Corner)
  Requirement:            20.000ns  (CLK rise@20.000ns - CLK rise@0.000ns)
  Data Path Delay:        19.466ns  (logic 4.387ns (22.537%)  route 15.079ns (77.463%))
  Logic Levels:           23  (CARRY4=6 LUT2=1 LUT4=3 LUT6=12 MUXF7=1)
  Clock Path Skew:        -0.046ns (DCD - SCD + CPR)
    Destination Clock Delay (DCD):    4.494ns = ( 24.494 - 20.000 ) 
    Source Clock Delay      (SCD):    4.872ns
    Clock Pessimism Removal (CPR):    0.331ns
  Clock Uncertainty:      0.335ns  ((TSJ^2 + TIJ^2)^1/2 + DJ) / 2 + PE + UU
    Total System Jitter     (TSJ):    0.071ns
    Total Input Jitter      (TIJ):    0.000ns
    Discrete Jitter          (DJ):    0.000ns
    Phase Error              (PE):    0.000ns
    User Uncertainty         (UU):    0.300ns

    Location             Delay type                Incr(ns)  Path(ns)    Netlist Resource(s)
  -------------------------------------------------------------------    -------------------
                         (clock CLK rise edge)        0.000     0.000 r  
    N15                                               0.000     0.000 r  clk (IN)
                         net (fo=0)                   0.000     0.000    clk
    N15                  IBUF (Prop_ibuf_I_O)         0.948     0.948 r  clk_IBUF_inst/O
                         net (fo=1, routed)           2.016     2.963    clk_IBUF
    BUFGCTRL_X0Y0        BUFG (Prop_bufg_I_O)         0.096     3.059 r  clk_IBUF_BUFG_inst/O
                         net (fo=11156, routed)       1.812     4.872    u_cpu/dut_pc/clk_IBUF_BUFG
    SLICE_X25Y12         FDRE                                         r  u_cpu/dut_pc/pc_reg[5]_rep__1/C
  -------------------------------------------------------------------    -------------------
    SLICE_X25Y12         FDRE (Prop_fdre_C_Q)         0.419     5.291 r  u_cpu/dut_pc/pc_reg[5]_rep__1/Q
                         net (fo=128, routed)         2.403     7.693    u_l1_icache/instruction_hold_q_reg[14]_i_23_0
    SLICE_X64Y22         LUT6 (Prop_lut6_I2_O)        0.299     7.992 f  u_l1_icache/instruction_hold_q[30]_i_56/O
                         net (fo=1, routed)           0.000     7.992    u_l1_icache/instruction_hold_q[30]_i_56_n_0
    SLICE_X64Y22         MUXF7 (Prop_muxf7_I1_O)      0.217     8.209 f  u_l1_icache/instruction_hold_q_reg[30]_i_24/O
                         net (fo=1, routed)           1.246     9.456    u_l1_icache/instruction_hold_q_reg[30]_i_24_n_0
    SLICE_X41Y16         LUT6 (Prop_lut6_I5_O)        0.299     9.755 f  u_l1_icache/instruction_hold_q[30]_i_8/O
                         net (fo=1, routed)           0.855    10.610    u_l1_icache/instruction_hold_q[30]_i_8_n_0
    SLICE_X23Y11         LUT6 (Prop_lut6_I5_O)        0.124    10.734 r  u_l1_icache/instruction_hold_q[30]_i_4/O
                         net (fo=2, routed)           0.277    11.011    u_cpu/dut_pc/instruction_hold_q_reg[30]
    SLICE_X23Y11         LUT6 (Prop_lut6_I3_O)        0.124    11.135 f  u_cpu/dut_pc/instr_debug[30]_i_1/O
                         net (fo=11, routed)          0.924    12.059    u_cpu/dut_pc/funct7
    SLICE_X17Y10         LUT4 (Prop_lut4_I2_O)        0.124    12.183 f  u_cpu/dut_pc/pc_target1_carry_i_15/O
                         net (fo=1, routed)           0.667    12.850    u_cpu/dut_pc/pc_target1_carry_i_15_n_0
    SLICE_X17Y10         LUT6 (Prop_lut6_I4_O)        0.124    12.974 r  u_cpu/dut_pc/pc_target1_carry_i_9/O
                         net (fo=5, routed)           0.778    13.752    u_cpu/dut_pc/pc_target1_carry_i_9_n_0
    SLICE_X15Y10         LUT6 (Prop_lut6_I2_O)        0.124    13.876 r  u_cpu/dut_pc/pc_target1_carry_i_3/O
                         net (fo=5, routed)           0.805    14.681    u_cpu/dut_pc/instruction_hold_valid_q_reg[1]
    SLICE_X6Y10          LUT4 (Prop_lut4_I3_O)        0.124    14.805 r  u_cpu/dut_pc/result0_carry_i_12/O
                         net (fo=114, routed)         1.127    15.932    u_cpu/dut_pc/src_b[1]
    SLICE_X8Y6           LUT2 (Prop_lut2_I1_O)        0.124    16.056 r  u_cpu/dut_pc/result0_carry_i_7/O
                         net (fo=1, routed)           0.000    16.056    u_cpu/dut_alu/S[1]
    SLICE_X8Y6           CARRY4 (Prop_carry4_S[1]_CO[3])
                                                      0.533    16.589 r  u_cpu/dut_alu/result0_carry/CO[3]
                         net (fo=1, routed)           0.000    16.589    u_cpu/dut_alu/result0_carry_n_0
    SLICE_X8Y7           CARRY4 (Prop_carry4_CI_CO[3])
                                                      0.117    16.706 r  u_cpu/dut_alu/result0_carry__0/CO[3]
                         net (fo=1, routed)           0.000    16.706    u_cpu/dut_alu/result0_carry__0_n_0
    SLICE_X8Y8           CARRY4 (Prop_carry4_CI_CO[3])
                                                      0.117    16.823 r  u_cpu/dut_alu/result0_carry__1/CO[3]
                         net (fo=1, routed)           0.000    16.823    u_cpu/dut_alu/result0_carry__1_n_0
    SLICE_X8Y9           CARRY4 (Prop_carry4_CI_CO[3])
                                                      0.117    16.940 r  u_cpu/dut_alu/result0_carry__2/CO[3]
                         net (fo=1, routed)           0.000    16.940    u_cpu/dut_alu/result0_carry__2_n_0
    SLICE_X8Y10          CARRY4 (Prop_carry4_CI_CO[3])
                                                      0.117    17.057 r  u_cpu/dut_alu/result0_carry__3/CO[3]
                         net (fo=1, routed)           0.000    17.057    u_cpu/dut_alu/result0_carry__3_n_0
    SLICE_X8Y11          CARRY4 (Prop_carry4_CI_O[2])
                                                      0.239    17.296 f  u_cpu/dut_alu/result0_carry__4/O[2]
                         net (fo=1, routed)           0.796    18.092    u_cpu/dut_alu/data0[22]
    SLICE_X6Y15          LUT4 (Prop_lut4_I0_O)        0.301    18.393 f  u_cpu/dut_alu/mem_addr_q[22]_i_12/O
                         net (fo=1, routed)           0.666    19.059    u_cpu/dut_pc/mem_addr_q[22]_i_2_0
    SLICE_X6Y15          LUT6 (Prop_lut6_I5_O)        0.124    19.183 f  u_cpu/dut_pc/mem_addr_q[22]_i_6/O
                         net (fo=1, routed)           0.528    19.712    u_cpu/dut_pc/mem_addr_q[22]_i_6_n_0
    SLICE_X11Y15         LUT6 (Prop_lut6_I5_O)        0.124    19.836 f  u_cpu/dut_pc/mem_addr_q[22]_i_2/O
                         net (fo=5, routed)           1.007    20.843    u_cpu/dut_pc/cpu_mem_addr[22]
    SLICE_X14Y14         LUT6 (Prop_lut6_I0_O)        0.124    20.967 r  u_cpu/dut_pc/pc[31]_i_18/O
                         net (fo=1, routed)           0.582    21.548    u_cpu/dut_pc/pc[31]_i_18_n_0
    SLICE_X16Y13         LUT6 (Prop_lut6_I3_O)        0.124    21.672 r  u_cpu/dut_pc/pc[31]_i_10/O
                         net (fo=2, routed)           0.802    22.474    u_cpu/dut_pc/pc[31]_i_10_n_0
    SLICE_X20Y11         LUT6 (Prop_lut6_I0_O)        0.124    22.598 r  u_cpu/dut_pc/pc[31]_i_5/O
                         net (fo=58, routed)          1.004    23.603    u_cpu/dut_pc/pc[31]_i_5_n_0
    SLICE_X32Y12         LUT6 (Prop_lut6_I1_O)        0.124    23.727 r  u_cpu/dut_pc/pc[4]_rep__4_i_1/O
                         net (fo=1, routed)           0.611    24.338    u_cpu/dut_pc/pc[4]_rep__4_i_1_n_0
    SLICE_X32Y14         FDRE                                         r  u_cpu/dut_pc/pc_reg[4]_rep__4/D
  -------------------------------------------------------------------    -------------------

                         (clock CLK rise edge)       20.000    20.000 r  
    N15                                               0.000    20.000 r  clk (IN)
                         net (fo=0)                   0.000    20.000    clk
    N15                  IBUF (Prop_ibuf_I_O)         0.814    20.814 r  clk_IBUF_inst/O
                         net (fo=1, routed)           1.911    22.725    clk_IBUF
    BUFGCTRL_X0Y0        BUFG (Prop_bufg_I_O)         0.091    22.816 r  clk_IBUF_BUFG_inst/O
                         net (fo=11156, routed)       1.678    24.494    u_cpu/dut_pc/clk_IBUF_BUFG
    SLICE_X32Y14         FDRE                                         r  u_cpu/dut_pc/pc_reg[4]_rep__4/C
                         clock pessimism              0.331    24.826    
                         clock uncertainty           -0.335    24.490    
    SLICE_X32Y14         FDRE (Setup_fdre_C_D)       -0.081    24.409    u_cpu/dut_pc/pc_reg[4]_rep__4
  -------------------------------------------------------------------
                         required time                         24.409    
                         arrival time                         -24.338    
  -------------------------------------------------------------------
                         slack                                  0.072    

Slack (MET) :             0.086ns  (required time - arrival time)
  Source:                 u_cpu/dut_pc/pc_reg[5]_rep__1/C
                            (rising edge-triggered cell FDRE clocked by CLK  {rise@0.000ns fall@10.000ns period=20.000ns})
  Destination:            u_cpu/dut_pc/pc_reg[6]_rep__0/D
                            (rising edge-triggered cell FDRE clocked by CLK  {rise@0.000ns fall@10.000ns period=20.000ns})
  Path Group:             CLK
  Path Type:              Setup (Max at Slow Process Corner)
  Requirement:            20.000ns  (CLK rise@20.000ns - CLK rise@0.000ns)
  Data Path Delay:        19.472ns  (logic 4.387ns (22.530%)  route 15.085ns (77.470%))
  Logic Levels:           23  (CARRY4=6 LUT2=1 LUT4=3 LUT6=12 MUXF7=1)
  Clock Path Skew:        -0.046ns (DCD - SCD + CPR)
    Destination Clock Delay (DCD):    4.494ns = ( 24.494 - 20.000 ) 
    Source Clock Delay      (SCD):    4.872ns
    Clock Pessimism Removal (CPR):    0.331ns
  Clock Uncertainty:      0.335ns  ((TSJ^2 + TIJ^2)^1/2 + DJ) / 2 + PE + UU
    Total System Jitter     (TSJ):    0.071ns
    Total Input Jitter      (TIJ):    0.000ns
    Discrete Jitter          (DJ):    0.000ns
    Phase Error              (PE):    0.000ns
    User Uncertainty         (UU):    0.300ns

    Location             Delay type                Incr(ns)  Path(ns)    Netlist Resource(s)
  -------------------------------------------------------------------    -------------------
                         (clock CLK rise edge)        0.000     0.000 r  
    N15                                               0.000     0.000 r  clk (IN)
                         net (fo=0)                   0.000     0.000    clk
    N15                  IBUF (Prop_ibuf_I_O)         0.948     0.948 r  clk_IBUF_inst/O
                         net (fo=1, routed)           2.016     2.963    clk_IBUF
    BUFGCTRL_X0Y0        BUFG (Prop_bufg_I_O)         0.096     3.059 r  clk_IBUF_BUFG_inst/O
                         net (fo=11156, routed)       1.812     4.872    u_cpu/dut_pc/clk_IBUF_BUFG
    SLICE_X25Y12         FDRE                                         r  u_cpu/dut_pc/pc_reg[5]_rep__1/C
  -------------------------------------------------------------------    -------------------
    SLICE_X25Y12         FDRE (Prop_fdre_C_Q)         0.419     5.291 r  u_cpu/dut_pc/pc_reg[5]_rep__1/Q
                         net (fo=128, routed)         2.403     7.693    u_l1_icache/instruction_hold_q_reg[14]_i_23_0
    SLICE_X64Y22         LUT6 (Prop_lut6_I2_O)        0.299     7.992 f  u_l1_icache/instruction_hold_q[30]_i_56/O
                         net (fo=1, routed)           0.000     7.992    u_l1_icache/instruction_hold_q[30]_i_56_n_0
    SLICE_X64Y22         MUXF7 (Prop_muxf7_I1_O)      0.217     8.209 f  u_l1_icache/instruction_hold_q_reg[30]_i_24/O
                         net (fo=1, routed)           1.246     9.456    u_l1_icache/instruction_hold_q_reg[30]_i_24_n_0
    SLICE_X41Y16         LUT6 (Prop_lut6_I5_O)        0.299     9.755 f  u_l1_icache/instruction_hold_q[30]_i_8/O
                         net (fo=1, routed)           0.855    10.610    u_l1_icache/instruction_hold_q[30]_i_8_n_0
    SLICE_X23Y11         LUT6 (Prop_lut6_I5_O)        0.124    10.734 r  u_l1_icache/instruction_hold_q[30]_i_4/O
                         net (fo=2, routed)           0.277    11.011    u_cpu/dut_pc/instruction_hold_q_reg[30]
    SLICE_X23Y11         LUT6 (Prop_lut6_I3_O)        0.124    11.135 f  u_cpu/dut_pc/instr_debug[30]_i_1/O
                         net (fo=11, routed)          0.924    12.059    u_cpu/dut_pc/funct7
    SLICE_X17Y10         LUT4 (Prop_lut4_I2_O)        0.124    12.183 f  u_cpu/dut_pc/pc_target1_carry_i_15/O
                         net (fo=1, routed)           0.667    12.850    u_cpu/dut_pc/pc_target1_carry_i_15_n_0
    SLICE_X17Y10         LUT6 (Prop_lut6_I4_O)        0.124    12.974 r  u_cpu/dut_pc/pc_target1_carry_i_9/O
                         net (fo=5, routed)           0.778    13.752    u_cpu/dut_pc/pc_target1_carry_i_9_n_0
    SLICE_X15Y10         LUT6 (Prop_lut6_I2_O)        0.124    13.876 r  u_cpu/dut_pc/pc_target1_carry_i_3/O
                         net (fo=5, routed)           0.805    14.681    u_cpu/dut_pc/instruction_hold_valid_q_reg[1]
    SLICE_X6Y10          LUT4 (Prop_lut4_I3_O)        0.124    14.805 r  u_cpu/dut_pc/result0_carry_i_12/O
                         net (fo=114, routed)         1.127    15.932    u_cpu/dut_pc/src_b[1]
    SLICE_X8Y6           LUT2 (Prop_lut2_I1_O)        0.124    16.056 r  u_cpu/dut_pc/result0_carry_i_7/O
                         net (fo=1, routed)           0.000    16.056    u_cpu/dut_alu/S[1]
    SLICE_X8Y6           CARRY4 (Prop_carry4_S[1]_CO[3])
                                                      0.533    16.589 r  u_cpu/dut_alu/result0_carry/CO[3]
                         net (fo=1, routed)           0.000    16.589    u_cpu/dut_alu/result0_carry_n_0
    SLICE_X8Y7           CARRY4 (Prop_carry4_CI_CO[3])
                                                      0.117    16.706 r  u_cpu/dut_alu/result0_carry__0/CO[3]
                         net (fo=1, routed)           0.000    16.706    u_cpu/dut_alu/result0_carry__0_n_0
    SLICE_X8Y8           CARRY4 (Prop_carry4_CI_CO[3])
                                                      0.117    16.823 r  u_cpu/dut_alu/result0_carry__1/CO[3]
                         net (fo=1, routed)           0.000    16.823    u_cpu/dut_alu/result0_carry__1_n_0
    SLICE_X8Y9           CARRY4 (Prop_carry4_CI_CO[3])
                                                      0.117    16.940 r  u_cpu/dut_alu/result0_carry__2/CO[3]
                         net (fo=1, routed)           0.000    16.940    u_cpu/dut_alu/result0_carry__2_n_0
    SLICE_X8Y10          CARRY4 (Prop_carry4_CI_CO[3])
                                                      0.117    17.057 r  u_cpu/dut_alu/result0_carry__3/CO[3]
                         net (fo=1, routed)           0.000    17.057    u_cpu/dut_alu/result0_carry__3_n_0
    SLICE_X8Y11          CARRY4 (Prop_carry4_CI_O[2])
                                                      0.239    17.296 f  u_cpu/dut_alu/result0_carry__4/O[2]
                         net (fo=1, routed)           0.796    18.092    u_cpu/dut_alu/data0[22]
    SLICE_X6Y15          LUT4 (Prop_lut4_I0_O)        0.301    18.393 f  u_cpu/dut_alu/mem_addr_q[22]_i_12/O
                         net (fo=1, routed)           0.666    19.059    u_cpu/dut_pc/mem_addr_q[22]_i_2_0
    SLICE_X6Y15          LUT6 (Prop_lut6_I5_O)        0.124    19.183 f  u_cpu/dut_pc/mem_addr_q[22]_i_6/O
                         net (fo=1, routed)           0.528    19.712    u_cpu/dut_pc/mem_addr_q[22]_i_6_n_0
    SLICE_X11Y15         LUT6 (Prop_lut6_I5_O)        0.124    19.836 f  u_cpu/dut_pc/mem_addr_q[22]_i_2/O
                         net (fo=5, routed)           1.007    20.843    u_cpu/dut_pc/cpu_mem_addr[22]
    SLICE_X14Y14         LUT6 (Prop_lut6_I0_O)        0.124    20.967 r  u_cpu/dut_pc/pc[31]_i_18/O
                         net (fo=1, routed)           0.582    21.548    u_cpu/dut_pc/pc[31]_i_18_n_0
    SLICE_X16Y13         LUT6 (Prop_lut6_I3_O)        0.124    21.672 r  u_cpu/dut_pc/pc[31]_i_10/O
                         net (fo=2, routed)           0.802    22.474    u_cpu/dut_pc/pc[31]_i_10_n_0
    SLICE_X20Y11         LUT6 (Prop_lut6_I0_O)        0.124    22.598 r  u_cpu/dut_pc/pc[31]_i_5/O
                         net (fo=58, routed)          1.008    23.607    u_cpu/dut_pc/pc[31]_i_5_n_0
    SLICE_X32Y12         LUT6 (Prop_lut6_I1_O)        0.124    23.731 r  u_cpu/dut_pc/pc[6]_rep__0_i_1/O
                         net (fo=1, routed)           0.613    24.343    u_cpu/dut_pc/pc[6]_rep__0_i_1_n_0
    SLICE_X32Y14         FDRE                                         r  u_cpu/dut_pc/pc_reg[6]_rep__0/D
  -------------------------------------------------------------------    -------------------

                         (clock CLK rise edge)       20.000    20.000 r  
    N15                                               0.000    20.000 r  clk (IN)
                         net (fo=0)                   0.000    20.000    clk
    N15                  IBUF (Prop_ibuf_I_O)         0.814    20.814 r  clk_IBUF_inst/O
                         net (fo=1, routed)           1.911    22.725    clk_IBUF
    BUFGCTRL_X0Y0        BUFG (Prop_bufg_I_O)         0.091    22.816 r  clk_IBUF_BUFG_inst/O
                         net (fo=11156, routed)       1.678    24.494    u_cpu/dut_pc/clk_IBUF_BUFG
    SLICE_X32Y14         FDRE                                         r  u_cpu/dut_pc/pc_reg[6]_rep__0/C
                         clock pessimism              0.331    24.826    
                         clock uncertainty           -0.335    24.490    
    SLICE_X32Y14         FDRE (Setup_fdre_C_D)       -0.061    24.429    u_cpu/dut_pc/pc_reg[6]_rep__0
  -------------------------------------------------------------------
                         required time                         24.429    
                         arrival time                         -24.343    
  -------------------------------------------------------------------
                         slack                                  0.086    

Slack (MET) :             0.126ns  (required time - arrival time)
  Source:                 u_cpu/dut_pc/pc_reg[5]_rep__1/C
                            (rising edge-triggered cell FDRE clocked by CLK  {rise@0.000ns fall@10.000ns period=20.000ns})
  Destination:            u_cpu/dut_pc/pc_reg[5]_rep__2/D
                            (rising edge-triggered cell FDRE clocked by CLK  {rise@0.000ns fall@10.000ns period=20.000ns})
  Path Group:             CLK
  Path Type:              Setup (Max at Slow Process Corner)
  Requirement:            20.000ns  (CLK rise@20.000ns - CLK rise@0.000ns)
  Data Path Delay:        19.411ns  (logic 4.387ns (22.601%)  route 15.024ns (77.399%))
  Logic Levels:           23  (CARRY4=6 LUT2=1 LUT4=3 LUT6=12 MUXF7=1)
  Clock Path Skew:        -0.047ns (DCD - SCD + CPR)
    Destination Clock Delay (DCD):    4.493ns = ( 24.493 - 20.000 ) 
    Source Clock Delay      (SCD):    4.872ns
    Clock Pessimism Removal (CPR):    0.331ns
  Clock Uncertainty:      0.335ns  ((TSJ^2 + TIJ^2)^1/2 + DJ) / 2 + PE + UU
    Total System Jitter     (TSJ):    0.071ns
    Total Input Jitter      (TIJ):    0.000ns
    Discrete Jitter          (DJ):    0.000ns
    Phase Error              (PE):    0.000ns
    User Uncertainty         (UU):    0.300ns

    Location             Delay type                Incr(ns)  Path(ns)    Netlist Resource(s)
  -------------------------------------------------------------------    -------------------
                         (clock CLK rise edge)        0.000     0.000 r  
    N15                                               0.000     0.000 r  clk (IN)
                         net (fo=0)                   0.000     0.000    clk
    N15                  IBUF (Prop_ibuf_I_O)         0.948     0.948 r  clk_IBUF_inst/O
                         net (fo=1, routed)           2.016     2.963    clk_IBUF
    BUFGCTRL_X0Y0        BUFG (Prop_bufg_I_O)         0.096     3.059 r  clk_IBUF_BUFG_inst/O
                         net (fo=11156, routed)       1.812     4.872    u_cpu/dut_pc/clk_IBUF_BUFG
    SLICE_X25Y12         FDRE                                         r  u_cpu/dut_pc/pc_reg[5]_rep__1/C
  -------------------------------------------------------------------    -------------------
    SLICE_X25Y12         FDRE (Prop_fdre_C_Q)         0.419     5.291 r  u_cpu/dut_pc/pc_reg[5]_rep__1/Q
                         net (fo=128, routed)         2.403     7.693    u_l1_icache/instruction_hold_q_reg[14]_i_23_0
    SLICE_X64Y22         LUT6 (Prop_lut6_I2_O)        0.299     7.992 f  u_l1_icache/instruction_hold_q[30]_i_56/O
                         net (fo=1, routed)           0.000     7.992    u_l1_icache/instruction_hold_q[30]_i_56_n_0
    SLICE_X64Y22         MUXF7 (Prop_muxf7_I1_O)      0.217     8.209 f  u_l1_icache/instruction_hold_q_reg[30]_i_24/O
                         net (fo=1, routed)           1.246     9.456    u_l1_icache/instruction_hold_q_reg[30]_i_24_n_0
    SLICE_X41Y16         LUT6 (Prop_lut6_I5_O)        0.299     9.755 f  u_l1_icache/instruction_hold_q[30]_i_8/O
                         net (fo=1, routed)           0.855    10.610    u_l1_icache/instruction_hold_q[30]_i_8_n_0
    SLICE_X23Y11         LUT6 (Prop_lut6_I5_O)        0.124    10.734 r  u_l1_icache/instruction_hold_q[30]_i_4/O
                         net (fo=2, routed)           0.277    11.011    u_cpu/dut_pc/instruction_hold_q_reg[30]
    SLICE_X23Y11         LUT6 (Prop_lut6_I3_O)        0.124    11.135 f  u_cpu/dut_pc/instr_debug[30]_i_1/O
                         net (fo=11, routed)          0.924    12.059    u_cpu/dut_pc/funct7
    SLICE_X17Y10         LUT4 (Prop_lut4_I2_O)        0.124    12.183 f  u_cpu/dut_pc/pc_target1_carry_i_15/O
                         net (fo=1, routed)           0.667    12.850    u_cpu/dut_pc/pc_target1_carry_i_15_n_0
    SLICE_X17Y10         LUT6 (Prop_lut6_I4_O)        0.124    12.974 r  u_cpu/dut_pc/pc_target1_carry_i_9/O
                         net (fo=5, routed)           0.778    13.752    u_cpu/dut_pc/pc_target1_carry_i_9_n_0
    SLICE_X15Y10         LUT6 (Prop_lut6_I2_O)        0.124    13.876 r  u_cpu/dut_pc/pc_target1_carry_i_3/O
                         net (fo=5, routed)           0.805    14.681    u_cpu/dut_pc/instruction_hold_valid_q_reg[1]
    SLICE_X6Y10          LUT4 (Prop_lut4_I3_O)        0.124    14.805 r  u_cpu/dut_pc/result0_carry_i_12/O
                         net (fo=114, routed)         1.127    15.932    u_cpu/dut_pc/src_b[1]
    SLICE_X8Y6           LUT2 (Prop_lut2_I1_O)        0.124    16.056 r  u_cpu/dut_pc/result0_carry_i_7/O
                         net (fo=1, routed)           0.000    16.056    u_cpu/dut_alu/S[1]
    SLICE_X8Y6           CARRY4 (Prop_carry4_S[1]_CO[3])
                                                      0.533    16.589 r  u_cpu/dut_alu/result0_carry/CO[3]
                         net (fo=1, routed)           0.000    16.589    u_cpu/dut_alu/result0_carry_n_0
    SLICE_X8Y7           CARRY4 (Prop_carry4_CI_CO[3])
                                                      0.117    16.706 r  u_cpu/dut_alu/result0_carry__0/CO[3]
                         net (fo=1, routed)           0.000    16.706    u_cpu/dut_alu/result0_carry__0_n_0
    SLICE_X8Y8           CARRY4 (Prop_carry4_CI_CO[3])
                                                      0.117    16.823 r  u_cpu/dut_alu/result0_carry__1/CO[3]
                         net (fo=1, routed)           0.000    16.823    u_cpu/dut_alu/result0_carry__1_n_0
    SLICE_X8Y9           CARRY4 (Prop_carry4_CI_CO[3])
                                                      0.117    16.940 r  u_cpu/dut_alu/result0_carry__2/CO[3]
                         net (fo=1, routed)           0.000    16.940    u_cpu/dut_alu/result0_carry__2_n_0
    SLICE_X8Y10          CARRY4 (Prop_carry4_CI_CO[3])
                                                      0.117    17.057 r  u_cpu/dut_alu/result0_carry__3/CO[3]
                         net (fo=1, routed)           0.000    17.057    u_cpu/dut_alu/result0_carry__3_n_0
    SLICE_X8Y11          CARRY4 (Prop_carry4_CI_O[2])
                                                      0.239    17.296 f  u_cpu/dut_alu/result0_carry__4/O[2]
                         net (fo=1, routed)           0.796    18.092    u_cpu/dut_alu/data0[22]
    SLICE_X6Y15          LUT4 (Prop_lut4_I0_O)        0.301    18.393 f  u_cpu/dut_alu/mem_addr_q[22]_i_12/O
                         net (fo=1, routed)           0.666    19.059    u_cpu/dut_pc/mem_addr_q[22]_i_2_0
    SLICE_X6Y15          LUT6 (Prop_lut6_I5_O)        0.124    19.183 f  u_cpu/dut_pc/mem_addr_q[22]_i_6/O
                         net (fo=1, routed)           0.528    19.712    u_cpu/dut_pc/mem_addr_q[22]_i_6_n_0
    SLICE_X11Y15         LUT6 (Prop_lut6_I5_O)        0.124    19.836 f  u_cpu/dut_pc/mem_addr_q[22]_i_2/O
                         net (fo=5, routed)           1.007    20.843    u_cpu/dut_pc/cpu_mem_addr[22]
    SLICE_X14Y14         LUT6 (Prop_lut6_I0_O)        0.124    20.967 r  u_cpu/dut_pc/pc[31]_i_18/O
                         net (fo=1, routed)           0.582    21.548    u_cpu/dut_pc/pc[31]_i_18_n_0
    SLICE_X16Y13         LUT6 (Prop_lut6_I3_O)        0.124    21.672 r  u_cpu/dut_pc/pc[31]_i_10/O
                         net (fo=2, routed)           0.802    22.474    u_cpu/dut_pc/pc[31]_i_10_n_0
    SLICE_X20Y11         LUT6 (Prop_lut6_I0_O)        0.124    22.598 r  u_cpu/dut_pc/pc[31]_i_5/O
                         net (fo=58, routed)          0.935    23.533    u_cpu/dut_pc/pc[31]_i_5_n_0
    SLICE_X36Y11         LUT6 (Prop_lut6_I1_O)        0.124    23.657 r  u_cpu/dut_pc/pc[5]_rep__2_i_1/O
                         net (fo=1, routed)           0.625    24.282    u_cpu/dut_pc/pc[5]_rep__2_i_1_n_0
    SLICE_X40Y11         FDRE                                         r  u_cpu/dut_pc/pc_reg[5]_rep__2/D
  -------------------------------------------------------------------    -------------------

                         (clock CLK rise edge)       20.000    20.000 r  
    N15                                               0.000    20.000 r  clk (IN)
                         net (fo=0)                   0.000    20.000    clk
    N15                  IBUF (Prop_ibuf_I_O)         0.814    20.814 r  clk_IBUF_inst/O
                         net (fo=1, routed)           1.911    22.725    clk_IBUF
    BUFGCTRL_X0Y0        BUFG (Prop_bufg_I_O)         0.091    22.816 r  clk_IBUF_BUFG_inst/O
                         net (fo=11156, routed)       1.677    24.493    u_cpu/dut_pc/clk_IBUF_BUFG
    SLICE_X40Y11         FDRE                                         r  u_cpu/dut_pc/pc_reg[5]_rep__2/C
                         clock pessimism              0.331    24.825    
                         clock uncertainty           -0.335    24.489    
    SLICE_X40Y11         FDRE (Setup_fdre_C_D)       -0.081    24.408    u_cpu/dut_pc/pc_reg[5]_rep__2
  -------------------------------------------------------------------
                         required time                         24.408    
                         arrival time                         -24.282    
  -------------------------------------------------------------------
                         slack                                  0.126    

Slack (MET) :             0.141ns  (required time - arrival time)
  Source:                 u_cpu/dut_pc/pc_reg[5]_rep__1/C
                            (rising edge-triggered cell FDRE clocked by CLK  {rise@0.000ns fall@10.000ns period=20.000ns})
  Destination:            u_cpu/dut_pc/pc_reg[4]_rep__6/D
                            (rising edge-triggered cell FDRE clocked by CLK  {rise@0.000ns fall@10.000ns period=20.000ns})
  Path Group:             CLK
  Path Type:              Setup (Max at Slow Process Corner)
  Requirement:            20.000ns  (CLK rise@20.000ns - CLK rise@0.000ns)
  Data Path Delay:        19.409ns  (logic 4.387ns (22.603%)  route 15.022ns (77.397%))
  Logic Levels:           23  (CARRY4=6 LUT2=1 LUT4=3 LUT6=12 MUXF7=1)
  Clock Path Skew:        -0.047ns (DCD - SCD + CPR)
    Destination Clock Delay (DCD):    4.493ns = ( 24.493 - 20.000 ) 
    Source Clock Delay      (SCD):    4.872ns
    Clock Pessimism Removal (CPR):    0.331ns
  Clock Uncertainty:      0.335ns  ((TSJ^2 + TIJ^2)^1/2 + DJ) / 2 + PE + UU
    Total System Jitter     (TSJ):    0.071ns
    Total Input Jitter      (TIJ):    0.000ns
    Discrete Jitter          (DJ):    0.000ns
    Phase Error              (PE):    0.000ns
    User Uncertainty         (UU):    0.300ns

    Location             Delay type                Incr(ns)  Path(ns)    Netlist Resource(s)
  -------------------------------------------------------------------    -------------------
                         (clock CLK rise edge)        0.000     0.000 r  
    N15                                               0.000     0.000 r  clk (IN)
                         net (fo=0)                   0.000     0.000    clk
    N15                  IBUF (Prop_ibuf_I_O)         0.948     0.948 r  clk_IBUF_inst/O
                         net (fo=1, routed)           2.016     2.963    clk_IBUF
    BUFGCTRL_X0Y0        BUFG (Prop_bufg_I_O)         0.096     3.059 r  clk_IBUF_BUFG_inst/O
                         net (fo=11156, routed)       1.812     4.872    u_cpu/dut_pc/clk_IBUF_BUFG
    SLICE_X25Y12         FDRE                                         r  u_cpu/dut_pc/pc_reg[5]_rep__1/C
  -------------------------------------------------------------------    -------------------
    SLICE_X25Y12         FDRE (Prop_fdre_C_Q)         0.419     5.291 r  u_cpu/dut_pc/pc_reg[5]_rep__1/Q
                         net (fo=128, routed)         2.403     7.693    u_l1_icache/instruction_hold_q_reg[14]_i_23_0
    SLICE_X64Y22         LUT6 (Prop_lut6_I2_O)        0.299     7.992 f  u_l1_icache/instruction_hold_q[30]_i_56/O
                         net (fo=1, routed)           0.000     7.992    u_l1_icache/instruction_hold_q[30]_i_56_n_0
    SLICE_X64Y22         MUXF7 (Prop_muxf7_I1_O)      0.217     8.209 f  u_l1_icache/instruction_hold_q_reg[30]_i_24/O
                         net (fo=1, routed)           1.246     9.456    u_l1_icache/instruction_hold_q_reg[30]_i_24_n_0
    SLICE_X41Y16         LUT6 (Prop_lut6_I5_O)        0.299     9.755 f  u_l1_icache/instruction_hold_q[30]_i_8/O
                         net (fo=1, routed)           0.855    10.610    u_l1_icache/instruction_hold_q[30]_i_8_n_0
    SLICE_X23Y11         LUT6 (Prop_lut6_I5_O)        0.124    10.734 r  u_l1_icache/instruction_hold_q[30]_i_4/O
                         net (fo=2, routed)           0.277    11.011    u_cpu/dut_pc/instruction_hold_q_reg[30]
    SLICE_X23Y11         LUT6 (Prop_lut6_I3_O)        0.124    11.135 f  u_cpu/dut_pc/instr_debug[30]_i_1/O
                         net (fo=11, routed)          0.924    12.059    u_cpu/dut_pc/funct7
    SLICE_X17Y10         LUT4 (Prop_lut4_I2_O)        0.124    12.183 f  u_cpu/dut_pc/pc_target1_carry_i_15/O
                         net (fo=1, routed)           0.667    12.850    u_cpu/dut_pc/pc_target1_carry_i_15_n_0
    SLICE_X17Y10         LUT6 (Prop_lut6_I4_O)        0.124    12.974 r  u_cpu/dut_pc/pc_target1_carry_i_9/O
                         net (fo=5, routed)           0.778    13.752    u_cpu/dut_pc/pc_target1_carry_i_9_n_0
    SLICE_X15Y10         LUT6 (Prop_lut6_I2_O)        0.124    13.876 r  u_cpu/dut_pc/pc_target1_carry_i_3/O
                         net (fo=5, routed)           0.805    14.681    u_cpu/dut_pc/instruction_hold_valid_q_reg[1]
    SLICE_X6Y10          LUT4 (Prop_lut4_I3_O)        0.124    14.805 r  u_cpu/dut_pc/result0_carry_i_12/O
                         net (fo=114, routed)         1.127    15.932    u_cpu/dut_pc/src_b[1]
    SLICE_X8Y6           LUT2 (Prop_lut2_I1_O)        0.124    16.056 r  u_cpu/dut_pc/result0_carry_i_7/O
                         net (fo=1, routed)           0.000    16.056    u_cpu/dut_alu/S[1]
    SLICE_X8Y6           CARRY4 (Prop_carry4_S[1]_CO[3])
                                                      0.533    16.589 r  u_cpu/dut_alu/result0_carry/CO[3]
                         net (fo=1, routed)           0.000    16.589    u_cpu/dut_alu/result0_carry_n_0
    SLICE_X8Y7           CARRY4 (Prop_carry4_CI_CO[3])
                                                      0.117    16.706 r  u_cpu/dut_alu/result0_carry__0/CO[3]
                         net (fo=1, routed)           0.000    16.706    u_cpu/dut_alu/result0_carry__0_n_0
    SLICE_X8Y8           CARRY4 (Prop_carry4_CI_CO[3])
                                                      0.117    16.823 r  u_cpu/dut_alu/result0_carry__1/CO[3]
                         net (fo=1, routed)           0.000    16.823    u_cpu/dut_alu/result0_carry__1_n_0
    SLICE_X8Y9           CARRY4 (Prop_carry4_CI_CO[3])
                                                      0.117    16.940 r  u_cpu/dut_alu/result0_carry__2/CO[3]
                         net (fo=1, routed)           0.000    16.940    u_cpu/dut_alu/result0_carry__2_n_0
    SLICE_X8Y10          CARRY4 (Prop_carry4_CI_CO[3])
                                                      0.117    17.057 r  u_cpu/dut_alu/result0_carry__3/CO[3]
                         net (fo=1, routed)           0.000    17.057    u_cpu/dut_alu/result0_carry__3_n_0
    SLICE_X8Y11          CARRY4 (Prop_carry4_CI_O[2])
                                                      0.239    17.296 f  u_cpu/dut_alu/result0_carry__4/O[2]
                         net (fo=1, routed)           0.796    18.092    u_cpu/dut_alu/data0[22]
    SLICE_X6Y15          LUT4 (Prop_lut4_I0_O)        0.301    18.393 f  u_cpu/dut_alu/mem_addr_q[22]_i_12/O
                         net (fo=1, routed)           0.666    19.059    u_cpu/dut_pc/mem_addr_q[22]_i_2_0
    SLICE_X6Y15          LUT6 (Prop_lut6_I5_O)        0.124    19.183 f  u_cpu/dut_pc/mem_addr_q[22]_i_6/O
                         net (fo=1, routed)           0.528    19.712    u_cpu/dut_pc/mem_addr_q[22]_i_6_n_0
    SLICE_X11Y15         LUT6 (Prop_lut6_I5_O)        0.124    19.836 f  u_cpu/dut_pc/mem_addr_q[22]_i_2/O
                         net (fo=5, routed)           1.007    20.843    u_cpu/dut_pc/cpu_mem_addr[22]
    SLICE_X14Y14         LUT6 (Prop_lut6_I0_O)        0.124    20.967 r  u_cpu/dut_pc/pc[31]_i_18/O
                         net (fo=1, routed)           0.582    21.548    u_cpu/dut_pc/pc[31]_i_18_n_0
    SLICE_X16Y13         LUT6 (Prop_lut6_I3_O)        0.124    21.672 r  u_cpu/dut_pc/pc[31]_i_10/O
                         net (fo=2, routed)           0.802    22.474    u_cpu/dut_pc/pc[31]_i_10_n_0
    SLICE_X20Y11         LUT6 (Prop_lut6_I0_O)        0.124    22.598 r  u_cpu/dut_pc/pc[31]_i_5/O
                         net (fo=58, routed)          0.883    23.481    u_cpu/dut_pc/pc[31]_i_5_n_0
    SLICE_X33Y11         LUT6 (Prop_lut6_I1_O)        0.124    23.605 r  u_cpu/dut_pc/pc[4]_rep__6_i_1/O
                         net (fo=1, routed)           0.676    24.281    u_cpu/dut_pc/pc[4]_rep__6_i_1_n_0
    SLICE_X40Y11         FDRE                                         r  u_cpu/dut_pc/pc_reg[4]_rep__6/D
  -------------------------------------------------------------------    -------------------

                         (clock CLK rise edge)       20.000    20.000 r  
    N15                                               0.000    20.000 r  clk (IN)
                         net (fo=0)                   0.000    20.000    clk
    N15                  IBUF (Prop_ibuf_I_O)         0.814    20.814 r  clk_IBUF_inst/O
                         net (fo=1, routed)           1.911    22.725    clk_IBUF
    BUFGCTRL_X0Y0        BUFG (Prop_bufg_I_O)         0.091    22.816 r  clk_IBUF_BUFG_inst/O
                         net (fo=11156, routed)       1.677    24.493    u_cpu/dut_pc/clk_IBUF_BUFG
    SLICE_X40Y11         FDRE                                         r  u_cpu/dut_pc/pc_reg[4]_rep__6/C
                         clock pessimism              0.331    24.825    
                         clock uncertainty           -0.335    24.489    
    SLICE_X40Y11         FDRE (Setup_fdre_C_D)       -0.067    24.422    u_cpu/dut_pc/pc_reg[4]_rep__6
  -------------------------------------------------------------------
                         required time                         24.422    
                         arrival time                         -24.281    
  -------------------------------------------------------------------
                         slack                                  0.141    

Slack (MET) :             0.149ns  (required time - arrival time)
  Source:                 u_cpu/dut_pc/pc_reg[5]_rep__1/C
                            (rising edge-triggered cell FDRE clocked by CLK  {rise@0.000ns fall@10.000ns period=20.000ns})
  Destination:            u_cpu/dut_pc/pc_reg[5]/D
                            (rising edge-triggered cell FDRE clocked by CLK  {rise@0.000ns fall@10.000ns period=20.000ns})
  Path Group:             CLK
  Path Type:              Setup (Max at Slow Process Corner)
  Requirement:            20.000ns  (CLK rise@20.000ns - CLK rise@0.000ns)
  Data Path Delay:        19.405ns  (logic 4.387ns (22.607%)  route 15.018ns (77.393%))
  Logic Levels:           23  (CARRY4=6 LUT2=1 LUT4=3 LUT6=12 MUXF7=1)
  Clock Path Skew:        -0.043ns (DCD - SCD + CPR)
    Destination Clock Delay (DCD):    4.497ns = ( 24.497 - 20.000 ) 
    Source Clock Delay      (SCD):    4.872ns
    Clock Pessimism Removal (CPR):    0.331ns
  Clock Uncertainty:      0.335ns  ((TSJ^2 + TIJ^2)^1/2 + DJ) / 2 + PE + UU
    Total System Jitter     (TSJ):    0.071ns
    Total Input Jitter      (TIJ):    0.000ns
    Discrete Jitter          (DJ):    0.000ns
    Phase Error              (PE):    0.000ns
    User Uncertainty         (UU):    0.300ns

    Location             Delay type                Incr(ns)  Path(ns)    Netlist Resource(s)
  -------------------------------------------------------------------    -------------------
                         (clock CLK rise edge)        0.000     0.000 r  
    N15                                               0.000     0.000 r  clk (IN)
                         net (fo=0)                   0.000     0.000    clk
    N15                  IBUF (Prop_ibuf_I_O)         0.948     0.948 r  clk_IBUF_inst/O
                         net (fo=1, routed)           2.016     2.963    clk_IBUF
    BUFGCTRL_X0Y0        BUFG (Prop_bufg_I_O)         0.096     3.059 r  clk_IBUF_BUFG_inst/O
                         net (fo=11156, routed)       1.812     4.872    u_cpu/dut_pc/clk_IBUF_BUFG
    SLICE_X25Y12         FDRE                                         r  u_cpu/dut_pc/pc_reg[5]_rep__1/C
  -------------------------------------------------------------------    -------------------
    SLICE_X25Y12         FDRE (Prop_fdre_C_Q)         0.419     5.291 r  u_cpu/dut_pc/pc_reg[5]_rep__1/Q
                         net (fo=128, routed)         2.403     7.693    u_l1_icache/instruction_hold_q_reg[14]_i_23_0
    SLICE_X64Y22         LUT6 (Prop_lut6_I2_O)        0.299     7.992 f  u_l1_icache/instruction_hold_q[30]_i_56/O
                         net (fo=1, routed)           0.000     7.992    u_l1_icache/instruction_hold_q[30]_i_56_n_0
    SLICE_X64Y22         MUXF7 (Prop_muxf7_I1_O)      0.217     8.209 f  u_l1_icache/instruction_hold_q_reg[30]_i_24/O
                         net (fo=1, routed)           1.246     9.456    u_l1_icache/instruction_hold_q_reg[30]_i_24_n_0
    SLICE_X41Y16         LUT6 (Prop_lut6_I5_O)        0.299     9.755 f  u_l1_icache/instruction_hold_q[30]_i_8/O
                         net (fo=1, routed)           0.855    10.610    u_l1_icache/instruction_hold_q[30]_i_8_n_0
    SLICE_X23Y11         LUT6 (Prop_lut6_I5_O)        0.124    10.734 r  u_l1_icache/instruction_hold_q[30]_i_4/O
                         net (fo=2, routed)           0.277    11.011    u_cpu/dut_pc/instruction_hold_q_reg[30]
    SLICE_X23Y11         LUT6 (Prop_lut6_I3_O)        0.124    11.135 f  u_cpu/dut_pc/instr_debug[30]_i_1/O
                         net (fo=11, routed)          0.924    12.059    u_cpu/dut_pc/funct7
    SLICE_X17Y10         LUT4 (Prop_lut4_I2_O)        0.124    12.183 f  u_cpu/dut_pc/pc_target1_carry_i_15/O
                         net (fo=1, routed)           0.667    12.850    u_cpu/dut_pc/pc_target1_carry_i_15_n_0
    SLICE_X17Y10         LUT6 (Prop_lut6_I4_O)        0.124    12.974 r  u_cpu/dut_pc/pc_target1_carry_i_9/O
                         net (fo=5, routed)           0.778    13.752    u_cpu/dut_pc/pc_target1_carry_i_9_n_0
    SLICE_X15Y10         LUT6 (Prop_lut6_I2_O)        0.124    13.876 r  u_cpu/dut_pc/pc_target1_carry_i_3/O
                         net (fo=5, routed)           0.805    14.681    u_cpu/dut_pc/instruction_hold_valid_q_reg[1]
    SLICE_X6Y10          LUT4 (Prop_lut4_I3_O)        0.124    14.805 r  u_cpu/dut_pc/result0_carry_i_12/O
                         net (fo=114, routed)         1.127    15.932    u_cpu/dut_pc/src_b[1]
    SLICE_X8Y6           LUT2 (Prop_lut2_I1_O)        0.124    16.056 r  u_cpu/dut_pc/result0_carry_i_7/O
                         net (fo=1, routed)           0.000    16.056    u_cpu/dut_alu/S[1]
    SLICE_X8Y6           CARRY4 (Prop_carry4_S[1]_CO[3])
                                                      0.533    16.589 r  u_cpu/dut_alu/result0_carry/CO[3]
                         net (fo=1, routed)           0.000    16.589    u_cpu/dut_alu/result0_carry_n_0
    SLICE_X8Y7           CARRY4 (Prop_carry4_CI_CO[3])
                                                      0.117    16.706 r  u_cpu/dut_alu/result0_carry__0/CO[3]
                         net (fo=1, routed)           0.000    16.706    u_cpu/dut_alu/result0_carry__0_n_0
    SLICE_X8Y8           CARRY4 (Prop_carry4_CI_CO[3])
                                                      0.117    16.823 r  u_cpu/dut_alu/result0_carry__1/CO[3]
                         net (fo=1, routed)           0.000    16.823    u_cpu/dut_alu/result0_carry__1_n_0
    SLICE_X8Y9           CARRY4 (Prop_carry4_CI_CO[3])
                                                      0.117    16.940 r  u_cpu/dut_alu/result0_carry__2/CO[3]
                         net (fo=1, routed)           0.000    16.940    u_cpu/dut_alu/result0_carry__2_n_0
    SLICE_X8Y10          CARRY4 (Prop_carry4_CI_CO[3])
                                                      0.117    17.057 r  u_cpu/dut_alu/result0_carry__3/CO[3]
                         net (fo=1, routed)           0.000    17.057    u_cpu/dut_alu/result0_carry__3_n_0
    SLICE_X8Y11          CARRY4 (Prop_carry4_CI_O[2])
                                                      0.239    17.296 f  u_cpu/dut_alu/result0_carry__4/O[2]
                         net (fo=1, routed)           0.796    18.092    u_cpu/dut_alu/data0[22]
    SLICE_X6Y15          LUT4 (Prop_lut4_I0_O)        0.301    18.393 f  u_cpu/dut_alu/mem_addr_q[22]_i_12/O
                         net (fo=1, routed)           0.666    19.059    u_cpu/dut_pc/mem_addr_q[22]_i_2_0
    SLICE_X6Y15          LUT6 (Prop_lut6_I5_O)        0.124    19.183 f  u_cpu/dut_pc/mem_addr_q[22]_i_6/O
                         net (fo=1, routed)           0.528    19.712    u_cpu/dut_pc/mem_addr_q[22]_i_6_n_0
    SLICE_X11Y15         LUT6 (Prop_lut6_I5_O)        0.124    19.836 f  u_cpu/dut_pc/mem_addr_q[22]_i_2/O
                         net (fo=5, routed)           1.007    20.843    u_cpu/dut_pc/cpu_mem_addr[22]
    SLICE_X14Y14         LUT6 (Prop_lut6_I0_O)        0.124    20.967 r  u_cpu/dut_pc/pc[31]_i_18/O
                         net (fo=1, routed)           0.582    21.548    u_cpu/dut_pc/pc[31]_i_18_n_0
    SLICE_X16Y13         LUT6 (Prop_lut6_I3_O)        0.124    21.672 r  u_cpu/dut_pc/pc[31]_i_10/O
                         net (fo=2, routed)           0.802    22.474    u_cpu/dut_pc/pc[31]_i_10_n_0
    SLICE_X20Y11         LUT6 (Prop_lut6_I0_O)        0.124    22.598 r  u_cpu/dut_pc/pc[31]_i_5/O
                         net (fo=58, routed)          0.761    23.360    u_cpu/dut_pc/pc[31]_i_5_n_0
    SLICE_X28Y10         LUT6 (Prop_lut6_I1_O)        0.124    23.484 r  u_cpu/dut_pc/pc[5]_i_1/O
                         net (fo=1, routed)           0.793    24.277    u_cpu/dut_pc/pc_next[5]
    SLICE_X31Y10         FDRE                                         r  u_cpu/dut_pc/pc_reg[5]/D
  -------------------------------------------------------------------    -------------------

                         (clock CLK rise edge)       20.000    20.000 r  
    N15                                               0.000    20.000 r  clk (IN)
                         net (fo=0)                   0.000    20.000    clk
    N15                  IBUF (Prop_ibuf_I_O)         0.814    20.814 r  clk_IBUF_inst/O
                         net (fo=1, routed)           1.911    22.725    clk_IBUF
    BUFGCTRL_X0Y0        BUFG (Prop_bufg_I_O)         0.091    22.816 r  clk_IBUF_BUFG_inst/O
                         net (fo=11156, routed)       1.681    24.497    u_cpu/dut_pc/clk_IBUF_BUFG
    SLICE_X31Y10         FDRE                                         r  u_cpu/dut_pc/pc_reg[5]/C
                         clock pessimism              0.331    24.829    
                         clock uncertainty           -0.335    24.493    
    SLICE_X31Y10         FDRE (Setup_fdre_C_D)       -0.067    24.426    u_cpu/dut_pc/pc_reg[5]
  -------------------------------------------------------------------
                         required time                         24.426    
                         arrival time                         -24.277    
  -------------------------------------------------------------------
                         slack                                  0.149    

Slack (MET) :             0.150ns  (required time - arrival time)
  Source:                 u_cpu/dut_pc/pc_reg[5]_rep__1/C
                            (rising edge-triggered cell FDRE clocked by CLK  {rise@0.000ns fall@10.000ns period=20.000ns})
  Destination:            u_cpu/dut_pc/pc_reg[4]_rep__7/D
                            (rising edge-triggered cell FDRE clocked by CLK  {rise@0.000ns fall@10.000ns period=20.000ns})
  Path Group:             CLK
  Path Type:              Setup (Max at Slow Process Corner)
  Requirement:            20.000ns  (CLK rise@20.000ns - CLK rise@0.000ns)
  Data Path Delay:        19.409ns  (logic 4.387ns (22.602%)  route 15.022ns (77.398%))
  Logic Levels:           23  (CARRY4=6 LUT2=1 LUT4=3 LUT6=12 MUXF7=1)
  Clock Path Skew:        -0.044ns (DCD - SCD + CPR)
    Destination Clock Delay (DCD):    4.496ns = ( 24.496 - 20.000 ) 
    Source Clock Delay      (SCD):    4.872ns
    Clock Pessimism Removal (CPR):    0.331ns
  Clock Uncertainty:      0.335ns  ((TSJ^2 + TIJ^2)^1/2 + DJ) / 2 + PE + UU
    Total System Jitter     (TSJ):    0.071ns
    Total Input Jitter      (TIJ):    0.000ns
    Discrete Jitter          (DJ):    0.000ns
    Phase Error              (PE):    0.000ns
    User Uncertainty         (UU):    0.300ns

    Location             Delay type                Incr(ns)  Path(ns)    Netlist Resource(s)
  -------------------------------------------------------------------    -------------------
                         (clock CLK rise edge)        0.000     0.000 r  
    N15                                               0.000     0.000 r  clk (IN)
                         net (fo=0)                   0.000     0.000    clk
    N15                  IBUF (Prop_ibuf_I_O)         0.948     0.948 r  clk_IBUF_inst/O
                         net (fo=1, routed)           2.016     2.963    clk_IBUF
    BUFGCTRL_X0Y0        BUFG (Prop_bufg_I_O)         0.096     3.059 r  clk_IBUF_BUFG_inst/O
                         net (fo=11156, routed)       1.812     4.872    u_cpu/dut_pc/clk_IBUF_BUFG
    SLICE_X25Y12         FDRE                                         r  u_cpu/dut_pc/pc_reg[5]_rep__1/C
  -------------------------------------------------------------------    -------------------
    SLICE_X25Y12         FDRE (Prop_fdre_C_Q)         0.419     5.291 r  u_cpu/dut_pc/pc_reg[5]_rep__1/Q
                         net (fo=128, routed)         2.403     7.693    u_l1_icache/instruction_hold_q_reg[14]_i_23_0
    SLICE_X64Y22         LUT6 (Prop_lut6_I2_O)        0.299     7.992 f  u_l1_icache/instruction_hold_q[30]_i_56/O
                         net (fo=1, routed)           0.000     7.992    u_l1_icache/instruction_hold_q[30]_i_56_n_0
    SLICE_X64Y22         MUXF7 (Prop_muxf7_I1_O)      0.217     8.209 f  u_l1_icache/instruction_hold_q_reg[30]_i_24/O
                         net (fo=1, routed)           1.246     9.456    u_l1_icache/instruction_hold_q_reg[30]_i_24_n_0
    SLICE_X41Y16         LUT6 (Prop_lut6_I5_O)        0.299     9.755 f  u_l1_icache/instruction_hold_q[30]_i_8/O
                         net (fo=1, routed)           0.855    10.610    u_l1_icache/instruction_hold_q[30]_i_8_n_0
    SLICE_X23Y11         LUT6 (Prop_lut6_I5_O)        0.124    10.734 r  u_l1_icache/instruction_hold_q[30]_i_4/O
                         net (fo=2, routed)           0.277    11.011    u_cpu/dut_pc/instruction_hold_q_reg[30]
    SLICE_X23Y11         LUT6 (Prop_lut6_I3_O)        0.124    11.135 f  u_cpu/dut_pc/instr_debug[30]_i_1/O
                         net (fo=11, routed)          0.924    12.059    u_cpu/dut_pc/funct7
    SLICE_X17Y10         LUT4 (Prop_lut4_I2_O)        0.124    12.183 f  u_cpu/dut_pc/pc_target1_carry_i_15/O
                         net (fo=1, routed)           0.667    12.850    u_cpu/dut_pc/pc_target1_carry_i_15_n_0
    SLICE_X17Y10         LUT6 (Prop_lut6_I4_O)        0.124    12.974 r  u_cpu/dut_pc/pc_target1_carry_i_9/O
                         net (fo=5, routed)           0.778    13.752    u_cpu/dut_pc/pc_target1_carry_i_9_n_0
    SLICE_X15Y10         LUT6 (Prop_lut6_I2_O)        0.124    13.876 r  u_cpu/dut_pc/pc_target1_carry_i_3/O
                         net (fo=5, routed)           0.805    14.681    u_cpu/dut_pc/instruction_hold_valid_q_reg[1]
    SLICE_X6Y10          LUT4 (Prop_lut4_I3_O)        0.124    14.805 r  u_cpu/dut_pc/result0_carry_i_12/O
                         net (fo=114, routed)         1.127    15.932    u_cpu/dut_pc/src_b[1]
    SLICE_X8Y6           LUT2 (Prop_lut2_I1_O)        0.124    16.056 r  u_cpu/dut_pc/result0_carry_i_7/O
                         net (fo=1, routed)           0.000    16.056    u_cpu/dut_alu/S[1]
    SLICE_X8Y6           CARRY4 (Prop_carry4_S[1]_CO[3])
                                                      0.533    16.589 r  u_cpu/dut_alu/result0_carry/CO[3]
                         net (fo=1, routed)           0.000    16.589    u_cpu/dut_alu/result0_carry_n_0
    SLICE_X8Y7           CARRY4 (Prop_carry4_CI_CO[3])
                                                      0.117    16.706 r  u_cpu/dut_alu/result0_carry__0/CO[3]
                         net (fo=1, routed)           0.000    16.706    u_cpu/dut_alu/result0_carry__0_n_0
    SLICE_X8Y8           CARRY4 (Prop_carry4_CI_CO[3])
                                                      0.117    16.823 r  u_cpu/dut_alu/result0_carry__1/CO[3]
                         net (fo=1, routed)           0.000    16.823    u_cpu/dut_alu/result0_carry__1_n_0
    SLICE_X8Y9           CARRY4 (Prop_carry4_CI_CO[3])
                                                      0.117    16.940 r  u_cpu/dut_alu/result0_carry__2/CO[3]
                         net (fo=1, routed)           0.000    16.940    u_cpu/dut_alu/result0_carry__2_n_0
    SLICE_X8Y10          CARRY4 (Prop_carry4_CI_CO[3])
                                                      0.117    17.057 r  u_cpu/dut_alu/result0_carry__3/CO[3]
                         net (fo=1, routed)           0.000    17.057    u_cpu/dut_alu/result0_carry__3_n_0
    SLICE_X8Y11          CARRY4 (Prop_carry4_CI_O[2])
                                                      0.239    17.296 f  u_cpu/dut_alu/result0_carry__4/O[2]
                         net (fo=1, routed)           0.796    18.092    u_cpu/dut_alu/data0[22]
    SLICE_X6Y15          LUT4 (Prop_lut4_I0_O)        0.301    18.393 f  u_cpu/dut_alu/mem_addr_q[22]_i_12/O
                         net (fo=1, routed)           0.666    19.059    u_cpu/dut_pc/mem_addr_q[22]_i_2_0
    SLICE_X6Y15          LUT6 (Prop_lut6_I5_O)        0.124    19.183 f  u_cpu/dut_pc/mem_addr_q[22]_i_6/O
                         net (fo=1, routed)           0.528    19.712    u_cpu/dut_pc/mem_addr_q[22]_i_6_n_0
    SLICE_X11Y15         LUT6 (Prop_lut6_I5_O)        0.124    19.836 f  u_cpu/dut_pc/mem_addr_q[22]_i_2/O
                         net (fo=5, routed)           1.007    20.843    u_cpu/dut_pc/cpu_mem_addr[22]
    SLICE_X14Y14         LUT6 (Prop_lut6_I0_O)        0.124    20.967 r  u_cpu/dut_pc/pc[31]_i_18/O
                         net (fo=1, routed)           0.582    21.548    u_cpu/dut_pc/pc[31]_i_18_n_0
    SLICE_X16Y13         LUT6 (Prop_lut6_I3_O)        0.124    21.672 r  u_cpu/dut_pc/pc[31]_i_10/O
                         net (fo=2, routed)           0.802    22.474    u_cpu/dut_pc/pc[31]_i_10_n_0
    SLICE_X20Y11         LUT6 (Prop_lut6_I0_O)        0.124    22.598 r  u_cpu/dut_pc/pc[31]_i_5/O
                         net (fo=58, routed)          1.039    23.638    u_cpu/dut_pc/pc[31]_i_5_n_0
    SLICE_X31Y11         LUT6 (Prop_lut6_I1_O)        0.124    23.762 r  u_cpu/dut_pc/pc[4]_rep__7_i_1/O
                         net (fo=1, routed)           0.519    24.281    u_cpu/dut_pc/pc[4]_rep__7_i_1_n_0
    SLICE_X31Y11         FDRE                                         r  u_cpu/dut_pc/pc_reg[4]_rep__7/D
  -------------------------------------------------------------------    -------------------

                         (clock CLK rise edge)       20.000    20.000 r  
    N15                                               0.000    20.000 r  clk (IN)
                         net (fo=0)                   0.000    20.000    clk
    N15                  IBUF (Prop_ibuf_I_O)         0.814    20.814 r  clk_IBUF_inst/O
                         net (fo=1, routed)           1.911    22.725    clk_IBUF
    BUFGCTRL_X0Y0        BUFG (Prop_bufg_I_O)         0.091    22.816 r  clk_IBUF_BUFG_inst/O
                         net (fo=11156, routed)       1.680    24.496    u_cpu/dut_pc/clk_IBUF_BUFG
    SLICE_X31Y11         FDRE                                         r  u_cpu/dut_pc/pc_reg[4]_rep__7/C
                         clock pessimism              0.331    24.828    
                         clock uncertainty           -0.335    24.492    
    SLICE_X31Y11         FDRE (Setup_fdre_C_D)       -0.061    24.431    u_cpu/dut_pc/pc_reg[4]_rep__7
  -------------------------------------------------------------------
                         required time                         24.431    
                         arrival time                         -24.281    
  -------------------------------------------------------------------
                         slack                                  0.150    

Slack (MET) :             0.168ns  (required time - arrival time)
  Source:                 u_cpu/dut_pc/pc_reg[5]_rep__1/C
                            (rising edge-triggered cell FDRE clocked by CLK  {rise@0.000ns fall@10.000ns period=20.000ns})
  Destination:            u_cpu/dut_pc/pc_reg[4]_rep__2/D
                            (rising edge-triggered cell FDRE clocked by CLK  {rise@0.000ns fall@10.000ns period=20.000ns})
  Path Group:             CLK
  Path Type:              Setup (Max at Slow Process Corner)
  Requirement:            20.000ns  (CLK rise@20.000ns - CLK rise@0.000ns)
  Data Path Delay:        19.373ns  (logic 4.387ns (22.644%)  route 14.986ns (77.356%))
  Logic Levels:           23  (CARRY4=6 LUT2=1 LUT4=3 LUT6=12 MUXF7=1)
  Clock Path Skew:        -0.042ns (DCD - SCD + CPR)
    Destination Clock Delay (DCD):    4.498ns = ( 24.498 - 20.000 ) 
    Source Clock Delay      (SCD):    4.872ns
    Clock Pessimism Removal (CPR):    0.331ns
  Clock Uncertainty:      0.335ns  ((TSJ^2 + TIJ^2)^1/2 + DJ) / 2 + PE + UU
    Total System Jitter     (TSJ):    0.071ns
    Total Input Jitter      (TIJ):    0.000ns
    Discrete Jitter          (DJ):    0.000ns
    Phase Error              (PE):    0.000ns
    User Uncertainty         (UU):    0.300ns

    Location             Delay type                Incr(ns)  Path(ns)    Netlist Resource(s)
  -------------------------------------------------------------------    -------------------
                         (clock CLK rise edge)        0.000     0.000 r  
    N15                                               0.000     0.000 r  clk (IN)
                         net (fo=0)                   0.000     0.000    clk
    N15                  IBUF (Prop_ibuf_I_O)         0.948     0.948 r  clk_IBUF_inst/O
                         net (fo=1, routed)           2.016     2.963    clk_IBUF
    BUFGCTRL_X0Y0        BUFG (Prop_bufg_I_O)         0.096     3.059 r  clk_IBUF_BUFG_inst/O
                         net (fo=11156, routed)       1.812     4.872    u_cpu/dut_pc/clk_IBUF_BUFG
    SLICE_X25Y12         FDRE                                         r  u_cpu/dut_pc/pc_reg[5]_rep__1/C
  -------------------------------------------------------------------    -------------------
    SLICE_X25Y12         FDRE (Prop_fdre_C_Q)         0.419     5.291 r  u_cpu/dut_pc/pc_reg[5]_rep__1/Q
                         net (fo=128, routed)         2.403     7.693    u_l1_icache/instruction_hold_q_reg[14]_i_23_0
    SLICE_X64Y22         LUT6 (Prop_lut6_I2_O)        0.299     7.992 f  u_l1_icache/instruction_hold_q[30]_i_56/O
                         net (fo=1, routed)           0.000     7.992    u_l1_icache/instruction_hold_q[30]_i_56_n_0
    SLICE_X64Y22         MUXF7 (Prop_muxf7_I1_O)      0.217     8.209 f  u_l1_icache/instruction_hold_q_reg[30]_i_24/O
                         net (fo=1, routed)           1.246     9.456    u_l1_icache/instruction_hold_q_reg[30]_i_24_n_0
    SLICE_X41Y16         LUT6 (Prop_lut6_I5_O)        0.299     9.755 f  u_l1_icache/instruction_hold_q[30]_i_8/O
                         net (fo=1, routed)           0.855    10.610    u_l1_icache/instruction_hold_q[30]_i_8_n_0
    SLICE_X23Y11         LUT6 (Prop_lut6_I5_O)        0.124    10.734 r  u_l1_icache/instruction_hold_q[30]_i_4/O
                         net (fo=2, routed)           0.277    11.011    u_cpu/dut_pc/instruction_hold_q_reg[30]
    SLICE_X23Y11         LUT6 (Prop_lut6_I3_O)        0.124    11.135 f  u_cpu/dut_pc/instr_debug[30]_i_1/O
                         net (fo=11, routed)          0.924    12.059    u_cpu/dut_pc/funct7
    SLICE_X17Y10         LUT4 (Prop_lut4_I2_O)        0.124    12.183 f  u_cpu/dut_pc/pc_target1_carry_i_15/O
                         net (fo=1, routed)           0.667    12.850    u_cpu/dut_pc/pc_target1_carry_i_15_n_0
    SLICE_X17Y10         LUT6 (Prop_lut6_I4_O)        0.124    12.974 r  u_cpu/dut_pc/pc_target1_carry_i_9/O
                         net (fo=5, routed)           0.778    13.752    u_cpu/dut_pc/pc_target1_carry_i_9_n_0
    SLICE_X15Y10         LUT6 (Prop_lut6_I2_O)        0.124    13.876 r  u_cpu/dut_pc/pc_target1_carry_i_3/O
                         net (fo=5, routed)           0.805    14.681    u_cpu/dut_pc/instruction_hold_valid_q_reg[1]
    SLICE_X6Y10          LUT4 (Prop_lut4_I3_O)        0.124    14.805 r  u_cpu/dut_pc/result0_carry_i_12/O
                         net (fo=114, routed)         1.127    15.932    u_cpu/dut_pc/src_b[1]
    SLICE_X8Y6           LUT2 (Prop_lut2_I1_O)        0.124    16.056 r  u_cpu/dut_pc/result0_carry_i_7/O
                         net (fo=1, routed)           0.000    16.056    u_cpu/dut_alu/S[1]
    SLICE_X8Y6           CARRY4 (Prop_carry4_S[1]_CO[3])
                                                      0.533    16.589 r  u_cpu/dut_alu/result0_carry/CO[3]
                         net (fo=1, routed)           0.000    16.589    u_cpu/dut_alu/result0_carry_n_0
    SLICE_X8Y7           CARRY4 (Prop_carry4_CI_CO[3])
                                                      0.117    16.706 r  u_cpu/dut_alu/result0_carry__0/CO[3]
                         net (fo=1, routed)           0.000    16.706    u_cpu/dut_alu/result0_carry__0_n_0
    SLICE_X8Y8           CARRY4 (Prop_carry4_CI_CO[3])
                                                      0.117    16.823 r  u_cpu/dut_alu/result0_carry__1/CO[3]
                         net (fo=1, routed)           0.000    16.823    u_cpu/dut_alu/result0_carry__1_n_0
    SLICE_X8Y9           CARRY4 (Prop_carry4_CI_CO[3])
                                                      0.117    16.940 r  u_cpu/dut_alu/result0_carry__2/CO[3]
                         net (fo=1, routed)           0.000    16.940    u_cpu/dut_alu/result0_carry__2_n_0
    SLICE_X8Y10          CARRY4 (Prop_carry4_CI_CO[3])
                                                      0.117    17.057 r  u_cpu/dut_alu/result0_carry__3/CO[3]
                         net (fo=1, routed)           0.000    17.057    u_cpu/dut_alu/result0_carry__3_n_0
    SLICE_X8Y11          CARRY4 (Prop_carry4_CI_O[2])
                                                      0.239    17.296 f  u_cpu/dut_alu/result0_carry__4/O[2]
                         net (fo=1, routed)           0.796    18.092    u_cpu/dut_alu/data0[22]
    SLICE_X6Y15          LUT4 (Prop_lut4_I0_O)        0.301    18.393 f  u_cpu/dut_alu/mem_addr_q[22]_i_12/O
                         net (fo=1, routed)           0.666    19.059    u_cpu/dut_pc/mem_addr_q[22]_i_2_0
    SLICE_X6Y15          LUT6 (Prop_lut6_I5_O)        0.124    19.183 f  u_cpu/dut_pc/mem_addr_q[22]_i_6/O
                         net (fo=1, routed)           0.528    19.712    u_cpu/dut_pc/mem_addr_q[22]_i_6_n_0
    SLICE_X11Y15         LUT6 (Prop_lut6_I5_O)        0.124    19.836 f  u_cpu/dut_pc/mem_addr_q[22]_i_2/O
                         net (fo=5, routed)           1.007    20.843    u_cpu/dut_pc/cpu_mem_addr[22]
    SLICE_X14Y14         LUT6 (Prop_lut6_I0_O)        0.124    20.967 r  u_cpu/dut_pc/pc[31]_i_18/O
                         net (fo=1, routed)           0.582    21.548    u_cpu/dut_pc/pc[31]_i_18_n_0
    SLICE_X16Y13         LUT6 (Prop_lut6_I3_O)        0.124    21.672 r  u_cpu/dut_pc/pc[31]_i_10/O
                         net (fo=2, routed)           0.802    22.474    u_cpu/dut_pc/pc[31]_i_10_n_0
    SLICE_X20Y11         LUT6 (Prop_lut6_I0_O)        0.124    22.598 r  u_cpu/dut_pc/pc[31]_i_5/O
                         net (fo=58, routed)          1.050    23.648    u_cpu/dut_pc/pc[31]_i_5_n_0
    SLICE_X32Y8          LUT6 (Prop_lut6_I1_O)        0.124    23.772 r  u_cpu/dut_pc/pc[4]_rep__2_i_1/O
                         net (fo=1, routed)           0.473    24.245    u_cpu/dut_pc/pc[4]_rep__2_i_1_n_0
    SLICE_X32Y7          FDRE                                         r  u_cpu/dut_pc/pc_reg[4]_rep__2/D
  -------------------------------------------------------------------    -------------------

                         (clock CLK rise edge)       20.000    20.000 r  
    N15                                               0.000    20.000 r  clk (IN)
                         net (fo=0)                   0.000    20.000    clk
    N15                  IBUF (Prop_ibuf_I_O)         0.814    20.814 r  clk_IBUF_inst/O
                         net (fo=1, routed)           1.911    22.725    clk_IBUF
    BUFGCTRL_X0Y0        BUFG (Prop_bufg_I_O)         0.091    22.816 r  clk_IBUF_BUFG_inst/O
                         net (fo=11156, routed)       1.682    24.498    u_cpu/dut_pc/clk_IBUF_BUFG
    SLICE_X32Y7          FDRE                                         r  u_cpu/dut_pc/pc_reg[4]_rep__2/C
                         clock pessimism              0.331    24.830    
                         clock uncertainty           -0.335    24.494    
    SLICE_X32Y7          FDRE (Setup_fdre_C_D)       -0.081    24.413    u_cpu/dut_pc/pc_reg[4]_rep__2
  -------------------------------------------------------------------
                         required time                         24.413    
                         arrival time                         -24.245    
  -------------------------------------------------------------------
                         slack                                  0.168    

Slack (MET) :             0.176ns  (required time - arrival time)
  Source:                 u_cpu/dut_pc/pc_reg[5]_rep__1/C
                            (rising edge-triggered cell FDRE clocked by CLK  {rise@0.000ns fall@10.000ns period=20.000ns})
  Destination:            u_cpu/dut_pc/pc_reg[5]_rep__7/D
                            (rising edge-triggered cell FDRE clocked by CLK  {rise@0.000ns fall@10.000ns period=20.000ns})
  Path Group:             CLK
  Path Type:              Setup (Max at Slow Process Corner)
  Requirement:            20.000ns  (CLK rise@20.000ns - CLK rise@0.000ns)
  Data Path Delay:        19.367ns  (logic 4.387ns (22.652%)  route 14.980ns (77.348%))
  Logic Levels:           23  (CARRY4=6 LUT2=1 LUT4=3 LUT6=12 MUXF7=1)
  Clock Path Skew:        -0.041ns (DCD - SCD + CPR)
    Destination Clock Delay (DCD):    4.499ns = ( 24.499 - 20.000 ) 
    Source Clock Delay      (SCD):    4.872ns
    Clock Pessimism Removal (CPR):    0.331ns
  Clock Uncertainty:      0.335ns  ((TSJ^2 + TIJ^2)^1/2 + DJ) / 2 + PE + UU
    Total System Jitter     (TSJ):    0.071ns
    Total Input Jitter      (TIJ):    0.000ns
    Discrete Jitter          (DJ):    0.000ns
    Phase Error              (PE):    0.000ns
    User Uncertainty         (UU):    0.300ns

    Location             Delay type                Incr(ns)  Path(ns)    Netlist Resource(s)
  -------------------------------------------------------------------    -------------------
                         (clock CLK rise edge)        0.000     0.000 r  
    N15                                               0.000     0.000 r  clk (IN)
                         net (fo=0)                   0.000     0.000    clk
    N15                  IBUF (Prop_ibuf_I_O)         0.948     0.948 r  clk_IBUF_inst/O
                         net (fo=1, routed)           2.016     2.963    clk_IBUF
    BUFGCTRL_X0Y0        BUFG (Prop_bufg_I_O)         0.096     3.059 r  clk_IBUF_BUFG_inst/O
                         net (fo=11156, routed)       1.812     4.872    u_cpu/dut_pc/clk_IBUF_BUFG
    SLICE_X25Y12         FDRE                                         r  u_cpu/dut_pc/pc_reg[5]_rep__1/C
  -------------------------------------------------------------------    -------------------
    SLICE_X25Y12         FDRE (Prop_fdre_C_Q)         0.419     5.291 r  u_cpu/dut_pc/pc_reg[5]_rep__1/Q
                         net (fo=128, routed)         2.403     7.693    u_l1_icache/instruction_hold_q_reg[14]_i_23_0
    SLICE_X64Y22         LUT6 (Prop_lut6_I2_O)        0.299     7.992 f  u_l1_icache/instruction_hold_q[30]_i_56/O
                         net (fo=1, routed)           0.000     7.992    u_l1_icache/instruction_hold_q[30]_i_56_n_0
    SLICE_X64Y22         MUXF7 (Prop_muxf7_I1_O)      0.217     8.209 f  u_l1_icache/instruction_hold_q_reg[30]_i_24/O
                         net (fo=1, routed)           1.246     9.456    u_l1_icache/instruction_hold_q_reg[30]_i_24_n_0
    SLICE_X41Y16         LUT6 (Prop_lut6_I5_O)        0.299     9.755 f  u_l1_icache/instruction_hold_q[30]_i_8/O
                         net (fo=1, routed)           0.855    10.610    u_l1_icache/instruction_hold_q[30]_i_8_n_0
    SLICE_X23Y11         LUT6 (Prop_lut6_I5_O)        0.124    10.734 r  u_l1_icache/instruction_hold_q[30]_i_4/O
                         net (fo=2, routed)           0.277    11.011    u_cpu/dut_pc/instruction_hold_q_reg[30]
    SLICE_X23Y11         LUT6 (Prop_lut6_I3_O)        0.124    11.135 f  u_cpu/dut_pc/instr_debug[30]_i_1/O
                         net (fo=11, routed)          0.924    12.059    u_cpu/dut_pc/funct7
    SLICE_X17Y10         LUT4 (Prop_lut4_I2_O)        0.124    12.183 f  u_cpu/dut_pc/pc_target1_carry_i_15/O
                         net (fo=1, routed)           0.667    12.850    u_cpu/dut_pc/pc_target1_carry_i_15_n_0
    SLICE_X17Y10         LUT6 (Prop_lut6_I4_O)        0.124    12.974 r  u_cpu/dut_pc/pc_target1_carry_i_9/O
                         net (fo=5, routed)           0.778    13.752    u_cpu/dut_pc/pc_target1_carry_i_9_n_0
    SLICE_X15Y10         LUT6 (Prop_lut6_I2_O)        0.124    13.876 r  u_cpu/dut_pc/pc_target1_carry_i_3/O
                         net (fo=5, routed)           0.805    14.681    u_cpu/dut_pc/instruction_hold_valid_q_reg[1]
    SLICE_X6Y10          LUT4 (Prop_lut4_I3_O)        0.124    14.805 r  u_cpu/dut_pc/result0_carry_i_12/O
                         net (fo=114, routed)         1.127    15.932    u_cpu/dut_pc/src_b[1]
    SLICE_X8Y6           LUT2 (Prop_lut2_I1_O)        0.124    16.056 r  u_cpu/dut_pc/result0_carry_i_7/O
                         net (fo=1, routed)           0.000    16.056    u_cpu/dut_alu/S[1]
    SLICE_X8Y6           CARRY4 (Prop_carry4_S[1]_CO[3])
                                                      0.533    16.589 r  u_cpu/dut_alu/result0_carry/CO[3]
                         net (fo=1, routed)           0.000    16.589    u_cpu/dut_alu/result0_carry_n_0
    SLICE_X8Y7           CARRY4 (Prop_carry4_CI_CO[3])
                                                      0.117    16.706 r  u_cpu/dut_alu/result0_carry__0/CO[3]
                         net (fo=1, routed)           0.000    16.706    u_cpu/dut_alu/result0_carry__0_n_0
    SLICE_X8Y8           CARRY4 (Prop_carry4_CI_CO[3])
                                                      0.117    16.823 r  u_cpu/dut_alu/result0_carry__1/CO[3]
                         net (fo=1, routed)           0.000    16.823    u_cpu/dut_alu/result0_carry__1_n_0
    SLICE_X8Y9           CARRY4 (Prop_carry4_CI_CO[3])
                                                      0.117    16.940 r  u_cpu/dut_alu/result0_carry__2/CO[3]
                         net (fo=1, routed)           0.000    16.940    u_cpu/dut_alu/result0_carry__2_n_0
    SLICE_X8Y10          CARRY4 (Prop_carry4_CI_CO[3])
                                                      0.117    17.057 r  u_cpu/dut_alu/result0_carry__3/CO[3]
                         net (fo=1, routed)           0.000    17.057    u_cpu/dut_alu/result0_carry__3_n_0
    SLICE_X8Y11          CARRY4 (Prop_carry4_CI_O[2])
                                                      0.239    17.296 f  u_cpu/dut_alu/result0_carry__4/O[2]
                         net (fo=1, routed)           0.796    18.092    u_cpu/dut_alu/data0[22]
    SLICE_X6Y15          LUT4 (Prop_lut4_I0_O)        0.301    18.393 f  u_cpu/dut_alu/mem_addr_q[22]_i_12/O
                         net (fo=1, routed)           0.666    19.059    u_cpu/dut_pc/mem_addr_q[22]_i_2_0
    SLICE_X6Y15          LUT6 (Prop_lut6_I5_O)        0.124    19.183 f  u_cpu/dut_pc/mem_addr_q[22]_i_6/O
                         net (fo=1, routed)           0.528    19.712    u_cpu/dut_pc/mem_addr_q[22]_i_6_n_0
    SLICE_X11Y15         LUT6 (Prop_lut6_I5_O)        0.124    19.836 f  u_cpu/dut_pc/mem_addr_q[22]_i_2/O
                         net (fo=5, routed)           1.007    20.843    u_cpu/dut_pc/cpu_mem_addr[22]
    SLICE_X14Y14         LUT6 (Prop_lut6_I0_O)        0.124    20.967 r  u_cpu/dut_pc/pc[31]_i_18/O
                         net (fo=1, routed)           0.582    21.548    u_cpu/dut_pc/pc[31]_i_18_n_0
    SLICE_X16Y13         LUT6 (Prop_lut6_I3_O)        0.124    21.672 r  u_cpu/dut_pc/pc[31]_i_10/O
                         net (fo=2, routed)           0.802    22.474    u_cpu/dut_pc/pc[31]_i_10_n_0
    SLICE_X20Y11         LUT6 (Prop_lut6_I0_O)        0.124    22.598 r  u_cpu/dut_pc/pc[31]_i_5/O
                         net (fo=58, routed)          0.893    23.491    u_cpu/dut_pc/pc[31]_i_5_n_0
    SLICE_X26Y8          LUT6 (Prop_lut6_I1_O)        0.124    23.615 r  u_cpu/dut_pc/pc[5]_rep__7_i_1/O
                         net (fo=1, routed)           0.623    24.239    u_cpu/dut_pc/pc[5]_rep__7_i_1_n_0
    SLICE_X28Y8          FDRE                                         r  u_cpu/dut_pc/pc_reg[5]_rep__7/D
  -------------------------------------------------------------------    -------------------

                         (clock CLK rise edge)       20.000    20.000 r  
    N15                                               0.000    20.000 r  clk (IN)
                         net (fo=0)                   0.000    20.000    clk
    N15                  IBUF (Prop_ibuf_I_O)         0.814    20.814 r  clk_IBUF_inst/O
                         net (fo=1, routed)           1.911    22.725    clk_IBUF
    BUFGCTRL_X0Y0        BUFG (Prop_bufg_I_O)         0.091    22.816 r  clk_IBUF_BUFG_inst/O
                         net (fo=11156, routed)       1.683    24.499    u_cpu/dut_pc/clk_IBUF_BUFG
    SLICE_X28Y8          FDRE                                         r  u_cpu/dut_pc/pc_reg[5]_rep__7/C
                         clock pessimism              0.331    24.831    
                         clock uncertainty           -0.335    24.495    
    SLICE_X28Y8          FDRE (Setup_fdre_C_D)       -0.081    24.414    u_cpu/dut_pc/pc_reg[5]_rep__7
  -------------------------------------------------------------------
                         required time                         24.414    
                         arrival time                         -24.239    
  -------------------------------------------------------------------
                         slack                                  0.176    

Slack (MET) :             0.195ns  (required time - arrival time)
  Source:                 u_cpu/dut_pc/pc_reg[5]_rep__1/C
                            (rising edge-triggered cell FDRE clocked by CLK  {rise@0.000ns fall@10.000ns period=20.000ns})
  Destination:            u_cpu/dut_pc/pc_reg[3]/D
                            (rising edge-triggered cell FDRE clocked by CLK  {rise@0.000ns fall@10.000ns period=20.000ns})
  Path Group:             CLK
  Path Type:              Setup (Max at Slow Process Corner)
  Requirement:            20.000ns  (CLK rise@20.000ns - CLK rise@0.000ns)
  Data Path Delay:        19.359ns  (logic 4.387ns (22.661%)  route 14.972ns (77.339%))
  Logic Levels:           23  (CARRY4=6 LUT2=1 LUT4=3 LUT6=12 MUXF7=1)
  Clock Path Skew:        -0.044ns (DCD - SCD + CPR)
    Destination Clock Delay (DCD):    4.496ns = ( 24.496 - 20.000 ) 
    Source Clock Delay      (SCD):    4.872ns
    Clock Pessimism Removal (CPR):    0.331ns
  Clock Uncertainty:      0.335ns  ((TSJ^2 + TIJ^2)^1/2 + DJ) / 2 + PE + UU
    Total System Jitter     (TSJ):    0.071ns
    Total Input Jitter      (TIJ):    0.000ns
    Discrete Jitter          (DJ):    0.000ns
    Phase Error              (PE):    0.000ns
    User Uncertainty         (UU):    0.300ns

    Location             Delay type                Incr(ns)  Path(ns)    Netlist Resource(s)
  -------------------------------------------------------------------    -------------------
                         (clock CLK rise edge)        0.000     0.000 r  
    N15                                               0.000     0.000 r  clk (IN)
                         net (fo=0)                   0.000     0.000    clk
    N15                  IBUF (Prop_ibuf_I_O)         0.948     0.948 r  clk_IBUF_inst/O
                         net (fo=1, routed)           2.016     2.963    clk_IBUF
    BUFGCTRL_X0Y0        BUFG (Prop_bufg_I_O)         0.096     3.059 r  clk_IBUF_BUFG_inst/O
                         net (fo=11156, routed)       1.812     4.872    u_cpu/dut_pc/clk_IBUF_BUFG
    SLICE_X25Y12         FDRE                                         r  u_cpu/dut_pc/pc_reg[5]_rep__1/C
  -------------------------------------------------------------------    -------------------
    SLICE_X25Y12         FDRE (Prop_fdre_C_Q)         0.419     5.291 r  u_cpu/dut_pc/pc_reg[5]_rep__1/Q
                         net (fo=128, routed)         2.403     7.693    u_l1_icache/instruction_hold_q_reg[14]_i_23_0
    SLICE_X64Y22         LUT6 (Prop_lut6_I2_O)        0.299     7.992 f  u_l1_icache/instruction_hold_q[30]_i_56/O
                         net (fo=1, routed)           0.000     7.992    u_l1_icache/instruction_hold_q[30]_i_56_n_0
    SLICE_X64Y22         MUXF7 (Prop_muxf7_I1_O)      0.217     8.209 f  u_l1_icache/instruction_hold_q_reg[30]_i_24/O
                         net (fo=1, routed)           1.246     9.456    u_l1_icache/instruction_hold_q_reg[30]_i_24_n_0
    SLICE_X41Y16         LUT6 (Prop_lut6_I5_O)        0.299     9.755 f  u_l1_icache/instruction_hold_q[30]_i_8/O
                         net (fo=1, routed)           0.855    10.610    u_l1_icache/instruction_hold_q[30]_i_8_n_0
    SLICE_X23Y11         LUT6 (Prop_lut6_I5_O)        0.124    10.734 r  u_l1_icache/instruction_hold_q[30]_i_4/O
                         net (fo=2, routed)           0.277    11.011    u_cpu/dut_pc/instruction_hold_q_reg[30]
    SLICE_X23Y11         LUT6 (Prop_lut6_I3_O)        0.124    11.135 f  u_cpu/dut_pc/instr_debug[30]_i_1/O
                         net (fo=11, routed)          0.924    12.059    u_cpu/dut_pc/funct7
    SLICE_X17Y10         LUT4 (Prop_lut4_I2_O)        0.124    12.183 f  u_cpu/dut_pc/pc_target1_carry_i_15/O
                         net (fo=1, routed)           0.667    12.850    u_cpu/dut_pc/pc_target1_carry_i_15_n_0
    SLICE_X17Y10         LUT6 (Prop_lut6_I4_O)        0.124    12.974 r  u_cpu/dut_pc/pc_target1_carry_i_9/O
                         net (fo=5, routed)           0.778    13.752    u_cpu/dut_pc/pc_target1_carry_i_9_n_0
    SLICE_X15Y10         LUT6 (Prop_lut6_I2_O)        0.124    13.876 r  u_cpu/dut_pc/pc_target1_carry_i_3/O
                         net (fo=5, routed)           0.805    14.681    u_cpu/dut_pc/instruction_hold_valid_q_reg[1]
    SLICE_X6Y10          LUT4 (Prop_lut4_I3_O)        0.124    14.805 r  u_cpu/dut_pc/result0_carry_i_12/O
                         net (fo=114, routed)         1.127    15.932    u_cpu/dut_pc/src_b[1]
    SLICE_X8Y6           LUT2 (Prop_lut2_I1_O)        0.124    16.056 r  u_cpu/dut_pc/result0_carry_i_7/O
                         net (fo=1, routed)           0.000    16.056    u_cpu/dut_alu/S[1]
    SLICE_X8Y6           CARRY4 (Prop_carry4_S[1]_CO[3])
                                                      0.533    16.589 r  u_cpu/dut_alu/result0_carry/CO[3]
                         net (fo=1, routed)           0.000    16.589    u_cpu/dut_alu/result0_carry_n_0
    SLICE_X8Y7           CARRY4 (Prop_carry4_CI_CO[3])
                                                      0.117    16.706 r  u_cpu/dut_alu/result0_carry__0/CO[3]
                         net (fo=1, routed)           0.000    16.706    u_cpu/dut_alu/result0_carry__0_n_0
    SLICE_X8Y8           CARRY4 (Prop_carry4_CI_CO[3])
                                                      0.117    16.823 r  u_cpu/dut_alu/result0_carry__1/CO[3]
                         net (fo=1, routed)           0.000    16.823    u_cpu/dut_alu/result0_carry__1_n_0
    SLICE_X8Y9           CARRY4 (Prop_carry4_CI_CO[3])
                                                      0.117    16.940 r  u_cpu/dut_alu/result0_carry__2/CO[3]
                         net (fo=1, routed)           0.000    16.940    u_cpu/dut_alu/result0_carry__2_n_0
    SLICE_X8Y10          CARRY4 (Prop_carry4_CI_CO[3])
                                                      0.117    17.057 r  u_cpu/dut_alu/result0_carry__3/CO[3]
                         net (fo=1, routed)           0.000    17.057    u_cpu/dut_alu/result0_carry__3_n_0
    SLICE_X8Y11          CARRY4 (Prop_carry4_CI_O[2])
                                                      0.239    17.296 f  u_cpu/dut_alu/result0_carry__4/O[2]
                         net (fo=1, routed)           0.796    18.092    u_cpu/dut_alu/data0[22]
    SLICE_X6Y15          LUT4 (Prop_lut4_I0_O)        0.301    18.393 f  u_cpu/dut_alu/mem_addr_q[22]_i_12/O
                         net (fo=1, routed)           0.666    19.059    u_cpu/dut_pc/mem_addr_q[22]_i_2_0
    SLICE_X6Y15          LUT6 (Prop_lut6_I5_O)        0.124    19.183 f  u_cpu/dut_pc/mem_addr_q[22]_i_6/O
                         net (fo=1, routed)           0.528    19.712    u_cpu/dut_pc/mem_addr_q[22]_i_6_n_0
    SLICE_X11Y15         LUT6 (Prop_lut6_I5_O)        0.124    19.836 f  u_cpu/dut_pc/mem_addr_q[22]_i_2/O
                         net (fo=5, routed)           1.007    20.843    u_cpu/dut_pc/cpu_mem_addr[22]
    SLICE_X14Y14         LUT6 (Prop_lut6_I0_O)        0.124    20.967 r  u_cpu/dut_pc/pc[31]_i_18/O
                         net (fo=1, routed)           0.582    21.548    u_cpu/dut_pc/pc[31]_i_18_n_0
    SLICE_X16Y13         LUT6 (Prop_lut6_I3_O)        0.124    21.672 r  u_cpu/dut_pc/pc[31]_i_10/O
                         net (fo=2, routed)           0.802    22.474    u_cpu/dut_pc/pc[31]_i_10_n_0
    SLICE_X20Y11         LUT6 (Prop_lut6_I0_O)        0.124    22.598 r  u_cpu/dut_pc/pc[31]_i_5/O
                         net (fo=58, routed)          0.876    23.474    u_cpu/dut_pc/pc[31]_i_5_n_0
    SLICE_X26Y11         LUT6 (Prop_lut6_I1_O)        0.124    23.598 r  u_cpu/dut_pc/pc[3]_i_1/O
                         net (fo=1, routed)           0.633    24.231    u_cpu/dut_pc/pc_next[3]
    SLICE_X31Y11         FDRE                                         r  u_cpu/dut_pc/pc_reg[3]/D
  -------------------------------------------------------------------    -------------------

                         (clock CLK rise edge)       20.000    20.000 r  
    N15                                               0.000    20.000 r  clk (IN)
                         net (fo=0)                   0.000    20.000    clk
    N15                  IBUF (Prop_ibuf_I_O)         0.814    20.814 r  clk_IBUF_inst/O
                         net (fo=1, routed)           1.911    22.725    clk_IBUF
    BUFGCTRL_X0Y0        BUFG (Prop_bufg_I_O)         0.091    22.816 r  clk_IBUF_BUFG_inst/O
                         net (fo=11156, routed)       1.680    24.496    u_cpu/dut_pc/clk_IBUF_BUFG
    SLICE_X31Y11         FDRE                                         r  u_cpu/dut_pc/pc_reg[3]/C
                         clock pessimism              0.331    24.828    
                         clock uncertainty           -0.335    24.492    
    SLICE_X31Y11         FDRE (Setup_fdre_C_D)       -0.067    24.425    u_cpu/dut_pc/pc_reg[3]
  -------------------------------------------------------------------
                         required time                         24.425    
                         arrival time                         -24.231    
  -------------------------------------------------------------------
                         slack                                  0.195    

Slack (MET) :             0.222ns  (required time - arrival time)
  Source:                 u_cpu/dut_pc/pc_reg[5]_rep__1/C
                            (rising edge-triggered cell FDRE clocked by CLK  {rise@0.000ns fall@10.000ns period=20.000ns})
  Destination:            u_cpu/dut_pc/pc_reg[5]_rep__4/D
                            (rising edge-triggered cell FDRE clocked by CLK  {rise@0.000ns fall@10.000ns period=20.000ns})
  Path Group:             CLK
  Path Type:              Setup (Max at Slow Process Corner)
  Requirement:            20.000ns  (CLK rise@20.000ns - CLK rise@0.000ns)
  Data Path Delay:        19.334ns  (logic 4.387ns (22.690%)  route 14.947ns (77.310%))
  Logic Levels:           23  (CARRY4=6 LUT2=1 LUT4=3 LUT6=12 MUXF7=1)
  Clock Path Skew:        -0.041ns (DCD - SCD + CPR)
    Destination Clock Delay (DCD):    4.499ns = ( 24.499 - 20.000 ) 
    Source Clock Delay      (SCD):    4.872ns
    Clock Pessimism Removal (CPR):    0.331ns
  Clock Uncertainty:      0.335ns  ((TSJ^2 + TIJ^2)^1/2 + DJ) / 2 + PE + UU
    Total System Jitter     (TSJ):    0.071ns
    Total Input Jitter      (TIJ):    0.000ns
    Discrete Jitter          (DJ):    0.000ns
    Phase Error              (PE):    0.000ns
    User Uncertainty         (UU):    0.300ns

    Location             Delay type                Incr(ns)  Path(ns)    Netlist Resource(s)
  -------------------------------------------------------------------    -------------------
                         (clock CLK rise edge)        0.000     0.000 r  
    N15                                               0.000     0.000 r  clk (IN)
                         net (fo=0)                   0.000     0.000    clk
    N15                  IBUF (Prop_ibuf_I_O)         0.948     0.948 r  clk_IBUF_inst/O
                         net (fo=1, routed)           2.016     2.963    clk_IBUF
    BUFGCTRL_X0Y0        BUFG (Prop_bufg_I_O)         0.096     3.059 r  clk_IBUF_BUFG_inst/O
                         net (fo=11156, routed)       1.812     4.872    u_cpu/dut_pc/clk_IBUF_BUFG
    SLICE_X25Y12         FDRE                                         r  u_cpu/dut_pc/pc_reg[5]_rep__1/C
  -------------------------------------------------------------------    -------------------
    SLICE_X25Y12         FDRE (Prop_fdre_C_Q)         0.419     5.291 r  u_cpu/dut_pc/pc_reg[5]_rep__1/Q
                         net (fo=128, routed)         2.403     7.693    u_l1_icache/instruction_hold_q_reg[14]_i_23_0
    SLICE_X64Y22         LUT6 (Prop_lut6_I2_O)        0.299     7.992 f  u_l1_icache/instruction_hold_q[30]_i_56/O
                         net (fo=1, routed)           0.000     7.992    u_l1_icache/instruction_hold_q[30]_i_56_n_0
    SLICE_X64Y22         MUXF7 (Prop_muxf7_I1_O)      0.217     8.209 f  u_l1_icache/instruction_hold_q_reg[30]_i_24/O
                         net (fo=1, routed)           1.246     9.456    u_l1_icache/instruction_hold_q_reg[30]_i_24_n_0
    SLICE_X41Y16         LUT6 (Prop_lut6_I5_O)        0.299     9.755 f  u_l1_icache/instruction_hold_q[30]_i_8/O
                         net (fo=1, routed)           0.855    10.610    u_l1_icache/instruction_hold_q[30]_i_8_n_0
    SLICE_X23Y11         LUT6 (Prop_lut6_I5_O)        0.124    10.734 r  u_l1_icache/instruction_hold_q[30]_i_4/O
                         net (fo=2, routed)           0.277    11.011    u_cpu/dut_pc/instruction_hold_q_reg[30]
    SLICE_X23Y11         LUT6 (Prop_lut6_I3_O)        0.124    11.135 f  u_cpu/dut_pc/instr_debug[30]_i_1/O
                         net (fo=11, routed)          0.924    12.059    u_cpu/dut_pc/funct7
    SLICE_X17Y10         LUT4 (Prop_lut4_I2_O)        0.124    12.183 f  u_cpu/dut_pc/pc_target1_carry_i_15/O
                         net (fo=1, routed)           0.667    12.850    u_cpu/dut_pc/pc_target1_carry_i_15_n_0
    SLICE_X17Y10         LUT6 (Prop_lut6_I4_O)        0.124    12.974 r  u_cpu/dut_pc/pc_target1_carry_i_9/O
                         net (fo=5, routed)           0.778    13.752    u_cpu/dut_pc/pc_target1_carry_i_9_n_0
    SLICE_X15Y10         LUT6 (Prop_lut6_I2_O)        0.124    13.876 r  u_cpu/dut_pc/pc_target1_carry_i_3/O
                         net (fo=5, routed)           0.805    14.681    u_cpu/dut_pc/instruction_hold_valid_q_reg[1]
    SLICE_X6Y10          LUT4 (Prop_lut4_I3_O)        0.124    14.805 r  u_cpu/dut_pc/result0_carry_i_12/O
                         net (fo=114, routed)         1.127    15.932    u_cpu/dut_pc/src_b[1]
    SLICE_X8Y6           LUT2 (Prop_lut2_I1_O)        0.124    16.056 r  u_cpu/dut_pc/result0_carry_i_7/O
                         net (fo=1, routed)           0.000    16.056    u_cpu/dut_alu/S[1]
    SLICE_X8Y6           CARRY4 (Prop_carry4_S[1]_CO[3])
                                                      0.533    16.589 r  u_cpu/dut_alu/result0_carry/CO[3]
                         net (fo=1, routed)           0.000    16.589    u_cpu/dut_alu/result0_carry_n_0
    SLICE_X8Y7           CARRY4 (Prop_carry4_CI_CO[3])
                                                      0.117    16.706 r  u_cpu/dut_alu/result0_carry__0/CO[3]
                         net (fo=1, routed)           0.000    16.706    u_cpu/dut_alu/result0_carry__0_n_0
    SLICE_X8Y8           CARRY4 (Prop_carry4_CI_CO[3])
                                                      0.117    16.823 r  u_cpu/dut_alu/result0_carry__1/CO[3]
                         net (fo=1, routed)           0.000    16.823    u_cpu/dut_alu/result0_carry__1_n_0
    SLICE_X8Y9           CARRY4 (Prop_carry4_CI_CO[3])
                                                      0.117    16.940 r  u_cpu/dut_alu/result0_carry__2/CO[3]
                         net (fo=1, routed)           0.000    16.940    u_cpu/dut_alu/result0_carry__2_n_0
    SLICE_X8Y10          CARRY4 (Prop_carry4_CI_CO[3])
                                                      0.117    17.057 r  u_cpu/dut_alu/result0_carry__3/CO[3]
                         net (fo=1, routed)           0.000    17.057    u_cpu/dut_alu/result0_carry__3_n_0
    SLICE_X8Y11          CARRY4 (Prop_carry4_CI_O[2])
                                                      0.239    17.296 f  u_cpu/dut_alu/result0_carry__4/O[2]
                         net (fo=1, routed)           0.796    18.092    u_cpu/dut_alu/data0[22]
    SLICE_X6Y15          LUT4 (Prop_lut4_I0_O)        0.301    18.393 f  u_cpu/dut_alu/mem_addr_q[22]_i_12/O
                         net (fo=1, routed)           0.666    19.059    u_cpu/dut_pc/mem_addr_q[22]_i_2_0
    SLICE_X6Y15          LUT6 (Prop_lut6_I5_O)        0.124    19.183 f  u_cpu/dut_pc/mem_addr_q[22]_i_6/O
                         net (fo=1, routed)           0.528    19.712    u_cpu/dut_pc/mem_addr_q[22]_i_6_n_0
    SLICE_X11Y15         LUT6 (Prop_lut6_I5_O)        0.124    19.836 f  u_cpu/dut_pc/mem_addr_q[22]_i_2/O
                         net (fo=5, routed)           1.007    20.843    u_cpu/dut_pc/cpu_mem_addr[22]
    SLICE_X14Y14         LUT6 (Prop_lut6_I0_O)        0.124    20.967 r  u_cpu/dut_pc/pc[31]_i_18/O
                         net (fo=1, routed)           0.582    21.548    u_cpu/dut_pc/pc[31]_i_18_n_0
    SLICE_X16Y13         LUT6 (Prop_lut6_I3_O)        0.124    21.672 r  u_cpu/dut_pc/pc[31]_i_10/O
                         net (fo=2, routed)           0.802    22.474    u_cpu/dut_pc/pc[31]_i_10_n_0
    SLICE_X20Y11         LUT6 (Prop_lut6_I0_O)        0.124    22.598 r  u_cpu/dut_pc/pc[31]_i_5/O
                         net (fo=58, routed)          0.871    23.469    u_cpu/dut_pc/pc[31]_i_5_n_0
    SLICE_X28Y8          LUT6 (Prop_lut6_I1_O)        0.124    23.593 r  u_cpu/dut_pc/pc[5]_rep__4_i_1/O
                         net (fo=1, routed)           0.613    24.206    u_cpu/dut_pc/pc[5]_rep__4_i_1_n_0
    SLICE_X28Y8          FDRE                                         r  u_cpu/dut_pc/pc_reg[5]_rep__4/D
  -------------------------------------------------------------------    -------------------

                         (clock CLK rise edge)       20.000    20.000 r  
    N15                                               0.000    20.000 r  clk (IN)
                         net (fo=0)                   0.000    20.000    clk
    N15                  IBUF (Prop_ibuf_I_O)         0.814    20.814 r  clk_IBUF_inst/O
                         net (fo=1, routed)           1.911    22.725    clk_IBUF
    BUFGCTRL_X0Y0        BUFG (Prop_bufg_I_O)         0.091    22.816 r  clk_IBUF_BUFG_inst/O
                         net (fo=11156, routed)       1.683    24.499    u_cpu/dut_pc/clk_IBUF_BUFG
    SLICE_X28Y8          FDRE                                         r  u_cpu/dut_pc/pc_reg[5]_rep__4/C
                         clock pessimism              0.331    24.831    
                         clock uncertainty           -0.335    24.495    
    SLICE_X28Y8          FDRE (Setup_fdre_C_D)       -0.067    24.428    u_cpu/dut_pc/pc_reg[5]_rep__4
  -------------------------------------------------------------------
                         required time                         24.428    
                         arrival time                         -24.206    
  -------------------------------------------------------------------
                         slack                                  0.222    

Slack (MET) :             0.250ns  (required time - arrival time)
  Source:                 u_cpu/dut_pc/pc_reg[5]_rep__1/C
                            (rising edge-triggered cell FDRE clocked by CLK  {rise@0.000ns fall@10.000ns period=20.000ns})
  Destination:            u_cpu/dut_pc/pc_reg[4]_rep__5/D
                            (rising edge-triggered cell FDRE clocked by CLK  {rise@0.000ns fall@10.000ns period=20.000ns})
  Path Group:             CLK
  Path Type:              Setup (Max at Slow Process Corner)
  Requirement:            20.000ns  (CLK rise@20.000ns - CLK rise@0.000ns)
  Data Path Delay:        19.312ns  (logic 4.387ns (22.716%)  route 14.925ns (77.284%))
  Logic Levels:           23  (CARRY4=6 LUT2=1 LUT4=3 LUT6=12 MUXF7=1)
  Clock Path Skew:        -0.042ns (DCD - SCD + CPR)
    Destination Clock Delay (DCD):    4.498ns = ( 24.498 - 20.000 ) 
    Source Clock Delay      (SCD):    4.872ns
    Clock Pessimism Removal (CPR):    0.331ns
  Clock Uncertainty:      0.335ns  ((TSJ^2 + TIJ^2)^1/2 + DJ) / 2 + PE + UU
    Total System Jitter     (TSJ):    0.071ns
    Total Input Jitter      (TIJ):    0.000ns
    Discrete Jitter          (DJ):    0.000ns
    Phase Error              (PE):    0.000ns
    User Uncertainty         (UU):    0.300ns

    Location             Delay type                Incr(ns)  Path(ns)    Netlist Resource(s)
  -------------------------------------------------------------------    -------------------
                         (clock CLK rise edge)        0.000     0.000 r  
    N15                                               0.000     0.000 r  clk (IN)
                         net (fo=0)                   0.000     0.000    clk
    N15                  IBUF (Prop_ibuf_I_O)         0.948     0.948 r  clk_IBUF_inst/O
                         net (fo=1, routed)           2.016     2.963    clk_IBUF
    BUFGCTRL_X0Y0        BUFG (Prop_bufg_I_O)         0.096     3.059 r  clk_IBUF_BUFG_inst/O
                         net (fo=11156, routed)       1.812     4.872    u_cpu/dut_pc/clk_IBUF_BUFG
    SLICE_X25Y12         FDRE                                         r  u_cpu/dut_pc/pc_reg[5]_rep__1/C
  -------------------------------------------------------------------    -------------------
    SLICE_X25Y12         FDRE (Prop_fdre_C_Q)         0.419     5.291 r  u_cpu/dut_pc/pc_reg[5]_rep__1/Q
                         net (fo=128, routed)         2.403     7.693    u_l1_icache/instruction_hold_q_reg[14]_i_23_0
    SLICE_X64Y22         LUT6 (Prop_lut6_I2_O)        0.299     7.992 f  u_l1_icache/instruction_hold_q[30]_i_56/O
                         net (fo=1, routed)           0.000     7.992    u_l1_icache/instruction_hold_q[30]_i_56_n_0
    SLICE_X64Y22         MUXF7 (Prop_muxf7_I1_O)      0.217     8.209 f  u_l1_icache/instruction_hold_q_reg[30]_i_24/O
                         net (fo=1, routed)           1.246     9.456    u_l1_icache/instruction_hold_q_reg[30]_i_24_n_0
    SLICE_X41Y16         LUT6 (Prop_lut6_I5_O)        0.299     9.755 f  u_l1_icache/instruction_hold_q[30]_i_8/O
                         net (fo=1, routed)           0.855    10.610    u_l1_icache/instruction_hold_q[30]_i_8_n_0
    SLICE_X23Y11         LUT6 (Prop_lut6_I5_O)        0.124    10.734 r  u_l1_icache/instruction_hold_q[30]_i_4/O
                         net (fo=2, routed)           0.277    11.011    u_cpu/dut_pc/instruction_hold_q_reg[30]
    SLICE_X23Y11         LUT6 (Prop_lut6_I3_O)        0.124    11.135 f  u_cpu/dut_pc/instr_debug[30]_i_1/O
                         net (fo=11, routed)          0.924    12.059    u_cpu/dut_pc/funct7
    SLICE_X17Y10         LUT4 (Prop_lut4_I2_O)        0.124    12.183 f  u_cpu/dut_pc/pc_target1_carry_i_15/O
                         net (fo=1, routed)           0.667    12.850    u_cpu/dut_pc/pc_target1_carry_i_15_n_0
    SLICE_X17Y10         LUT6 (Prop_lut6_I4_O)        0.124    12.974 r  u_cpu/dut_pc/pc_target1_carry_i_9/O
                         net (fo=5, routed)           0.778    13.752    u_cpu/dut_pc/pc_target1_carry_i_9_n_0
    SLICE_X15Y10         LUT6 (Prop_lut6_I2_O)        0.124    13.876 r  u_cpu/dut_pc/pc_target1_carry_i_3/O
                         net (fo=5, routed)           0.805    14.681    u_cpu/dut_pc/instruction_hold_valid_q_reg[1]
    SLICE_X6Y10          LUT4 (Prop_lut4_I3_O)        0.124    14.805 r  u_cpu/dut_pc/result0_carry_i_12/O
                         net (fo=114, routed)         1.127    15.932    u_cpu/dut_pc/src_b[1]
    SLICE_X8Y6           LUT2 (Prop_lut2_I1_O)        0.124    16.056 r  u_cpu/dut_pc/result0_carry_i_7/O
                         net (fo=1, routed)           0.000    16.056    u_cpu/dut_alu/S[1]
    SLICE_X8Y6           CARRY4 (Prop_carry4_S[1]_CO[3])
                                                      0.533    16.589 r  u_cpu/dut_alu/result0_carry/CO[3]
                         net (fo=1, routed)           0.000    16.589    u_cpu/dut_alu/result0_carry_n_0
    SLICE_X8Y7           CARRY4 (Prop_carry4_CI_CO[3])
                                                      0.117    16.706 r  u_cpu/dut_alu/result0_carry__0/CO[3]
                         net (fo=1, routed)           0.000    16.706    u_cpu/dut_alu/result0_carry__0_n_0
    SLICE_X8Y8           CARRY4 (Prop_carry4_CI_CO[3])
                                                      0.117    16.823 r  u_cpu/dut_alu/result0_carry__1/CO[3]
                         net (fo=1, routed)           0.000    16.823    u_cpu/dut_alu/result0_carry__1_n_0
    SLICE_X8Y9           CARRY4 (Prop_carry4_CI_CO[3])
                                                      0.117    16.940 r  u_cpu/dut_alu/result0_carry__2/CO[3]
                         net (fo=1, routed)           0.000    16.940    u_cpu/dut_alu/result0_carry__2_n_0
    SLICE_X8Y10          CARRY4 (Prop_carry4_CI_CO[3])
                                                      0.117    17.057 r  u_cpu/dut_alu/result0_carry__3/CO[3]
                         net (fo=1, routed)           0.000    17.057    u_cpu/dut_alu/result0_carry__3_n_0
    SLICE_X8Y11          CARRY4 (Prop_carry4_CI_O[2])
                                                      0.239    17.296 f  u_cpu/dut_alu/result0_carry__4/O[2]
                         net (fo=1, routed)           0.796    18.092    u_cpu/dut_alu/data0[22]
    SLICE_X6Y15          LUT4 (Prop_lut4_I0_O)        0.301    18.393 f  u_cpu/dut_alu/mem_addr_q[22]_i_12/O
                         net (fo=1, routed)           0.666    19.059    u_cpu/dut_pc/mem_addr_q[22]_i_2_0
    SLICE_X6Y15          LUT6 (Prop_lut6_I5_O)        0.124    19.183 f  u_cpu/dut_pc/mem_addr_q[22]_i_6/O
                         net (fo=1, routed)           0.528    19.712    u_cpu/dut_pc/mem_addr_q[22]_i_6_n_0
    SLICE_X11Y15         LUT6 (Prop_lut6_I5_O)        0.124    19.836 f  u_cpu/dut_pc/mem_addr_q[22]_i_2/O
                         net (fo=5, routed)           1.007    20.843    u_cpu/dut_pc/cpu_mem_addr[22]
    SLICE_X14Y14         LUT6 (Prop_lut6_I0_O)        0.124    20.967 r  u_cpu/dut_pc/pc[31]_i_18/O
                         net (fo=1, routed)           0.582    21.548    u_cpu/dut_pc/pc[31]_i_18_n_0
    SLICE_X16Y13         LUT6 (Prop_lut6_I3_O)        0.124    21.672 r  u_cpu/dut_pc/pc[31]_i_10/O
                         net (fo=2, routed)           0.802    22.474    u_cpu/dut_pc/pc[31]_i_10_n_0
    SLICE_X20Y11         LUT6 (Prop_lut6_I0_O)        0.124    22.598 r  u_cpu/dut_pc/pc[31]_i_5/O
                         net (fo=58, routed)          0.942    23.540    u_cpu/dut_pc/pc[31]_i_5_n_0
    SLICE_X32Y7          LUT6 (Prop_lut6_I1_O)        0.124    23.664 r  u_cpu/dut_pc/pc[4]_rep__5_i_1/O
                         net (fo=1, routed)           0.519    24.184    u_cpu/dut_pc/pc[4]_rep__5_i_1_n_0
    SLICE_X32Y7          FDRE                                         r  u_cpu/dut_pc/pc_reg[4]_rep__5/D
  -------------------------------------------------------------------    -------------------

                         (clock CLK rise edge)       20.000    20.000 r  
    N15                                               0.000    20.000 r  clk (IN)
                         net (fo=0)                   0.000    20.000    clk
    N15                  IBUF (Prop_ibuf_I_O)         0.814    20.814 r  clk_IBUF_inst/O
                         net (fo=1, routed)           1.911    22.725    clk_IBUF
    BUFGCTRL_X0Y0        BUFG (Prop_bufg_I_O)         0.091    22.816 r  clk_IBUF_BUFG_inst/O
                         net (fo=11156, routed)       1.682    24.498    u_cpu/dut_pc/clk_IBUF_BUFG
    SLICE_X32Y7          FDRE                                         r  u_cpu/dut_pc/pc_reg[4]_rep__5/C
                         clock pessimism              0.331    24.830    
                         clock uncertainty           -0.335    24.494    
    SLICE_X32Y7          FDRE (Setup_fdre_C_D)       -0.061    24.433    u_cpu/dut_pc/pc_reg[4]_rep__5
  -------------------------------------------------------------------
                         required time                         24.433    
                         arrival time                         -24.184    
  -------------------------------------------------------------------
                         slack                                  0.250    

Slack (MET) :             0.264ns  (required time - arrival time)
  Source:                 u_cpu/dut_pc/pc_reg[5]_rep__1/C
                            (rising edge-triggered cell FDRE clocked by CLK  {rise@0.000ns fall@10.000ns period=20.000ns})
  Destination:            u_cpu/dut_pc/pc_reg[5]_rep__5/D
                            (rising edge-triggered cell FDRE clocked by CLK  {rise@0.000ns fall@10.000ns period=20.000ns})
  Path Group:             CLK
  Path Type:              Setup (Max at Slow Process Corner)
  Requirement:            20.000ns  (CLK rise@20.000ns - CLK rise@0.000ns)
  Data Path Delay:        19.277ns  (logic 4.387ns (22.758%)  route 14.890ns (77.242%))
  Logic Levels:           23  (CARRY4=6 LUT2=1 LUT4=3 LUT6=12 MUXF7=1)
  Clock Path Skew:        -0.043ns (DCD - SCD + CPR)
    Destination Clock Delay (DCD):    4.497ns = ( 24.497 - 20.000 ) 
    Source Clock Delay      (SCD):    4.872ns
    Clock Pessimism Removal (CPR):    0.331ns
  Clock Uncertainty:      0.335ns  ((TSJ^2 + TIJ^2)^1/2 + DJ) / 2 + PE + UU
    Total System Jitter     (TSJ):    0.071ns
    Total Input Jitter      (TIJ):    0.000ns
    Discrete Jitter          (DJ):    0.000ns
    Phase Error              (PE):    0.000ns
    User Uncertainty         (UU):    0.300ns

    Location             Delay type                Incr(ns)  Path(ns)    Netlist Resource(s)
  -------------------------------------------------------------------    -------------------
                         (clock CLK rise edge)        0.000     0.000 r  
    N15                                               0.000     0.000 r  clk (IN)
                         net (fo=0)                   0.000     0.000    clk
    N15                  IBUF (Prop_ibuf_I_O)         0.948     0.948 r  clk_IBUF_inst/O
                         net (fo=1, routed)           2.016     2.963    clk_IBUF
    BUFGCTRL_X0Y0        BUFG (Prop_bufg_I_O)         0.096     3.059 r  clk_IBUF_BUFG_inst/O
                         net (fo=11156, routed)       1.812     4.872    u_cpu/dut_pc/clk_IBUF_BUFG
    SLICE_X25Y12         FDRE                                         r  u_cpu/dut_pc/pc_reg[5]_rep__1/C
  -------------------------------------------------------------------    -------------------
    SLICE_X25Y12         FDRE (Prop_fdre_C_Q)         0.419     5.291 r  u_cpu/dut_pc/pc_reg[5]_rep__1/Q
                         net (fo=128, routed)         2.403     7.693    u_l1_icache/instruction_hold_q_reg[14]_i_23_0
    SLICE_X64Y22         LUT6 (Prop_lut6_I2_O)        0.299     7.992 f  u_l1_icache/instruction_hold_q[30]_i_56/O
                         net (fo=1, routed)           0.000     7.992    u_l1_icache/instruction_hold_q[30]_i_56_n_0
    SLICE_X64Y22         MUXF7 (Prop_muxf7_I1_O)      0.217     8.209 f  u_l1_icache/instruction_hold_q_reg[30]_i_24/O
                         net (fo=1, routed)           1.246     9.456    u_l1_icache/instruction_hold_q_reg[30]_i_24_n_0
    SLICE_X41Y16         LUT6 (Prop_lut6_I5_O)        0.299     9.755 f  u_l1_icache/instruction_hold_q[30]_i_8/O
                         net (fo=1, routed)           0.855    10.610    u_l1_icache/instruction_hold_q[30]_i_8_n_0
    SLICE_X23Y11         LUT6 (Prop_lut6_I5_O)        0.124    10.734 r  u_l1_icache/instruction_hold_q[30]_i_4/O
                         net (fo=2, routed)           0.277    11.011    u_cpu/dut_pc/instruction_hold_q_reg[30]
    SLICE_X23Y11         LUT6 (Prop_lut6_I3_O)        0.124    11.135 f  u_cpu/dut_pc/instr_debug[30]_i_1/O
                         net (fo=11, routed)          0.924    12.059    u_cpu/dut_pc/funct7
    SLICE_X17Y10         LUT4 (Prop_lut4_I2_O)        0.124    12.183 f  u_cpu/dut_pc/pc_target1_carry_i_15/O
                         net (fo=1, routed)           0.667    12.850    u_cpu/dut_pc/pc_target1_carry_i_15_n_0
    SLICE_X17Y10         LUT6 (Prop_lut6_I4_O)        0.124    12.974 r  u_cpu/dut_pc/pc_target1_carry_i_9/O
                         net (fo=5, routed)           0.778    13.752    u_cpu/dut_pc/pc_target1_carry_i_9_n_0
    SLICE_X15Y10         LUT6 (Prop_lut6_I2_O)        0.124    13.876 r  u_cpu/dut_pc/pc_target1_carry_i_3/O
                         net (fo=5, routed)           0.805    14.681    u_cpu/dut_pc/instruction_hold_valid_q_reg[1]
    SLICE_X6Y10          LUT4 (Prop_lut4_I3_O)        0.124    14.805 r  u_cpu/dut_pc/result0_carry_i_12/O
                         net (fo=114, routed)         1.127    15.932    u_cpu/dut_pc/src_b[1]
    SLICE_X8Y6           LUT2 (Prop_lut2_I1_O)        0.124    16.056 r  u_cpu/dut_pc/result0_carry_i_7/O
                         net (fo=1, routed)           0.000    16.056    u_cpu/dut_alu/S[1]
    SLICE_X8Y6           CARRY4 (Prop_carry4_S[1]_CO[3])
                                                      0.533    16.589 r  u_cpu/dut_alu/result0_carry/CO[3]
                         net (fo=1, routed)           0.000    16.589    u_cpu/dut_alu/result0_carry_n_0
    SLICE_X8Y7           CARRY4 (Prop_carry4_CI_CO[3])
                                                      0.117    16.706 r  u_cpu/dut_alu/result0_carry__0/CO[3]
                         net (fo=1, routed)           0.000    16.706    u_cpu/dut_alu/result0_carry__0_n_0
    SLICE_X8Y8           CARRY4 (Prop_carry4_CI_CO[3])
                                                      0.117    16.823 r  u_cpu/dut_alu/result0_carry__1/CO[3]
                         net (fo=1, routed)           0.000    16.823    u_cpu/dut_alu/result0_carry__1_n_0
    SLICE_X8Y9           CARRY4 (Prop_carry4_CI_CO[3])
                                                      0.117    16.940 r  u_cpu/dut_alu/result0_carry__2/CO[3]
                         net (fo=1, routed)           0.000    16.940    u_cpu/dut_alu/result0_carry__2_n_0
    SLICE_X8Y10          CARRY4 (Prop_carry4_CI_CO[3])
                                                      0.117    17.057 r  u_cpu/dut_alu/result0_carry__3/CO[3]
                         net (fo=1, routed)           0.000    17.057    u_cpu/dut_alu/result0_carry__3_n_0
    SLICE_X8Y11          CARRY4 (Prop_carry4_CI_O[2])
                                                      0.239    17.296 f  u_cpu/dut_alu/result0_carry__4/O[2]
                         net (fo=1, routed)           0.796    18.092    u_cpu/dut_alu/data0[22]
    SLICE_X6Y15          LUT4 (Prop_lut4_I0_O)        0.301    18.393 f  u_cpu/dut_alu/mem_addr_q[22]_i_12/O
                         net (fo=1, routed)           0.666    19.059    u_cpu/dut_pc/mem_addr_q[22]_i_2_0
    SLICE_X6Y15          LUT6 (Prop_lut6_I5_O)        0.124    19.183 f  u_cpu/dut_pc/mem_addr_q[22]_i_6/O
                         net (fo=1, routed)           0.528    19.712    u_cpu/dut_pc/mem_addr_q[22]_i_6_n_0
    SLICE_X11Y15         LUT6 (Prop_lut6_I5_O)        0.124    19.836 f  u_cpu/dut_pc/mem_addr_q[22]_i_2/O
                         net (fo=5, routed)           1.007    20.843    u_cpu/dut_pc/cpu_mem_addr[22]
    SLICE_X14Y14         LUT6 (Prop_lut6_I0_O)        0.124    20.967 r  u_cpu/dut_pc/pc[31]_i_18/O
                         net (fo=1, routed)           0.582    21.548    u_cpu/dut_pc/pc[31]_i_18_n_0
    SLICE_X16Y13         LUT6 (Prop_lut6_I3_O)        0.124    21.672 r  u_cpu/dut_pc/pc[31]_i_10/O
                         net (fo=2, routed)           0.802    22.474    u_cpu/dut_pc/pc[31]_i_10_n_0
    SLICE_X20Y11         LUT6 (Prop_lut6_I0_O)        0.124    22.598 r  u_cpu/dut_pc/pc[31]_i_5/O
                         net (fo=58, routed)          1.094    23.693    u_cpu/dut_pc/pc[31]_i_5_n_0
    SLICE_X36Y7          LUT6 (Prop_lut6_I1_O)        0.124    23.817 r  u_cpu/dut_pc/pc[5]_rep__5_i_1/O
                         net (fo=1, routed)           0.332    24.149    u_cpu/dut_pc/pc[5]_rep__5_i_1_n_0
    SLICE_X36Y7          FDRE                                         r  u_cpu/dut_pc/pc_reg[5]_rep__5/D
  -------------------------------------------------------------------    -------------------

                         (clock CLK rise edge)       20.000    20.000 r  
    N15                                               0.000    20.000 r  clk (IN)
                         net (fo=0)                   0.000    20.000    clk
    N15                  IBUF (Prop_ibuf_I_O)         0.814    20.814 r  clk_IBUF_inst/O
                         net (fo=1, routed)           1.911    22.725    clk_IBUF
    BUFGCTRL_X0Y0        BUFG (Prop_bufg_I_O)         0.091    22.816 r  clk_IBUF_BUFG_inst/O
                         net (fo=11156, routed)       1.681    24.497    u_cpu/dut_pc/clk_IBUF_BUFG
    SLICE_X36Y7          FDRE                                         r  u_cpu/dut_pc/pc_reg[5]_rep__5/C
                         clock pessimism              0.331    24.829    
                         clock uncertainty           -0.335    24.493    
    SLICE_X36Y7          FDRE (Setup_fdre_C_D)       -0.081    24.412    u_cpu/dut_pc/pc_reg[5]_rep__5
  -------------------------------------------------------------------
                         required time                         24.412    
                         arrival time                         -24.149    
  -------------------------------------------------------------------
                         slack                                  0.264    

Slack (MET) :             0.276ns  (required time - arrival time)
  Source:                 u_cpu/dut_pc/pc_reg[5]_rep__1/C
                            (rising edge-triggered cell FDRE clocked by CLK  {rise@0.000ns fall@10.000ns period=20.000ns})
  Destination:            u_cpu/dut_pc/pc_reg[7]/D
                            (rising edge-triggered cell FDRE clocked by CLK  {rise@0.000ns fall@10.000ns period=20.000ns})
  Path Group:             CLK
  Path Type:              Setup (Max at Slow Process Corner)
  Requirement:            20.000ns  (CLK rise@20.000ns - CLK rise@0.000ns)
  Data Path Delay:        19.286ns  (logic 4.387ns (22.747%)  route 14.899ns (77.253%))
  Logic Levels:           23  (CARRY4=6 LUT2=1 LUT4=3 LUT6=12 MUXF7=1)
  Clock Path Skew:        -0.044ns (DCD - SCD + CPR)
    Destination Clock Delay (DCD):    4.496ns = ( 24.496 - 20.000 ) 
    Source Clock Delay      (SCD):    4.872ns
    Clock Pessimism Removal (CPR):    0.331ns
  Clock Uncertainty:      0.335ns  ((TSJ^2 + TIJ^2)^1/2 + DJ) / 2 + PE + UU
    Total System Jitter     (TSJ):    0.071ns
    Total Input Jitter      (TIJ):    0.000ns
    Discrete Jitter          (DJ):    0.000ns
    Phase Error              (PE):    0.000ns
    User Uncertainty         (UU):    0.300ns

    Location             Delay type                Incr(ns)  Path(ns)    Netlist Resource(s)
  -------------------------------------------------------------------    -------------------
                         (clock CLK rise edge)        0.000     0.000 r  
    N15                                               0.000     0.000 r  clk (IN)
                         net (fo=0)                   0.000     0.000    clk
    N15                  IBUF (Prop_ibuf_I_O)         0.948     0.948 r  clk_IBUF_inst/O
                         net (fo=1, routed)           2.016     2.963    clk_IBUF
    BUFGCTRL_X0Y0        BUFG (Prop_bufg_I_O)         0.096     3.059 r  clk_IBUF_BUFG_inst/O
                         net (fo=11156, routed)       1.812     4.872    u_cpu/dut_pc/clk_IBUF_BUFG
    SLICE_X25Y12         FDRE                                         r  u_cpu/dut_pc/pc_reg[5]_rep__1/C
  -------------------------------------------------------------------    -------------------
    SLICE_X25Y12         FDRE (Prop_fdre_C_Q)         0.419     5.291 r  u_cpu/dut_pc/pc_reg[5]_rep__1/Q
                         net (fo=128, routed)         2.403     7.693    u_l1_icache/instruction_hold_q_reg[14]_i_23_0
    SLICE_X64Y22         LUT6 (Prop_lut6_I2_O)        0.299     7.992 f  u_l1_icache/instruction_hold_q[30]_i_56/O
                         net (fo=1, routed)           0.000     7.992    u_l1_icache/instruction_hold_q[30]_i_56_n_0
    SLICE_X64Y22         MUXF7 (Prop_muxf7_I1_O)      0.217     8.209 f  u_l1_icache/instruction_hold_q_reg[30]_i_24/O
                         net (fo=1, routed)           1.246     9.456    u_l1_icache/instruction_hold_q_reg[30]_i_24_n_0
    SLICE_X41Y16         LUT6 (Prop_lut6_I5_O)        0.299     9.755 f  u_l1_icache/instruction_hold_q[30]_i_8/O
                         net (fo=1, routed)           0.855    10.610    u_l1_icache/instruction_hold_q[30]_i_8_n_0
    SLICE_X23Y11         LUT6 (Prop_lut6_I5_O)        0.124    10.734 r  u_l1_icache/instruction_hold_q[30]_i_4/O
                         net (fo=2, routed)           0.277    11.011    u_cpu/dut_pc/instruction_hold_q_reg[30]
    SLICE_X23Y11         LUT6 (Prop_lut6_I3_O)        0.124    11.135 f  u_cpu/dut_pc/instr_debug[30]_i_1/O
                         net (fo=11, routed)          0.924    12.059    u_cpu/dut_pc/funct7
    SLICE_X17Y10         LUT4 (Prop_lut4_I2_O)        0.124    12.183 f  u_cpu/dut_pc/pc_target1_carry_i_15/O
                         net (fo=1, routed)           0.667    12.850    u_cpu/dut_pc/pc_target1_carry_i_15_n_0
    SLICE_X17Y10         LUT6 (Prop_lut6_I4_O)        0.124    12.974 r  u_cpu/dut_pc/pc_target1_carry_i_9/O
                         net (fo=5, routed)           0.778    13.752    u_cpu/dut_pc/pc_target1_carry_i_9_n_0
    SLICE_X15Y10         LUT6 (Prop_lut6_I2_O)        0.124    13.876 r  u_cpu/dut_pc/pc_target1_carry_i_3/O
                         net (fo=5, routed)           0.805    14.681    u_cpu/dut_pc/instruction_hold_valid_q_reg[1]
    SLICE_X6Y10          LUT4 (Prop_lut4_I3_O)        0.124    14.805 r  u_cpu/dut_pc/result0_carry_i_12/O
                         net (fo=114, routed)         1.127    15.932    u_cpu/dut_pc/src_b[1]
    SLICE_X8Y6           LUT2 (Prop_lut2_I1_O)        0.124    16.056 r  u_cpu/dut_pc/result0_carry_i_7/O
                         net (fo=1, routed)           0.000    16.056    u_cpu/dut_alu/S[1]
    SLICE_X8Y6           CARRY4 (Prop_carry4_S[1]_CO[3])
                                                      0.533    16.589 r  u_cpu/dut_alu/result0_carry/CO[3]
                         net (fo=1, routed)           0.000    16.589    u_cpu/dut_alu/result0_carry_n_0
    SLICE_X8Y7           CARRY4 (Prop_carry4_CI_CO[3])
                                                      0.117    16.706 r  u_cpu/dut_alu/result0_carry__0/CO[3]
                         net (fo=1, routed)           0.000    16.706    u_cpu/dut_alu/result0_carry__0_n_0
    SLICE_X8Y8           CARRY4 (Prop_carry4_CI_CO[3])
                                                      0.117    16.823 r  u_cpu/dut_alu/result0_carry__1/CO[3]
                         net (fo=1, routed)           0.000    16.823    u_cpu/dut_alu/result0_carry__1_n_0
    SLICE_X8Y9           CARRY4 (Prop_carry4_CI_CO[3])
                                                      0.117    16.940 r  u_cpu/dut_alu/result0_carry__2/CO[3]
                         net (fo=1, routed)           0.000    16.940    u_cpu/dut_alu/result0_carry__2_n_0
    SLICE_X8Y10          CARRY4 (Prop_carry4_CI_CO[3])
                                                      0.117    17.057 r  u_cpu/dut_alu/result0_carry__3/CO[3]
                         net (fo=1, routed)           0.000    17.057    u_cpu/dut_alu/result0_carry__3_n_0
    SLICE_X8Y11          CARRY4 (Prop_carry4_CI_O[2])
                                                      0.239    17.296 f  u_cpu/dut_alu/result0_carry__4/O[2]
                         net (fo=1, routed)           0.796    18.092    u_cpu/dut_alu/data0[22]
    SLICE_X6Y15          LUT4 (Prop_lut4_I0_O)        0.301    18.393 f  u_cpu/dut_alu/mem_addr_q[22]_i_12/O
                         net (fo=1, routed)           0.666    19.059    u_cpu/dut_pc/mem_addr_q[22]_i_2_0
    SLICE_X6Y15          LUT6 (Prop_lut6_I5_O)        0.124    19.183 f  u_cpu/dut_pc/mem_addr_q[22]_i_6/O
                         net (fo=1, routed)           0.528    19.712    u_cpu/dut_pc/mem_addr_q[22]_i_6_n_0
    SLICE_X11Y15         LUT6 (Prop_lut6_I5_O)        0.124    19.836 f  u_cpu/dut_pc/mem_addr_q[22]_i_2/O
                         net (fo=5, routed)           1.007    20.843    u_cpu/dut_pc/cpu_mem_addr[22]
    SLICE_X14Y14         LUT6 (Prop_lut6_I0_O)        0.124    20.967 r  u_cpu/dut_pc/pc[31]_i_18/O
                         net (fo=1, routed)           0.582    21.548    u_cpu/dut_pc/pc[31]_i_18_n_0
    SLICE_X16Y13         LUT6 (Prop_lut6_I3_O)        0.124    21.672 r  u_cpu/dut_pc/pc[31]_i_10/O
                         net (fo=2, routed)           0.802    22.474    u_cpu/dut_pc/pc[31]_i_10_n_0
    SLICE_X20Y11         LUT6 (Prop_lut6_I0_O)        0.124    22.598 r  u_cpu/dut_pc/pc[31]_i_5/O
                         net (fo=58, routed)          0.909    23.507    u_cpu/dut_pc/pc[31]_i_5_n_0
    SLICE_X29Y11         LUT6 (Prop_lut6_I1_O)        0.124    23.631 r  u_cpu/dut_pc/pc[7]_i_1/O
                         net (fo=1, routed)           0.527    24.158    u_cpu/dut_pc/pc_next[7]
    SLICE_X32Y11         FDRE                                         r  u_cpu/dut_pc/pc_reg[7]/D
  -------------------------------------------------------------------    -------------------

                         (clock CLK rise edge)       20.000    20.000 r  
    N15                                               0.000    20.000 r  clk (IN)
                         net (fo=0)                   0.000    20.000    clk
    N15                  IBUF (Prop_ibuf_I_O)         0.814    20.814 r  clk_IBUF_inst/O
                         net (fo=1, routed)           1.911    22.725    clk_IBUF
    BUFGCTRL_X0Y0        BUFG (Prop_bufg_I_O)         0.091    22.816 r  clk_IBUF_BUFG_inst/O
                         net (fo=11156, routed)       1.680    24.496    u_cpu/dut_pc/clk_IBUF_BUFG
    SLICE_X32Y11         FDRE                                         r  u_cpu/dut_pc/pc_reg[7]/C
                         clock pessimism              0.331    24.828    
                         clock uncertainty           -0.335    24.492    
    SLICE_X32Y11         FDRE (Setup_fdre_C_D)       -0.058    24.434    u_cpu/dut_pc/pc_reg[7]
  -------------------------------------------------------------------
                         required time                         24.434    
                         arrival time                         -24.158    
  -------------------------------------------------------------------
                         slack                                  0.276    

Slack (MET) :             0.282ns  (required time - arrival time)
  Source:                 u_cpu/dut_pc/pc_reg[5]_rep__1/C
                            (rising edge-triggered cell FDRE clocked by CLK  {rise@0.000ns fall@10.000ns period=20.000ns})
  Destination:            u_cpu/dut_pc/pc_reg[6]_rep__1/D
                            (rising edge-triggered cell FDRE clocked by CLK  {rise@0.000ns fall@10.000ns period=20.000ns})
  Path Group:             CLK
  Path Type:              Setup (Max at Slow Process Corner)
  Requirement:            20.000ns  (CLK rise@20.000ns - CLK rise@0.000ns)
  Data Path Delay:        19.275ns  (logic 4.387ns (22.760%)  route 14.888ns (77.240%))
  Logic Levels:           23  (CARRY4=6 LUT2=1 LUT4=3 LUT6=12 MUXF7=1)
  Clock Path Skew:        -0.047ns (DCD - SCD + CPR)
    Destination Clock Delay (DCD):    4.493ns = ( 24.493 - 20.000 ) 
    Source Clock Delay      (SCD):    4.872ns
    Clock Pessimism Removal (CPR):    0.331ns
  Clock Uncertainty:      0.335ns  ((TSJ^2 + TIJ^2)^1/2 + DJ) / 2 + PE + UU
    Total System Jitter     (TSJ):    0.071ns
    Total Input Jitter      (TIJ):    0.000ns
    Discrete Jitter          (DJ):    0.000ns
    Phase Error              (PE):    0.000ns
    User Uncertainty         (UU):    0.300ns

    Location             Delay type                Incr(ns)  Path(ns)    Netlist Resource(s)
  -------------------------------------------------------------------    -------------------
                         (clock CLK rise edge)        0.000     0.000 r  
    N15                                               0.000     0.000 r  clk (IN)
                         net (fo=0)                   0.000     0.000    clk
    N15                  IBUF (Prop_ibuf_I_O)         0.948     0.948 r  clk_IBUF_inst/O
                         net (fo=1, routed)           2.016     2.963    clk_IBUF
    BUFGCTRL_X0Y0        BUFG (Prop_bufg_I_O)         0.096     3.059 r  clk_IBUF_BUFG_inst/O
                         net (fo=11156, routed)       1.812     4.872    u_cpu/dut_pc/clk_IBUF_BUFG
    SLICE_X25Y12         FDRE                                         r  u_cpu/dut_pc/pc_reg[5]_rep__1/C
  -------------------------------------------------------------------    -------------------
    SLICE_X25Y12         FDRE (Prop_fdre_C_Q)         0.419     5.291 r  u_cpu/dut_pc/pc_reg[5]_rep__1/Q
                         net (fo=128, routed)         2.403     7.693    u_l1_icache/instruction_hold_q_reg[14]_i_23_0
    SLICE_X64Y22         LUT6 (Prop_lut6_I2_O)        0.299     7.992 f  u_l1_icache/instruction_hold_q[30]_i_56/O
                         net (fo=1, routed)           0.000     7.992    u_l1_icache/instruction_hold_q[30]_i_56_n_0
    SLICE_X64Y22         MUXF7 (Prop_muxf7_I1_O)      0.217     8.209 f  u_l1_icache/instruction_hold_q_reg[30]_i_24/O
                         net (fo=1, routed)           1.246     9.456    u_l1_icache/instruction_hold_q_reg[30]_i_24_n_0
    SLICE_X41Y16         LUT6 (Prop_lut6_I5_O)        0.299     9.755 f  u_l1_icache/instruction_hold_q[30]_i_8/O
                         net (fo=1, routed)           0.855    10.610    u_l1_icache/instruction_hold_q[30]_i_8_n_0
    SLICE_X23Y11         LUT6 (Prop_lut6_I5_O)        0.124    10.734 r  u_l1_icache/instruction_hold_q[30]_i_4/O
                         net (fo=2, routed)           0.277    11.011    u_cpu/dut_pc/instruction_hold_q_reg[30]
    SLICE_X23Y11         LUT6 (Prop_lut6_I3_O)        0.124    11.135 f  u_cpu/dut_pc/instr_debug[30]_i_1/O
                         net (fo=11, routed)          0.924    12.059    u_cpu/dut_pc/funct7
    SLICE_X17Y10         LUT4 (Prop_lut4_I2_O)        0.124    12.183 f  u_cpu/dut_pc/pc_target1_carry_i_15/O
                         net (fo=1, routed)           0.667    12.850    u_cpu/dut_pc/pc_target1_carry_i_15_n_0
    SLICE_X17Y10         LUT6 (Prop_lut6_I4_O)        0.124    12.974 r  u_cpu/dut_pc/pc_target1_carry_i_9/O
                         net (fo=5, routed)           0.778    13.752    u_cpu/dut_pc/pc_target1_carry_i_9_n_0
    SLICE_X15Y10         LUT6 (Prop_lut6_I2_O)        0.124    13.876 r  u_cpu/dut_pc/pc_target1_carry_i_3/O
                         net (fo=5, routed)           0.805    14.681    u_cpu/dut_pc/instruction_hold_valid_q_reg[1]
    SLICE_X6Y10          LUT4 (Prop_lut4_I3_O)        0.124    14.805 r  u_cpu/dut_pc/result0_carry_i_12/O
                         net (fo=114, routed)         1.127    15.932    u_cpu/dut_pc/src_b[1]
    SLICE_X8Y6           LUT2 (Prop_lut2_I1_O)        0.124    16.056 r  u_cpu/dut_pc/result0_carry_i_7/O
                         net (fo=1, routed)           0.000    16.056    u_cpu/dut_alu/S[1]
    SLICE_X8Y6           CARRY4 (Prop_carry4_S[1]_CO[3])
                                                      0.533    16.589 r  u_cpu/dut_alu/result0_carry/CO[3]
                         net (fo=1, routed)           0.000    16.589    u_cpu/dut_alu/result0_carry_n_0
    SLICE_X8Y7           CARRY4 (Prop_carry4_CI_CO[3])
                                                      0.117    16.706 r  u_cpu/dut_alu/result0_carry__0/CO[3]
                         net (fo=1, routed)           0.000    16.706    u_cpu/dut_alu/result0_carry__0_n_0
    SLICE_X8Y8           CARRY4 (Prop_carry4_CI_CO[3])
                                                      0.117    16.823 r  u_cpu/dut_alu/result0_carry__1/CO[3]
                         net (fo=1, routed)           0.000    16.823    u_cpu/dut_alu/result0_carry__1_n_0
    SLICE_X8Y9           CARRY4 (Prop_carry4_CI_CO[3])
                                                      0.117    16.940 r  u_cpu/dut_alu/result0_carry__2/CO[3]
                         net (fo=1, routed)           0.000    16.940    u_cpu/dut_alu/result0_carry__2_n_0
    SLICE_X8Y10          CARRY4 (Prop_carry4_CI_CO[3])
                                                      0.117    17.057 r  u_cpu/dut_alu/result0_carry__3/CO[3]
                         net (fo=1, routed)           0.000    17.057    u_cpu/dut_alu/result0_carry__3_n_0
    SLICE_X8Y11          CARRY4 (Prop_carry4_CI_O[2])
                                                      0.239    17.296 f  u_cpu/dut_alu/result0_carry__4/O[2]
                         net (fo=1, routed)           0.796    18.092    u_cpu/dut_alu/data0[22]
    SLICE_X6Y15          LUT4 (Prop_lut4_I0_O)        0.301    18.393 f  u_cpu/dut_alu/mem_addr_q[22]_i_12/O
                         net (fo=1, routed)           0.666    19.059    u_cpu/dut_pc/mem_addr_q[22]_i_2_0
    SLICE_X6Y15          LUT6 (Prop_lut6_I5_O)        0.124    19.183 f  u_cpu/dut_pc/mem_addr_q[22]_i_6/O
                         net (fo=1, routed)           0.528    19.712    u_cpu/dut_pc/mem_addr_q[22]_i_6_n_0
    SLICE_X11Y15         LUT6 (Prop_lut6_I5_O)        0.124    19.836 f  u_cpu/dut_pc/mem_addr_q[22]_i_2/O
                         net (fo=5, routed)           1.007    20.843    u_cpu/dut_pc/cpu_mem_addr[22]
    SLICE_X14Y14         LUT6 (Prop_lut6_I0_O)        0.124    20.967 r  u_cpu/dut_pc/pc[31]_i_18/O
                         net (fo=1, routed)           0.582    21.548    u_cpu/dut_pc/pc[31]_i_18_n_0
    SLICE_X16Y13         LUT6 (Prop_lut6_I3_O)        0.124    21.672 r  u_cpu/dut_pc/pc[31]_i_10/O
                         net (fo=2, routed)           0.802    22.474    u_cpu/dut_pc/pc[31]_i_10_n_0
    SLICE_X20Y11         LUT6 (Prop_lut6_I0_O)        0.124    22.598 r  u_cpu/dut_pc/pc[31]_i_5/O
                         net (fo=58, routed)          1.094    23.692    u_cpu/dut_pc/pc[31]_i_5_n_0
    SLICE_X40Y11         LUT6 (Prop_lut6_I1_O)        0.124    23.816 r  u_cpu/dut_pc/pc[6]_rep__1_i_1/O
                         net (fo=1, routed)           0.330    24.147    u_cpu/dut_pc/pc[6]_rep__1_i_1_n_0
    SLICE_X40Y11         FDRE                                         r  u_cpu/dut_pc/pc_reg[6]_rep__1/D
  -------------------------------------------------------------------    -------------------

                         (clock CLK rise edge)       20.000    20.000 r  
    N15                                               0.000    20.000 r  clk (IN)
                         net (fo=0)                   0.000    20.000    clk
    N15                  IBUF (Prop_ibuf_I_O)         0.814    20.814 r  clk_IBUF_inst/O
                         net (fo=1, routed)           1.911    22.725    clk_IBUF
    BUFGCTRL_X0Y0        BUFG (Prop_bufg_I_O)         0.091    22.816 r  clk_IBUF_BUFG_inst/O
                         net (fo=11156, routed)       1.677    24.493    u_cpu/dut_pc/clk_IBUF_BUFG
    SLICE_X40Y11         FDRE                                         r  u_cpu/dut_pc/pc_reg[6]_rep__1/C
                         clock pessimism              0.331    24.825    
                         clock uncertainty           -0.335    24.489    
    SLICE_X40Y11         FDRE (Setup_fdre_C_D)       -0.061    24.428    u_cpu/dut_pc/pc_reg[6]_rep__1
  -------------------------------------------------------------------
                         required time                         24.428    
                         arrival time                         -24.147    
  -------------------------------------------------------------------
                         slack                                  0.282    

Slack (MET) :             0.284ns  (required time - arrival time)
  Source:                 u_cpu/dut_pc/pc_reg[5]_rep__1/C
                            (rising edge-triggered cell FDRE clocked by CLK  {rise@0.000ns fall@10.000ns period=20.000ns})
  Destination:            u_cpu/dut_pc/pc_reg[2]/D
                            (rising edge-triggered cell FDRE clocked by CLK  {rise@0.000ns fall@10.000ns period=20.000ns})
  Path Group:             CLK
  Path Type:              Setup (Max at Slow Process Corner)
  Requirement:            20.000ns  (CLK rise@20.000ns - CLK rise@0.000ns)
  Data Path Delay:        19.241ns  (logic 4.010ns (20.841%)  route 15.231ns (79.159%))
  Logic Levels:           20  (CARRY4=3 LUT2=1 LUT4=4 LUT6=11 MUXF7=1)
  Clock Path Skew:        -0.044ns (DCD - SCD + CPR)
    Destination Clock Delay (DCD):    4.496ns = ( 24.496 - 20.000 ) 
    Source Clock Delay      (SCD):    4.872ns
    Clock Pessimism Removal (CPR):    0.331ns
  Clock Uncertainty:      0.335ns  ((TSJ^2 + TIJ^2)^1/2 + DJ) / 2 + PE + UU
    Total System Jitter     (TSJ):    0.071ns
    Total Input Jitter      (TIJ):    0.000ns
    Discrete Jitter          (DJ):    0.000ns
    Phase Error              (PE):    0.000ns
    User Uncertainty         (UU):    0.300ns

    Location             Delay type                Incr(ns)  Path(ns)    Netlist Resource(s)
  -------------------------------------------------------------------    -------------------
                         (clock CLK rise edge)        0.000     0.000 r  
    N15                                               0.000     0.000 r  clk (IN)
                         net (fo=0)                   0.000     0.000    clk
    N15                  IBUF (Prop_ibuf_I_O)         0.948     0.948 r  clk_IBUF_inst/O
                         net (fo=1, routed)           2.016     2.963    clk_IBUF
    BUFGCTRL_X0Y0        BUFG (Prop_bufg_I_O)         0.096     3.059 r  clk_IBUF_BUFG_inst/O
                         net (fo=11156, routed)       1.812     4.872    u_cpu/dut_pc/clk_IBUF_BUFG
    SLICE_X25Y12         FDRE                                         r  u_cpu/dut_pc/pc_reg[5]_rep__1/C
  -------------------------------------------------------------------    -------------------
    SLICE_X25Y12         FDRE (Prop_fdre_C_Q)         0.419     5.291 r  u_cpu/dut_pc/pc_reg[5]_rep__1/Q
                         net (fo=128, routed)         2.403     7.693    u_l1_icache/instruction_hold_q_reg[14]_i_23_0
    SLICE_X64Y22         LUT6 (Prop_lut6_I2_O)        0.299     7.992 f  u_l1_icache/instruction_hold_q[30]_i_56/O
                         net (fo=1, routed)           0.000     7.992    u_l1_icache/instruction_hold_q[30]_i_56_n_0
    SLICE_X64Y22         MUXF7 (Prop_muxf7_I1_O)      0.217     8.209 f  u_l1_icache/instruction_hold_q_reg[30]_i_24/O
                         net (fo=1, routed)           1.246     9.456    u_l1_icache/instruction_hold_q_reg[30]_i_24_n_0
    SLICE_X41Y16         LUT6 (Prop_lut6_I5_O)        0.299     9.755 f  u_l1_icache/instruction_hold_q[30]_i_8/O
                         net (fo=1, routed)           0.855    10.610    u_l1_icache/instruction_hold_q[30]_i_8_n_0
    SLICE_X23Y11         LUT6 (Prop_lut6_I5_O)        0.124    10.734 r  u_l1_icache/instruction_hold_q[30]_i_4/O
                         net (fo=2, routed)           0.277    11.011    u_cpu/dut_pc/instruction_hold_q_reg[30]
    SLICE_X23Y11         LUT6 (Prop_lut6_I3_O)        0.124    11.135 f  u_cpu/dut_pc/instr_debug[30]_i_1/O
                         net (fo=11, routed)          0.924    12.059    u_cpu/dut_pc/funct7
    SLICE_X17Y10         LUT4 (Prop_lut4_I2_O)        0.124    12.183 f  u_cpu/dut_pc/pc_target1_carry_i_15/O
                         net (fo=1, routed)           0.667    12.850    u_cpu/dut_pc/pc_target1_carry_i_15_n_0
    SLICE_X17Y10         LUT6 (Prop_lut6_I4_O)        0.124    12.974 r  u_cpu/dut_pc/pc_target1_carry_i_9/O
                         net (fo=5, routed)           0.778    13.752    u_cpu/dut_pc/pc_target1_carry_i_9_n_0
    SLICE_X15Y10         LUT6 (Prop_lut6_I2_O)        0.124    13.876 r  u_cpu/dut_pc/pc_target1_carry_i_3/O
                         net (fo=5, routed)           0.805    14.681    u_cpu/dut_pc/instruction_hold_valid_q_reg[1]
    SLICE_X6Y10          LUT4 (Prop_lut4_I3_O)        0.124    14.805 r  u_cpu/dut_pc/result0_carry_i_12/O
                         net (fo=114, routed)         1.127    15.932    u_cpu/dut_pc/src_b[1]
    SLICE_X8Y6           LUT2 (Prop_lut2_I1_O)        0.124    16.056 r  u_cpu/dut_pc/result0_carry_i_7/O
                         net (fo=1, routed)           0.000    16.056    u_cpu/dut_alu/S[1]
    SLICE_X8Y6           CARRY4 (Prop_carry4_S[1]_CO[3])
                                                      0.533    16.589 r  u_cpu/dut_alu/result0_carry/CO[3]
                         net (fo=1, routed)           0.000    16.589    u_cpu/dut_alu/result0_carry_n_0
    SLICE_X8Y7           CARRY4 (Prop_carry4_CI_CO[3])
                                                      0.117    16.706 r  u_cpu/dut_alu/result0_carry__0/CO[3]
                         net (fo=1, routed)           0.000    16.706    u_cpu/dut_alu/result0_carry__0_n_0
    SLICE_X8Y8           CARRY4 (Prop_carry4_CI_O[0])
                                                      0.219    16.925 f  u_cpu/dut_alu/result0_carry__1/O[0]
                         net (fo=1, routed)           1.055    17.980    u_cpu/dut_alu/data0[8]
    SLICE_X6Y6           LUT4 (Prop_lut4_I0_O)        0.295    18.275 f  u_cpu/dut_alu/mem_addr_q[8]_i_11/O
                         net (fo=1, routed)           0.670    18.945    u_cpu/dut_pc/mem_addr_q[8]_i_2_0
    SLICE_X6Y6           LUT6 (Prop_lut6_I5_O)        0.124    19.069 f  u_cpu/dut_pc/mem_addr_q[8]_i_6/O
                         net (fo=1, routed)           0.688    19.758    u_cpu/dut_pc/mem_addr_q[8]_i_6_n_0
    SLICE_X12Y6          LUT6 (Prop_lut6_I5_O)        0.124    19.882 f  u_cpu/dut_pc/mem_addr_q[8]_i_2/O
                         net (fo=4, routed)           0.898    20.779    u_cpu/dut_pc/cpu_mem_addr[8]
    SLICE_X15Y11         LUT4 (Prop_lut4_I0_O)        0.124    20.903 r  u_cpu/dut_pc/pc[31]_i_22/O
                         net (fo=1, routed)           0.586    21.490    u_cpu/dut_pc/pc[31]_i_22_n_0
    SLICE_X16Y11         LUT6 (Prop_lut6_I3_O)        0.124    21.614 r  u_cpu/dut_pc/pc[31]_i_11/O
                         net (fo=2, routed)           0.817    22.431    u_cpu/dut_pc/pc[31]_i_11_n_0
    SLICE_X20Y11         LUT6 (Prop_lut6_I3_O)        0.124    22.555 r  u_cpu/dut_pc/pc[31]_i_7/O
                         net (fo=58, routed)          0.842    23.397    u_cpu/dut_pc/pc[31]_i_7_n_0
    SLICE_X26Y11         LUT6 (Prop_lut6_I3_O)        0.124    23.521 r  u_cpu/dut_pc/pc[2]_i_1/O
                         net (fo=1, routed)           0.592    24.113    u_cpu/dut_pc/pc_next[2]
    SLICE_X32Y11         FDRE                                         r  u_cpu/dut_pc/pc_reg[2]/D
  -------------------------------------------------------------------    -------------------

                         (clock CLK rise edge)       20.000    20.000 r  
    N15                                               0.000    20.000 r  clk (IN)
                         net (fo=0)                   0.000    20.000    clk
    N15                  IBUF (Prop_ibuf_I_O)         0.814    20.814 r  clk_IBUF_inst/O
                         net (fo=1, routed)           1.911    22.725    clk_IBUF
    BUFGCTRL_X0Y0        BUFG (Prop_bufg_I_O)         0.091    22.816 r  clk_IBUF_BUFG_inst/O
                         net (fo=11156, routed)       1.680    24.496    u_cpu/dut_pc/clk_IBUF_BUFG
    SLICE_X32Y11         FDRE                                         r  u_cpu/dut_pc/pc_reg[2]/C
                         clock pessimism              0.331    24.828    
                         clock uncertainty           -0.335    24.492    
    SLICE_X32Y11         FDRE (Setup_fdre_C_D)       -0.095    24.397    u_cpu/dut_pc/pc_reg[2]
  -------------------------------------------------------------------
                         required time                         24.397    
                         arrival time                         -24.113    
  -------------------------------------------------------------------
                         slack                                  0.284    

Slack (MET) :             0.289ns  (required time - arrival time)
  Source:                 u_cpu/dut_pc/pc_reg[5]_rep__1/C
                            (rising edge-triggered cell FDRE clocked by CLK  {rise@0.000ns fall@10.000ns period=20.000ns})
  Destination:            u_cpu/dut_pc/pc_reg[4]_rep__0/D
                            (rising edge-triggered cell FDRE clocked by CLK  {rise@0.000ns fall@10.000ns period=20.000ns})
  Path Group:             CLK
  Path Type:              Setup (Max at Slow Process Corner)
  Requirement:            20.000ns  (CLK rise@20.000ns - CLK rise@0.000ns)
  Data Path Delay:        19.262ns  (logic 4.387ns (22.775%)  route 14.875ns (77.225%))
  Logic Levels:           23  (CARRY4=6 LUT2=1 LUT4=3 LUT6=12 MUXF7=1)
  Clock Path Skew:        -0.046ns (DCD - SCD + CPR)
    Destination Clock Delay (DCD):    4.494ns = ( 24.494 - 20.000 ) 
    Source Clock Delay      (SCD):    4.872ns
    Clock Pessimism Removal (CPR):    0.331ns
  Clock Uncertainty:      0.335ns  ((TSJ^2 + TIJ^2)^1/2 + DJ) / 2 + PE + UU
    Total System Jitter     (TSJ):    0.071ns
    Total Input Jitter      (TIJ):    0.000ns
    Discrete Jitter          (DJ):    0.000ns
    Phase Error              (PE):    0.000ns
    User Uncertainty         (UU):    0.300ns

    Location             Delay type                Incr(ns)  Path(ns)    Netlist Resource(s)
  -------------------------------------------------------------------    -------------------
                         (clock CLK rise edge)        0.000     0.000 r  
    N15                                               0.000     0.000 r  clk (IN)
                         net (fo=0)                   0.000     0.000    clk
    N15                  IBUF (Prop_ibuf_I_O)         0.948     0.948 r  clk_IBUF_inst/O
                         net (fo=1, routed)           2.016     2.963    clk_IBUF
    BUFGCTRL_X0Y0        BUFG (Prop_bufg_I_O)         0.096     3.059 r  clk_IBUF_BUFG_inst/O
                         net (fo=11156, routed)       1.812     4.872    u_cpu/dut_pc/clk_IBUF_BUFG
    SLICE_X25Y12         FDRE                                         r  u_cpu/dut_pc/pc_reg[5]_rep__1/C
  -------------------------------------------------------------------    -------------------
    SLICE_X25Y12         FDRE (Prop_fdre_C_Q)         0.419     5.291 r  u_cpu/dut_pc/pc_reg[5]_rep__1/Q
                         net (fo=128, routed)         2.403     7.693    u_l1_icache/instruction_hold_q_reg[14]_i_23_0
    SLICE_X64Y22         LUT6 (Prop_lut6_I2_O)        0.299     7.992 f  u_l1_icache/instruction_hold_q[30]_i_56/O
                         net (fo=1, routed)           0.000     7.992    u_l1_icache/instruction_hold_q[30]_i_56_n_0
    SLICE_X64Y22         MUXF7 (Prop_muxf7_I1_O)      0.217     8.209 f  u_l1_icache/instruction_hold_q_reg[30]_i_24/O
                         net (fo=1, routed)           1.246     9.456    u_l1_icache/instruction_hold_q_reg[30]_i_24_n_0
    SLICE_X41Y16         LUT6 (Prop_lut6_I5_O)        0.299     9.755 f  u_l1_icache/instruction_hold_q[30]_i_8/O
                         net (fo=1, routed)           0.855    10.610    u_l1_icache/instruction_hold_q[30]_i_8_n_0
    SLICE_X23Y11         LUT6 (Prop_lut6_I5_O)        0.124    10.734 r  u_l1_icache/instruction_hold_q[30]_i_4/O
                         net (fo=2, routed)           0.277    11.011    u_cpu/dut_pc/instruction_hold_q_reg[30]
    SLICE_X23Y11         LUT6 (Prop_lut6_I3_O)        0.124    11.135 f  u_cpu/dut_pc/instr_debug[30]_i_1/O
                         net (fo=11, routed)          0.924    12.059    u_cpu/dut_pc/funct7
    SLICE_X17Y10         LUT4 (Prop_lut4_I2_O)        0.124    12.183 f  u_cpu/dut_pc/pc_target1_carry_i_15/O
                         net (fo=1, routed)           0.667    12.850    u_cpu/dut_pc/pc_target1_carry_i_15_n_0
    SLICE_X17Y10         LUT6 (Prop_lut6_I4_O)        0.124    12.974 r  u_cpu/dut_pc/pc_target1_carry_i_9/O
                         net (fo=5, routed)           0.778    13.752    u_cpu/dut_pc/pc_target1_carry_i_9_n_0
    SLICE_X15Y10         LUT6 (Prop_lut6_I2_O)        0.124    13.876 r  u_cpu/dut_pc/pc_target1_carry_i_3/O
                         net (fo=5, routed)           0.805    14.681    u_cpu/dut_pc/instruction_hold_valid_q_reg[1]
    SLICE_X6Y10          LUT4 (Prop_lut4_I3_O)        0.124    14.805 r  u_cpu/dut_pc/result0_carry_i_12/O
                         net (fo=114, routed)         1.127    15.932    u_cpu/dut_pc/src_b[1]
    SLICE_X8Y6           LUT2 (Prop_lut2_I1_O)        0.124    16.056 r  u_cpu/dut_pc/result0_carry_i_7/O
                         net (fo=1, routed)           0.000    16.056    u_cpu/dut_alu/S[1]
    SLICE_X8Y6           CARRY4 (Prop_carry4_S[1]_CO[3])
                                                      0.533    16.589 r  u_cpu/dut_alu/result0_carry/CO[3]
                         net (fo=1, routed)           0.000    16.589    u_cpu/dut_alu/result0_carry_n_0
    SLICE_X8Y7           CARRY4 (Prop_carry4_CI_CO[3])
                                                      0.117    16.706 r  u_cpu/dut_alu/result0_carry__0/CO[3]
                         net (fo=1, routed)           0.000    16.706    u_cpu/dut_alu/result0_carry__0_n_0
    SLICE_X8Y8           CARRY4 (Prop_carry4_CI_CO[3])
                                                      0.117    16.823 r  u_cpu/dut_alu/result0_carry__1/CO[3]
                         net (fo=1, routed)           0.000    16.823    u_cpu/dut_alu/result0_carry__1_n_0
    SLICE_X8Y9           CARRY4 (Prop_carry4_CI_CO[3])
                                                      0.117    16.940 r  u_cpu/dut_alu/result0_carry__2/CO[3]
                         net (fo=1, routed)           0.000    16.940    u_cpu/dut_alu/result0_carry__2_n_0
    SLICE_X8Y10          CARRY4 (Prop_carry4_CI_CO[3])
                                                      0.117    17.057 r  u_cpu/dut_alu/result0_carry__3/CO[3]
                         net (fo=1, routed)           0.000    17.057    u_cpu/dut_alu/result0_carry__3_n_0
    SLICE_X8Y11          CARRY4 (Prop_carry4_CI_O[2])
                                                      0.239    17.296 f  u_cpu/dut_alu/result0_carry__4/O[2]
                         net (fo=1, routed)           0.796    18.092    u_cpu/dut_alu/data0[22]
    SLICE_X6Y15          LUT4 (Prop_lut4_I0_O)        0.301    18.393 f  u_cpu/dut_alu/mem_addr_q[22]_i_12/O
                         net (fo=1, routed)           0.666    19.059    u_cpu/dut_pc/mem_addr_q[22]_i_2_0
    SLICE_X6Y15          LUT6 (Prop_lut6_I5_O)        0.124    19.183 f  u_cpu/dut_pc/mem_addr_q[22]_i_6/O
                         net (fo=1, routed)           0.528    19.712    u_cpu/dut_pc/mem_addr_q[22]_i_6_n_0
    SLICE_X11Y15         LUT6 (Prop_lut6_I5_O)        0.124    19.836 f  u_cpu/dut_pc/mem_addr_q[22]_i_2/O
                         net (fo=5, routed)           1.007    20.843    u_cpu/dut_pc/cpu_mem_addr[22]
    SLICE_X14Y14         LUT6 (Prop_lut6_I0_O)        0.124    20.967 r  u_cpu/dut_pc/pc[31]_i_18/O
                         net (fo=1, routed)           0.582    21.548    u_cpu/dut_pc/pc[31]_i_18_n_0
    SLICE_X16Y13         LUT6 (Prop_lut6_I3_O)        0.124    21.672 r  u_cpu/dut_pc/pc[31]_i_10/O
                         net (fo=2, routed)           0.802    22.474    u_cpu/dut_pc/pc[31]_i_10_n_0
    SLICE_X20Y11         LUT6 (Prop_lut6_I0_O)        0.124    22.598 r  u_cpu/dut_pc/pc[31]_i_5/O
                         net (fo=58, routed)          0.925    23.524    u_cpu/dut_pc/pc[31]_i_5_n_0
    SLICE_X29Y12         LUT6 (Prop_lut6_I1_O)        0.124    23.648 r  u_cpu/dut_pc/pc[4]_rep__0_i_1/O
                         net (fo=1, routed)           0.486    24.134    u_cpu/dut_pc/pc[4]_rep__0_i_1_n_0
    SLICE_X32Y14         FDRE                                         r  u_cpu/dut_pc/pc_reg[4]_rep__0/D
  -------------------------------------------------------------------    -------------------

                         (clock CLK rise edge)       20.000    20.000 r  
    N15                                               0.000    20.000 r  clk (IN)
                         net (fo=0)                   0.000    20.000    clk
    N15                  IBUF (Prop_ibuf_I_O)         0.814    20.814 r  clk_IBUF_inst/O
                         net (fo=1, routed)           1.911    22.725    clk_IBUF
    BUFGCTRL_X0Y0        BUFG (Prop_bufg_I_O)         0.091    22.816 r  clk_IBUF_BUFG_inst/O
                         net (fo=11156, routed)       1.678    24.494    u_cpu/dut_pc/clk_IBUF_BUFG
    SLICE_X32Y14         FDRE                                         r  u_cpu/dut_pc/pc_reg[4]_rep__0/C
                         clock pessimism              0.331    24.826    
                         clock uncertainty           -0.335    24.490    
    SLICE_X32Y14         FDRE (Setup_fdre_C_D)       -0.067    24.423    u_cpu/dut_pc/pc_reg[4]_rep__0
  -------------------------------------------------------------------
                         required time                         24.423    
                         arrival time                         -24.134    
  -------------------------------------------------------------------
                         slack                                  0.289    

Slack (MET) :             0.300ns  (required time - arrival time)
  Source:                 u_cpu/dut_pc/pc_reg[5]_rep__1/C
                            (rising edge-triggered cell FDRE clocked by CLK  {rise@0.000ns fall@10.000ns period=20.000ns})
  Destination:            u_cpu/dut_pc/pc_reg[4]_rep/D
                            (rising edge-triggered cell FDRE clocked by CLK  {rise@0.000ns fall@10.000ns period=20.000ns})
  Path Group:             CLK
  Path Type:              Setup (Max at Slow Process Corner)
  Requirement:            20.000ns  (CLK rise@20.000ns - CLK rise@0.000ns)
  Data Path Delay:        19.272ns  (logic 4.387ns (22.764%)  route 14.885ns (77.236%))
  Logic Levels:           23  (CARRY4=6 LUT2=1 LUT4=3 LUT6=12 MUXF7=1)
  Clock Path Skew:        -0.022ns (DCD - SCD + CPR)
    Destination Clock Delay (DCD):    4.500ns = ( 24.500 - 20.000 ) 
    Source Clock Delay      (SCD):    4.872ns
    Clock Pessimism Removal (CPR):    0.349ns
  Clock Uncertainty:      0.335ns  ((TSJ^2 + TIJ^2)^1/2 + DJ) / 2 + PE + UU
    Total System Jitter     (TSJ):    0.071ns
    Total Input Jitter      (TIJ):    0.000ns
    Discrete Jitter          (DJ):    0.000ns
    Phase Error              (PE):    0.000ns
    User Uncertainty         (UU):    0.300ns

    Location             Delay type                Incr(ns)  Path(ns)    Netlist Resource(s)
  -------------------------------------------------------------------    -------------------
                         (clock CLK rise edge)        0.000     0.000 r  
    N15                                               0.000     0.000 r  clk (IN)
                         net (fo=0)                   0.000     0.000    clk
    N15                  IBUF (Prop_ibuf_I_O)         0.948     0.948 r  clk_IBUF_inst/O
                         net (fo=1, routed)           2.016     2.963    clk_IBUF
    BUFGCTRL_X0Y0        BUFG (Prop_bufg_I_O)         0.096     3.059 r  clk_IBUF_BUFG_inst/O
                         net (fo=11156, routed)       1.812     4.872    u_cpu/dut_pc/clk_IBUF_BUFG
    SLICE_X25Y12         FDRE                                         r  u_cpu/dut_pc/pc_reg[5]_rep__1/C
  -------------------------------------------------------------------    -------------------
    SLICE_X25Y12         FDRE (Prop_fdre_C_Q)         0.419     5.291 r  u_cpu/dut_pc/pc_reg[5]_rep__1/Q
                         net (fo=128, routed)         2.403     7.693    u_l1_icache/instruction_hold_q_reg[14]_i_23_0
    SLICE_X64Y22         LUT6 (Prop_lut6_I2_O)        0.299     7.992 f  u_l1_icache/instruction_hold_q[30]_i_56/O
                         net (fo=1, routed)           0.000     7.992    u_l1_icache/instruction_hold_q[30]_i_56_n_0
    SLICE_X64Y22         MUXF7 (Prop_muxf7_I1_O)      0.217     8.209 f  u_l1_icache/instruction_hold_q_reg[30]_i_24/O
                         net (fo=1, routed)           1.246     9.456    u_l1_icache/instruction_hold_q_reg[30]_i_24_n_0
    SLICE_X41Y16         LUT6 (Prop_lut6_I5_O)        0.299     9.755 f  u_l1_icache/instruction_hold_q[30]_i_8/O
                         net (fo=1, routed)           0.855    10.610    u_l1_icache/instruction_hold_q[30]_i_8_n_0
    SLICE_X23Y11         LUT6 (Prop_lut6_I5_O)        0.124    10.734 r  u_l1_icache/instruction_hold_q[30]_i_4/O
                         net (fo=2, routed)           0.277    11.011    u_cpu/dut_pc/instruction_hold_q_reg[30]
    SLICE_X23Y11         LUT6 (Prop_lut6_I3_O)        0.124    11.135 f  u_cpu/dut_pc/instr_debug[30]_i_1/O
                         net (fo=11, routed)          0.924    12.059    u_cpu/dut_pc/funct7
    SLICE_X17Y10         LUT4 (Prop_lut4_I2_O)        0.124    12.183 f  u_cpu/dut_pc/pc_target1_carry_i_15/O
                         net (fo=1, routed)           0.667    12.850    u_cpu/dut_pc/pc_target1_carry_i_15_n_0
    SLICE_X17Y10         LUT6 (Prop_lut6_I4_O)        0.124    12.974 r  u_cpu/dut_pc/pc_target1_carry_i_9/O
                         net (fo=5, routed)           0.778    13.752    u_cpu/dut_pc/pc_target1_carry_i_9_n_0
    SLICE_X15Y10         LUT6 (Prop_lut6_I2_O)        0.124    13.876 r  u_cpu/dut_pc/pc_target1_carry_i_3/O
                         net (fo=5, routed)           0.805    14.681    u_cpu/dut_pc/instruction_hold_valid_q_reg[1]
    SLICE_X6Y10          LUT4 (Prop_lut4_I3_O)        0.124    14.805 r  u_cpu/dut_pc/result0_carry_i_12/O
                         net (fo=114, routed)         1.127    15.932    u_cpu/dut_pc/src_b[1]
    SLICE_X8Y6           LUT2 (Prop_lut2_I1_O)        0.124    16.056 r  u_cpu/dut_pc/result0_carry_i_7/O
                         net (fo=1, routed)           0.000    16.056    u_cpu/dut_alu/S[1]
    SLICE_X8Y6           CARRY4 (Prop_carry4_S[1]_CO[3])
                                                      0.533    16.589 r  u_cpu/dut_alu/result0_carry/CO[3]
                         net (fo=1, routed)           0.000    16.589    u_cpu/dut_alu/result0_carry_n_0
    SLICE_X8Y7           CARRY4 (Prop_carry4_CI_CO[3])
                                                      0.117    16.706 r  u_cpu/dut_alu/result0_carry__0/CO[3]
                         net (fo=1, routed)           0.000    16.706    u_cpu/dut_alu/result0_carry__0_n_0
    SLICE_X8Y8           CARRY4 (Prop_carry4_CI_CO[3])
                                                      0.117    16.823 r  u_cpu/dut_alu/result0_carry__1/CO[3]
                         net (fo=1, routed)           0.000    16.823    u_cpu/dut_alu/result0_carry__1_n_0
    SLICE_X8Y9           CARRY4 (Prop_carry4_CI_CO[3])
                                                      0.117    16.940 r  u_cpu/dut_alu/result0_carry__2/CO[3]
                         net (fo=1, routed)           0.000    16.940    u_cpu/dut_alu/result0_carry__2_n_0
    SLICE_X8Y10          CARRY4 (Prop_carry4_CI_CO[3])
                                                      0.117    17.057 r  u_cpu/dut_alu/result0_carry__3/CO[3]
                         net (fo=1, routed)           0.000    17.057    u_cpu/dut_alu/result0_carry__3_n_0
    SLICE_X8Y11          CARRY4 (Prop_carry4_CI_O[2])
                                                      0.239    17.296 f  u_cpu/dut_alu/result0_carry__4/O[2]
                         net (fo=1, routed)           0.796    18.092    u_cpu/dut_alu/data0[22]
    SLICE_X6Y15          LUT4 (Prop_lut4_I0_O)        0.301    18.393 f  u_cpu/dut_alu/mem_addr_q[22]_i_12/O
                         net (fo=1, routed)           0.666    19.059    u_cpu/dut_pc/mem_addr_q[22]_i_2_0
    SLICE_X6Y15          LUT6 (Prop_lut6_I5_O)        0.124    19.183 f  u_cpu/dut_pc/mem_addr_q[22]_i_6/O
                         net (fo=1, routed)           0.528    19.712    u_cpu/dut_pc/mem_addr_q[22]_i_6_n_0
    SLICE_X11Y15         LUT6 (Prop_lut6_I5_O)        0.124    19.836 f  u_cpu/dut_pc/mem_addr_q[22]_i_2/O
                         net (fo=5, routed)           1.007    20.843    u_cpu/dut_pc/cpu_mem_addr[22]
    SLICE_X14Y14         LUT6 (Prop_lut6_I0_O)        0.124    20.967 r  u_cpu/dut_pc/pc[31]_i_18/O
                         net (fo=1, routed)           0.582    21.548    u_cpu/dut_pc/pc[31]_i_18_n_0
    SLICE_X16Y13         LUT6 (Prop_lut6_I3_O)        0.124    21.672 r  u_cpu/dut_pc/pc[31]_i_10/O
                         net (fo=2, routed)           0.802    22.474    u_cpu/dut_pc/pc[31]_i_10_n_0
    SLICE_X20Y11         LUT6 (Prop_lut6_I0_O)        0.124    22.598 r  u_cpu/dut_pc/pc[31]_i_5/O
                         net (fo=58, routed)          0.846    23.444    u_cpu/dut_pc/pc[31]_i_5_n_0
    SLICE_X23Y8          LUT6 (Prop_lut6_I1_O)        0.124    23.568 r  u_cpu/dut_pc/pc[4]_rep_i_1/O
                         net (fo=1, routed)           0.575    24.143    u_cpu/dut_pc/pc[4]_rep_i_1_n_0
    SLICE_X24Y8          FDRE                                         r  u_cpu/dut_pc/pc_reg[4]_rep/D
  -------------------------------------------------------------------    -------------------

                         (clock CLK rise edge)       20.000    20.000 r  
    N15                                               0.000    20.000 r  clk (IN)
                         net (fo=0)                   0.000    20.000    clk
    N15                  IBUF (Prop_ibuf_I_O)         0.814    20.814 r  clk_IBUF_inst/O
                         net (fo=1, routed)           1.911    22.725    clk_IBUF
    BUFGCTRL_X0Y0        BUFG (Prop_bufg_I_O)         0.091    22.816 r  clk_IBUF_BUFG_inst/O
                         net (fo=11156, routed)       1.684    24.500    u_cpu/dut_pc/clk_IBUF_BUFG
    SLICE_X24Y8          FDRE                                         r  u_cpu/dut_pc/pc_reg[4]_rep/C
                         clock pessimism              0.349    24.850    
                         clock uncertainty           -0.335    24.514    
    SLICE_X24Y8          FDRE (Setup_fdre_C_D)       -0.071    24.443    u_cpu/dut_pc/pc_reg[4]_rep
  -------------------------------------------------------------------
                         required time                         24.443    
                         arrival time                         -24.143    
  -------------------------------------------------------------------
                         slack                                  0.300    

Slack (MET) :             0.318ns  (required time - arrival time)
  Source:                 u_cpu/dut_pc/pc_reg[5]_rep__1/C
                            (rising edge-triggered cell FDRE clocked by CLK  {rise@0.000ns fall@10.000ns period=20.000ns})
  Destination:            u_cpu/dut_pc/pc_reg[8]/D
                            (rising edge-triggered cell FDRE clocked by CLK  {rise@0.000ns fall@10.000ns period=20.000ns})
  Path Group:             CLK
  Path Type:              Setup (Max at Slow Process Corner)
  Requirement:            20.000ns  (CLK rise@20.000ns - CLK rise@0.000ns)
  Data Path Delay:        19.256ns  (logic 4.387ns (22.783%)  route 14.869ns (77.217%))
  Logic Levels:           23  (CARRY4=6 LUT2=1 LUT4=3 LUT6=12 MUXF7=1)
  Clock Path Skew:        -0.044ns (DCD - SCD + CPR)
    Destination Clock Delay (DCD):    4.496ns = ( 24.496 - 20.000 ) 
    Source Clock Delay      (SCD):    4.872ns
    Clock Pessimism Removal (CPR):    0.331ns
  Clock Uncertainty:      0.335ns  ((TSJ^2 + TIJ^2)^1/2 + DJ) / 2 + PE + UU
    Total System Jitter     (TSJ):    0.071ns
    Total Input Jitter      (TIJ):    0.000ns
    Discrete Jitter          (DJ):    0.000ns
    Phase Error              (PE):    0.000ns
    User Uncertainty         (UU):    0.300ns

    Location             Delay type                Incr(ns)  Path(ns)    Netlist Resource(s)
  -------------------------------------------------------------------    -------------------
                         (clock CLK rise edge)        0.000     0.000 r  
    N15                                               0.000     0.000 r  clk (IN)
                         net (fo=0)                   0.000     0.000    clk
    N15                  IBUF (Prop_ibuf_I_O)         0.948     0.948 r  clk_IBUF_inst/O
                         net (fo=1, routed)           2.016     2.963    clk_IBUF
    BUFGCTRL_X0Y0        BUFG (Prop_bufg_I_O)         0.096     3.059 r  clk_IBUF_BUFG_inst/O
                         net (fo=11156, routed)       1.812     4.872    u_cpu/dut_pc/clk_IBUF_BUFG
    SLICE_X25Y12         FDRE                                         r  u_cpu/dut_pc/pc_reg[5]_rep__1/C
  -------------------------------------------------------------------    -------------------
    SLICE_X25Y12         FDRE (Prop_fdre_C_Q)         0.419     5.291 r  u_cpu/dut_pc/pc_reg[5]_rep__1/Q
                         net (fo=128, routed)         2.403     7.693    u_l1_icache/instruction_hold_q_reg[14]_i_23_0
    SLICE_X64Y22         LUT6 (Prop_lut6_I2_O)        0.299     7.992 f  u_l1_icache/instruction_hold_q[30]_i_56/O
                         net (fo=1, routed)           0.000     7.992    u_l1_icache/instruction_hold_q[30]_i_56_n_0
    SLICE_X64Y22         MUXF7 (Prop_muxf7_I1_O)      0.217     8.209 f  u_l1_icache/instruction_hold_q_reg[30]_i_24/O
                         net (fo=1, routed)           1.246     9.456    u_l1_icache/instruction_hold_q_reg[30]_i_24_n_0
    SLICE_X41Y16         LUT6 (Prop_lut6_I5_O)        0.299     9.755 f  u_l1_icache/instruction_hold_q[30]_i_8/O
                         net (fo=1, routed)           0.855    10.610    u_l1_icache/instruction_hold_q[30]_i_8_n_0
    SLICE_X23Y11         LUT6 (Prop_lut6_I5_O)        0.124    10.734 r  u_l1_icache/instruction_hold_q[30]_i_4/O
                         net (fo=2, routed)           0.277    11.011    u_cpu/dut_pc/instruction_hold_q_reg[30]
    SLICE_X23Y11         LUT6 (Prop_lut6_I3_O)        0.124    11.135 f  u_cpu/dut_pc/instr_debug[30]_i_1/O
                         net (fo=11, routed)          0.924    12.059    u_cpu/dut_pc/funct7
    SLICE_X17Y10         LUT4 (Prop_lut4_I2_O)        0.124    12.183 f  u_cpu/dut_pc/pc_target1_carry_i_15/O
                         net (fo=1, routed)           0.667    12.850    u_cpu/dut_pc/pc_target1_carry_i_15_n_0
    SLICE_X17Y10         LUT6 (Prop_lut6_I4_O)        0.124    12.974 r  u_cpu/dut_pc/pc_target1_carry_i_9/O
                         net (fo=5, routed)           0.778    13.752    u_cpu/dut_pc/pc_target1_carry_i_9_n_0
    SLICE_X15Y10         LUT6 (Prop_lut6_I2_O)        0.124    13.876 r  u_cpu/dut_pc/pc_target1_carry_i_3/O
                         net (fo=5, routed)           0.805    14.681    u_cpu/dut_pc/instruction_hold_valid_q_reg[1]
    SLICE_X6Y10          LUT4 (Prop_lut4_I3_O)        0.124    14.805 r  u_cpu/dut_pc/result0_carry_i_12/O
                         net (fo=114, routed)         1.127    15.932    u_cpu/dut_pc/src_b[1]
    SLICE_X8Y6           LUT2 (Prop_lut2_I1_O)        0.124    16.056 r  u_cpu/dut_pc/result0_carry_i_7/O
                         net (fo=1, routed)           0.000    16.056    u_cpu/dut_alu/S[1]
    SLICE_X8Y6           CARRY4 (Prop_carry4_S[1]_CO[3])
                                                      0.533    16.589 r  u_cpu/dut_alu/result0_carry/CO[3]
                         net (fo=1, routed)           0.000    16.589    u_cpu/dut_alu/result0_carry_n_0
    SLICE_X8Y7           CARRY4 (Prop_carry4_CI_CO[3])
                                                      0.117    16.706 r  u_cpu/dut_alu/result0_carry__0/CO[3]
                         net (fo=1, routed)           0.000    16.706    u_cpu/dut_alu/result0_carry__0_n_0
    SLICE_X8Y8           CARRY4 (Prop_carry4_CI_CO[3])
                                                      0.117    16.823 r  u_cpu/dut_alu/result0_carry__1/CO[3]
                         net (fo=1, routed)           0.000    16.823    u_cpu/dut_alu/result0_carry__1_n_0
    SLICE_X8Y9           CARRY4 (Prop_carry4_CI_CO[3])
                                                      0.117    16.940 r  u_cpu/dut_alu/result0_carry__2/CO[3]
                         net (fo=1, routed)           0.000    16.940    u_cpu/dut_alu/result0_carry__2_n_0
    SLICE_X8Y10          CARRY4 (Prop_carry4_CI_CO[3])
                                                      0.117    17.057 r  u_cpu/dut_alu/result0_carry__3/CO[3]
                         net (fo=1, routed)           0.000    17.057    u_cpu/dut_alu/result0_carry__3_n_0
    SLICE_X8Y11          CARRY4 (Prop_carry4_CI_O[2])
                                                      0.239    17.296 f  u_cpu/dut_alu/result0_carry__4/O[2]
                         net (fo=1, routed)           0.796    18.092    u_cpu/dut_alu/data0[22]
    SLICE_X6Y15          LUT4 (Prop_lut4_I0_O)        0.301    18.393 f  u_cpu/dut_alu/mem_addr_q[22]_i_12/O
                         net (fo=1, routed)           0.666    19.059    u_cpu/dut_pc/mem_addr_q[22]_i_2_0
    SLICE_X6Y15          LUT6 (Prop_lut6_I5_O)        0.124    19.183 f  u_cpu/dut_pc/mem_addr_q[22]_i_6/O
                         net (fo=1, routed)           0.528    19.712    u_cpu/dut_pc/mem_addr_q[22]_i_6_n_0
    SLICE_X11Y15         LUT6 (Prop_lut6_I5_O)        0.124    19.836 f  u_cpu/dut_pc/mem_addr_q[22]_i_2/O
                         net (fo=5, routed)           1.007    20.843    u_cpu/dut_pc/cpu_mem_addr[22]
    SLICE_X14Y14         LUT6 (Prop_lut6_I0_O)        0.124    20.967 r  u_cpu/dut_pc/pc[31]_i_18/O
                         net (fo=1, routed)           0.582    21.548    u_cpu/dut_pc/pc[31]_i_18_n_0
    SLICE_X16Y13         LUT6 (Prop_lut6_I3_O)        0.124    21.672 r  u_cpu/dut_pc/pc[31]_i_10/O
                         net (fo=2, routed)           0.802    22.474    u_cpu/dut_pc/pc[31]_i_10_n_0
    SLICE_X20Y11         LUT6 (Prop_lut6_I0_O)        0.124    22.598 r  u_cpu/dut_pc/pc[31]_i_5/O
                         net (fo=58, routed)          0.930    23.529    u_cpu/dut_pc/pc[31]_i_5_n_0
    SLICE_X29Y11         LUT6 (Prop_lut6_I1_O)        0.124    23.653 r  u_cpu/dut_pc/pc[8]_i_1/O
                         net (fo=1, routed)           0.475    24.127    u_cpu/dut_pc/pc_next[8]
    SLICE_X32Y11         FDRE                                         r  u_cpu/dut_pc/pc_reg[8]/D
  -------------------------------------------------------------------    -------------------

                         (clock CLK rise edge)       20.000    20.000 r  
    N15                                               0.000    20.000 r  clk (IN)
                         net (fo=0)                   0.000    20.000    clk
    N15                  IBUF (Prop_ibuf_I_O)         0.814    20.814 r  clk_IBUF_inst/O
                         net (fo=1, routed)           1.911    22.725    clk_IBUF
    BUFGCTRL_X0Y0        BUFG (Prop_bufg_I_O)         0.091    22.816 r  clk_IBUF_BUFG_inst/O
                         net (fo=11156, routed)       1.680    24.496    u_cpu/dut_pc/clk_IBUF_BUFG
    SLICE_X32Y11         FDRE                                         r  u_cpu/dut_pc/pc_reg[8]/C
                         clock pessimism              0.331    24.828    
                         clock uncertainty           -0.335    24.492    
    SLICE_X32Y11         FDRE (Setup_fdre_C_D)       -0.047    24.445    u_cpu/dut_pc/pc_reg[8]
  -------------------------------------------------------------------
                         required time                         24.445    
                         arrival time                         -24.127    
  -------------------------------------------------------------------
                         slack                                  0.318    

Slack (MET) :             0.362ns  (required time - arrival time)
  Source:                 u_cpu/dut_pc/pc_reg[5]_rep__1/C
                            (rising edge-triggered cell FDRE clocked by CLK  {rise@0.000ns fall@10.000ns period=20.000ns})
  Destination:            u_cpu/dut_pc/pc_reg[5]_rep__6/D
                            (rising edge-triggered cell FDRE clocked by CLK  {rise@0.000ns fall@10.000ns period=20.000ns})
  Path Group:             CLK
  Path Type:              Setup (Max at Slow Process Corner)
  Requirement:            20.000ns  (CLK rise@20.000ns - CLK rise@0.000ns)
  Data Path Delay:        19.212ns  (logic 4.010ns (20.872%)  route 15.202ns (79.128%))
  Logic Levels:           20  (CARRY4=3 LUT2=1 LUT4=4 LUT6=11 MUXF7=1)
  Clock Path Skew:        -0.023ns (DCD - SCD + CPR)
    Destination Clock Delay (DCD):    4.499ns = ( 24.499 - 20.000 ) 
    Source Clock Delay      (SCD):    4.872ns
    Clock Pessimism Removal (CPR):    0.349ns
  Clock Uncertainty:      0.335ns  ((TSJ^2 + TIJ^2)^1/2 + DJ) / 2 + PE + UU
    Total System Jitter     (TSJ):    0.071ns
    Total Input Jitter      (TIJ):    0.000ns
    Discrete Jitter          (DJ):    0.000ns
    Phase Error              (PE):    0.000ns
    User Uncertainty         (UU):    0.300ns

    Location             Delay type                Incr(ns)  Path(ns)    Netlist Resource(s)
  -------------------------------------------------------------------    -------------------
                         (clock CLK rise edge)        0.000     0.000 r  
    N15                                               0.000     0.000 r  clk (IN)
                         net (fo=0)                   0.000     0.000    clk
    N15                  IBUF (Prop_ibuf_I_O)         0.948     0.948 r  clk_IBUF_inst/O
                         net (fo=1, routed)           2.016     2.963    clk_IBUF
    BUFGCTRL_X0Y0        BUFG (Prop_bufg_I_O)         0.096     3.059 r  clk_IBUF_BUFG_inst/O
                         net (fo=11156, routed)       1.812     4.872    u_cpu/dut_pc/clk_IBUF_BUFG
    SLICE_X25Y12         FDRE                                         r  u_cpu/dut_pc/pc_reg[5]_rep__1/C
  -------------------------------------------------------------------    -------------------
    SLICE_X25Y12         FDRE (Prop_fdre_C_Q)         0.419     5.291 r  u_cpu/dut_pc/pc_reg[5]_rep__1/Q
                         net (fo=128, routed)         2.403     7.693    u_l1_icache/instruction_hold_q_reg[14]_i_23_0
    SLICE_X64Y22         LUT6 (Prop_lut6_I2_O)        0.299     7.992 f  u_l1_icache/instruction_hold_q[30]_i_56/O
                         net (fo=1, routed)           0.000     7.992    u_l1_icache/instruction_hold_q[30]_i_56_n_0
    SLICE_X64Y22         MUXF7 (Prop_muxf7_I1_O)      0.217     8.209 f  u_l1_icache/instruction_hold_q_reg[30]_i_24/O
                         net (fo=1, routed)           1.246     9.456    u_l1_icache/instruction_hold_q_reg[30]_i_24_n_0
    SLICE_X41Y16         LUT6 (Prop_lut6_I5_O)        0.299     9.755 f  u_l1_icache/instruction_hold_q[30]_i_8/O
                         net (fo=1, routed)           0.855    10.610    u_l1_icache/instruction_hold_q[30]_i_8_n_0
    SLICE_X23Y11         LUT6 (Prop_lut6_I5_O)        0.124    10.734 r  u_l1_icache/instruction_hold_q[30]_i_4/O
                         net (fo=2, routed)           0.277    11.011    u_cpu/dut_pc/instruction_hold_q_reg[30]
    SLICE_X23Y11         LUT6 (Prop_lut6_I3_O)        0.124    11.135 f  u_cpu/dut_pc/instr_debug[30]_i_1/O
                         net (fo=11, routed)          0.924    12.059    u_cpu/dut_pc/funct7
    SLICE_X17Y10         LUT4 (Prop_lut4_I2_O)        0.124    12.183 f  u_cpu/dut_pc/pc_target1_carry_i_15/O
                         net (fo=1, routed)           0.667    12.850    u_cpu/dut_pc/pc_target1_carry_i_15_n_0
    SLICE_X17Y10         LUT6 (Prop_lut6_I4_O)        0.124    12.974 r  u_cpu/dut_pc/pc_target1_carry_i_9/O
                         net (fo=5, routed)           0.778    13.752    u_cpu/dut_pc/pc_target1_carry_i_9_n_0
    SLICE_X15Y10         LUT6 (Prop_lut6_I2_O)        0.124    13.876 r  u_cpu/dut_pc/pc_target1_carry_i_3/O
                         net (fo=5, routed)           0.805    14.681    u_cpu/dut_pc/instruction_hold_valid_q_reg[1]
    SLICE_X6Y10          LUT4 (Prop_lut4_I3_O)        0.124    14.805 r  u_cpu/dut_pc/result0_carry_i_12/O
                         net (fo=114, routed)         1.127    15.932    u_cpu/dut_pc/src_b[1]
    SLICE_X8Y6           LUT2 (Prop_lut2_I1_O)        0.124    16.056 r  u_cpu/dut_pc/result0_carry_i_7/O
                         net (fo=1, routed)           0.000    16.056    u_cpu/dut_alu/S[1]
    SLICE_X8Y6           CARRY4 (Prop_carry4_S[1]_CO[3])
                                                      0.533    16.589 r  u_cpu/dut_alu/result0_carry/CO[3]
                         net (fo=1, routed)           0.000    16.589    u_cpu/dut_alu/result0_carry_n_0
    SLICE_X8Y7           CARRY4 (Prop_carry4_CI_CO[3])
                                                      0.117    16.706 r  u_cpu/dut_alu/result0_carry__0/CO[3]
                         net (fo=1, routed)           0.000    16.706    u_cpu/dut_alu/result0_carry__0_n_0
    SLICE_X8Y8           CARRY4 (Prop_carry4_CI_O[0])
                                                      0.219    16.925 f  u_cpu/dut_alu/result0_carry__1/O[0]
                         net (fo=1, routed)           1.055    17.980    u_cpu/dut_alu/data0[8]
    SLICE_X6Y6           LUT4 (Prop_lut4_I0_O)        0.295    18.275 f  u_cpu/dut_alu/mem_addr_q[8]_i_11/O
                         net (fo=1, routed)           0.670    18.945    u_cpu/dut_pc/mem_addr_q[8]_i_2_0
    SLICE_X6Y6           LUT6 (Prop_lut6_I5_O)        0.124    19.069 f  u_cpu/dut_pc/mem_addr_q[8]_i_6/O
                         net (fo=1, routed)           0.688    19.758    u_cpu/dut_pc/mem_addr_q[8]_i_6_n_0
    SLICE_X12Y6          LUT6 (Prop_lut6_I5_O)        0.124    19.882 f  u_cpu/dut_pc/mem_addr_q[8]_i_2/O
                         net (fo=4, routed)           0.898    20.779    u_cpu/dut_pc/cpu_mem_addr[8]
    SLICE_X15Y11         LUT4 (Prop_lut4_I0_O)        0.124    20.903 r  u_cpu/dut_pc/pc[31]_i_22/O
                         net (fo=1, routed)           0.586    21.490    u_cpu/dut_pc/pc[31]_i_22_n_0
    SLICE_X16Y11         LUT6 (Prop_lut6_I3_O)        0.124    21.614 r  u_cpu/dut_pc/pc[31]_i_11/O
                         net (fo=2, routed)           0.817    22.431    u_cpu/dut_pc/pc[31]_i_11_n_0
    SLICE_X20Y11         LUT6 (Prop_lut6_I3_O)        0.124    22.555 r  u_cpu/dut_pc/pc[31]_i_7/O
                         net (fo=58, routed)          0.884    23.439    u_cpu/dut_pc/pc[31]_i_7_n_0
    SLICE_X25Y9          LUT6 (Prop_lut6_I3_O)        0.124    23.563 r  u_cpu/dut_pc/pc[5]_rep__6_i_1/O
                         net (fo=1, routed)           0.521    24.084    u_cpu/dut_pc/pc[5]_rep__6_i_1_n_0
    SLICE_X25Y9          FDRE                                         r  u_cpu/dut_pc/pc_reg[5]_rep__6/D
  -------------------------------------------------------------------    -------------------

                         (clock CLK rise edge)       20.000    20.000 r  
    N15                                               0.000    20.000 r  clk (IN)
                         net (fo=0)                   0.000    20.000    clk
    N15                  IBUF (Prop_ibuf_I_O)         0.814    20.814 r  clk_IBUF_inst/O
                         net (fo=1, routed)           1.911    22.725    clk_IBUF
    BUFGCTRL_X0Y0        BUFG (Prop_bufg_I_O)         0.091    22.816 r  clk_IBUF_BUFG_inst/O
                         net (fo=11156, routed)       1.683    24.499    u_cpu/dut_pc/clk_IBUF_BUFG
    SLICE_X25Y9          FDRE                                         r  u_cpu/dut_pc/pc_reg[5]_rep__6/C
                         clock pessimism              0.349    24.849    
                         clock uncertainty           -0.335    24.513    
    SLICE_X25Y9          FDRE (Setup_fdre_C_D)       -0.067    24.446    u_cpu/dut_pc/pc_reg[5]_rep__6
  -------------------------------------------------------------------
                         required time                         24.446    
                         arrival time                         -24.084    
  -------------------------------------------------------------------
                         slack                                  0.362    





Min Delay Paths
--------------------------------------------------------------------------------------
Slack (MET) :             0.035ns  (arrival time - required time)
  Source:                 u_aes_slave/u_aes_core/key_schedule_inst/key_state_reg_reg[13][38]/C
                            (rising edge-triggered cell FDRE clocked by CLK  {rise@0.000ns fall@10.000ns period=20.000ns})
  Destination:            u_aes_slave/u_aes_core/state_reg_reg[14][38]/D
                            (rising edge-triggered cell FDRE clocked by CLK  {rise@0.000ns fall@10.000ns period=20.000ns})
  Path Group:             CLK
  Path Type:              Hold (Min at Fast Process Corner)
  Requirement:            0.000ns  (CLK rise@0.000ns - CLK rise@0.000ns)
  Data Path Delay:        0.240ns  (logic 0.186ns (77.523%)  route 0.054ns (22.477%))
  Logic Levels:           1  (LUT2=1)
  Clock Path Skew:        0.013ns (DCD - SCD - CPR)
    Destination Clock Delay (DCD):    1.923ns
    Source Clock Delay      (SCD):    1.406ns
    Clock Pessimism Removal (CPR):    0.503ns
  Clock Uncertainty:      0.100ns  ((TSJ^2 + TIJ^2)^1/2 + DJ) / 2 + PE + UU
    Total System Jitter     (TSJ):    0.000ns
    Total Input Jitter      (TIJ):    0.000ns
    Discrete Jitter          (DJ):    0.000ns
    Phase Error              (PE):    0.000ns
    User Uncertainty         (UU):    0.100ns

    Location             Delay type                Incr(ns)  Path(ns)    Netlist Resource(s)
  -------------------------------------------------------------------    -------------------
                         (clock CLK rise edge)        0.000     0.000 r  
    N15                                               0.000     0.000 r  clk (IN)
                         net (fo=0)                   0.000     0.000    clk
    N15                  IBUF (Prop_ibuf_I_O)         0.177     0.177 r  clk_IBUF_inst/O
                         net (fo=1, routed)           0.640     0.817    clk_IBUF
    BUFGCTRL_X0Y0        BUFG (Prop_bufg_I_O)         0.026     0.843 r  clk_IBUF_BUFG_inst/O
                         net (fo=11156, routed)       0.564     1.406    u_aes_slave/u_aes_core/key_schedule_inst/clk_IBUF_BUFG
    SLICE_X44Y106        FDRE                                         r  u_aes_slave/u_aes_core/key_schedule_inst/key_state_reg_reg[13][38]/C
  -------------------------------------------------------------------    -------------------
    SLICE_X44Y106        FDRE (Prop_fdre_C_Q)         0.141     1.547 r  u_aes_slave/u_aes_core/key_schedule_inst/key_state_reg_reg[13][38]/Q
                         net (fo=1, routed)           0.054     1.601    u_aes_slave/u_aes_core/key_schedule_inst/round_key[14]_43[38]
    SLICE_X45Y106        LUT2 (Prop_lut2_I0_O)        0.045     1.646 r  u_aes_slave/u_aes_core/key_schedule_inst/state_reg[14][38]_i_1/O
                         net (fo=1, routed)           0.000     1.646    u_aes_slave/u_aes_core/state_out[14]_44[38]
    SLICE_X45Y106        FDRE                                         r  u_aes_slave/u_aes_core/state_reg_reg[14][38]/D
  -------------------------------------------------------------------    -------------------

                         (clock CLK rise edge)        0.000     0.000 r  
    N15                                               0.000     0.000 r  clk (IN)
                         net (fo=0)                   0.000     0.000    clk
    N15                  IBUF (Prop_ibuf_I_O)         0.365     0.365 r  clk_IBUF_inst/O
                         net (fo=1, routed)           0.695     1.060    clk_IBUF
    BUFGCTRL_X0Y0        BUFG (Prop_bufg_I_O)         0.029     1.089 r  clk_IBUF_BUFG_inst/O
                         net (fo=11156, routed)       0.833     1.923    u_aes_slave/u_aes_core/clk_IBUF_BUFG
    SLICE_X45Y106        FDRE                                         r  u_aes_slave/u_aes_core/state_reg_reg[14][38]/C
                         clock pessimism             -0.503     1.419    
                         clock uncertainty            0.100     1.519    
    SLICE_X45Y106        FDRE (Hold_fdre_C_D)         0.092     1.611    u_aes_slave/u_aes_core/state_reg_reg[14][38]
  -------------------------------------------------------------------
                         required time                         -1.611    
                         arrival time                           1.646    
  -------------------------------------------------------------------
                         slack                                  0.035    

Slack (MET) :             0.040ns  (arrival time - required time)
  Source:                 u_aes_slave/u_aes_core/key_schedule_inst/key_state_reg_reg[12][115]/C
                            (rising edge-triggered cell FDRE clocked by CLK  {rise@0.000ns fall@10.000ns period=20.000ns})
  Destination:            u_aes_slave/u_aes_core/key_schedule_inst/key_state_reg_reg[13][115]/D
                            (rising edge-triggered cell FDRE clocked by CLK  {rise@0.000ns fall@10.000ns period=20.000ns})
  Path Group:             CLK
  Path Type:              Hold (Min at Fast Process Corner)
  Requirement:            0.000ns  (CLK rise@0.000ns - CLK rise@0.000ns)
  Data Path Delay:        0.273ns  (logic 0.186ns (68.106%)  route 0.087ns (31.894%))
  Logic Levels:           1  (LUT5=1)
  Clock Path Skew:        0.013ns (DCD - SCD - CPR)
    Destination Clock Delay (DCD):    1.931ns
    Source Clock Delay      (SCD):    1.413ns
    Clock Pessimism Removal (CPR):    0.504ns
  Clock Uncertainty:      0.100ns  ((TSJ^2 + TIJ^2)^1/2 + DJ) / 2 + PE + UU
    Total System Jitter     (TSJ):    0.000ns
    Total Input Jitter      (TIJ):    0.000ns
    Discrete Jitter          (DJ):    0.000ns
    Phase Error              (PE):    0.000ns
    User Uncertainty         (UU):    0.100ns

    Location             Delay type                Incr(ns)  Path(ns)    Netlist Resource(s)
  -------------------------------------------------------------------    -------------------
                         (clock CLK rise edge)        0.000     0.000 r  
    N15                                               0.000     0.000 r  clk (IN)
                         net (fo=0)                   0.000     0.000    clk
    N15                  IBUF (Prop_ibuf_I_O)         0.177     0.177 r  clk_IBUF_inst/O
                         net (fo=1, routed)           0.640     0.817    clk_IBUF
    BUFGCTRL_X0Y0        BUFG (Prop_bufg_I_O)         0.026     0.843 r  clk_IBUF_BUFG_inst/O
                         net (fo=11156, routed)       0.571     1.413    u_aes_slave/u_aes_core/key_schedule_inst/clk_IBUF_BUFG
    SLICE_X15Y89         FDRE                                         r  u_aes_slave/u_aes_core/key_schedule_inst/key_state_reg_reg[12][115]/C
  -------------------------------------------------------------------    -------------------
    SLICE_X15Y89         FDRE (Prop_fdre_C_Q)         0.141     1.554 r  u_aes_slave/u_aes_core/key_schedule_inst/key_state_reg_reg[12][115]/Q
                         net (fo=1, routed)           0.087     1.641    u_aes_slave/u_aes_core/key_schedule_inst/gen_key_expand[6].key_expand_inst/key_state_reg_reg[12][115]
    SLICE_X14Y89         LUT5 (Prop_lut5_I4_O)        0.045     1.686 r  u_aes_slave/u_aes_core/key_schedule_inst/gen_key_expand[6].key_expand_inst/key_state_reg[13][115]_i_1/O
                         net (fo=1, routed)           0.000     1.686    u_aes_slave/u_aes_core/key_schedule_inst/expanded_round_key[6]_23[115]
    SLICE_X14Y89         FDRE                                         r  u_aes_slave/u_aes_core/key_schedule_inst/key_state_reg_reg[13][115]/D
  -------------------------------------------------------------------    -------------------

                         (clock CLK rise edge)        0.000     0.000 r  
    N15                                               0.000     0.000 r  clk (IN)
                         net (fo=0)                   0.000     0.000    clk
    N15                  IBUF (Prop_ibuf_I_O)         0.365     0.365 r  clk_IBUF_inst/O
                         net (fo=1, routed)           0.695     1.060    clk_IBUF
    BUFGCTRL_X0Y0        BUFG (Prop_bufg_I_O)         0.029     1.089 r  clk_IBUF_BUFG_inst/O
                         net (fo=11156, routed)       0.842     1.931    u_aes_slave/u_aes_core/key_schedule_inst/clk_IBUF_BUFG
    SLICE_X14Y89         FDRE                                         r  u_aes_slave/u_aes_core/key_schedule_inst/key_state_reg_reg[13][115]/C
                         clock pessimism             -0.504     1.426    
                         clock uncertainty            0.100     1.526    
    SLICE_X14Y89         FDRE (Hold_fdre_C_D)         0.120     1.646    u_aes_slave/u_aes_core/key_schedule_inst/key_state_reg_reg[13][115]
  -------------------------------------------------------------------
                         required time                         -1.646    
                         arrival time                           1.686    
  -------------------------------------------------------------------
                         slack                                  0.040    

Slack (MET) :             0.046ns  (arrival time - required time)
  Source:                 u_aes_slave/u_aes_core/key_schedule_inst/key_state_reg_reg[11][166]/C
                            (rising edge-triggered cell FDRE clocked by CLK  {rise@0.000ns fall@10.000ns period=20.000ns})
  Destination:            u_aes_slave/u_aes_core/key_schedule_inst/key_state_reg_reg[12][166]/D
                            (rising edge-triggered cell FDRE clocked by CLK  {rise@0.000ns fall@10.000ns period=20.000ns})
  Path Group:             CLK
  Path Type:              Hold (Min at Fast Process Corner)
  Requirement:            0.000ns  (CLK rise@0.000ns - CLK rise@0.000ns)
  Data Path Delay:        0.486ns  (logic 0.164ns (33.771%)  route 0.322ns (66.229%))
  Logic Levels:           0  
  Clock Path Skew:        0.268ns (DCD - SCD - CPR)
    Destination Clock Delay (DCD):    1.920ns
    Source Clock Delay      (SCD):    1.405ns
    Clock Pessimism Removal (CPR):    0.246ns
  Clock Uncertainty:      0.100ns  ((TSJ^2 + TIJ^2)^1/2 + DJ) / 2 + PE + UU
    Total System Jitter     (TSJ):    0.000ns
    Total Input Jitter      (TIJ):    0.000ns
    Discrete Jitter          (DJ):    0.000ns
    Phase Error              (PE):    0.000ns
    User Uncertainty         (UU):    0.100ns

    Location             Delay type                Incr(ns)  Path(ns)    Netlist Resource(s)
  -------------------------------------------------------------------    -------------------
                         (clock CLK rise edge)        0.000     0.000 r  
    N15                                               0.000     0.000 r  clk (IN)
                         net (fo=0)                   0.000     0.000    clk
    N15                  IBUF (Prop_ibuf_I_O)         0.177     0.177 r  clk_IBUF_inst/O
                         net (fo=1, routed)           0.640     0.817    clk_IBUF
    BUFGCTRL_X0Y0        BUFG (Prop_bufg_I_O)         0.026     0.843 r  clk_IBUF_BUFG_inst/O
                         net (fo=11156, routed)       0.563     1.405    u_aes_slave/u_aes_core/key_schedule_inst/clk_IBUF_BUFG
    SLICE_X46Y92         FDRE                                         r  u_aes_slave/u_aes_core/key_schedule_inst/key_state_reg_reg[11][166]/C
  -------------------------------------------------------------------    -------------------
    SLICE_X46Y92         FDRE (Prop_fdre_C_Q)         0.164     1.569 r  u_aes_slave/u_aes_core/key_schedule_inst/key_state_reg_reg[11][166]/Q
                         net (fo=1, routed)           0.322     1.891    u_aes_slave/u_aes_core/key_schedule_inst/key_state_reg_reg[11]_40[166]
    SLICE_X52Y101        FDRE                                         r  u_aes_slave/u_aes_core/key_schedule_inst/key_state_reg_reg[12][166]/D
  -------------------------------------------------------------------    -------------------

                         (clock CLK rise edge)        0.000     0.000 r  
    N15                                               0.000     0.000 r  clk (IN)
                         net (fo=0)                   0.000     0.000    clk
    N15                  IBUF (Prop_ibuf_I_O)         0.365     0.365 r  clk_IBUF_inst/O
                         net (fo=1, routed)           0.695     1.060    clk_IBUF
    BUFGCTRL_X0Y0        BUFG (Prop_bufg_I_O)         0.029     1.089 r  clk_IBUF_BUFG_inst/O
                         net (fo=11156, routed)       0.830     1.920    u_aes_slave/u_aes_core/key_schedule_inst/clk_IBUF_BUFG
    SLICE_X52Y101        FDRE                                         r  u_aes_slave/u_aes_core/key_schedule_inst/key_state_reg_reg[12][166]/C
                         clock pessimism             -0.246     1.673    
                         clock uncertainty            0.100     1.773    
    SLICE_X52Y101        FDRE (Hold_fdre_C_D)         0.072     1.845    u_aes_slave/u_aes_core/key_schedule_inst/key_state_reg_reg[12][166]
  -------------------------------------------------------------------
                         required time                         -1.845    
                         arrival time                           1.891    
  -------------------------------------------------------------------
                         slack                                  0.046    

Slack (MET) :             0.047ns  (arrival time - required time)
  Source:                 u_aes_slave/u_aes_core/key_schedule_inst/key_state_reg_reg[11][210]/C
                            (rising edge-triggered cell FDRE clocked by CLK  {rise@0.000ns fall@10.000ns period=20.000ns})
  Destination:            u_aes_slave/u_aes_core/key_schedule_inst/key_state_reg_reg[12][210]/D
                            (rising edge-triggered cell FDRE clocked by CLK  {rise@0.000ns fall@10.000ns period=20.000ns})
  Path Group:             CLK
  Path Type:              Hold (Min at Fast Process Corner)
  Requirement:            0.000ns  (CLK rise@0.000ns - CLK rise@0.000ns)
  Data Path Delay:        0.257ns  (logic 0.141ns (54.777%)  route 0.116ns (45.223%))
  Logic Levels:           0  
  Clock Path Skew:        0.038ns (DCD - SCD - CPR)
    Destination Clock Delay (DCD):    1.928ns
    Source Clock Delay      (SCD):    1.409ns
    Clock Pessimism Removal (CPR):    0.480ns
  Clock Uncertainty:      0.100ns  ((TSJ^2 + TIJ^2)^1/2 + DJ) / 2 + PE + UU
    Total System Jitter     (TSJ):    0.000ns
    Total Input Jitter      (TIJ):    0.000ns
    Discrete Jitter          (DJ):    0.000ns
    Phase Error              (PE):    0.000ns
    User Uncertainty         (UU):    0.100ns

    Location             Delay type                Incr(ns)  Path(ns)    Netlist Resource(s)
  -------------------------------------------------------------------    -------------------
                         (clock CLK rise edge)        0.000     0.000 r  
    N15                                               0.000     0.000 r  clk (IN)
                         net (fo=0)                   0.000     0.000    clk
    N15                  IBUF (Prop_ibuf_I_O)         0.177     0.177 r  clk_IBUF_inst/O
                         net (fo=1, routed)           0.640     0.817    clk_IBUF
    BUFGCTRL_X0Y0        BUFG (Prop_bufg_I_O)         0.026     0.843 r  clk_IBUF_BUFG_inst/O
                         net (fo=11156, routed)       0.567     1.409    u_aes_slave/u_aes_core/key_schedule_inst/clk_IBUF_BUFG
    SLICE_X35Y90         FDRE                                         r  u_aes_slave/u_aes_core/key_schedule_inst/key_state_reg_reg[11][210]/C
  -------------------------------------------------------------------    -------------------
    SLICE_X35Y90         FDRE (Prop_fdre_C_Q)         0.141     1.550 r  u_aes_slave/u_aes_core/key_schedule_inst/key_state_reg_reg[11][210]/Q
                         net (fo=1, routed)           0.116     1.667    u_aes_slave/u_aes_core/key_schedule_inst/key_state_reg_reg[11]_40[210]
    SLICE_X33Y90         FDRE                                         r  u_aes_slave/u_aes_core/key_schedule_inst/key_state_reg_reg[12][210]/D
  -------------------------------------------------------------------    -------------------

                         (clock CLK rise edge)        0.000     0.000 r  
    N15                                               0.000     0.000 r  clk (IN)
                         net (fo=0)                   0.000     0.000    clk
    N15                  IBUF (Prop_ibuf_I_O)         0.365     0.365 r  clk_IBUF_inst/O
                         net (fo=1, routed)           0.695     1.060    clk_IBUF
    BUFGCTRL_X0Y0        BUFG (Prop_bufg_I_O)         0.029     1.089 r  clk_IBUF_BUFG_inst/O
                         net (fo=11156, routed)       0.839     1.928    u_aes_slave/u_aes_core/key_schedule_inst/clk_IBUF_BUFG
    SLICE_X33Y90         FDRE                                         r  u_aes_slave/u_aes_core/key_schedule_inst/key_state_reg_reg[12][210]/C
                         clock pessimism             -0.480     1.447    
                         clock uncertainty            0.100     1.547    
    SLICE_X33Y90         FDRE (Hold_fdre_C_D)         0.072     1.619    u_aes_slave/u_aes_core/key_schedule_inst/key_state_reg_reg[12][210]
  -------------------------------------------------------------------
                         required time                         -1.619    
                         arrival time                           1.667    
  -------------------------------------------------------------------
                         slack                                  0.047    

Slack (MET) :             0.049ns  (arrival time - required time)
  Source:                 u_aes_slave/u_aes_core/key_schedule_inst/key_state_reg_reg[5][212]/C
                            (rising edge-triggered cell FDRE clocked by CLK  {rise@0.000ns fall@10.000ns period=20.000ns})
  Destination:            u_aes_slave/u_aes_core/key_schedule_inst/key_state_reg_reg[6][212]/D
                            (rising edge-triggered cell FDRE clocked by CLK  {rise@0.000ns fall@10.000ns period=20.000ns})
  Path Group:             CLK
  Path Type:              Hold (Min at Fast Process Corner)
  Requirement:            0.000ns  (CLK rise@0.000ns - CLK rise@0.000ns)
  Data Path Delay:        0.420ns  (logic 0.164ns (39.016%)  route 0.256ns (60.984%))
  Logic Levels:           0  
  Clock Path Skew:        0.199ns (DCD - SCD - CPR)
    Destination Clock Delay (DCD):    1.927ns
    Source Clock Delay      (SCD):    1.476ns
    Clock Pessimism Removal (CPR):    0.251ns
  Clock Uncertainty:      0.100ns  ((TSJ^2 + TIJ^2)^1/2 + DJ) / 2 + PE + UU
    Total System Jitter     (TSJ):    0.000ns
    Total Input Jitter      (TIJ):    0.000ns
    Discrete Jitter          (DJ):    0.000ns
    Phase Error              (PE):    0.000ns
    User Uncertainty         (UU):    0.100ns

    Location             Delay type                Incr(ns)  Path(ns)    Netlist Resource(s)
  -------------------------------------------------------------------    -------------------
                         (clock CLK rise edge)        0.000     0.000 r  
    N15                                               0.000     0.000 r  clk (IN)
                         net (fo=0)                   0.000     0.000    clk
    N15                  IBUF (Prop_ibuf_I_O)         0.177     0.177 r  clk_IBUF_inst/O
                         net (fo=1, routed)           0.640     0.817    clk_IBUF
    BUFGCTRL_X0Y0        BUFG (Prop_bufg_I_O)         0.026     0.843 r  clk_IBUF_BUFG_inst/O
                         net (fo=11156, routed)       0.633     1.476    u_aes_slave/u_aes_core/key_schedule_inst/clk_IBUF_BUFG
    SLICE_X42Y49         FDRE                                         r  u_aes_slave/u_aes_core/key_schedule_inst/key_state_reg_reg[5][212]/C
  -------------------------------------------------------------------    -------------------
    SLICE_X42Y49         FDRE (Prop_fdre_C_Q)         0.164     1.640 r  u_aes_slave/u_aes_core/key_schedule_inst/key_state_reg_reg[5][212]/Q
                         net (fo=1, routed)           0.256     1.896    u_aes_slave/u_aes_core/key_schedule_inst/key_state_reg_reg[5]_31[212]
    SLICE_X40Y56         FDRE                                         r  u_aes_slave/u_aes_core/key_schedule_inst/key_state_reg_reg[6][212]/D
  -------------------------------------------------------------------    -------------------

                         (clock CLK rise edge)        0.000     0.000 r  
    N15                                               0.000     0.000 r  clk (IN)
                         net (fo=0)                   0.000     0.000    clk
    N15                  IBUF (Prop_ibuf_I_O)         0.365     0.365 r  clk_IBUF_inst/O
                         net (fo=1, routed)           0.695     1.060    clk_IBUF
    BUFGCTRL_X0Y0        BUFG (Prop_bufg_I_O)         0.029     1.089 r  clk_IBUF_BUFG_inst/O
                         net (fo=11156, routed)       0.838     1.927    u_aes_slave/u_aes_core/key_schedule_inst/clk_IBUF_BUFG
    SLICE_X40Y56         FDRE                                         r  u_aes_slave/u_aes_core/key_schedule_inst/key_state_reg_reg[6][212]/C
                         clock pessimism             -0.251     1.675    
                         clock uncertainty            0.100     1.775    
    SLICE_X40Y56         FDRE (Hold_fdre_C_D)         0.072     1.847    u_aes_slave/u_aes_core/key_schedule_inst/key_state_reg_reg[6][212]
  -------------------------------------------------------------------
                         required time                         -1.847    
                         arrival time                           1.896    
  -------------------------------------------------------------------
                         slack                                  0.049    

Slack (MET) :             0.049ns  (arrival time - required time)
  Source:                 u_aes_slave/u_aes_core/key_schedule_inst/key_state_reg_reg[11][129]/C
                            (rising edge-triggered cell FDRE clocked by CLK  {rise@0.000ns fall@10.000ns period=20.000ns})
  Destination:            u_aes_slave/u_aes_core/key_schedule_inst/key_state_reg_reg[12][129]/D
                            (rising edge-triggered cell FDRE clocked by CLK  {rise@0.000ns fall@10.000ns period=20.000ns})
  Path Group:             CLK
  Path Type:              Hold (Min at Fast Process Corner)
  Requirement:            0.000ns  (CLK rise@0.000ns - CLK rise@0.000ns)
  Data Path Delay:        0.489ns  (logic 0.164ns (33.540%)  route 0.325ns (66.460%))
  Logic Levels:           0  
  Clock Path Skew:        0.268ns (DCD - SCD - CPR)
    Destination Clock Delay (DCD):    1.921ns
    Source Clock Delay      (SCD):    1.406ns
    Clock Pessimism Removal (CPR):    0.246ns
  Clock Uncertainty:      0.100ns  ((TSJ^2 + TIJ^2)^1/2 + DJ) / 2 + PE + UU
    Total System Jitter     (TSJ):    0.000ns
    Total Input Jitter      (TIJ):    0.000ns
    Discrete Jitter          (DJ):    0.000ns
    Phase Error              (PE):    0.000ns
    User Uncertainty         (UU):    0.100ns

    Location             Delay type                Incr(ns)  Path(ns)    Netlist Resource(s)
  -------------------------------------------------------------------    -------------------
                         (clock CLK rise edge)        0.000     0.000 r  
    N15                                               0.000     0.000 r  clk (IN)
                         net (fo=0)                   0.000     0.000    clk
    N15                  IBUF (Prop_ibuf_I_O)         0.177     0.177 r  clk_IBUF_inst/O
                         net (fo=1, routed)           0.640     0.817    clk_IBUF
    BUFGCTRL_X0Y0        BUFG (Prop_bufg_I_O)         0.026     0.843 r  clk_IBUF_BUFG_inst/O
                         net (fo=11156, routed)       0.564     1.406    u_aes_slave/u_aes_core/key_schedule_inst/clk_IBUF_BUFG
    SLICE_X46Y94         FDRE                                         r  u_aes_slave/u_aes_core/key_schedule_inst/key_state_reg_reg[11][129]/C
  -------------------------------------------------------------------    -------------------
    SLICE_X46Y94         FDRE (Prop_fdre_C_Q)         0.164     1.570 r  u_aes_slave/u_aes_core/key_schedule_inst/key_state_reg_reg[11][129]/Q
                         net (fo=1, routed)           0.325     1.895    u_aes_slave/u_aes_core/key_schedule_inst/key_state_reg_reg[11]_40[129]
    SLICE_X48Y107        FDRE                                         r  u_aes_slave/u_aes_core/key_schedule_inst/key_state_reg_reg[12][129]/D
  -------------------------------------------------------------------    -------------------

                         (clock CLK rise edge)        0.000     0.000 r  
    N15                                               0.000     0.000 r  clk (IN)
                         net (fo=0)                   0.000     0.000    clk
    N15                  IBUF (Prop_ibuf_I_O)         0.365     0.365 r  clk_IBUF_inst/O
                         net (fo=1, routed)           0.695     1.060    clk_IBUF
    BUFGCTRL_X0Y0        BUFG (Prop_bufg_I_O)         0.029     1.089 r  clk_IBUF_BUFG_inst/O
                         net (fo=11156, routed)       0.831     1.921    u_aes_slave/u_aes_core/key_schedule_inst/clk_IBUF_BUFG
    SLICE_X48Y107        FDRE                                         r  u_aes_slave/u_aes_core/key_schedule_inst/key_state_reg_reg[12][129]/C
                         clock pessimism             -0.246     1.674    
                         clock uncertainty            0.100     1.774    
    SLICE_X48Y107        FDRE (Hold_fdre_C_D)         0.072     1.846    u_aes_slave/u_aes_core/key_schedule_inst/key_state_reg_reg[12][129]
  -------------------------------------------------------------------
                         required time                         -1.846    
                         arrival time                           1.895    
  -------------------------------------------------------------------
                         slack                                  0.049    

Slack (MET) :             0.049ns  (arrival time - required time)
  Source:                 u_aes_slave/key_q_reg[6][13]/C
                            (rising edge-triggered cell FDRE clocked by CLK  {rise@0.000ns fall@10.000ns period=20.000ns})
  Destination:            u_aes_slave/u_aes_core/key_schedule_inst/key_state_reg_reg[0][213]/D
                            (rising edge-triggered cell FDRE clocked by CLK  {rise@0.000ns fall@10.000ns period=20.000ns})
  Path Group:             CLK
  Path Type:              Hold (Min at Fast Process Corner)
  Requirement:            0.000ns  (CLK rise@0.000ns - CLK rise@0.000ns)
  Data Path Delay:        0.262ns  (logic 0.141ns (53.762%)  route 0.121ns (46.238%))
  Logic Levels:           0  
  Clock Path Skew:        0.037ns (DCD - SCD - CPR)
    Destination Clock Delay (DCD):    2.001ns
    Source Clock Delay      (SCD):    1.480ns
    Clock Pessimism Removal (CPR):    0.484ns
  Clock Uncertainty:      0.100ns  ((TSJ^2 + TIJ^2)^1/2 + DJ) / 2 + PE + UU
    Total System Jitter     (TSJ):    0.000ns
    Total Input Jitter      (TIJ):    0.000ns
    Discrete Jitter          (DJ):    0.000ns
    Phase Error              (PE):    0.000ns
    User Uncertainty         (UU):    0.100ns

    Location             Delay type                Incr(ns)  Path(ns)    Netlist Resource(s)
  -------------------------------------------------------------------    -------------------
                         (clock CLK rise edge)        0.000     0.000 r  
    N15                                               0.000     0.000 r  clk (IN)
                         net (fo=0)                   0.000     0.000    clk
    N15                  IBUF (Prop_ibuf_I_O)         0.177     0.177 r  clk_IBUF_inst/O
                         net (fo=1, routed)           0.640     0.817    clk_IBUF
    BUFGCTRL_X0Y0        BUFG (Prop_bufg_I_O)         0.026     0.843 r  clk_IBUF_BUFG_inst/O
                         net (fo=11156, routed)       0.637     1.480    u_aes_slave/clk_IBUF_BUFG
    SLICE_X9Y38          FDRE                                         r  u_aes_slave/key_q_reg[6][13]/C
  -------------------------------------------------------------------    -------------------
    SLICE_X9Y38          FDRE (Prop_fdre_C_Q)         0.141     1.621 r  u_aes_slave/key_q_reg[6][13]/Q
                         net (fo=2, routed)           0.121     1.742    u_aes_slave/u_aes_core/key_schedule_inst/key_state_reg_reg[0][255]_0[213]
    SLICE_X10Y38         FDRE                                         r  u_aes_slave/u_aes_core/key_schedule_inst/key_state_reg_reg[0][213]/D
  -------------------------------------------------------------------    -------------------

                         (clock CLK rise edge)        0.000     0.000 r  
    N15                                               0.000     0.000 r  clk (IN)
                         net (fo=0)                   0.000     0.000    clk
    N15                  IBUF (Prop_ibuf_I_O)         0.365     0.365 r  clk_IBUF_inst/O
                         net (fo=1, routed)           0.695     1.060    clk_IBUF
    BUFGCTRL_X0Y0        BUFG (Prop_bufg_I_O)         0.029     1.089 r  clk_IBUF_BUFG_inst/O
                         net (fo=11156, routed)       0.912     2.001    u_aes_slave/u_aes_core/key_schedule_inst/clk_IBUF_BUFG
    SLICE_X10Y38         FDRE                                         r  u_aes_slave/u_aes_core/key_schedule_inst/key_state_reg_reg[0][213]/C
                         clock pessimism             -0.484     1.517    
                         clock uncertainty            0.100     1.617    
    SLICE_X10Y38         FDRE (Hold_fdre_C_D)         0.076     1.693    u_aes_slave/u_aes_core/key_schedule_inst/key_state_reg_reg[0][213]
  -------------------------------------------------------------------
                         required time                         -1.693    
                         arrival time                           1.742    
  -------------------------------------------------------------------
                         slack                                  0.049    

Slack (MET) :             0.050ns  (arrival time - required time)
  Source:                 u_aes_slave/u_aes_core/key_schedule_inst/key_state_reg_reg[5][90]/C
                            (rising edge-triggered cell FDRE clocked by CLK  {rise@0.000ns fall@10.000ns period=20.000ns})
  Destination:            u_aes_slave/u_aes_core/key_schedule_inst/key_state_reg_reg[6][90]/D
                            (rising edge-triggered cell FDRE clocked by CLK  {rise@0.000ns fall@10.000ns period=20.000ns})
  Path Group:             CLK
  Path Type:              Hold (Min at Fast Process Corner)
  Requirement:            0.000ns  (CLK rise@0.000ns - CLK rise@0.000ns)
  Data Path Delay:        0.419ns  (logic 0.141ns (33.628%)  route 0.278ns (66.372%))
  Logic Levels:           0  
  Clock Path Skew:        0.199ns (DCD - SCD - CPR)
    Destination Clock Delay (DCD):    1.927ns
    Source Clock Delay      (SCD):    1.476ns
    Clock Pessimism Removal (CPR):    0.251ns
  Clock Uncertainty:      0.100ns  ((TSJ^2 + TIJ^2)^1/2 + DJ) / 2 + PE + UU
    Total System Jitter     (TSJ):    0.000ns
    Total Input Jitter      (TIJ):    0.000ns
    Discrete Jitter          (DJ):    0.000ns
    Phase Error              (PE):    0.000ns
    User Uncertainty         (UU):    0.100ns

    Location             Delay type                Incr(ns)  Path(ns)    Netlist Resource(s)
  -------------------------------------------------------------------    -------------------
                         (clock CLK rise edge)        0.000     0.000 r  
    N15                                               0.000     0.000 r  clk (IN)
                         net (fo=0)                   0.000     0.000    clk
    N15                  IBUF (Prop_ibuf_I_O)         0.177     0.177 r  clk_IBUF_inst/O
                         net (fo=1, routed)           0.640     0.817    clk_IBUF
    BUFGCTRL_X0Y0        BUFG (Prop_bufg_I_O)         0.026     0.843 r  clk_IBUF_BUFG_inst/O
                         net (fo=11156, routed)       0.633     1.476    u_aes_slave/u_aes_core/key_schedule_inst/clk_IBUF_BUFG
    SLICE_X39Y49         FDRE                                         r  u_aes_slave/u_aes_core/key_schedule_inst/key_state_reg_reg[5][90]/C
  -------------------------------------------------------------------    -------------------
    SLICE_X39Y49         FDRE (Prop_fdre_C_Q)         0.141     1.617 r  u_aes_slave/u_aes_core/key_schedule_inst/key_state_reg_reg[5][90]/Q
                         net (fo=2, routed)           0.278     1.895    u_aes_slave/u_aes_core/key_schedule_inst/round_key[6]_32[90]
    SLICE_X40Y53         FDRE                                         r  u_aes_slave/u_aes_core/key_schedule_inst/key_state_reg_reg[6][90]/D
  -------------------------------------------------------------------    -------------------

                         (clock CLK rise edge)        0.000     0.000 r  
    N15                                               0.000     0.000 r  clk (IN)
                         net (fo=0)                   0.000     0.000    clk
    N15                  IBUF (Prop_ibuf_I_O)         0.365     0.365 r  clk_IBUF_inst/O
                         net (fo=1, routed)           0.695     1.060    clk_IBUF
    BUFGCTRL_X0Y0        BUFG (Prop_bufg_I_O)         0.029     1.089 r  clk_IBUF_BUFG_inst/O
                         net (fo=11156, routed)       0.838     1.927    u_aes_slave/u_aes_core/key_schedule_inst/clk_IBUF_BUFG
    SLICE_X40Y53         FDRE                                         r  u_aes_slave/u_aes_core/key_schedule_inst/key_state_reg_reg[6][90]/C
                         clock pessimism             -0.251     1.675    
                         clock uncertainty            0.100     1.775    
    SLICE_X40Y53         FDRE (Hold_fdre_C_D)         0.070     1.845    u_aes_slave/u_aes_core/key_schedule_inst/key_state_reg_reg[6][90]
  -------------------------------------------------------------------
                         required time                         -1.845    
                         arrival time                           1.895    
  -------------------------------------------------------------------
                         slack                                  0.050    

Slack (MET) :             0.051ns  (arrival time - required time)
  Source:                 u_aes_slave/pt_q_reg[2][26]/C
                            (rising edge-triggered cell FDRE clocked by CLK  {rise@0.000ns fall@10.000ns period=20.000ns})
  Destination:            u_aes_slave/u_aes_core/state_reg_reg[0][66]/D
                            (rising edge-triggered cell FDRE clocked by CLK  {rise@0.000ns fall@10.000ns period=20.000ns})
  Path Group:             CLK
  Path Type:              Hold (Min at Fast Process Corner)
  Requirement:            0.000ns  (CLK rise@0.000ns - CLK rise@0.000ns)
  Data Path Delay:        0.256ns  (logic 0.186ns (72.746%)  route 0.070ns (27.254%))
  Logic Levels:           1  (LUT2=1)
  Clock Path Skew:        0.013ns (DCD - SCD - CPR)
    Destination Clock Delay (DCD):    1.986ns
    Source Clock Delay      (SCD):    1.467ns
    Clock Pessimism Removal (CPR):    0.506ns
  Clock Uncertainty:      0.100ns  ((TSJ^2 + TIJ^2)^1/2 + DJ) / 2 + PE + UU
    Total System Jitter     (TSJ):    0.000ns
    Total Input Jitter      (TIJ):    0.000ns
    Discrete Jitter          (DJ):    0.000ns
    Phase Error              (PE):    0.000ns
    User Uncertainty         (UU):    0.100ns

    Location             Delay type                Incr(ns)  Path(ns)    Netlist Resource(s)
  -------------------------------------------------------------------    -------------------
                         (clock CLK rise edge)        0.000     0.000 r  
    N15                                               0.000     0.000 r  clk (IN)
                         net (fo=0)                   0.000     0.000    clk
    N15                  IBUF (Prop_ibuf_I_O)         0.177     0.177 r  clk_IBUF_inst/O
                         net (fo=1, routed)           0.640     0.817    clk_IBUF
    BUFGCTRL_X0Y0        BUFG (Prop_bufg_I_O)         0.026     0.843 r  clk_IBUF_BUFG_inst/O
                         net (fo=11156, routed)       0.624     1.467    u_aes_slave/clk_IBUF_BUFG
    SLICE_X25Y25         FDRE                                         r  u_aes_slave/pt_q_reg[2][26]/C
  -------------------------------------------------------------------    -------------------
    SLICE_X25Y25         FDRE (Prop_fdre_C_Q)         0.141     1.608 r  u_aes_slave/pt_q_reg[2][26]/Q
                         net (fo=2, routed)           0.070     1.678    u_aes_slave/u_aes_core/aes_plain_text[58]
    SLICE_X24Y25         LUT2 (Prop_lut2_I1_O)        0.045     1.723 r  u_aes_slave/u_aes_core/state_reg[0][66]_i_1/O
                         net (fo=1, routed)           0.000     1.723    u_aes_slave/u_aes_core/state_init[66]
    SLICE_X24Y25         FDRE                                         r  u_aes_slave/u_aes_core/state_reg_reg[0][66]/D
  -------------------------------------------------------------------    -------------------

                         (clock CLK rise edge)        0.000     0.000 r  
    N15                                               0.000     0.000 r  clk (IN)
                         net (fo=0)                   0.000     0.000    clk
    N15                  IBUF (Prop_ibuf_I_O)         0.365     0.365 r  clk_IBUF_inst/O
                         net (fo=1, routed)           0.695     1.060    clk_IBUF
    BUFGCTRL_X0Y0        BUFG (Prop_bufg_I_O)         0.029     1.089 r  clk_IBUF_BUFG_inst/O
                         net (fo=11156, routed)       0.897     1.986    u_aes_slave/u_aes_core/clk_IBUF_BUFG
    SLICE_X24Y25         FDRE                                         r  u_aes_slave/u_aes_core/state_reg_reg[0][66]/C
                         clock pessimism             -0.506     1.480    
                         clock uncertainty            0.100     1.580    
    SLICE_X24Y25         FDRE (Hold_fdre_C_D)         0.092     1.672    u_aes_slave/u_aes_core/state_reg_reg[0][66]
  -------------------------------------------------------------------
                         required time                         -1.672    
                         arrival time                           1.723    
  -------------------------------------------------------------------
                         slack                                  0.051    

Slack (MET) :             0.052ns  (arrival time - required time)
  Source:                 u_uart_slave/u_uart_core/uart_rx_inst/parity_error_pending_reg/C
                            (rising edge-triggered cell FDRE clocked by CLK  {rise@0.000ns fall@10.000ns period=20.000ns})
  Destination:            u_uart_slave/u_uart_core/uart_rx_inst/parity_error_reg_reg/D
                            (rising edge-triggered cell FDRE clocked by CLK  {rise@0.000ns fall@10.000ns period=20.000ns})
  Path Group:             CLK
  Path Type:              Hold (Min at Fast Process Corner)
  Requirement:            0.000ns  (CLK rise@0.000ns - CLK rise@0.000ns)
  Data Path Delay:        0.257ns  (logic 0.186ns (72.490%)  route 0.071ns (27.510%))
  Logic Levels:           1  (LUT3=1)
  Clock Path Skew:        0.013ns (DCD - SCD - CPR)
    Destination Clock Delay (DCD):    2.019ns
    Source Clock Delay      (SCD):    1.499ns
    Clock Pessimism Removal (CPR):    0.507ns
  Clock Uncertainty:      0.100ns  ((TSJ^2 + TIJ^2)^1/2 + DJ) / 2 + PE + UU
    Total System Jitter     (TSJ):    0.000ns
    Total Input Jitter      (TIJ):    0.000ns
    Discrete Jitter          (DJ):    0.000ns
    Phase Error              (PE):    0.000ns
    User Uncertainty         (UU):    0.100ns

    Location             Delay type                Incr(ns)  Path(ns)    Netlist Resource(s)
  -------------------------------------------------------------------    -------------------
                         (clock CLK rise edge)        0.000     0.000 r  
    N15                                               0.000     0.000 r  clk (IN)
                         net (fo=0)                   0.000     0.000    clk
    N15                  IBUF (Prop_ibuf_I_O)         0.177     0.177 r  clk_IBUF_inst/O
                         net (fo=1, routed)           0.640     0.817    clk_IBUF
    BUFGCTRL_X0Y0        BUFG (Prop_bufg_I_O)         0.026     0.843 r  clk_IBUF_BUFG_inst/O
                         net (fo=11156, routed)       0.656     1.499    u_uart_slave/u_uart_core/uart_rx_inst/clk_IBUF_BUFG
    SLICE_X1Y23          FDRE                                         r  u_uart_slave/u_uart_core/uart_rx_inst/parity_error_pending_reg/C
  -------------------------------------------------------------------    -------------------
    SLICE_X1Y23          FDRE (Prop_fdre_C_Q)         0.141     1.640 r  u_uart_slave/u_uart_core/uart_rx_inst/parity_error_pending_reg/Q
                         net (fo=2, routed)           0.071     1.711    u_uart_slave/u_uart_core/uart_rx_inst/parity_error_pending
    SLICE_X0Y23          LUT3 (Prop_lut3_I0_O)        0.045     1.756 r  u_uart_slave/u_uart_core/uart_rx_inst/parity_error_reg_i_1/O
                         net (fo=1, routed)           0.000     1.756    u_uart_slave/u_uart_core/uart_rx_inst/parity_error_reg_i_1_n_0
    SLICE_X0Y23          FDRE                                         r  u_uart_slave/u_uart_core/uart_rx_inst/parity_error_reg_reg/D
  -------------------------------------------------------------------    -------------------

                         (clock CLK rise edge)        0.000     0.000 r  
    N15                                               0.000     0.000 r  clk (IN)
                         net (fo=0)                   0.000     0.000    clk
    N15                  IBUF (Prop_ibuf_I_O)         0.365     0.365 r  clk_IBUF_inst/O
                         net (fo=1, routed)           0.695     1.060    clk_IBUF
    BUFGCTRL_X0Y0        BUFG (Prop_bufg_I_O)         0.029     1.089 r  clk_IBUF_BUFG_inst/O
                         net (fo=11156, routed)       0.930     2.019    u_uart_slave/u_uart_core/uart_rx_inst/clk_IBUF_BUFG
    SLICE_X0Y23          FDRE                                         r  u_uart_slave/u_uart_core/uart_rx_inst/parity_error_reg_reg/C
                         clock pessimism             -0.507     1.512    
                         clock uncertainty            0.100     1.612    
    SLICE_X0Y23          FDRE (Hold_fdre_C_D)         0.092     1.704    u_uart_slave/u_uart_core/uart_rx_inst/parity_error_reg_reg
  -------------------------------------------------------------------
                         required time                         -1.704    
                         arrival time                           1.756    
  -------------------------------------------------------------------
                         slack                                  0.052    

Slack (MET) :             0.052ns  (arrival time - required time)
  Source:                 u_aes_slave/u_aes_core/key_schedule_inst/key_state_reg_reg[12][16]/C
                            (rising edge-triggered cell FDRE clocked by CLK  {rise@0.000ns fall@10.000ns period=20.000ns})
  Destination:            u_aes_slave/u_aes_core/key_schedule_inst/key_state_reg_reg[13][112]/D
                            (rising edge-triggered cell FDRE clocked by CLK  {rise@0.000ns fall@10.000ns period=20.000ns})
  Path Group:             CLK
  Path Type:              Hold (Min at Fast Process Corner)
  Requirement:            0.000ns  (CLK rise@0.000ns - CLK rise@0.000ns)
  Data Path Delay:        0.285ns  (logic 0.186ns (65.194%)  route 0.099ns (34.806%))
  Logic Levels:           1  (LUT5=1)
  Clock Path Skew:        0.013ns (DCD - SCD - CPR)
    Destination Clock Delay (DCD):    1.928ns
    Source Clock Delay      (SCD):    1.410ns
    Clock Pessimism Removal (CPR):    0.504ns
  Clock Uncertainty:      0.100ns  ((TSJ^2 + TIJ^2)^1/2 + DJ) / 2 + PE + UU
    Total System Jitter     (TSJ):    0.000ns
    Total Input Jitter      (TIJ):    0.000ns
    Discrete Jitter          (DJ):    0.000ns
    Phase Error              (PE):    0.000ns
    User Uncertainty         (UU):    0.100ns

    Location             Delay type                Incr(ns)  Path(ns)    Netlist Resource(s)
  -------------------------------------------------------------------    -------------------
                         (clock CLK rise edge)        0.000     0.000 r  
    N15                                               0.000     0.000 r  clk (IN)
                         net (fo=0)                   0.000     0.000    clk
    N15                  IBUF (Prop_ibuf_I_O)         0.177     0.177 r  clk_IBUF_inst/O
                         net (fo=1, routed)           0.640     0.817    clk_IBUF
    BUFGCTRL_X0Y0        BUFG (Prop_bufg_I_O)         0.026     0.843 r  clk_IBUF_BUFG_inst/O
                         net (fo=11156, routed)       0.568     1.410    u_aes_slave/u_aes_core/key_schedule_inst/clk_IBUF_BUFG
    SLICE_X35Y96         FDRE                                         r  u_aes_slave/u_aes_core/key_schedule_inst/key_state_reg_reg[12][16]/C
  -------------------------------------------------------------------    -------------------
    SLICE_X35Y96         FDRE (Prop_fdre_C_Q)         0.141     1.551 r  u_aes_slave/u_aes_core/key_schedule_inst/key_state_reg_reg[12][16]/Q
                         net (fo=4, routed)           0.099     1.651    u_aes_slave/u_aes_core/key_schedule_inst/gen_key_expand[6].key_expand_inst/key_state_reg_reg[12][16]
    SLICE_X34Y96         LUT5 (Prop_lut5_I1_O)        0.045     1.696 r  u_aes_slave/u_aes_core/key_schedule_inst/gen_key_expand[6].key_expand_inst/key_state_reg[13][112]_i_1/O
                         net (fo=1, routed)           0.000     1.696    u_aes_slave/u_aes_core/key_schedule_inst/expanded_round_key[6]_23[112]
    SLICE_X34Y96         FDRE                                         r  u_aes_slave/u_aes_core/key_schedule_inst/key_state_reg_reg[13][112]/D
  -------------------------------------------------------------------    -------------------

                         (clock CLK rise edge)        0.000     0.000 r  
    N15                                               0.000     0.000 r  clk (IN)
                         net (fo=0)                   0.000     0.000    clk
    N15                  IBUF (Prop_ibuf_I_O)         0.365     0.365 r  clk_IBUF_inst/O
                         net (fo=1, routed)           0.695     1.060    clk_IBUF
    BUFGCTRL_X0Y0        BUFG (Prop_bufg_I_O)         0.029     1.089 r  clk_IBUF_BUFG_inst/O
                         net (fo=11156, routed)       0.839     1.928    u_aes_slave/u_aes_core/key_schedule_inst/clk_IBUF_BUFG
    SLICE_X34Y96         FDRE                                         r  u_aes_slave/u_aes_core/key_schedule_inst/key_state_reg_reg[13][112]/C
                         clock pessimism             -0.504     1.423    
                         clock uncertainty            0.100     1.523    
    SLICE_X34Y96         FDRE (Hold_fdre_C_D)         0.120     1.643    u_aes_slave/u_aes_core/key_schedule_inst/key_state_reg_reg[13][112]
  -------------------------------------------------------------------
                         required time                         -1.643    
                         arrival time                           1.696    
  -------------------------------------------------------------------
                         slack                                  0.052    

Slack (MET) :             0.052ns  (arrival time - required time)
  Source:                 u_aes_slave/u_aes_core/key_schedule_inst/key_state_reg_reg[7][108]/C
                            (rising edge-triggered cell FDRE clocked by CLK  {rise@0.000ns fall@10.000ns period=20.000ns})
  Destination:            u_aes_slave/u_aes_core/state_reg_reg[8][108]/D
                            (rising edge-triggered cell FDRE clocked by CLK  {rise@0.000ns fall@10.000ns period=20.000ns})
  Path Group:             CLK
  Path Type:              Hold (Min at Fast Process Corner)
  Requirement:            0.000ns  (CLK rise@0.000ns - CLK rise@0.000ns)
  Data Path Delay:        0.285ns  (logic 0.186ns (65.194%)  route 0.099ns (34.806%))
  Logic Levels:           1  (LUT2=1)
  Clock Path Skew:        0.013ns (DCD - SCD - CPR)
    Destination Clock Delay (DCD):    1.916ns
    Source Clock Delay      (SCD):    1.400ns
    Clock Pessimism Removal (CPR):    0.502ns
  Clock Uncertainty:      0.100ns  ((TSJ^2 + TIJ^2)^1/2 + DJ) / 2 + PE + UU
    Total System Jitter     (TSJ):    0.000ns
    Total Input Jitter      (TIJ):    0.000ns
    Discrete Jitter          (DJ):    0.000ns
    Phase Error              (PE):    0.000ns
    User Uncertainty         (UU):    0.100ns

    Location             Delay type                Incr(ns)  Path(ns)    Netlist Resource(s)
  -------------------------------------------------------------------    -------------------
                         (clock CLK rise edge)        0.000     0.000 r  
    N15                                               0.000     0.000 r  clk (IN)
                         net (fo=0)                   0.000     0.000    clk
    N15                  IBUF (Prop_ibuf_I_O)         0.177     0.177 r  clk_IBUF_inst/O
                         net (fo=1, routed)           0.640     0.817    clk_IBUF
    BUFGCTRL_X0Y0        BUFG (Prop_bufg_I_O)         0.026     0.843 r  clk_IBUF_BUFG_inst/O
                         net (fo=11156, routed)       0.558     1.400    u_aes_slave/u_aes_core/key_schedule_inst/clk_IBUF_BUFG
    SLICE_X63Y69         FDRE                                         r  u_aes_slave/u_aes_core/key_schedule_inst/key_state_reg_reg[7][108]/C
  -------------------------------------------------------------------    -------------------
    SLICE_X63Y69         FDRE (Prop_fdre_C_Q)         0.141     1.541 r  u_aes_slave/u_aes_core/key_schedule_inst/key_state_reg_reg[7][108]/Q
                         net (fo=2, routed)           0.099     1.641    u_aes_slave/u_aes_core/key_schedule_inst/round_key[8]_35[108]
    SLICE_X62Y69         LUT2 (Prop_lut2_I0_O)        0.045     1.686 r  u_aes_slave/u_aes_core/key_schedule_inst/state_reg[8][108]_i_1/O
                         net (fo=1, routed)           0.000     1.686    u_aes_slave/u_aes_core/state_out[8]_7[108]
    SLICE_X62Y69         FDRE                                         r  u_aes_slave/u_aes_core/state_reg_reg[8][108]/D
  -------------------------------------------------------------------    -------------------

                         (clock CLK rise edge)        0.000     0.000 r  
    N15                                               0.000     0.000 r  clk (IN)
                         net (fo=0)                   0.000     0.000    clk
    N15                  IBUF (Prop_ibuf_I_O)         0.365     0.365 r  clk_IBUF_inst/O
                         net (fo=1, routed)           0.695     1.060    clk_IBUF
    BUFGCTRL_X0Y0        BUFG (Prop_bufg_I_O)         0.029     1.089 r  clk_IBUF_BUFG_inst/O
                         net (fo=11156, routed)       0.827     1.916    u_aes_slave/u_aes_core/clk_IBUF_BUFG
    SLICE_X62Y69         FDRE                                         r  u_aes_slave/u_aes_core/state_reg_reg[8][108]/C
                         clock pessimism             -0.502     1.413    
                         clock uncertainty            0.100     1.513    
    SLICE_X62Y69         FDRE (Hold_fdre_C_D)         0.120     1.633    u_aes_slave/u_aes_core/state_reg_reg[8][108]
  -------------------------------------------------------------------
                         required time                         -1.633    
                         arrival time                           1.686    
  -------------------------------------------------------------------
                         slack                                  0.052    

Slack (MET) :             0.054ns  (arrival time - required time)
  Source:                 u_aes_slave/u_aes_core/key_schedule_inst/key_state_reg_reg[11][239]/C
                            (rising edge-triggered cell FDRE clocked by CLK  {rise@0.000ns fall@10.000ns period=20.000ns})
  Destination:            u_aes_slave/u_aes_core/key_schedule_inst/key_state_reg_reg[12][239]/D
                            (rising edge-triggered cell FDRE clocked by CLK  {rise@0.000ns fall@10.000ns period=20.000ns})
  Path Group:             CLK
  Path Type:              Hold (Min at Fast Process Corner)
  Requirement:            0.000ns  (CLK rise@0.000ns - CLK rise@0.000ns)
  Data Path Delay:        0.499ns  (logic 0.164ns (32.868%)  route 0.335ns (67.132%))
  Logic Levels:           0  
  Clock Path Skew:        0.273ns (DCD - SCD - CPR)
    Destination Clock Delay (DCD):    1.926ns
    Source Clock Delay      (SCD):    1.406ns
    Clock Pessimism Removal (CPR):    0.246ns
  Clock Uncertainty:      0.100ns  ((TSJ^2 + TIJ^2)^1/2 + DJ) / 2 + PE + UU
    Total System Jitter     (TSJ):    0.000ns
    Total Input Jitter      (TIJ):    0.000ns
    Discrete Jitter          (DJ):    0.000ns
    Phase Error              (PE):    0.000ns
    User Uncertainty         (UU):    0.100ns

    Location             Delay type                Incr(ns)  Path(ns)    Netlist Resource(s)
  -------------------------------------------------------------------    -------------------
                         (clock CLK rise edge)        0.000     0.000 r  
    N15                                               0.000     0.000 r  clk (IN)
                         net (fo=0)                   0.000     0.000    clk
    N15                  IBUF (Prop_ibuf_I_O)         0.177     0.177 r  clk_IBUF_inst/O
                         net (fo=1, routed)           0.640     0.817    clk_IBUF
    BUFGCTRL_X0Y0        BUFG (Prop_bufg_I_O)         0.026     0.843 r  clk_IBUF_BUFG_inst/O
                         net (fo=11156, routed)       0.564     1.406    u_aes_slave/u_aes_core/key_schedule_inst/clk_IBUF_BUFG
    SLICE_X70Y88         FDRE                                         r  u_aes_slave/u_aes_core/key_schedule_inst/key_state_reg_reg[11][239]/C
  -------------------------------------------------------------------    -------------------
    SLICE_X70Y88         FDRE (Prop_fdre_C_Q)         0.164     1.570 r  u_aes_slave/u_aes_core/key_schedule_inst/key_state_reg_reg[11][239]/Q
                         net (fo=1, routed)           0.335     1.905    u_aes_slave/u_aes_core/key_schedule_inst/key_state_reg_reg[11]_40[239]
    SLICE_X68Y102        FDRE                                         r  u_aes_slave/u_aes_core/key_schedule_inst/key_state_reg_reg[12][239]/D
  -------------------------------------------------------------------    -------------------

                         (clock CLK rise edge)        0.000     0.000 r  
    N15                                               0.000     0.000 r  clk (IN)
                         net (fo=0)                   0.000     0.000    clk
    N15                  IBUF (Prop_ibuf_I_O)         0.365     0.365 r  clk_IBUF_inst/O
                         net (fo=1, routed)           0.695     1.060    clk_IBUF
    BUFGCTRL_X0Y0        BUFG (Prop_bufg_I_O)         0.029     1.089 r  clk_IBUF_BUFG_inst/O
                         net (fo=11156, routed)       0.837     1.926    u_aes_slave/u_aes_core/key_schedule_inst/clk_IBUF_BUFG
    SLICE_X68Y102        FDRE                                         r  u_aes_slave/u_aes_core/key_schedule_inst/key_state_reg_reg[12][239]/C
                         clock pessimism             -0.246     1.679    
                         clock uncertainty            0.100     1.779    
    SLICE_X68Y102        FDRE (Hold_fdre_C_D)         0.072     1.851    u_aes_slave/u_aes_core/key_schedule_inst/key_state_reg_reg[12][239]
  -------------------------------------------------------------------
                         required time                         -1.851    
                         arrival time                           1.905    
  -------------------------------------------------------------------
                         slack                                  0.054    

Slack (MET) :             0.054ns  (arrival time - required time)
  Source:                 u_aes_slave/u_aes_core/key_schedule_inst/key_state_reg_reg[12][151]/C
                            (rising edge-triggered cell FDRE clocked by CLK  {rise@0.000ns fall@10.000ns period=20.000ns})
  Destination:            u_aes_slave/u_aes_core/state_reg_reg[13][23]/D
                            (rising edge-triggered cell FDRE clocked by CLK  {rise@0.000ns fall@10.000ns period=20.000ns})
  Path Group:             CLK
  Path Type:              Hold (Min at Fast Process Corner)
  Requirement:            0.000ns  (CLK rise@0.000ns - CLK rise@0.000ns)
  Data Path Delay:        0.259ns  (logic 0.209ns (80.663%)  route 0.050ns (19.337%))
  Logic Levels:           1  (LUT5=1)
  Clock Path Skew:        0.013ns (DCD - SCD - CPR)
    Destination Clock Delay (DCD):    1.925ns
    Source Clock Delay      (SCD):    1.407ns
    Clock Pessimism Removal (CPR):    0.504ns
  Clock Uncertainty:      0.100ns  ((TSJ^2 + TIJ^2)^1/2 + DJ) / 2 + PE + UU
    Total System Jitter     (TSJ):    0.000ns
    Total Input Jitter      (TIJ):    0.000ns
    Discrete Jitter          (DJ):    0.000ns
    Phase Error              (PE):    0.000ns
    User Uncertainty         (UU):    0.100ns

    Location             Delay type                Incr(ns)  Path(ns)    Netlist Resource(s)
  -------------------------------------------------------------------    -------------------
                         (clock CLK rise edge)        0.000     0.000 r  
    N15                                               0.000     0.000 r  clk (IN)
                         net (fo=0)                   0.000     0.000    clk
    N15                  IBUF (Prop_ibuf_I_O)         0.177     0.177 r  clk_IBUF_inst/O
                         net (fo=1, routed)           0.640     0.817    clk_IBUF
    BUFGCTRL_X0Y0        BUFG (Prop_bufg_I_O)         0.026     0.843 r  clk_IBUF_BUFG_inst/O
                         net (fo=11156, routed)       0.565     1.407    u_aes_slave/u_aes_core/key_schedule_inst/clk_IBUF_BUFG
    SLICE_X46Y98         FDRE                                         r  u_aes_slave/u_aes_core/key_schedule_inst/key_state_reg_reg[12][151]/C
  -------------------------------------------------------------------    -------------------
    SLICE_X46Y98         FDRE (Prop_fdre_C_Q)         0.164     1.571 r  u_aes_slave/u_aes_core/key_schedule_inst/key_state_reg_reg[12][151]/Q
                         net (fo=1, routed)           0.050     1.621    u_aes_slave/u_aes_core/key_schedule_inst/round_key[13]_42[23]
    SLICE_X47Y98         LUT5 (Prop_lut5_I4_O)        0.045     1.666 r  u_aes_slave/u_aes_core/key_schedule_inst/state_reg[13][23]_i_1/O
                         net (fo=1, routed)           0.000     1.666    u_aes_slave/u_aes_core/state_out[13]_12[23]
    SLICE_X47Y98         FDRE                                         r  u_aes_slave/u_aes_core/state_reg_reg[13][23]/D
  -------------------------------------------------------------------    -------------------

                         (clock CLK rise edge)        0.000     0.000 r  
    N15                                               0.000     0.000 r  clk (IN)
                         net (fo=0)                   0.000     0.000    clk
    N15                  IBUF (Prop_ibuf_I_O)         0.365     0.365 r  clk_IBUF_inst/O
                         net (fo=1, routed)           0.695     1.060    clk_IBUF
    BUFGCTRL_X0Y0        BUFG (Prop_bufg_I_O)         0.029     1.089 r  clk_IBUF_BUFG_inst/O
                         net (fo=11156, routed)       0.836     1.925    u_aes_slave/u_aes_core/clk_IBUF_BUFG
    SLICE_X47Y98         FDRE                                         r  u_aes_slave/u_aes_core/state_reg_reg[13][23]/C
                         clock pessimism             -0.504     1.420    
                         clock uncertainty            0.100     1.520    
    SLICE_X47Y98         FDRE (Hold_fdre_C_D)         0.092     1.612    u_aes_slave/u_aes_core/state_reg_reg[13][23]
  -------------------------------------------------------------------
                         required time                         -1.612    
                         arrival time                           1.666    
  -------------------------------------------------------------------
                         slack                                  0.054    

Slack (MET) :             0.054ns  (arrival time - required time)
  Source:                 u_aes_slave/u_aes_core/key_schedule_inst/key_state_reg_reg[12][33]/C
                            (rising edge-triggered cell FDRE clocked by CLK  {rise@0.000ns fall@10.000ns period=20.000ns})
  Destination:            u_aes_slave/u_aes_core/key_schedule_inst/key_state_reg_reg[13][65]/D
                            (rising edge-triggered cell FDRE clocked by CLK  {rise@0.000ns fall@10.000ns period=20.000ns})
  Path Group:             CLK
  Path Type:              Hold (Min at Fast Process Corner)
  Requirement:            0.000ns  (CLK rise@0.000ns - CLK rise@0.000ns)
  Data Path Delay:        0.259ns  (logic 0.186ns (71.777%)  route 0.073ns (28.223%))
  Logic Levels:           1  (LUT6=1)
  Clock Path Skew:        0.013ns (DCD - SCD - CPR)
    Destination Clock Delay (DCD):    1.925ns
    Source Clock Delay      (SCD):    1.406ns
    Clock Pessimism Removal (CPR):    0.505ns
  Clock Uncertainty:      0.100ns  ((TSJ^2 + TIJ^2)^1/2 + DJ) / 2 + PE + UU
    Total System Jitter     (TSJ):    0.000ns
    Total Input Jitter      (TIJ):    0.000ns
    Discrete Jitter          (DJ):    0.000ns
    Phase Error              (PE):    0.000ns
    User Uncertainty         (UU):    0.100ns

    Location             Delay type                Incr(ns)  Path(ns)    Netlist Resource(s)
  -------------------------------------------------------------------    -------------------
                         (clock CLK rise edge)        0.000     0.000 r  
    N15                                               0.000     0.000 r  clk (IN)
                         net (fo=0)                   0.000     0.000    clk
    N15                  IBUF (Prop_ibuf_I_O)         0.177     0.177 r  clk_IBUF_inst/O
                         net (fo=1, routed)           0.640     0.817    clk_IBUF
    BUFGCTRL_X0Y0        BUFG (Prop_bufg_I_O)         0.026     0.843 r  clk_IBUF_BUFG_inst/O
                         net (fo=11156, routed)       0.564     1.406    u_aes_slave/u_aes_core/key_schedule_inst/clk_IBUF_BUFG
    SLICE_X40Y106        FDRE                                         r  u_aes_slave/u_aes_core/key_schedule_inst/key_state_reg_reg[12][33]/C
  -------------------------------------------------------------------    -------------------
    SLICE_X40Y106        FDRE (Prop_fdre_C_Q)         0.141     1.547 r  u_aes_slave/u_aes_core/key_schedule_inst/key_state_reg_reg[12][33]/Q
                         net (fo=3, routed)           0.073     1.621    u_aes_slave/u_aes_core/key_schedule_inst/gen_key_expand[6].key_expand_inst/key_state_reg_reg[12][33]
    SLICE_X41Y106        LUT6 (Prop_lut6_I0_O)        0.045     1.666 r  u_aes_slave/u_aes_core/key_schedule_inst/gen_key_expand[6].key_expand_inst/key_state_reg[13][65]_i_1/O
                         net (fo=1, routed)           0.000     1.666    u_aes_slave/u_aes_core/key_schedule_inst/expanded_round_key[6]_23[65]
    SLICE_X41Y106        FDRE                                         r  u_aes_slave/u_aes_core/key_schedule_inst/key_state_reg_reg[13][65]/D
  -------------------------------------------------------------------    -------------------

                         (clock CLK rise edge)        0.000     0.000 r  
    N15                                               0.000     0.000 r  clk (IN)
                         net (fo=0)                   0.000     0.000    clk
    N15                  IBUF (Prop_ibuf_I_O)         0.365     0.365 r  clk_IBUF_inst/O
                         net (fo=1, routed)           0.695     1.060    clk_IBUF
    BUFGCTRL_X0Y0        BUFG (Prop_bufg_I_O)         0.029     1.089 r  clk_IBUF_BUFG_inst/O
                         net (fo=11156, routed)       0.836     1.925    u_aes_slave/u_aes_core/key_schedule_inst/clk_IBUF_BUFG
    SLICE_X41Y106        FDRE                                         r  u_aes_slave/u_aes_core/key_schedule_inst/key_state_reg_reg[13][65]/C
                         clock pessimism             -0.505     1.419    
                         clock uncertainty            0.100     1.519    
    SLICE_X41Y106        FDRE (Hold_fdre_C_D)         0.092     1.611    u_aes_slave/u_aes_core/key_schedule_inst/key_state_reg_reg[13][65]
  -------------------------------------------------------------------
                         required time                         -1.611    
                         arrival time                           1.666    
  -------------------------------------------------------------------
                         slack                                  0.054    

Slack (MET) :             0.054ns  (arrival time - required time)
  Source:                 u_aes_slave/u_aes_core/key_schedule_inst/key_state_reg_reg[11][183]/C
                            (rising edge-triggered cell FDRE clocked by CLK  {rise@0.000ns fall@10.000ns period=20.000ns})
  Destination:            u_aes_slave/u_aes_core/key_schedule_inst/key_state_reg_reg[12][183]/D
                            (rising edge-triggered cell FDRE clocked by CLK  {rise@0.000ns fall@10.000ns period=20.000ns})
  Path Group:             CLK
  Path Type:              Hold (Min at Fast Process Corner)
  Requirement:            0.000ns  (CLK rise@0.000ns - CLK rise@0.000ns)
  Data Path Delay:        0.477ns  (logic 0.141ns (29.542%)  route 0.336ns (70.457%))
  Logic Levels:           0  
  Clock Path Skew:        0.264ns (DCD - SCD - CPR)
    Destination Clock Delay (DCD):    1.923ns
    Source Clock Delay      (SCD):    1.407ns
    Clock Pessimism Removal (CPR):    0.251ns
  Clock Uncertainty:      0.100ns  ((TSJ^2 + TIJ^2)^1/2 + DJ) / 2 + PE + UU
    Total System Jitter     (TSJ):    0.000ns
    Total Input Jitter      (TIJ):    0.000ns
    Discrete Jitter          (DJ):    0.000ns
    Phase Error              (PE):    0.000ns
    User Uncertainty         (UU):    0.100ns

    Location             Delay type                Incr(ns)  Path(ns)    Netlist Resource(s)
  -------------------------------------------------------------------    -------------------
                         (clock CLK rise edge)        0.000     0.000 r  
    N15                                               0.000     0.000 r  clk (IN)
                         net (fo=0)                   0.000     0.000    clk
    N15                  IBUF (Prop_ibuf_I_O)         0.177     0.177 r  clk_IBUF_inst/O
                         net (fo=1, routed)           0.640     0.817    clk_IBUF
    BUFGCTRL_X0Y0        BUFG (Prop_bufg_I_O)         0.026     0.843 r  clk_IBUF_BUFG_inst/O
                         net (fo=11156, routed)       0.565     1.407    u_aes_slave/u_aes_core/key_schedule_inst/clk_IBUF_BUFG
    SLICE_X43Y91         FDRE                                         r  u_aes_slave/u_aes_core/key_schedule_inst/key_state_reg_reg[11][183]/C
  -------------------------------------------------------------------    -------------------
    SLICE_X43Y91         FDRE (Prop_fdre_C_Q)         0.141     1.548 r  u_aes_slave/u_aes_core/key_schedule_inst/key_state_reg_reg[11][183]/Q
                         net (fo=1, routed)           0.336     1.885    u_aes_slave/u_aes_core/key_schedule_inst/key_state_reg_reg[11]_40[183]
    SLICE_X56Y98         FDRE                                         r  u_aes_slave/u_aes_core/key_schedule_inst/key_state_reg_reg[12][183]/D
  -------------------------------------------------------------------    -------------------

                         (clock CLK rise edge)        0.000     0.000 r  
    N15                                               0.000     0.000 r  clk (IN)
                         net (fo=0)                   0.000     0.000    clk
    N15                  IBUF (Prop_ibuf_I_O)         0.365     0.365 r  clk_IBUF_inst/O
                         net (fo=1, routed)           0.695     1.060    clk_IBUF
    BUFGCTRL_X0Y0        BUFG (Prop_bufg_I_O)         0.029     1.089 r  clk_IBUF_BUFG_inst/O
                         net (fo=11156, routed)       0.834     1.923    u_aes_slave/u_aes_core/key_schedule_inst/clk_IBUF_BUFG
    SLICE_X56Y98         FDRE                                         r  u_aes_slave/u_aes_core/key_schedule_inst/key_state_reg_reg[12][183]/C
                         clock pessimism             -0.251     1.671    
                         clock uncertainty            0.100     1.771    
    SLICE_X56Y98         FDRE (Hold_fdre_C_D)         0.059     1.830    u_aes_slave/u_aes_core/key_schedule_inst/key_state_reg_reg[12][183]
  -------------------------------------------------------------------
                         required time                         -1.830    
                         arrival time                           1.885    
  -------------------------------------------------------------------
                         slack                                  0.054    

Slack (MET) :             0.054ns  (arrival time - required time)
  Source:                 u_aes_slave/u_aes_core/key_schedule_inst/key_state_reg_reg[3][20]/C
                            (rising edge-triggered cell FDRE clocked by CLK  {rise@0.000ns fall@10.000ns period=20.000ns})
  Destination:            u_aes_slave/u_aes_core/key_schedule_inst/key_state_reg_reg[4][20]/D
                            (rising edge-triggered cell FDRE clocked by CLK  {rise@0.000ns fall@10.000ns period=20.000ns})
  Path Group:             CLK
  Path Type:              Hold (Min at Fast Process Corner)
  Requirement:            0.000ns  (CLK rise@0.000ns - CLK rise@0.000ns)
  Data Path Delay:        0.420ns  (logic 0.141ns (33.581%)  route 0.279ns (66.419%))
  Logic Levels:           0  
  Clock Path Skew:        0.195ns (DCD - SCD - CPR)
    Destination Clock Delay (DCD):    1.929ns
    Source Clock Delay      (SCD):    1.482ns
    Clock Pessimism Removal (CPR):    0.251ns
  Clock Uncertainty:      0.100ns  ((TSJ^2 + TIJ^2)^1/2 + DJ) / 2 + PE + UU
    Total System Jitter     (TSJ):    0.000ns
    Total Input Jitter      (TIJ):    0.000ns
    Discrete Jitter          (DJ):    0.000ns
    Phase Error              (PE):    0.000ns
    User Uncertainty         (UU):    0.100ns

    Location             Delay type                Incr(ns)  Path(ns)    Netlist Resource(s)
  -------------------------------------------------------------------    -------------------
                         (clock CLK rise edge)        0.000     0.000 r  
    N15                                               0.000     0.000 r  clk (IN)
                         net (fo=0)                   0.000     0.000    clk
    N15                  IBUF (Prop_ibuf_I_O)         0.177     0.177 r  clk_IBUF_inst/O
                         net (fo=1, routed)           0.640     0.817    clk_IBUF
    BUFGCTRL_X0Y0        BUFG (Prop_bufg_I_O)         0.026     0.843 r  clk_IBUF_BUFG_inst/O
                         net (fo=11156, routed)       0.639     1.482    u_aes_slave/u_aes_core/key_schedule_inst/clk_IBUF_BUFG
    SLICE_X18Y49         FDRE                                         r  u_aes_slave/u_aes_core/key_schedule_inst/key_state_reg_reg[3][20]/C
  -------------------------------------------------------------------    -------------------
    SLICE_X18Y49         FDRE (Prop_fdre_C_Q)         0.141     1.623 r  u_aes_slave/u_aes_core/key_schedule_inst/key_state_reg_reg[3][20]/Q
                         net (fo=2, routed)           0.279     1.902    u_aes_slave/u_aes_core/key_schedule_inst/round_key[4]_29[20]
    SLICE_X35Y50         FDRE                                         r  u_aes_slave/u_aes_core/key_schedule_inst/key_state_reg_reg[4][20]/D
  -------------------------------------------------------------------    -------------------

                         (clock CLK rise edge)        0.000     0.000 r  
    N15                                               0.000     0.000 r  clk (IN)
                         net (fo=0)                   0.000     0.000    clk
    N15                  IBUF (Prop_ibuf_I_O)         0.365     0.365 r  clk_IBUF_inst/O
                         net (fo=1, routed)           0.695     1.060    clk_IBUF
    BUFGCTRL_X0Y0        BUFG (Prop_bufg_I_O)         0.029     1.089 r  clk_IBUF_BUFG_inst/O
                         net (fo=11156, routed)       0.840     1.929    u_aes_slave/u_aes_core/key_schedule_inst/clk_IBUF_BUFG
    SLICE_X35Y50         FDRE                                         r  u_aes_slave/u_aes_core/key_schedule_inst/key_state_reg_reg[4][20]/C
                         clock pessimism             -0.251     1.677    
                         clock uncertainty            0.100     1.777    
    SLICE_X35Y50         FDRE (Hold_fdre_C_D)         0.070     1.847    u_aes_slave/u_aes_core/key_schedule_inst/key_state_reg_reg[4][20]
  -------------------------------------------------------------------
                         required time                         -1.847    
                         arrival time                           1.902    
  -------------------------------------------------------------------
                         slack                                  0.054    

Slack (MET) :             0.055ns  (arrival time - required time)
  Source:                 u_aes_slave/u_aes_core/key_schedule_inst/key_state_reg_reg[2][135]/C
                            (rising edge-triggered cell FDRE clocked by CLK  {rise@0.000ns fall@10.000ns period=20.000ns})
  Destination:            u_aes_slave/u_aes_core/state_reg_reg[3][7]/D
                            (rising edge-triggered cell FDRE clocked by CLK  {rise@0.000ns fall@10.000ns period=20.000ns})
  Path Group:             CLK
  Path Type:              Hold (Min at Fast Process Corner)
  Requirement:            0.000ns  (CLK rise@0.000ns - CLK rise@0.000ns)
  Data Path Delay:        0.289ns  (logic 0.186ns (64.440%)  route 0.103ns (35.560%))
  Logic Levels:           1  (LUT5=1)
  Clock Path Skew:        0.013ns (DCD - SCD - CPR)
    Destination Clock Delay (DCD):    1.994ns
    Source Clock Delay      (SCD):    1.475ns
    Clock Pessimism Removal (CPR):    0.506ns
  Clock Uncertainty:      0.100ns  ((TSJ^2 + TIJ^2)^1/2 + DJ) / 2 + PE + UU
    Total System Jitter     (TSJ):    0.000ns
    Total Input Jitter      (TIJ):    0.000ns
    Discrete Jitter          (DJ):    0.000ns
    Phase Error              (PE):    0.000ns
    User Uncertainty         (UU):    0.100ns

    Location             Delay type                Incr(ns)  Path(ns)    Netlist Resource(s)
  -------------------------------------------------------------------    -------------------
                         (clock CLK rise edge)        0.000     0.000 r  
    N15                                               0.000     0.000 r  clk (IN)
                         net (fo=0)                   0.000     0.000    clk
    N15                  IBUF (Prop_ibuf_I_O)         0.177     0.177 r  clk_IBUF_inst/O
                         net (fo=1, routed)           0.640     0.817    clk_IBUF
    BUFGCTRL_X0Y0        BUFG (Prop_bufg_I_O)         0.026     0.843 r  clk_IBUF_BUFG_inst/O
                         net (fo=11156, routed)       0.632     1.475    u_aes_slave/u_aes_core/key_schedule_inst/clk_IBUF_BUFG
    SLICE_X35Y37         FDRE                                         r  u_aes_slave/u_aes_core/key_schedule_inst/key_state_reg_reg[2][135]/C
  -------------------------------------------------------------------    -------------------
    SLICE_X35Y37         FDRE (Prop_fdre_C_Q)         0.141     1.616 r  u_aes_slave/u_aes_core/key_schedule_inst/key_state_reg_reg[2][135]/Q
                         net (fo=5, routed)           0.103     1.719    u_aes_slave/u_aes_core/key_schedule_inst/round_key[3]_27[7]
    SLICE_X34Y37         LUT5 (Prop_lut5_I4_O)        0.045     1.764 r  u_aes_slave/u_aes_core/key_schedule_inst/state_reg[3][7]_i_1/O
                         net (fo=1, routed)           0.000     1.764    u_aes_slave/u_aes_core/state_out[3]_2[7]
    SLICE_X34Y37         FDRE                                         r  u_aes_slave/u_aes_core/state_reg_reg[3][7]/D
  -------------------------------------------------------------------    -------------------

                         (clock CLK rise edge)        0.000     0.000 r  
    N15                                               0.000     0.000 r  clk (IN)
                         net (fo=0)                   0.000     0.000    clk
    N15                  IBUF (Prop_ibuf_I_O)         0.365     0.365 r  clk_IBUF_inst/O
                         net (fo=1, routed)           0.695     1.060    clk_IBUF
    BUFGCTRL_X0Y0        BUFG (Prop_bufg_I_O)         0.029     1.089 r  clk_IBUF_BUFG_inst/O
                         net (fo=11156, routed)       0.905     1.994    u_aes_slave/u_aes_core/clk_IBUF_BUFG
    SLICE_X34Y37         FDRE                                         r  u_aes_slave/u_aes_core/state_reg_reg[3][7]/C
                         clock pessimism             -0.506     1.488    
                         clock uncertainty            0.100     1.588    
    SLICE_X34Y37         FDRE (Hold_fdre_C_D)         0.121     1.709    u_aes_slave/u_aes_core/state_reg_reg[3][7]
  -------------------------------------------------------------------
                         required time                         -1.709    
                         arrival time                           1.764    
  -------------------------------------------------------------------
                         slack                                  0.055    

Slack (MET) :             0.055ns  (arrival time - required time)
  Source:                 u_aes_slave/u_aes_core/key_schedule_inst/key_state_reg_reg[11][238]/C
                            (rising edge-triggered cell FDRE clocked by CLK  {rise@0.000ns fall@10.000ns period=20.000ns})
  Destination:            u_aes_slave/u_aes_core/key_schedule_inst/key_state_reg_reg[12][238]/D
                            (rising edge-triggered cell FDRE clocked by CLK  {rise@0.000ns fall@10.000ns period=20.000ns})
  Path Group:             CLK
  Path Type:              Hold (Min at Fast Process Corner)
  Requirement:            0.000ns  (CLK rise@0.000ns - CLK rise@0.000ns)
  Data Path Delay:        0.485ns  (logic 0.141ns (29.074%)  route 0.344ns (70.926%))
  Logic Levels:           0  
  Clock Path Skew:        0.271ns (DCD - SCD - CPR)
    Destination Clock Delay (DCD):    1.924ns
    Source Clock Delay      (SCD):    1.406ns
    Clock Pessimism Removal (CPR):    0.246ns
  Clock Uncertainty:      0.100ns  ((TSJ^2 + TIJ^2)^1/2 + DJ) / 2 + PE + UU
    Total System Jitter     (TSJ):    0.000ns
    Total Input Jitter      (TIJ):    0.000ns
    Discrete Jitter          (DJ):    0.000ns
    Phase Error              (PE):    0.000ns
    User Uncertainty         (UU):    0.100ns

    Location             Delay type                Incr(ns)  Path(ns)    Netlist Resource(s)
  -------------------------------------------------------------------    -------------------
                         (clock CLK rise edge)        0.000     0.000 r  
    N15                                               0.000     0.000 r  clk (IN)
                         net (fo=0)                   0.000     0.000    clk
    N15                  IBUF (Prop_ibuf_I_O)         0.177     0.177 r  clk_IBUF_inst/O
                         net (fo=1, routed)           0.640     0.817    clk_IBUF
    BUFGCTRL_X0Y0        BUFG (Prop_bufg_I_O)         0.026     0.843 r  clk_IBUF_BUFG_inst/O
                         net (fo=11156, routed)       0.564     1.406    u_aes_slave/u_aes_core/key_schedule_inst/clk_IBUF_BUFG
    SLICE_X68Y89         FDRE                                         r  u_aes_slave/u_aes_core/key_schedule_inst/key_state_reg_reg[11][238]/C
  -------------------------------------------------------------------    -------------------
    SLICE_X68Y89         FDRE (Prop_fdre_C_Q)         0.141     1.547 r  u_aes_slave/u_aes_core/key_schedule_inst/key_state_reg_reg[11][238]/Q
                         net (fo=1, routed)           0.344     1.891    u_aes_slave/u_aes_core/key_schedule_inst/key_state_reg_reg[11]_40[238]
    SLICE_X62Y104        FDRE                                         r  u_aes_slave/u_aes_core/key_schedule_inst/key_state_reg_reg[12][238]/D
  -------------------------------------------------------------------    -------------------

                         (clock CLK rise edge)        0.000     0.000 r  
    N15                                               0.000     0.000 r  clk (IN)
                         net (fo=0)                   0.000     0.000    clk
    N15                  IBUF (Prop_ibuf_I_O)         0.365     0.365 r  clk_IBUF_inst/O
                         net (fo=1, routed)           0.695     1.060    clk_IBUF
    BUFGCTRL_X0Y0        BUFG (Prop_bufg_I_O)         0.029     1.089 r  clk_IBUF_BUFG_inst/O
                         net (fo=11156, routed)       0.834     1.924    u_aes_slave/u_aes_core/key_schedule_inst/clk_IBUF_BUFG
    SLICE_X62Y104        FDRE                                         r  u_aes_slave/u_aes_core/key_schedule_inst/key_state_reg_reg[12][238]/C
                         clock pessimism             -0.246     1.677    
                         clock uncertainty            0.100     1.777    
    SLICE_X62Y104        FDRE (Hold_fdre_C_D)         0.059     1.836    u_aes_slave/u_aes_core/key_schedule_inst/key_state_reg_reg[12][238]
  -------------------------------------------------------------------
                         required time                         -1.836    
                         arrival time                           1.891    
  -------------------------------------------------------------------
                         slack                                  0.055    

Slack (MET) :             0.055ns  (arrival time - required time)
  Source:                 u_aes_slave/wdata_q_reg[16]/C
                            (rising edge-triggered cell FDRE clocked by CLK  {rise@0.000ns fall@10.000ns period=20.000ns})
  Destination:            u_aes_slave/pt_q_reg[1][16]/D
                            (rising edge-triggered cell FDRE clocked by CLK  {rise@0.000ns fall@10.000ns period=20.000ns})
  Path Group:             CLK
  Path Type:              Hold (Min at Fast Process Corner)
  Requirement:            0.000ns  (CLK rise@0.000ns - CLK rise@0.000ns)
  Data Path Delay:        0.458ns  (logic 0.141ns (30.767%)  route 0.317ns (69.233%))
  Logic Levels:           0  
  Clock Path Skew:        0.257ns (DCD - SCD - CPR)
    Destination Clock Delay (DCD):    1.975ns
    Source Clock Delay      (SCD):    1.463ns
    Clock Pessimism Removal (CPR):    0.255ns
  Clock Uncertainty:      0.100ns  ((TSJ^2 + TIJ^2)^1/2 + DJ) / 2 + PE + UU
    Total System Jitter     (TSJ):    0.000ns
    Total Input Jitter      (TIJ):    0.000ns
    Discrete Jitter          (DJ):    0.000ns
    Phase Error              (PE):    0.000ns
    User Uncertainty         (UU):    0.100ns

    Location             Delay type                Incr(ns)  Path(ns)    Netlist Resource(s)
  -------------------------------------------------------------------    -------------------
                         (clock CLK rise edge)        0.000     0.000 r  
    N15                                               0.000     0.000 r  clk (IN)
                         net (fo=0)                   0.000     0.000    clk
    N15                  IBUF (Prop_ibuf_I_O)         0.177     0.177 r  clk_IBUF_inst/O
                         net (fo=1, routed)           0.640     0.817    clk_IBUF
    BUFGCTRL_X0Y0        BUFG (Prop_bufg_I_O)         0.026     0.843 r  clk_IBUF_BUFG_inst/O
                         net (fo=11156, routed)       0.620     1.463    u_aes_slave/clk_IBUF_BUFG
    SLICE_X39Y23         FDRE                                         r  u_aes_slave/wdata_q_reg[16]/C
  -------------------------------------------------------------------    -------------------
    SLICE_X39Y23         FDRE (Prop_fdre_C_Q)         0.141     1.604 r  u_aes_slave/wdata_q_reg[16]/Q
                         net (fo=12, routed)          0.317     1.921    u_aes_slave/wdata_q_reg_n_0_[16]
    SLICE_X53Y24         FDRE                                         r  u_aes_slave/pt_q_reg[1][16]/D
  -------------------------------------------------------------------    -------------------

                         (clock CLK rise edge)        0.000     0.000 r  
    N15                                               0.000     0.000 r  clk (IN)
                         net (fo=0)                   0.000     0.000    clk
    N15                  IBUF (Prop_ibuf_I_O)         0.365     0.365 r  clk_IBUF_inst/O
                         net (fo=1, routed)           0.695     1.060    clk_IBUF
    BUFGCTRL_X0Y0        BUFG (Prop_bufg_I_O)         0.029     1.089 r  clk_IBUF_BUFG_inst/O
                         net (fo=11156, routed)       0.886     1.975    u_aes_slave/clk_IBUF_BUFG
    SLICE_X53Y24         FDRE                                         r  u_aes_slave/pt_q_reg[1][16]/C
                         clock pessimism             -0.255     1.720    
                         clock uncertainty            0.100     1.820    
    SLICE_X53Y24         FDRE (Hold_fdre_C_D)         0.046     1.866    u_aes_slave/pt_q_reg[1][16]
  -------------------------------------------------------------------
                         required time                         -1.866    
                         arrival time                           1.921    
  -------------------------------------------------------------------
                         slack                                  0.055    





Pulse Width Checks
--------------------------------------------------------------------------------------
Clock Name:         CLK
Waveform(ns):       { 0.000 10.000 }
Period(ns):         20.000
Sources:            { clk }

Check Type        Corner  Lib Pin     Reference Pin  Required(ns)  Actual(ns)  Slack(ns)  Location       Pin
Min Period        n/a     BUFG/I      n/a            2.155         20.000      17.845     BUFGCTRL_X0Y0  clk_IBUF_BUFG_inst/I
Min Period        n/a     FDRE/C      n/a            1.000         20.000      19.000     SLICE_X12Y16   icache_invalidate_reg/C
Min Period        n/a     FDRE/C      n/a            1.000         20.000      19.000     SLICE_X2Y29    u_aes_slave/aes_valid_in_q_reg/C
Min Period        n/a     FDRE/C      n/a            1.000         20.000      19.000     SLICE_X3Y27    u_aes_slave/aw_hold_q_reg/C
Min Period        n/a     FDRE/C      n/a            1.000         20.000      19.000     SLICE_X7Y28    u_aes_slave/awaddr_q_reg[10]/C
Min Period        n/a     FDRE/C      n/a            1.000         20.000      19.000     SLICE_X7Y28    u_aes_slave/awaddr_q_reg[11]/C
Min Period        n/a     FDRE/C      n/a            1.000         20.000      19.000     SLICE_X3Y28    u_aes_slave/awaddr_q_reg[2]/C
Min Period        n/a     FDRE/C      n/a            1.000         20.000      19.000     SLICE_X3Y28    u_aes_slave/awaddr_q_reg[3]/C
Min Period        n/a     FDRE/C      n/a            1.000         20.000      19.000     SLICE_X3Y28    u_aes_slave/awaddr_q_reg[4]/C
Min Period        n/a     FDRE/C      n/a            1.000         20.000      19.000     SLICE_X3Y28    u_aes_slave/awaddr_q_reg[5]/C
Min Period        n/a     FDRE/C      n/a            1.000         20.000      19.000     SLICE_X6Y28    u_aes_slave/awaddr_q_reg[6]/C
Min Period        n/a     FDRE/C      n/a            1.000         20.000      19.000     SLICE_X6Y28    u_aes_slave/awaddr_q_reg[7]/C
Min Period        n/a     FDRE/C      n/a            1.000         20.000      19.000     SLICE_X6Y28    u_aes_slave/awaddr_q_reg[8]/C
Min Period        n/a     FDRE/C      n/a            1.000         20.000      19.000     SLICE_X6Y28    u_aes_slave/awaddr_q_reg[9]/C
Min Period        n/a     FDRE/C      n/a            1.000         20.000      19.000     SLICE_X3Y28    u_aes_slave/awsize_q_reg[1]/C
Min Period        n/a     FDRE/C      n/a            1.000         20.000      19.000     SLICE_X2Y30    u_aes_slave/busy_q_reg/C
Min Period        n/a     FDRE/C      n/a            1.000         20.000      19.000     SLICE_X3Y29    u_aes_slave/bvalid_q_reg/C
Min Period        n/a     FDRE/C      n/a            1.000         20.000      19.000     SLICE_X28Y103  u_aes_slave/ct_q_reg[0][0]/C
Min Period        n/a     FDRE/C      n/a            1.000         20.000      19.000     SLICE_X28Y98   u_aes_slave/ct_q_reg[0][10]/C
Min Period        n/a     FDRE/C      n/a            1.000         20.000      19.000     SLICE_X10Y90   u_aes_slave/ct_q_reg[0][11]/C
Low Pulse Width   Slow    RAMD32/CLK  n/a            1.250         10.000      8.750      SLICE_X12Y4    u_cpu/dut_register_file/registers_reg_r1_0_31_0_5/RAMA/CLK
Low Pulse Width   Fast    RAMD32/CLK  n/a            1.250         10.000      8.750      SLICE_X12Y4    u_cpu/dut_register_file/registers_reg_r1_0_31_0_5/RAMA/CLK
Low Pulse Width   Slow    RAMD32/CLK  n/a            1.250         10.000      8.750      SLICE_X12Y4    u_cpu/dut_register_file/registers_reg_r1_0_31_0_5/RAMA_D1/CLK
Low Pulse Width   Fast    RAMD32/CLK  n/a            1.250         10.000      8.750      SLICE_X12Y4    u_cpu/dut_register_file/registers_reg_r1_0_31_0_5/RAMA_D1/CLK
Low Pulse Width   Slow    RAMD32/CLK  n/a            1.250         10.000      8.750      SLICE_X12Y4    u_cpu/dut_register_file/registers_reg_r1_0_31_0_5/RAMB/CLK
Low Pulse Width   Fast    RAMD32/CLK  n/a            1.250         10.000      8.750      SLICE_X12Y4    u_cpu/dut_register_file/registers_reg_r1_0_31_0_5/RAMB/CLK
Low Pulse Width   Slow    RAMD32/CLK  n/a            1.250         10.000      8.750      SLICE_X12Y4    u_cpu/dut_register_file/registers_reg_r1_0_31_0_5/RAMB_D1/CLK
Low Pulse Width   Fast    RAMD32/CLK  n/a            1.250         10.000      8.750      SLICE_X12Y4    u_cpu/dut_register_file/registers_reg_r1_0_31_0_5/RAMB_D1/CLK
Low Pulse Width   Slow    RAMD32/CLK  n/a            1.250         10.000      8.750      SLICE_X12Y4    u_cpu/dut_register_file/registers_reg_r1_0_31_0_5/RAMC/CLK
Low Pulse Width   Fast    RAMD32/CLK  n/a            1.250         10.000      8.750      SLICE_X12Y4    u_cpu/dut_register_file/registers_reg_r1_0_31_0_5/RAMC/CLK
Low Pulse Width   Slow    RAMD32/CLK  n/a            1.250         10.000      8.750      SLICE_X12Y4    u_cpu/dut_register_file/registers_reg_r1_0_31_0_5/RAMC_D1/CLK
Low Pulse Width   Fast    RAMD32/CLK  n/a            1.250         10.000      8.750      SLICE_X12Y4    u_cpu/dut_register_file/registers_reg_r1_0_31_0_5/RAMC_D1/CLK
Low Pulse Width   Slow    RAMS32/CLK  n/a            1.250         10.000      8.750      SLICE_X12Y4    u_cpu/dut_register_file/registers_reg_r1_0_31_0_5/RAMD/CLK
Low Pulse Width   Fast    RAMS32/CLK  n/a            1.250         10.000      8.750      SLICE_X12Y4    u_cpu/dut_register_file/registers_reg_r1_0_31_0_5/RAMD/CLK
Low Pulse Width   Slow    RAMS32/CLK  n/a            1.250         10.000      8.750      SLICE_X12Y4    u_cpu/dut_register_file/registers_reg_r1_0_31_0_5/RAMD_D1/CLK
Low Pulse Width   Fast    RAMS32/CLK  n/a            1.250         10.000      8.750      SLICE_X12Y4    u_cpu/dut_register_file/registers_reg_r1_0_31_0_5/RAMD_D1/CLK
Low Pulse Width   Slow    RAMD32/CLK  n/a            1.250         10.000      8.750      SLICE_X14Y9    u_cpu/dut_register_file/registers_reg_r1_0_31_12_17/RAMA/CLK
Low Pulse Width   Fast    RAMD32/CLK  n/a            1.250         10.000      8.750      SLICE_X14Y9    u_cpu/dut_register_file/registers_reg_r1_0_31_12_17/RAMA/CLK
Low Pulse Width   Slow    RAMD32/CLK  n/a            1.250         10.000      8.750      SLICE_X14Y9    u_cpu/dut_register_file/registers_reg_r1_0_31_12_17/RAMA_D1/CLK
Low Pulse Width   Fast    RAMD32/CLK  n/a            1.250         10.000      8.750      SLICE_X14Y9    u_cpu/dut_register_file/registers_reg_r1_0_31_12_17/RAMA_D1/CLK
High Pulse Width  Slow    RAMD32/CLK  n/a            1.250         10.000      8.750      SLICE_X12Y4    u_cpu/dut_register_file/registers_reg_r1_0_31_0_5/RAMA/CLK
High Pulse Width  Fast    RAMD32/CLK  n/a            1.250         10.000      8.750      SLICE_X12Y4    u_cpu/dut_register_file/registers_reg_r1_0_31_0_5/RAMA/CLK
High Pulse Width  Slow    RAMD32/CLK  n/a            1.250         10.000      8.750      SLICE_X12Y4    u_cpu/dut_register_file/registers_reg_r1_0_31_0_5/RAMA_D1/CLK
High Pulse Width  Fast    RAMD32/CLK  n/a            1.250         10.000      8.750      SLICE_X12Y4    u_cpu/dut_register_file/registers_reg_r1_0_31_0_5/RAMA_D1/CLK
High Pulse Width  Slow    RAMD32/CLK  n/a            1.250         10.000      8.750      SLICE_X12Y4    u_cpu/dut_register_file/registers_reg_r1_0_31_0_5/RAMB/CLK
High Pulse Width  Fast    RAMD32/CLK  n/a            1.250         10.000      8.750      SLICE_X12Y4    u_cpu/dut_register_file/registers_reg_r1_0_31_0_5/RAMB/CLK
High Pulse Width  Slow    RAMD32/CLK  n/a            1.250         10.000      8.750      SLICE_X12Y4    u_cpu/dut_register_file/registers_reg_r1_0_31_0_5/RAMB_D1/CLK
High Pulse Width  Fast    RAMD32/CLK  n/a            1.250         10.000      8.750      SLICE_X12Y4    u_cpu/dut_register_file/registers_reg_r1_0_31_0_5/RAMB_D1/CLK
High Pulse Width  Slow    RAMD32/CLK  n/a            1.250         10.000      8.750      SLICE_X12Y4    u_cpu/dut_register_file/registers_reg_r1_0_31_0_5/RAMC/CLK
High Pulse Width  Fast    RAMD32/CLK  n/a            1.250         10.000      8.750      SLICE_X12Y4    u_cpu/dut_register_file/registers_reg_r1_0_31_0_5/RAMC/CLK
High Pulse Width  Slow    RAMD32/CLK  n/a            1.250         10.000      8.750      SLICE_X12Y4    u_cpu/dut_register_file/registers_reg_r1_0_31_0_5/RAMC_D1/CLK
High Pulse Width  Fast    RAMD32/CLK  n/a            1.250         10.000      8.750      SLICE_X12Y4    u_cpu/dut_register_file/registers_reg_r1_0_31_0_5/RAMC_D1/CLK
High Pulse Width  Slow    RAMS32/CLK  n/a            1.250         10.000      8.750      SLICE_X12Y4    u_cpu/dut_register_file/registers_reg_r1_0_31_0_5/RAMD/CLK
High Pulse Width  Fast    RAMS32/CLK  n/a            1.250         10.000      8.750      SLICE_X12Y4    u_cpu/dut_register_file/registers_reg_r1_0_31_0_5/RAMD/CLK
High Pulse Width  Slow    RAMS32/CLK  n/a            1.250         10.000      8.750      SLICE_X12Y4    u_cpu/dut_register_file/registers_reg_r1_0_31_0_5/RAMD_D1/CLK
High Pulse Width  Fast    RAMS32/CLK  n/a            1.250         10.000      8.750      SLICE_X12Y4    u_cpu/dut_register_file/registers_reg_r1_0_31_0_5/RAMD_D1/CLK
High Pulse Width  Slow    RAMD32/CLK  n/a            1.250         10.000      8.750      SLICE_X14Y9    u_cpu/dut_register_file/registers_reg_r1_0_31_12_17/RAMA/CLK
High Pulse Width  Fast    RAMD32/CLK  n/a            1.250         10.000      8.750      SLICE_X14Y9    u_cpu/dut_register_file/registers_reg_r1_0_31_12_17/RAMA/CLK
High Pulse Width  Slow    RAMD32/CLK  n/a            1.250         10.000      8.750      SLICE_X14Y9    u_cpu/dut_register_file/registers_reg_r1_0_31_12_17/RAMA_D1/CLK
High Pulse Width  Fast    RAMD32/CLK  n/a            1.250         10.000      8.750      SLICE_X14Y9    u_cpu/dut_register_file/registers_reg_r1_0_31_12_17/RAMA_D1/CLK



--------------------------------------------------------------------------------------
Path Group:  (none)
From Clock:  
  To Clock:  

Max Delay             1 Endpoint
Min Delay             1 Endpoint
--------------------------------------------------------------------------------------


Max Delay Paths
--------------------------------------------------------------------------------------
Slack:                    inf
  Source:                 rstn
                            (input port)
  Destination:            cpu_stall_debug
                            (output port)
  Path Group:             (none)
  Path Type:              Max at Slow Process Corner
  Data Path Delay:        23.052ns  (logic 5.214ns (22.617%)  route 17.838ns (77.383%))
  Logic Levels:           13  (IBUF=1 LUT4=3 LUT5=2 LUT6=6 OBUF=1)
  Timing Exception:       False Path

    Location             Delay type                Incr(ns)  Path(ns)    Netlist Resource(s)
  -------------------------------------------------------------------    -------------------
    U13                                               0.000     0.000 f  rstn (IN)
                         net (fo=0)                   0.000     0.000    rstn
    U13                  IBUF (Prop_ibuf_I_O)         0.984     0.984 f  rstn_IBUF_inst/O
                         net (fo=49, routed)          6.179     7.163    u_cpu/dut_pc/rstn_IBUF
    SLICE_X31Y10         LUT6 (Prop_lut6_I5_O)        0.124     7.287 f  u_cpu/dut_pc/cpu_stall_debug_OBUF_inst_i_17/O
                         net (fo=2, routed)           0.700     7.986    u_cpu/dut_pc/cpu_stall_debug_OBUF_inst_i_17_n_0
    SLICE_X31Y9          LUT5 (Prop_lut5_I4_O)        0.124     8.110 f  u_cpu/dut_pc/cpu_stall_debug_OBUF_inst_i_4/O
                         net (fo=15, routed)          1.264     9.374    u_cpu/dut_pc/u_fetch_router/fetch_instr_o13_out
    SLICE_X38Y10         LUT6 (Prop_lut6_I1_O)        0.124     9.498 f  u_cpu/dut_pc/instruction_hold_q[2]_i_2/O
                         net (fo=1, routed)           1.004    10.502    u_cpu/dut_pc/instruction_hold_q[2]_i_2_n_0
    SLICE_X31Y6          LUT6 (Prop_lut6_I0_O)        0.124    10.626 f  u_cpu/dut_pc/instruction_hold_q[2]_i_1/O
                         net (fo=3, routed)           0.655    11.280    u_cpu/dut_pc/pc_reg[6]_rep__4_6[2]
    SLICE_X25Y6          LUT4 (Prop_lut4_I0_O)        0.124    11.404 f  u_cpu/dut_pc/instr_debug[2]_i_1/O
                         net (fo=16, routed)          0.872    12.276    u_cpu/dut_pc/instruction_hold_valid_q_reg_1
    SLICE_X22Y12         LUT4 (Prop_lut4_I0_O)        0.118    12.394 r  u_cpu/dut_pc/cpu_stall_debug_OBUF_inst_i_18/O
                         net (fo=5, routed)           0.844    13.238    u_cpu/dut_pc/mem_read
    SLICE_X27Y15         LUT5 (Prop_lut5_I2_O)        0.326    13.564 r  u_cpu/dut_pc/FSM_onehot_current_state[4]_i_4/O
                         net (fo=75, routed)          0.999    14.563    u_cpu/dut_pc/u_cpu_axi_arbiter/select_data__0
    SLICE_X23Y14         LUT4 (Prop_lut4_I1_O)        0.124    14.687 r  u_cpu/dut_pc/FSM_onehot_current_state[4]_i_5/O
                         net (fo=5, routed)           0.416    15.103    u_cpu/dut_pc/axi_req_read
    SLICE_X23Y16         LUT6 (Prop_lut6_I3_O)        0.124    15.227 r  u_cpu/dut_pc/FSM_sequential_owner_q[1]_i_2/O
                         net (fo=10, routed)          0.642    15.870    u_cpu/dut_pc/FSM_onehot_current_state_reg[0]
    SLICE_X28Y14         LUT6 (Prop_lut6_I3_O)        0.124    15.994 r  u_cpu/dut_pc/cpu_stall_debug_OBUF_inst_i_5/O
                         net (fo=4, routed)           0.704    16.698    u_cpu/dut_pc/cpu_mem_stall
    SLICE_X27Y14         LUT6 (Prop_lut6_I5_O)        0.124    16.822 r  u_cpu/dut_pc/cpu_stall_debug_OBUF_inst_i_1/O
                         net (fo=1, routed)           3.560    20.382    cpu_stall_debug_OBUF
    T10                  OBUF (Prop_obuf_I_O)         2.670    23.052 r  cpu_stall_debug_OBUF_inst/O
                         net (fo=0)                   0.000    23.052    cpu_stall_debug
    T10                                                               r  cpu_stall_debug (OUT)
  -------------------------------------------------------------------    -------------------





Min Delay Paths
--------------------------------------------------------------------------------------
Slack:                    inf
  Source:                 rstn
                            (input port)
  Destination:            cpu_stall_debug
                            (output port)
  Path Group:             (none)
  Path Type:              Min at Fast Process Corner
  Data Path Delay:        4.455ns  (logic 1.444ns (32.404%)  route 3.012ns (67.596%))
  Logic Levels:           3  (IBUF=1 LUT6=1 OBUF=1)
  Timing Exception:       False Path

    Location             Delay type                Incr(ns)  Path(ns)    Netlist Resource(s)
  -------------------------------------------------------------------    -------------------
    U13                                               0.000     0.000 r  rstn (IN)
                         net (fo=0)                   0.000     0.000    rstn
    U13                  IBUF (Prop_ibuf_I_O)         0.212     0.212 r  rstn_IBUF_inst/O
                         net (fo=49, routed)          1.825     2.037    u_cpu/dut_pc/rstn_IBUF
    SLICE_X27Y14         LUT6 (Prop_lut6_I3_O)        0.045     2.082 r  u_cpu/dut_pc/cpu_stall_debug_OBUF_inst_i_1/O
                         net (fo=1, routed)           1.187     3.269    cpu_stall_debug_OBUF
    T10                  OBUF (Prop_obuf_I_O)         1.186     4.455 r  cpu_stall_debug_OBUF_inst/O
                         net (fo=0)                   0.000     4.455    cpu_stall_debug
    T10                                                               r  cpu_stall_debug (OUT)
  -------------------------------------------------------------------    -------------------





--------------------------------------------------------------------------------------
Path Group:  (none)
From Clock:  
  To Clock:  CLK

Max Delay         11700 Endpoints
Min Delay         11700 Endpoints
--------------------------------------------------------------------------------------


Max Delay Paths
--------------------------------------------------------------------------------------
Slack:                    inf
  Source:                 rstn
                            (input port)
  Destination:            u_aes_slave/u_aes_core/state_reg_reg[5][121]/R
                            (rising edge-triggered cell FDRE clocked by CLK  {rise@0.000ns fall@10.000ns period=20.000ns})
  Path Group:             (none)
  Path Type:              Setup (Max at Slow Process Corner)
  Data Path Delay:        50.111ns  (logic 1.108ns (2.210%)  route 49.003ns (97.790%))
  Logic Levels:           2  (IBUF=1 LUT1=1)
  Clock Path Skew:        4.494ns (DCD - SCD + CPR)
    Destination Clock Delay (DCD):    4.494ns
    Source Clock Delay      (SCD):    0.000ns
    Clock Pessimism Removal (CPR):    0.000ns
  Clock Uncertainty:      0.325ns  ((TSJ^2 + TIJ^2)^1/2 + DJ) / 2 + PE + UU
    Total System Jitter     (TSJ):    0.050ns
    Total Input Jitter      (TIJ):    0.000ns
    Discrete Jitter          (DJ):    0.000ns
    Phase Error              (PE):    0.000ns
    User Uncertainty         (UU):    0.300ns
  Timing Exception:       False Path

    Location             Delay type                Incr(ns)  Path(ns)    Netlist Resource(s)
  -------------------------------------------------------------------    -------------------
    U13                                               0.000     0.000 f  rstn (IN)
                         net (fo=0)                   0.000     0.000    rstn
    U13                  IBUF (Prop_ibuf_I_O)         0.984     0.984 f  rstn_IBUF_inst/O
                         net (fo=49, routed)          1.416     2.399    u_aes_slave/u_aes_core/key_schedule_inst/rstn_IBUF
    SLICE_X3Y51          LUT1 (Prop_lut1_I0_O)        0.124     2.523 r  u_aes_slave/u_aes_core/key_schedule_inst/key_state_reg[0][255]_i_1/O
                         net (fo=6481, routed)       47.588    50.111    u_aes_slave/u_aes_core/SR[0]
    SLICE_X44Y47         FDRE                                         r  u_aes_slave/u_aes_core/state_reg_reg[5][121]/R
  -------------------------------------------------------------------    -------------------

                         (clock CLK rise edge)        0.000     0.000 r  
    N15                                               0.000     0.000 r  clk (IN)
                         net (fo=0)                   0.000     0.000    clk
    N15                  IBUF (Prop_ibuf_I_O)         0.814     0.814 r  clk_IBUF_inst/O
                         net (fo=1, routed)           1.911     2.725    clk_IBUF
    BUFGCTRL_X0Y0        BUFG (Prop_bufg_I_O)         0.091     2.816 r  clk_IBUF_BUFG_inst/O
                         net (fo=11156, routed)       1.678     4.494    u_aes_slave/u_aes_core/clk_IBUF_BUFG
    SLICE_X44Y47         FDRE                                         r  u_aes_slave/u_aes_core/state_reg_reg[5][121]/C

Slack:                    inf
  Source:                 rstn
                            (input port)
  Destination:            u_aes_slave/u_aes_core/state_reg_reg[5][123]/R
                            (rising edge-triggered cell FDRE clocked by CLK  {rise@0.000ns fall@10.000ns period=20.000ns})
  Path Group:             (none)
  Path Type:              Setup (Max at Slow Process Corner)
  Data Path Delay:        50.111ns  (logic 1.108ns (2.210%)  route 49.003ns (97.790%))
  Logic Levels:           2  (IBUF=1 LUT1=1)
  Clock Path Skew:        4.494ns (DCD - SCD + CPR)
    Destination Clock Delay (DCD):    4.494ns
    Source Clock Delay      (SCD):    0.000ns
    Clock Pessimism Removal (CPR):    0.000ns
  Clock Uncertainty:      0.325ns  ((TSJ^2 + TIJ^2)^1/2 + DJ) / 2 + PE + UU
    Total System Jitter     (TSJ):    0.050ns
    Total Input Jitter      (TIJ):    0.000ns
    Discrete Jitter          (DJ):    0.000ns
    Phase Error              (PE):    0.000ns
    User Uncertainty         (UU):    0.300ns
  Timing Exception:       False Path

    Location             Delay type                Incr(ns)  Path(ns)    Netlist Resource(s)
  -------------------------------------------------------------------    -------------------
    U13                                               0.000     0.000 f  rstn (IN)
                         net (fo=0)                   0.000     0.000    rstn
    U13                  IBUF (Prop_ibuf_I_O)         0.984     0.984 f  rstn_IBUF_inst/O
                         net (fo=49, routed)          1.416     2.399    u_aes_slave/u_aes_core/key_schedule_inst/rstn_IBUF
    SLICE_X3Y51          LUT1 (Prop_lut1_I0_O)        0.124     2.523 r  u_aes_slave/u_aes_core/key_schedule_inst/key_state_reg[0][255]_i_1/O
                         net (fo=6481, routed)       47.588    50.111    u_aes_slave/u_aes_core/SR[0]
    SLICE_X44Y47         FDRE                                         r  u_aes_slave/u_aes_core/state_reg_reg[5][123]/R
  -------------------------------------------------------------------    -------------------

                         (clock CLK rise edge)        0.000     0.000 r  
    N15                                               0.000     0.000 r  clk (IN)
                         net (fo=0)                   0.000     0.000    clk
    N15                  IBUF (Prop_ibuf_I_O)         0.814     0.814 r  clk_IBUF_inst/O
                         net (fo=1, routed)           1.911     2.725    clk_IBUF
    BUFGCTRL_X0Y0        BUFG (Prop_bufg_I_O)         0.091     2.816 r  clk_IBUF_BUFG_inst/O
                         net (fo=11156, routed)       1.678     4.494    u_aes_slave/u_aes_core/clk_IBUF_BUFG
    SLICE_X44Y47         FDRE                                         r  u_aes_slave/u_aes_core/state_reg_reg[5][123]/C

Slack:                    inf
  Source:                 rstn
                            (input port)
  Destination:            u_aes_slave/u_aes_core/state_reg_reg[5][124]/R
                            (rising edge-triggered cell FDRE clocked by CLK  {rise@0.000ns fall@10.000ns period=20.000ns})
  Path Group:             (none)
  Path Type:              Setup (Max at Slow Process Corner)
  Data Path Delay:        50.111ns  (logic 1.108ns (2.210%)  route 49.003ns (97.790%))
  Logic Levels:           2  (IBUF=1 LUT1=1)
  Clock Path Skew:        4.494ns (DCD - SCD + CPR)
    Destination Clock Delay (DCD):    4.494ns
    Source Clock Delay      (SCD):    0.000ns
    Clock Pessimism Removal (CPR):    0.000ns
  Clock Uncertainty:      0.325ns  ((TSJ^2 + TIJ^2)^1/2 + DJ) / 2 + PE + UU
    Total System Jitter     (TSJ):    0.050ns
    Total Input Jitter      (TIJ):    0.000ns
    Discrete Jitter          (DJ):    0.000ns
    Phase Error              (PE):    0.000ns
    User Uncertainty         (UU):    0.300ns
  Timing Exception:       False Path

    Location             Delay type                Incr(ns)  Path(ns)    Netlist Resource(s)
  -------------------------------------------------------------------    -------------------
    U13                                               0.000     0.000 f  rstn (IN)
                         net (fo=0)                   0.000     0.000    rstn
    U13                  IBUF (Prop_ibuf_I_O)         0.984     0.984 f  rstn_IBUF_inst/O
                         net (fo=49, routed)          1.416     2.399    u_aes_slave/u_aes_core/key_schedule_inst/rstn_IBUF
    SLICE_X3Y51          LUT1 (Prop_lut1_I0_O)        0.124     2.523 r  u_aes_slave/u_aes_core/key_schedule_inst/key_state_reg[0][255]_i_1/O
                         net (fo=6481, routed)       47.588    50.111    u_aes_slave/u_aes_core/SR[0]
    SLICE_X44Y47         FDRE                                         r  u_aes_slave/u_aes_core/state_reg_reg[5][124]/R
  -------------------------------------------------------------------    -------------------

                         (clock CLK rise edge)        0.000     0.000 r  
    N15                                               0.000     0.000 r  clk (IN)
                         net (fo=0)                   0.000     0.000    clk
    N15                  IBUF (Prop_ibuf_I_O)         0.814     0.814 r  clk_IBUF_inst/O
                         net (fo=1, routed)           1.911     2.725    clk_IBUF
    BUFGCTRL_X0Y0        BUFG (Prop_bufg_I_O)         0.091     2.816 r  clk_IBUF_BUFG_inst/O
                         net (fo=11156, routed)       1.678     4.494    u_aes_slave/u_aes_core/clk_IBUF_BUFG
    SLICE_X44Y47         FDRE                                         r  u_aes_slave/u_aes_core/state_reg_reg[5][124]/C

Slack:                    inf
  Source:                 rstn
                            (input port)
  Destination:            u_aes_slave/u_aes_core/key_schedule_inst/key_state_reg_reg[4][21]/R
                            (rising edge-triggered cell FDRE clocked by CLK  {rise@0.000ns fall@10.000ns period=20.000ns})
  Path Group:             (none)
  Path Type:              Setup (Max at Slow Process Corner)
  Data Path Delay:        49.867ns  (logic 1.108ns (2.221%)  route 48.759ns (97.779%))
  Logic Levels:           2  (IBUF=1 LUT1=1)
  Clock Path Skew:        4.499ns (DCD - SCD + CPR)
    Destination Clock Delay (DCD):    4.499ns
    Source Clock Delay      (SCD):    0.000ns
    Clock Pessimism Removal (CPR):    0.000ns
  Clock Uncertainty:      0.325ns  ((TSJ^2 + TIJ^2)^1/2 + DJ) / 2 + PE + UU
    Total System Jitter     (TSJ):    0.050ns
    Total Input Jitter      (TIJ):    0.000ns
    Discrete Jitter          (DJ):    0.000ns
    Phase Error              (PE):    0.000ns
    User Uncertainty         (UU):    0.300ns
  Timing Exception:       False Path

    Location             Delay type                Incr(ns)  Path(ns)    Netlist Resource(s)
  -------------------------------------------------------------------    -------------------
    U13                                               0.000     0.000 f  rstn (IN)
                         net (fo=0)                   0.000     0.000    rstn
    U13                  IBUF (Prop_ibuf_I_O)         0.984     0.984 f  rstn_IBUF_inst/O
                         net (fo=49, routed)          1.416     2.399    u_aes_slave/u_aes_core/key_schedule_inst/rstn_IBUF
    SLICE_X3Y51          LUT1 (Prop_lut1_I0_O)        0.124     2.523 r  u_aes_slave/u_aes_core/key_schedule_inst/key_state_reg[0][255]_i_1/O
                         net (fo=6481, routed)       47.344    49.867    u_aes_slave/u_aes_core/key_schedule_inst/SR[0]
    SLICE_X36Y49         FDRE                                         r  u_aes_slave/u_aes_core/key_schedule_inst/key_state_reg_reg[4][21]/R
  -------------------------------------------------------------------    -------------------

                         (clock CLK rise edge)        0.000     0.000 r  
    N15                                               0.000     0.000 r  clk (IN)
                         net (fo=0)                   0.000     0.000    clk
    N15                  IBUF (Prop_ibuf_I_O)         0.814     0.814 r  clk_IBUF_inst/O
                         net (fo=1, routed)           1.911     2.725    clk_IBUF
    BUFGCTRL_X0Y0        BUFG (Prop_bufg_I_O)         0.091     2.816 r  clk_IBUF_BUFG_inst/O
                         net (fo=11156, routed)       1.683     4.499    u_aes_slave/u_aes_core/key_schedule_inst/clk_IBUF_BUFG
    SLICE_X36Y49         FDRE                                         r  u_aes_slave/u_aes_core/key_schedule_inst/key_state_reg_reg[4][21]/C

Slack:                    inf
  Source:                 rstn
                            (input port)
  Destination:            u_aes_slave/u_aes_core/key_schedule_inst/key_state_reg_reg[4][53]/R
                            (rising edge-triggered cell FDRE clocked by CLK  {rise@0.000ns fall@10.000ns period=20.000ns})
  Path Group:             (none)
  Path Type:              Setup (Max at Slow Process Corner)
  Data Path Delay:        49.863ns  (logic 1.108ns (2.221%)  route 48.755ns (97.779%))
  Logic Levels:           2  (IBUF=1 LUT1=1)
  Clock Path Skew:        4.499ns (DCD - SCD + CPR)
    Destination Clock Delay (DCD):    4.499ns
    Source Clock Delay      (SCD):    0.000ns
    Clock Pessimism Removal (CPR):    0.000ns
  Clock Uncertainty:      0.325ns  ((TSJ^2 + TIJ^2)^1/2 + DJ) / 2 + PE + UU
    Total System Jitter     (TSJ):    0.050ns
    Total Input Jitter      (TIJ):    0.000ns
    Discrete Jitter          (DJ):    0.000ns
    Phase Error              (PE):    0.000ns
    User Uncertainty         (UU):    0.300ns
  Timing Exception:       False Path

    Location             Delay type                Incr(ns)  Path(ns)    Netlist Resource(s)
  -------------------------------------------------------------------    -------------------
    U13                                               0.000     0.000 f  rstn (IN)
                         net (fo=0)                   0.000     0.000    rstn
    U13                  IBUF (Prop_ibuf_I_O)         0.984     0.984 f  rstn_IBUF_inst/O
                         net (fo=49, routed)          1.416     2.399    u_aes_slave/u_aes_core/key_schedule_inst/rstn_IBUF
    SLICE_X3Y51          LUT1 (Prop_lut1_I0_O)        0.124     2.523 r  u_aes_slave/u_aes_core/key_schedule_inst/key_state_reg[0][255]_i_1/O
                         net (fo=6481, routed)       47.339    49.863    u_aes_slave/u_aes_core/key_schedule_inst/SR[0]
    SLICE_X37Y49         FDRE                                         r  u_aes_slave/u_aes_core/key_schedule_inst/key_state_reg_reg[4][53]/R
  -------------------------------------------------------------------    -------------------

                         (clock CLK rise edge)        0.000     0.000 r  
    N15                                               0.000     0.000 r  clk (IN)
                         net (fo=0)                   0.000     0.000    clk
    N15                  IBUF (Prop_ibuf_I_O)         0.814     0.814 r  clk_IBUF_inst/O
                         net (fo=1, routed)           1.911     2.725    clk_IBUF
    BUFGCTRL_X0Y0        BUFG (Prop_bufg_I_O)         0.091     2.816 r  clk_IBUF_BUFG_inst/O
                         net (fo=11156, routed)       1.683     4.499    u_aes_slave/u_aes_core/key_schedule_inst/clk_IBUF_BUFG
    SLICE_X37Y49         FDRE                                         r  u_aes_slave/u_aes_core/key_schedule_inst/key_state_reg_reg[4][53]/C

Slack:                    inf
  Source:                 rstn
                            (input port)
  Destination:            u_aes_slave/u_aes_core/key_schedule_inst/key_state_reg_reg[4][85]/R
                            (rising edge-triggered cell FDRE clocked by CLK  {rise@0.000ns fall@10.000ns period=20.000ns})
  Path Group:             (none)
  Path Type:              Setup (Max at Slow Process Corner)
  Data Path Delay:        49.863ns  (logic 1.108ns (2.221%)  route 48.755ns (97.779%))
  Logic Levels:           2  (IBUF=1 LUT1=1)
  Clock Path Skew:        4.499ns (DCD - SCD + CPR)
    Destination Clock Delay (DCD):    4.499ns
    Source Clock Delay      (SCD):    0.000ns
    Clock Pessimism Removal (CPR):    0.000ns
  Clock Uncertainty:      0.325ns  ((TSJ^2 + TIJ^2)^1/2 + DJ) / 2 + PE + UU
    Total System Jitter     (TSJ):    0.050ns
    Total Input Jitter      (TIJ):    0.000ns
    Discrete Jitter          (DJ):    0.000ns
    Phase Error              (PE):    0.000ns
    User Uncertainty         (UU):    0.300ns
  Timing Exception:       False Path

    Location             Delay type                Incr(ns)  Path(ns)    Netlist Resource(s)
  -------------------------------------------------------------------    -------------------
    U13                                               0.000     0.000 f  rstn (IN)
                         net (fo=0)                   0.000     0.000    rstn
    U13                  IBUF (Prop_ibuf_I_O)         0.984     0.984 f  rstn_IBUF_inst/O
                         net (fo=49, routed)          1.416     2.399    u_aes_slave/u_aes_core/key_schedule_inst/rstn_IBUF
    SLICE_X3Y51          LUT1 (Prop_lut1_I0_O)        0.124     2.523 r  u_aes_slave/u_aes_core/key_schedule_inst/key_state_reg[0][255]_i_1/O
                         net (fo=6481, routed)       47.339    49.863    u_aes_slave/u_aes_core/key_schedule_inst/SR[0]
    SLICE_X37Y49         FDRE                                         r  u_aes_slave/u_aes_core/key_schedule_inst/key_state_reg_reg[4][85]/R
  -------------------------------------------------------------------    -------------------

                         (clock CLK rise edge)        0.000     0.000 r  
    N15                                               0.000     0.000 r  clk (IN)
                         net (fo=0)                   0.000     0.000    clk
    N15                  IBUF (Prop_ibuf_I_O)         0.814     0.814 r  clk_IBUF_inst/O
                         net (fo=1, routed)           1.911     2.725    clk_IBUF
    BUFGCTRL_X0Y0        BUFG (Prop_bufg_I_O)         0.091     2.816 r  clk_IBUF_BUFG_inst/O
                         net (fo=11156, routed)       1.683     4.499    u_aes_slave/u_aes_core/key_schedule_inst/clk_IBUF_BUFG
    SLICE_X37Y49         FDRE                                         r  u_aes_slave/u_aes_core/key_schedule_inst/key_state_reg_reg[4][85]/C

Slack:                    inf
  Source:                 rstn
                            (input port)
  Destination:            u_aes_slave/u_aes_core/key_schedule_inst/key_state_reg_reg[5][21]/R
                            (rising edge-triggered cell FDRE clocked by CLK  {rise@0.000ns fall@10.000ns period=20.000ns})
  Path Group:             (none)
  Path Type:              Setup (Max at Slow Process Corner)
  Data Path Delay:        49.863ns  (logic 1.108ns (2.221%)  route 48.755ns (97.779%))
  Logic Levels:           2  (IBUF=1 LUT1=1)
  Clock Path Skew:        4.499ns (DCD - SCD + CPR)
    Destination Clock Delay (DCD):    4.499ns
    Source Clock Delay      (SCD):    0.000ns
    Clock Pessimism Removal (CPR):    0.000ns
  Clock Uncertainty:      0.325ns  ((TSJ^2 + TIJ^2)^1/2 + DJ) / 2 + PE + UU
    Total System Jitter     (TSJ):    0.050ns
    Total Input Jitter      (TIJ):    0.000ns
    Discrete Jitter          (DJ):    0.000ns
    Phase Error              (PE):    0.000ns
    User Uncertainty         (UU):    0.300ns
  Timing Exception:       False Path

    Location             Delay type                Incr(ns)  Path(ns)    Netlist Resource(s)
  -------------------------------------------------------------------    -------------------
    U13                                               0.000     0.000 f  rstn (IN)
                         net (fo=0)                   0.000     0.000    rstn
    U13                  IBUF (Prop_ibuf_I_O)         0.984     0.984 f  rstn_IBUF_inst/O
                         net (fo=49, routed)          1.416     2.399    u_aes_slave/u_aes_core/key_schedule_inst/rstn_IBUF
    SLICE_X3Y51          LUT1 (Prop_lut1_I0_O)        0.124     2.523 r  u_aes_slave/u_aes_core/key_schedule_inst/key_state_reg[0][255]_i_1/O
                         net (fo=6481, routed)       47.339    49.863    u_aes_slave/u_aes_core/key_schedule_inst/SR[0]
    SLICE_X37Y49         FDRE                                         r  u_aes_slave/u_aes_core/key_schedule_inst/key_state_reg_reg[5][21]/R
  -------------------------------------------------------------------    -------------------

                         (clock CLK rise edge)        0.000     0.000 r  
    N15                                               0.000     0.000 r  clk (IN)
                         net (fo=0)                   0.000     0.000    clk
    N15                  IBUF (Prop_ibuf_I_O)         0.814     0.814 r  clk_IBUF_inst/O
                         net (fo=1, routed)           1.911     2.725    clk_IBUF
    BUFGCTRL_X0Y0        BUFG (Prop_bufg_I_O)         0.091     2.816 r  clk_IBUF_BUFG_inst/O
                         net (fo=11156, routed)       1.683     4.499    u_aes_slave/u_aes_core/key_schedule_inst/clk_IBUF_BUFG
    SLICE_X37Y49         FDRE                                         r  u_aes_slave/u_aes_core/key_schedule_inst/key_state_reg_reg[5][21]/C

Slack:                    inf
  Source:                 rstn
                            (input port)
  Destination:            u_aes_slave/u_aes_core/key_schedule_inst/key_state_reg_reg[5][53]/R
                            (rising edge-triggered cell FDRE clocked by CLK  {rise@0.000ns fall@10.000ns period=20.000ns})
  Path Group:             (none)
  Path Type:              Setup (Max at Slow Process Corner)
  Data Path Delay:        49.863ns  (logic 1.108ns (2.221%)  route 48.755ns (97.779%))
  Logic Levels:           2  (IBUF=1 LUT1=1)
  Clock Path Skew:        4.499ns (DCD - SCD + CPR)
    Destination Clock Delay (DCD):    4.499ns
    Source Clock Delay      (SCD):    0.000ns
    Clock Pessimism Removal (CPR):    0.000ns
  Clock Uncertainty:      0.325ns  ((TSJ^2 + TIJ^2)^1/2 + DJ) / 2 + PE + UU
    Total System Jitter     (TSJ):    0.050ns
    Total Input Jitter      (TIJ):    0.000ns
    Discrete Jitter          (DJ):    0.000ns
    Phase Error              (PE):    0.000ns
    User Uncertainty         (UU):    0.300ns
  Timing Exception:       False Path

    Location             Delay type                Incr(ns)  Path(ns)    Netlist Resource(s)
  -------------------------------------------------------------------    -------------------
    U13                                               0.000     0.000 f  rstn (IN)
                         net (fo=0)                   0.000     0.000    rstn
    U13                  IBUF (Prop_ibuf_I_O)         0.984     0.984 f  rstn_IBUF_inst/O
                         net (fo=49, routed)          1.416     2.399    u_aes_slave/u_aes_core/key_schedule_inst/rstn_IBUF
    SLICE_X3Y51          LUT1 (Prop_lut1_I0_O)        0.124     2.523 r  u_aes_slave/u_aes_core/key_schedule_inst/key_state_reg[0][255]_i_1/O
                         net (fo=6481, routed)       47.339    49.863    u_aes_slave/u_aes_core/key_schedule_inst/SR[0]
    SLICE_X37Y49         FDRE                                         r  u_aes_slave/u_aes_core/key_schedule_inst/key_state_reg_reg[5][53]/R
  -------------------------------------------------------------------    -------------------

                         (clock CLK rise edge)        0.000     0.000 r  
    N15                                               0.000     0.000 r  clk (IN)
                         net (fo=0)                   0.000     0.000    clk
    N15                  IBUF (Prop_ibuf_I_O)         0.814     0.814 r  clk_IBUF_inst/O
                         net (fo=1, routed)           1.911     2.725    clk_IBUF
    BUFGCTRL_X0Y0        BUFG (Prop_bufg_I_O)         0.091     2.816 r  clk_IBUF_BUFG_inst/O
                         net (fo=11156, routed)       1.683     4.499    u_aes_slave/u_aes_core/key_schedule_inst/clk_IBUF_BUFG
    SLICE_X37Y49         FDRE                                         r  u_aes_slave/u_aes_core/key_schedule_inst/key_state_reg_reg[5][53]/C

Slack:                    inf
  Source:                 rstn
                            (input port)
  Destination:            u_aes_slave/u_aes_core/key_schedule_inst/key_state_reg_reg[5][85]/R
                            (rising edge-triggered cell FDRE clocked by CLK  {rise@0.000ns fall@10.000ns period=20.000ns})
  Path Group:             (none)
  Path Type:              Setup (Max at Slow Process Corner)
  Data Path Delay:        49.863ns  (logic 1.108ns (2.221%)  route 48.755ns (97.779%))
  Logic Levels:           2  (IBUF=1 LUT1=1)
  Clock Path Skew:        4.499ns (DCD - SCD + CPR)
    Destination Clock Delay (DCD):    4.499ns
    Source Clock Delay      (SCD):    0.000ns
    Clock Pessimism Removal (CPR):    0.000ns
  Clock Uncertainty:      0.325ns  ((TSJ^2 + TIJ^2)^1/2 + DJ) / 2 + PE + UU
    Total System Jitter     (TSJ):    0.050ns
    Total Input Jitter      (TIJ):    0.000ns
    Discrete Jitter          (DJ):    0.000ns
    Phase Error              (PE):    0.000ns
    User Uncertainty         (UU):    0.300ns
  Timing Exception:       False Path

    Location             Delay type                Incr(ns)  Path(ns)    Netlist Resource(s)
  -------------------------------------------------------------------    -------------------
    U13                                               0.000     0.000 f  rstn (IN)
                         net (fo=0)                   0.000     0.000    rstn
    U13                  IBUF (Prop_ibuf_I_O)         0.984     0.984 f  rstn_IBUF_inst/O
                         net (fo=49, routed)          1.416     2.399    u_aes_slave/u_aes_core/key_schedule_inst/rstn_IBUF
    SLICE_X3Y51          LUT1 (Prop_lut1_I0_O)        0.124     2.523 r  u_aes_slave/u_aes_core/key_schedule_inst/key_state_reg[0][255]_i_1/O
                         net (fo=6481, routed)       47.339    49.863    u_aes_slave/u_aes_core/key_schedule_inst/SR[0]
    SLICE_X37Y49         FDRE                                         r  u_aes_slave/u_aes_core/key_schedule_inst/key_state_reg_reg[5][85]/R
  -------------------------------------------------------------------    -------------------

                         (clock CLK rise edge)        0.000     0.000 r  
    N15                                               0.000     0.000 r  clk (IN)
                         net (fo=0)                   0.000     0.000    clk
    N15                  IBUF (Prop_ibuf_I_O)         0.814     0.814 r  clk_IBUF_inst/O
                         net (fo=1, routed)           1.911     2.725    clk_IBUF
    BUFGCTRL_X0Y0        BUFG (Prop_bufg_I_O)         0.091     2.816 r  clk_IBUF_BUFG_inst/O
                         net (fo=11156, routed)       1.683     4.499    u_aes_slave/u_aes_core/key_schedule_inst/clk_IBUF_BUFG
    SLICE_X37Y49         FDRE                                         r  u_aes_slave/u_aes_core/key_schedule_inst/key_state_reg_reg[5][85]/C

Slack:                    inf
  Source:                 rstn
                            (input port)
  Destination:            u_aes_slave/u_aes_core/key_schedule_inst/key_state_reg_reg[1][130]/R
                            (rising edge-triggered cell FDRE clocked by CLK  {rise@0.000ns fall@10.000ns period=20.000ns})
  Path Group:             (none)
  Path Type:              Setup (Max at Slow Process Corner)
  Data Path Delay:        49.835ns  (logic 1.108ns (2.223%)  route 48.727ns (97.777%))
  Logic Levels:           2  (IBUF=1 LUT1=1)
  Clock Path Skew:        4.506ns (DCD - SCD + CPR)
    Destination Clock Delay (DCD):    4.506ns
    Source Clock Delay      (SCD):    0.000ns
    Clock Pessimism Removal (CPR):    0.000ns
  Clock Uncertainty:      0.325ns  ((TSJ^2 + TIJ^2)^1/2 + DJ) / 2 + PE + UU
    Total System Jitter     (TSJ):    0.050ns
    Total Input Jitter      (TIJ):    0.000ns
    Discrete Jitter          (DJ):    0.000ns
    Phase Error              (PE):    0.000ns
    User Uncertainty         (UU):    0.300ns
  Timing Exception:       False Path

    Location             Delay type                Incr(ns)  Path(ns)    Netlist Resource(s)
  -------------------------------------------------------------------    -------------------
    U13                                               0.000     0.000 f  rstn (IN)
                         net (fo=0)                   0.000     0.000    rstn
    U13                  IBUF (Prop_ibuf_I_O)         0.984     0.984 f  rstn_IBUF_inst/O
                         net (fo=49, routed)          1.416     2.399    u_aes_slave/u_aes_core/key_schedule_inst/rstn_IBUF
    SLICE_X3Y51          LUT1 (Prop_lut1_I0_O)        0.124     2.523 r  u_aes_slave/u_aes_core/key_schedule_inst/key_state_reg[0][255]_i_1/O
                         net (fo=6481, routed)       47.312    49.835    u_aes_slave/u_aes_core/key_schedule_inst/SR[0]
    SLICE_X15Y47         FDRE                                         r  u_aes_slave/u_aes_core/key_schedule_inst/key_state_reg_reg[1][130]/R
  -------------------------------------------------------------------    -------------------

                         (clock CLK rise edge)        0.000     0.000 r  
    N15                                               0.000     0.000 r  clk (IN)
                         net (fo=0)                   0.000     0.000    clk
    N15                  IBUF (Prop_ibuf_I_O)         0.814     0.814 r  clk_IBUF_inst/O
                         net (fo=1, routed)           1.911     2.725    clk_IBUF
    BUFGCTRL_X0Y0        BUFG (Prop_bufg_I_O)         0.091     2.816 r  clk_IBUF_BUFG_inst/O
                         net (fo=11156, routed)       1.690     4.506    u_aes_slave/u_aes_core/key_schedule_inst/clk_IBUF_BUFG
    SLICE_X15Y47         FDRE                                         r  u_aes_slave/u_aes_core/key_schedule_inst/key_state_reg_reg[1][130]/C

Slack:                    inf
  Source:                 rstn
                            (input port)
  Destination:            u_aes_slave/u_aes_core/state_reg_reg[4][57]/R
                            (rising edge-triggered cell FDRE clocked by CLK  {rise@0.000ns fall@10.000ns period=20.000ns})
  Path Group:             (none)
  Path Type:              Setup (Max at Slow Process Corner)
  Data Path Delay:        49.831ns  (logic 1.108ns (2.223%)  route 48.724ns (97.777%))
  Logic Levels:           2  (IBUF=1 LUT1=1)
  Clock Path Skew:        4.497ns (DCD - SCD + CPR)
    Destination Clock Delay (DCD):    4.497ns
    Source Clock Delay      (SCD):    0.000ns
    Clock Pessimism Removal (CPR):    0.000ns
  Clock Uncertainty:      0.325ns  ((TSJ^2 + TIJ^2)^1/2 + DJ) / 2 + PE + UU
    Total System Jitter     (TSJ):    0.050ns
    Total Input Jitter      (TIJ):    0.000ns
    Discrete Jitter          (DJ):    0.000ns
    Phase Error              (PE):    0.000ns
    User Uncertainty         (UU):    0.300ns
  Timing Exception:       False Path

    Location             Delay type                Incr(ns)  Path(ns)    Netlist Resource(s)
  -------------------------------------------------------------------    -------------------
    U13                                               0.000     0.000 f  rstn (IN)
                         net (fo=0)                   0.000     0.000    rstn
    U13                  IBUF (Prop_ibuf_I_O)         0.984     0.984 f  rstn_IBUF_inst/O
                         net (fo=49, routed)          1.416     2.399    u_aes_slave/u_aes_core/key_schedule_inst/rstn_IBUF
    SLICE_X3Y51          LUT1 (Prop_lut1_I0_O)        0.124     2.523 r  u_aes_slave/u_aes_core/key_schedule_inst/key_state_reg[0][255]_i_1/O
                         net (fo=6481, routed)       47.308    49.831    u_aes_slave/u_aes_core/SR[0]
    SLICE_X41Y47         FDRE                                         r  u_aes_slave/u_aes_core/state_reg_reg[4][57]/R
  -------------------------------------------------------------------    -------------------

                         (clock CLK rise edge)        0.000     0.000 r  
    N15                                               0.000     0.000 r  clk (IN)
                         net (fo=0)                   0.000     0.000    clk
    N15                  IBUF (Prop_ibuf_I_O)         0.814     0.814 r  clk_IBUF_inst/O
                         net (fo=1, routed)           1.911     2.725    clk_IBUF
    BUFGCTRL_X0Y0        BUFG (Prop_bufg_I_O)         0.091     2.816 r  clk_IBUF_BUFG_inst/O
                         net (fo=11156, routed)       1.681     4.497    u_aes_slave/u_aes_core/clk_IBUF_BUFG
    SLICE_X41Y47         FDRE                                         r  u_aes_slave/u_aes_core/state_reg_reg[4][57]/C

Slack:                    inf
  Source:                 rstn
                            (input port)
  Destination:            u_aes_slave/u_aes_core/state_reg_reg[4][60]/R
                            (rising edge-triggered cell FDRE clocked by CLK  {rise@0.000ns fall@10.000ns period=20.000ns})
  Path Group:             (none)
  Path Type:              Setup (Max at Slow Process Corner)
  Data Path Delay:        49.831ns  (logic 1.108ns (2.223%)  route 48.724ns (97.777%))
  Logic Levels:           2  (IBUF=1 LUT1=1)
  Clock Path Skew:        4.497ns (DCD - SCD + CPR)
    Destination Clock Delay (DCD):    4.497ns
    Source Clock Delay      (SCD):    0.000ns
    Clock Pessimism Removal (CPR):    0.000ns
  Clock Uncertainty:      0.325ns  ((TSJ^2 + TIJ^2)^1/2 + DJ) / 2 + PE + UU
    Total System Jitter     (TSJ):    0.050ns
    Total Input Jitter      (TIJ):    0.000ns
    Discrete Jitter          (DJ):    0.000ns
    Phase Error              (PE):    0.000ns
    User Uncertainty         (UU):    0.300ns
  Timing Exception:       False Path

    Location             Delay type                Incr(ns)  Path(ns)    Netlist Resource(s)
  -------------------------------------------------------------------    -------------------
    U13                                               0.000     0.000 f  rstn (IN)
                         net (fo=0)                   0.000     0.000    rstn
    U13                  IBUF (Prop_ibuf_I_O)         0.984     0.984 f  rstn_IBUF_inst/O
                         net (fo=49, routed)          1.416     2.399    u_aes_slave/u_aes_core/key_schedule_inst/rstn_IBUF
    SLICE_X3Y51          LUT1 (Prop_lut1_I0_O)        0.124     2.523 r  u_aes_slave/u_aes_core/key_schedule_inst/key_state_reg[0][255]_i_1/O
                         net (fo=6481, routed)       47.308    49.831    u_aes_slave/u_aes_core/SR[0]
    SLICE_X41Y47         FDRE                                         r  u_aes_slave/u_aes_core/state_reg_reg[4][60]/R
  -------------------------------------------------------------------    -------------------

                         (clock CLK rise edge)        0.000     0.000 r  
    N15                                               0.000     0.000 r  clk (IN)
                         net (fo=0)                   0.000     0.000    clk
    N15                  IBUF (Prop_ibuf_I_O)         0.814     0.814 r  clk_IBUF_inst/O
                         net (fo=1, routed)           1.911     2.725    clk_IBUF
    BUFGCTRL_X0Y0        BUFG (Prop_bufg_I_O)         0.091     2.816 r  clk_IBUF_BUFG_inst/O
                         net (fo=11156, routed)       1.681     4.497    u_aes_slave/u_aes_core/clk_IBUF_BUFG
    SLICE_X41Y47         FDRE                                         r  u_aes_slave/u_aes_core/state_reg_reg[4][60]/C

Slack:                    inf
  Source:                 rstn
                            (input port)
  Destination:            u_aes_slave/u_aes_core/key_schedule_inst/key_state_reg_reg[3][179]/R
                            (rising edge-triggered cell FDRE clocked by CLK  {rise@0.000ns fall@10.000ns period=20.000ns})
  Path Group:             (none)
  Path Type:              Setup (Max at Slow Process Corner)
  Data Path Delay:        49.726ns  (logic 1.108ns (2.227%)  route 48.619ns (97.773%))
  Logic Levels:           2  (IBUF=1 LUT1=1)
  Clock Path Skew:        4.499ns (DCD - SCD + CPR)
    Destination Clock Delay (DCD):    4.499ns
    Source Clock Delay      (SCD):    0.000ns
    Clock Pessimism Removal (CPR):    0.000ns
  Clock Uncertainty:      0.325ns  ((TSJ^2 + TIJ^2)^1/2 + DJ) / 2 + PE + UU
    Total System Jitter     (TSJ):    0.050ns
    Total Input Jitter      (TIJ):    0.000ns
    Discrete Jitter          (DJ):    0.000ns
    Phase Error              (PE):    0.000ns
    User Uncertainty         (UU):    0.300ns
  Timing Exception:       False Path

    Location             Delay type                Incr(ns)  Path(ns)    Netlist Resource(s)
  -------------------------------------------------------------------    -------------------
    U13                                               0.000     0.000 f  rstn (IN)
                         net (fo=0)                   0.000     0.000    rstn
    U13                  IBUF (Prop_ibuf_I_O)         0.984     0.984 f  rstn_IBUF_inst/O
                         net (fo=49, routed)          1.416     2.399    u_aes_slave/u_aes_core/key_schedule_inst/rstn_IBUF
    SLICE_X3Y51          LUT1 (Prop_lut1_I0_O)        0.124     2.523 r  u_aes_slave/u_aes_core/key_schedule_inst/key_state_reg[0][255]_i_1/O
                         net (fo=6481, routed)       47.203    49.726    u_aes_slave/u_aes_core/key_schedule_inst/SR[0]
    SLICE_X36Y48         FDRE                                         r  u_aes_slave/u_aes_core/key_schedule_inst/key_state_reg_reg[3][179]/R
  -------------------------------------------------------------------    -------------------

                         (clock CLK rise edge)        0.000     0.000 r  
    N15                                               0.000     0.000 r  clk (IN)
                         net (fo=0)                   0.000     0.000    clk
    N15                  IBUF (Prop_ibuf_I_O)         0.814     0.814 r  clk_IBUF_inst/O
                         net (fo=1, routed)           1.911     2.725    clk_IBUF
    BUFGCTRL_X0Y0        BUFG (Prop_bufg_I_O)         0.091     2.816 r  clk_IBUF_BUFG_inst/O
                         net (fo=11156, routed)       1.683     4.499    u_aes_slave/u_aes_core/key_schedule_inst/clk_IBUF_BUFG
    SLICE_X36Y48         FDRE                                         r  u_aes_slave/u_aes_core/key_schedule_inst/key_state_reg_reg[3][179]/C

Slack:                    inf
  Source:                 rstn
                            (input port)
  Destination:            u_aes_slave/u_aes_core/key_schedule_inst/key_state_reg_reg[3][211]/R
                            (rising edge-triggered cell FDRE clocked by CLK  {rise@0.000ns fall@10.000ns period=20.000ns})
  Path Group:             (none)
  Path Type:              Setup (Max at Slow Process Corner)
  Data Path Delay:        49.726ns  (logic 1.108ns (2.227%)  route 48.619ns (97.773%))
  Logic Levels:           2  (IBUF=1 LUT1=1)
  Clock Path Skew:        4.499ns (DCD - SCD + CPR)
    Destination Clock Delay (DCD):    4.499ns
    Source Clock Delay      (SCD):    0.000ns
    Clock Pessimism Removal (CPR):    0.000ns
  Clock Uncertainty:      0.325ns  ((TSJ^2 + TIJ^2)^1/2 + DJ) / 2 + PE + UU
    Total System Jitter     (TSJ):    0.050ns
    Total Input Jitter      (TIJ):    0.000ns
    Discrete Jitter          (DJ):    0.000ns
    Phase Error              (PE):    0.000ns
    User Uncertainty         (UU):    0.300ns
  Timing Exception:       False Path

    Location             Delay type                Incr(ns)  Path(ns)    Netlist Resource(s)
  -------------------------------------------------------------------    -------------------
    U13                                               0.000     0.000 f  rstn (IN)
                         net (fo=0)                   0.000     0.000    rstn
    U13                  IBUF (Prop_ibuf_I_O)         0.984     0.984 f  rstn_IBUF_inst/O
                         net (fo=49, routed)          1.416     2.399    u_aes_slave/u_aes_core/key_schedule_inst/rstn_IBUF
    SLICE_X3Y51          LUT1 (Prop_lut1_I0_O)        0.124     2.523 r  u_aes_slave/u_aes_core/key_schedule_inst/key_state_reg[0][255]_i_1/O
                         net (fo=6481, routed)       47.203    49.726    u_aes_slave/u_aes_core/key_schedule_inst/SR[0]
    SLICE_X36Y48         FDRE                                         r  u_aes_slave/u_aes_core/key_schedule_inst/key_state_reg_reg[3][211]/R
  -------------------------------------------------------------------    -------------------

                         (clock CLK rise edge)        0.000     0.000 r  
    N15                                               0.000     0.000 r  clk (IN)
                         net (fo=0)                   0.000     0.000    clk
    N15                  IBUF (Prop_ibuf_I_O)         0.814     0.814 r  clk_IBUF_inst/O
                         net (fo=1, routed)           1.911     2.725    clk_IBUF
    BUFGCTRL_X0Y0        BUFG (Prop_bufg_I_O)         0.091     2.816 r  clk_IBUF_BUFG_inst/O
                         net (fo=11156, routed)       1.683     4.499    u_aes_slave/u_aes_core/key_schedule_inst/clk_IBUF_BUFG
    SLICE_X36Y48         FDRE                                         r  u_aes_slave/u_aes_core/key_schedule_inst/key_state_reg_reg[3][211]/C

Slack:                    inf
  Source:                 rstn
                            (input port)
  Destination:            u_aes_slave/u_aes_core/key_schedule_inst/key_state_reg_reg[4][179]/R
                            (rising edge-triggered cell FDRE clocked by CLK  {rise@0.000ns fall@10.000ns period=20.000ns})
  Path Group:             (none)
  Path Type:              Setup (Max at Slow Process Corner)
  Data Path Delay:        49.726ns  (logic 1.108ns (2.227%)  route 48.619ns (97.773%))
  Logic Levels:           2  (IBUF=1 LUT1=1)
  Clock Path Skew:        4.499ns (DCD - SCD + CPR)
    Destination Clock Delay (DCD):    4.499ns
    Source Clock Delay      (SCD):    0.000ns
    Clock Pessimism Removal (CPR):    0.000ns
  Clock Uncertainty:      0.325ns  ((TSJ^2 + TIJ^2)^1/2 + DJ) / 2 + PE + UU
    Total System Jitter     (TSJ):    0.050ns
    Total Input Jitter      (TIJ):    0.000ns
    Discrete Jitter          (DJ):    0.000ns
    Phase Error              (PE):    0.000ns
    User Uncertainty         (UU):    0.300ns
  Timing Exception:       False Path

    Location             Delay type                Incr(ns)  Path(ns)    Netlist Resource(s)
  -------------------------------------------------------------------    -------------------
    U13                                               0.000     0.000 f  rstn (IN)
                         net (fo=0)                   0.000     0.000    rstn
    U13                  IBUF (Prop_ibuf_I_O)         0.984     0.984 f  rstn_IBUF_inst/O
                         net (fo=49, routed)          1.416     2.399    u_aes_slave/u_aes_core/key_schedule_inst/rstn_IBUF
    SLICE_X3Y51          LUT1 (Prop_lut1_I0_O)        0.124     2.523 r  u_aes_slave/u_aes_core/key_schedule_inst/key_state_reg[0][255]_i_1/O
                         net (fo=6481, routed)       47.203    49.726    u_aes_slave/u_aes_core/key_schedule_inst/SR[0]
    SLICE_X36Y48         FDRE                                         r  u_aes_slave/u_aes_core/key_schedule_inst/key_state_reg_reg[4][179]/R
  -------------------------------------------------------------------    -------------------

                         (clock CLK rise edge)        0.000     0.000 r  
    N15                                               0.000     0.000 r  clk (IN)
                         net (fo=0)                   0.000     0.000    clk
    N15                  IBUF (Prop_ibuf_I_O)         0.814     0.814 r  clk_IBUF_inst/O
                         net (fo=1, routed)           1.911     2.725    clk_IBUF
    BUFGCTRL_X0Y0        BUFG (Prop_bufg_I_O)         0.091     2.816 r  clk_IBUF_BUFG_inst/O
                         net (fo=11156, routed)       1.683     4.499    u_aes_slave/u_aes_core/key_schedule_inst/clk_IBUF_BUFG
    SLICE_X36Y48         FDRE                                         r  u_aes_slave/u_aes_core/key_schedule_inst/key_state_reg_reg[4][179]/C

Slack:                    inf
  Source:                 rstn
                            (input port)
  Destination:            u_aes_slave/u_aes_core/key_schedule_inst/key_state_reg_reg[4][211]/R
                            (rising edge-triggered cell FDRE clocked by CLK  {rise@0.000ns fall@10.000ns period=20.000ns})
  Path Group:             (none)
  Path Type:              Setup (Max at Slow Process Corner)
  Data Path Delay:        49.726ns  (logic 1.108ns (2.227%)  route 48.619ns (97.773%))
  Logic Levels:           2  (IBUF=1 LUT1=1)
  Clock Path Skew:        4.499ns (DCD - SCD + CPR)
    Destination Clock Delay (DCD):    4.499ns
    Source Clock Delay      (SCD):    0.000ns
    Clock Pessimism Removal (CPR):    0.000ns
  Clock Uncertainty:      0.325ns  ((TSJ^2 + TIJ^2)^1/2 + DJ) / 2 + PE + UU
    Total System Jitter     (TSJ):    0.050ns
    Total Input Jitter      (TIJ):    0.000ns
    Discrete Jitter          (DJ):    0.000ns
    Phase Error              (PE):    0.000ns
    User Uncertainty         (UU):    0.300ns
  Timing Exception:       False Path

    Location             Delay type                Incr(ns)  Path(ns)    Netlist Resource(s)
  -------------------------------------------------------------------    -------------------
    U13                                               0.000     0.000 f  rstn (IN)
                         net (fo=0)                   0.000     0.000    rstn
    U13                  IBUF (Prop_ibuf_I_O)         0.984     0.984 f  rstn_IBUF_inst/O
                         net (fo=49, routed)          1.416     2.399    u_aes_slave/u_aes_core/key_schedule_inst/rstn_IBUF
    SLICE_X3Y51          LUT1 (Prop_lut1_I0_O)        0.124     2.523 r  u_aes_slave/u_aes_core/key_schedule_inst/key_state_reg[0][255]_i_1/O
                         net (fo=6481, routed)       47.203    49.726    u_aes_slave/u_aes_core/key_schedule_inst/SR[0]
    SLICE_X36Y48         FDRE                                         r  u_aes_slave/u_aes_core/key_schedule_inst/key_state_reg_reg[4][211]/R
  -------------------------------------------------------------------    -------------------

                         (clock CLK rise edge)        0.000     0.000 r  
    N15                                               0.000     0.000 r  clk (IN)
                         net (fo=0)                   0.000     0.000    clk
    N15                  IBUF (Prop_ibuf_I_O)         0.814     0.814 r  clk_IBUF_inst/O
                         net (fo=1, routed)           1.911     2.725    clk_IBUF
    BUFGCTRL_X0Y0        BUFG (Prop_bufg_I_O)         0.091     2.816 r  clk_IBUF_BUFG_inst/O
                         net (fo=11156, routed)       1.683     4.499    u_aes_slave/u_aes_core/key_schedule_inst/clk_IBUF_BUFG
    SLICE_X36Y48         FDRE                                         r  u_aes_slave/u_aes_core/key_schedule_inst/key_state_reg_reg[4][211]/C

Slack:                    inf
  Source:                 rstn
                            (input port)
  Destination:            u_aes_slave/u_aes_core/key_schedule_inst/key_state_reg_reg[1][100]/R
                            (rising edge-triggered cell FDRE clocked by CLK  {rise@0.000ns fall@10.000ns period=20.000ns})
  Path Group:             (none)
  Path Type:              Setup (Max at Slow Process Corner)
  Data Path Delay:        49.722ns  (logic 1.108ns (2.228%)  route 48.615ns (97.772%))
  Logic Levels:           2  (IBUF=1 LUT1=1)
  Clock Path Skew:        4.500ns (DCD - SCD + CPR)
    Destination Clock Delay (DCD):    4.500ns
    Source Clock Delay      (SCD):    0.000ns
    Clock Pessimism Removal (CPR):    0.000ns
  Clock Uncertainty:      0.325ns  ((TSJ^2 + TIJ^2)^1/2 + DJ) / 2 + PE + UU
    Total System Jitter     (TSJ):    0.050ns
    Total Input Jitter      (TIJ):    0.000ns
    Discrete Jitter          (DJ):    0.000ns
    Phase Error              (PE):    0.000ns
    User Uncertainty         (UU):    0.300ns
  Timing Exception:       False Path

    Location             Delay type                Incr(ns)  Path(ns)    Netlist Resource(s)
  -------------------------------------------------------------------    -------------------
    U13                                               0.000     0.000 f  rstn (IN)
                         net (fo=0)                   0.000     0.000    rstn
    U13                  IBUF (Prop_ibuf_I_O)         0.984     0.984 f  rstn_IBUF_inst/O
                         net (fo=49, routed)          1.416     2.399    u_aes_slave/u_aes_core/key_schedule_inst/rstn_IBUF
    SLICE_X3Y51          LUT1 (Prop_lut1_I0_O)        0.124     2.523 r  u_aes_slave/u_aes_core/key_schedule_inst/key_state_reg[0][255]_i_1/O
                         net (fo=6481, routed)       47.199    49.722    u_aes_slave/u_aes_core/key_schedule_inst/SR[0]
    SLICE_X32Y49         FDRE                                         r  u_aes_slave/u_aes_core/key_schedule_inst/key_state_reg_reg[1][100]/R
  -------------------------------------------------------------------    -------------------

                         (clock CLK rise edge)        0.000     0.000 r  
    N15                                               0.000     0.000 r  clk (IN)
                         net (fo=0)                   0.000     0.000    clk
    N15                  IBUF (Prop_ibuf_I_O)         0.814     0.814 r  clk_IBUF_inst/O
                         net (fo=1, routed)           1.911     2.725    clk_IBUF
    BUFGCTRL_X0Y0        BUFG (Prop_bufg_I_O)         0.091     2.816 r  clk_IBUF_BUFG_inst/O
                         net (fo=11156, routed)       1.684     4.500    u_aes_slave/u_aes_core/key_schedule_inst/clk_IBUF_BUFG
    SLICE_X32Y49         FDRE                                         r  u_aes_slave/u_aes_core/key_schedule_inst/key_state_reg_reg[1][100]/C

Slack:                    inf
  Source:                 rstn
                            (input port)
  Destination:            u_aes_slave/u_aes_core/key_schedule_inst/key_state_reg_reg[2][100]/R
                            (rising edge-triggered cell FDRE clocked by CLK  {rise@0.000ns fall@10.000ns period=20.000ns})
  Path Group:             (none)
  Path Type:              Setup (Max at Slow Process Corner)
  Data Path Delay:        49.722ns  (logic 1.108ns (2.228%)  route 48.615ns (97.772%))
  Logic Levels:           2  (IBUF=1 LUT1=1)
  Clock Path Skew:        4.500ns (DCD - SCD + CPR)
    Destination Clock Delay (DCD):    4.500ns
    Source Clock Delay      (SCD):    0.000ns
    Clock Pessimism Removal (CPR):    0.000ns
  Clock Uncertainty:      0.325ns  ((TSJ^2 + TIJ^2)^1/2 + DJ) / 2 + PE + UU
    Total System Jitter     (TSJ):    0.050ns
    Total Input Jitter      (TIJ):    0.000ns
    Discrete Jitter          (DJ):    0.000ns
    Phase Error              (PE):    0.000ns
    User Uncertainty         (UU):    0.300ns
  Timing Exception:       False Path

    Location             Delay type                Incr(ns)  Path(ns)    Netlist Resource(s)
  -------------------------------------------------------------------    -------------------
    U13                                               0.000     0.000 f  rstn (IN)
                         net (fo=0)                   0.000     0.000    rstn
    U13                  IBUF (Prop_ibuf_I_O)         0.984     0.984 f  rstn_IBUF_inst/O
                         net (fo=49, routed)          1.416     2.399    u_aes_slave/u_aes_core/key_schedule_inst/rstn_IBUF
    SLICE_X3Y51          LUT1 (Prop_lut1_I0_O)        0.124     2.523 r  u_aes_slave/u_aes_core/key_schedule_inst/key_state_reg[0][255]_i_1/O
                         net (fo=6481, routed)       47.199    49.722    u_aes_slave/u_aes_core/key_schedule_inst/SR[0]
    SLICE_X32Y49         FDRE                                         r  u_aes_slave/u_aes_core/key_schedule_inst/key_state_reg_reg[2][100]/R
  -------------------------------------------------------------------    -------------------

                         (clock CLK rise edge)        0.000     0.000 r  
    N15                                               0.000     0.000 r  clk (IN)
                         net (fo=0)                   0.000     0.000    clk
    N15                  IBUF (Prop_ibuf_I_O)         0.814     0.814 r  clk_IBUF_inst/O
                         net (fo=1, routed)           1.911     2.725    clk_IBUF
    BUFGCTRL_X0Y0        BUFG (Prop_bufg_I_O)         0.091     2.816 r  clk_IBUF_BUFG_inst/O
                         net (fo=11156, routed)       1.684     4.500    u_aes_slave/u_aes_core/key_schedule_inst/clk_IBUF_BUFG
    SLICE_X32Y49         FDRE                                         r  u_aes_slave/u_aes_core/key_schedule_inst/key_state_reg_reg[2][100]/C

Slack:                    inf
  Source:                 rstn
                            (input port)
  Destination:            u_aes_slave/u_aes_core/key_schedule_inst/key_state_reg_reg[4][54]/R
                            (rising edge-triggered cell FDRE clocked by CLK  {rise@0.000ns fall@10.000ns period=20.000ns})
  Path Group:             (none)
  Path Type:              Setup (Max at Slow Process Corner)
  Data Path Delay:        49.722ns  (logic 1.108ns (2.228%)  route 48.615ns (97.772%))
  Logic Levels:           2  (IBUF=1 LUT1=1)
  Clock Path Skew:        4.500ns (DCD - SCD + CPR)
    Destination Clock Delay (DCD):    4.500ns
    Source Clock Delay      (SCD):    0.000ns
    Clock Pessimism Removal (CPR):    0.000ns
  Clock Uncertainty:      0.325ns  ((TSJ^2 + TIJ^2)^1/2 + DJ) / 2 + PE + UU
    Total System Jitter     (TSJ):    0.050ns
    Total Input Jitter      (TIJ):    0.000ns
    Discrete Jitter          (DJ):    0.000ns
    Phase Error              (PE):    0.000ns
    User Uncertainty         (UU):    0.300ns
  Timing Exception:       False Path

    Location             Delay type                Incr(ns)  Path(ns)    Netlist Resource(s)
  -------------------------------------------------------------------    -------------------
    U13                                               0.000     0.000 f  rstn (IN)
                         net (fo=0)                   0.000     0.000    rstn
    U13                  IBUF (Prop_ibuf_I_O)         0.984     0.984 f  rstn_IBUF_inst/O
                         net (fo=49, routed)          1.416     2.399    u_aes_slave/u_aes_core/key_schedule_inst/rstn_IBUF
    SLICE_X3Y51          LUT1 (Prop_lut1_I0_O)        0.124     2.523 r  u_aes_slave/u_aes_core/key_schedule_inst/key_state_reg[0][255]_i_1/O
                         net (fo=6481, routed)       47.199    49.722    u_aes_slave/u_aes_core/key_schedule_inst/SR[0]
    SLICE_X32Y49         FDRE                                         r  u_aes_slave/u_aes_core/key_schedule_inst/key_state_reg_reg[4][54]/R
  -------------------------------------------------------------------    -------------------

                         (clock CLK rise edge)        0.000     0.000 r  
    N15                                               0.000     0.000 r  clk (IN)
                         net (fo=0)                   0.000     0.000    clk
    N15                  IBUF (Prop_ibuf_I_O)         0.814     0.814 r  clk_IBUF_inst/O
                         net (fo=1, routed)           1.911     2.725    clk_IBUF
    BUFGCTRL_X0Y0        BUFG (Prop_bufg_I_O)         0.091     2.816 r  clk_IBUF_BUFG_inst/O
                         net (fo=11156, routed)       1.684     4.500    u_aes_slave/u_aes_core/key_schedule_inst/clk_IBUF_BUFG
    SLICE_X32Y49         FDRE                                         r  u_aes_slave/u_aes_core/key_schedule_inst/key_state_reg_reg[4][54]/C

Slack:                    inf
  Source:                 rstn
                            (input port)
  Destination:            u_aes_slave/u_aes_core/key_schedule_inst/key_state_reg_reg[5][22]/R
                            (rising edge-triggered cell FDRE clocked by CLK  {rise@0.000ns fall@10.000ns period=20.000ns})
  Path Group:             (none)
  Path Type:              Setup (Max at Slow Process Corner)
  Data Path Delay:        49.722ns  (logic 1.108ns (2.228%)  route 48.615ns (97.772%))
  Logic Levels:           2  (IBUF=1 LUT1=1)
  Clock Path Skew:        4.500ns (DCD - SCD + CPR)
    Destination Clock Delay (DCD):    4.500ns
    Source Clock Delay      (SCD):    0.000ns
    Clock Pessimism Removal (CPR):    0.000ns
  Clock Uncertainty:      0.325ns  ((TSJ^2 + TIJ^2)^1/2 + DJ) / 2 + PE + UU
    Total System Jitter     (TSJ):    0.050ns
    Total Input Jitter      (TIJ):    0.000ns
    Discrete Jitter          (DJ):    0.000ns
    Phase Error              (PE):    0.000ns
    User Uncertainty         (UU):    0.300ns
  Timing Exception:       False Path

    Location             Delay type                Incr(ns)  Path(ns)    Netlist Resource(s)
  -------------------------------------------------------------------    -------------------
    U13                                               0.000     0.000 f  rstn (IN)
                         net (fo=0)                   0.000     0.000    rstn
    U13                  IBUF (Prop_ibuf_I_O)         0.984     0.984 f  rstn_IBUF_inst/O
                         net (fo=49, routed)          1.416     2.399    u_aes_slave/u_aes_core/key_schedule_inst/rstn_IBUF
    SLICE_X3Y51          LUT1 (Prop_lut1_I0_O)        0.124     2.523 r  u_aes_slave/u_aes_core/key_schedule_inst/key_state_reg[0][255]_i_1/O
                         net (fo=6481, routed)       47.199    49.722    u_aes_slave/u_aes_core/key_schedule_inst/SR[0]
    SLICE_X32Y49         FDRE                                         r  u_aes_slave/u_aes_core/key_schedule_inst/key_state_reg_reg[5][22]/R
  -------------------------------------------------------------------    -------------------

                         (clock CLK rise edge)        0.000     0.000 r  
    N15                                               0.000     0.000 r  clk (IN)
                         net (fo=0)                   0.000     0.000    clk
    N15                  IBUF (Prop_ibuf_I_O)         0.814     0.814 r  clk_IBUF_inst/O
                         net (fo=1, routed)           1.911     2.725    clk_IBUF
    BUFGCTRL_X0Y0        BUFG (Prop_bufg_I_O)         0.091     2.816 r  clk_IBUF_BUFG_inst/O
                         net (fo=11156, routed)       1.684     4.500    u_aes_slave/u_aes_core/key_schedule_inst/clk_IBUF_BUFG
    SLICE_X32Y49         FDRE                                         r  u_aes_slave/u_aes_core/key_schedule_inst/key_state_reg_reg[5][22]/C





Min Delay Paths
--------------------------------------------------------------------------------------
Slack:                    inf
  Source:                 rstn
                            (input port)
  Destination:            u_aes_slave/u_aes_core/key_schedule_inst/key_state_reg_reg[1][156]/R
                            (rising edge-triggered cell FDRE clocked by CLK  {rise@0.000ns fall@10.000ns period=20.000ns})
  Path Group:             (none)
  Path Type:              Hold (Min at Fast Process Corner)
  Data Path Delay:        0.959ns  (logic 0.257ns (26.819%)  route 0.702ns (73.181%))
  Logic Levels:           2  (IBUF=1 LUT1=1)
  Clock Path Skew:        1.965ns (DCD - SCD - CPR)
    Destination Clock Delay (DCD):    1.965ns
    Source Clock Delay      (SCD):    0.000ns
    Clock Pessimism Removal (CPR):    -0.000ns
  Timing Exception:       False Path

    Location             Delay type                Incr(ns)  Path(ns)    Netlist Resource(s)
  -------------------------------------------------------------------    -------------------
    U13                                               0.000     0.000 f  rstn (IN)
                         net (fo=0)                   0.000     0.000    rstn
    U13                  IBUF (Prop_ibuf_I_O)         0.212     0.212 f  rstn_IBUF_inst/O
                         net (fo=49, routed)          0.542     0.754    u_aes_slave/u_aes_core/key_schedule_inst/rstn_IBUF
    SLICE_X3Y51          LUT1 (Prop_lut1_I0_O)        0.045     0.799 r  u_aes_slave/u_aes_core/key_schedule_inst/key_state_reg[0][255]_i_1/O
                         net (fo=6481, routed)        0.160     0.959    u_aes_slave/u_aes_core/key_schedule_inst/SR[0]
    SLICE_X3Y52          FDRE                                         r  u_aes_slave/u_aes_core/key_schedule_inst/key_state_reg_reg[1][156]/R
  -------------------------------------------------------------------    -------------------

                         (clock CLK rise edge)        0.000     0.000 r  
    N15                                               0.000     0.000 r  clk (IN)
                         net (fo=0)                   0.000     0.000    clk
    N15                  IBUF (Prop_ibuf_I_O)         0.365     0.365 r  clk_IBUF_inst/O
                         net (fo=1, routed)           0.695     1.060    clk_IBUF
    BUFGCTRL_X0Y0        BUFG (Prop_bufg_I_O)         0.029     1.089 r  clk_IBUF_BUFG_inst/O
                         net (fo=11156, routed)       0.876     1.965    u_aes_slave/u_aes_core/key_schedule_inst/clk_IBUF_BUFG
    SLICE_X3Y52          FDRE                                         r  u_aes_slave/u_aes_core/key_schedule_inst/key_state_reg_reg[1][156]/C

Slack:                    inf
  Source:                 rstn
                            (input port)
  Destination:            u_aes_slave/u_aes_core/key_schedule_inst/key_state_reg_reg[2][156]/R
                            (rising edge-triggered cell FDRE clocked by CLK  {rise@0.000ns fall@10.000ns period=20.000ns})
  Path Group:             (none)
  Path Type:              Hold (Min at Fast Process Corner)
  Data Path Delay:        0.959ns  (logic 0.257ns (26.819%)  route 0.702ns (73.181%))
  Logic Levels:           2  (IBUF=1 LUT1=1)
  Clock Path Skew:        1.965ns (DCD - SCD - CPR)
    Destination Clock Delay (DCD):    1.965ns
    Source Clock Delay      (SCD):    0.000ns
    Clock Pessimism Removal (CPR):    -0.000ns
  Timing Exception:       False Path

    Location             Delay type                Incr(ns)  Path(ns)    Netlist Resource(s)
  -------------------------------------------------------------------    -------------------
    U13                                               0.000     0.000 f  rstn (IN)
                         net (fo=0)                   0.000     0.000    rstn
    U13                  IBUF (Prop_ibuf_I_O)         0.212     0.212 f  rstn_IBUF_inst/O
                         net (fo=49, routed)          0.542     0.754    u_aes_slave/u_aes_core/key_schedule_inst/rstn_IBUF
    SLICE_X3Y51          LUT1 (Prop_lut1_I0_O)        0.045     0.799 r  u_aes_slave/u_aes_core/key_schedule_inst/key_state_reg[0][255]_i_1/O
                         net (fo=6481, routed)        0.160     0.959    u_aes_slave/u_aes_core/key_schedule_inst/SR[0]
    SLICE_X3Y52          FDRE                                         r  u_aes_slave/u_aes_core/key_schedule_inst/key_state_reg_reg[2][156]/R
  -------------------------------------------------------------------    -------------------

                         (clock CLK rise edge)        0.000     0.000 r  
    N15                                               0.000     0.000 r  clk (IN)
                         net (fo=0)                   0.000     0.000    clk
    N15                  IBUF (Prop_ibuf_I_O)         0.365     0.365 r  clk_IBUF_inst/O
                         net (fo=1, routed)           0.695     1.060    clk_IBUF
    BUFGCTRL_X0Y0        BUFG (Prop_bufg_I_O)         0.029     1.089 r  clk_IBUF_BUFG_inst/O
                         net (fo=11156, routed)       0.876     1.965    u_aes_slave/u_aes_core/key_schedule_inst/clk_IBUF_BUFG
    SLICE_X3Y52          FDRE                                         r  u_aes_slave/u_aes_core/key_schedule_inst/key_state_reg_reg[2][156]/C

Slack:                    inf
  Source:                 uart_rx_i
                            (input port)
  Destination:            u_uart_slave/u_uart_core/rx_sync_inst/rx_capture_reg/D
                            (rising edge-triggered cell FDSE clocked by CLK  {rise@0.000ns fall@10.000ns period=20.000ns})
  Path Group:             (none)
  Path Type:              Hold (Min at Fast Process Corner)
  Data Path Delay:        1.001ns  (logic 0.216ns (21.537%)  route 0.786ns (78.463%))
  Logic Levels:           1  (IBUF=1)
  Clock Path Skew:        2.018ns (DCD - SCD - CPR)
    Destination Clock Delay (DCD):    2.018ns
    Source Clock Delay      (SCD):    0.000ns
    Clock Pessimism Removal (CPR):    -0.000ns
  Timing Exception:       False Path

    Location             Delay type                Incr(ns)  Path(ns)    Netlist Resource(s)
  -------------------------------------------------------------------    -------------------
    T13                                               0.000     0.000 r  uart_rx_i (IN)
                         net (fo=0)                   0.000     0.000    uart_rx_i
    T13                  IBUF (Prop_ibuf_I_O)         0.216     0.216 r  uart_rx_i_IBUF_inst/O
                         net (fo=1, routed)           0.786     1.001    u_uart_slave/u_uart_core/rx_sync_inst/uart_rx_i_IBUF
    SLICE_X3Y24          FDSE                                         r  u_uart_slave/u_uart_core/rx_sync_inst/rx_capture_reg/D
  -------------------------------------------------------------------    -------------------

                         (clock CLK rise edge)        0.000     0.000 r  
    N15                                               0.000     0.000 r  clk (IN)
                         net (fo=0)                   0.000     0.000    clk
    N15                  IBUF (Prop_ibuf_I_O)         0.365     0.365 r  clk_IBUF_inst/O
                         net (fo=1, routed)           0.695     1.060    clk_IBUF
    BUFGCTRL_X0Y0        BUFG (Prop_bufg_I_O)         0.029     1.089 r  clk_IBUF_BUFG_inst/O
                         net (fo=11156, routed)       0.929     2.018    u_uart_slave/u_uart_core/rx_sync_inst/clk_IBUF_BUFG
    SLICE_X3Y24          FDSE                                         r  u_uart_slave/u_uart_core/rx_sync_inst/rx_capture_reg/C

Slack:                    inf
  Source:                 rstn
                            (input port)
  Destination:            u_aes_slave/u_aes_core/key_schedule_inst/key_state_reg_reg[1][122]/R
                            (rising edge-triggered cell FDRE clocked by CLK  {rise@0.000ns fall@10.000ns period=20.000ns})
  Path Group:             (none)
  Path Type:              Hold (Min at Fast Process Corner)
  Data Path Delay:        1.014ns  (logic 0.257ns (25.369%)  route 0.757ns (74.631%))
  Logic Levels:           2  (IBUF=1 LUT1=1)
  Clock Path Skew:        1.962ns (DCD - SCD - CPR)
    Destination Clock Delay (DCD):    1.962ns
    Source Clock Delay      (SCD):    0.000ns
    Clock Pessimism Removal (CPR):    -0.000ns
  Timing Exception:       False Path

    Location             Delay type                Incr(ns)  Path(ns)    Netlist Resource(s)
  -------------------------------------------------------------------    -------------------
    U13                                               0.000     0.000 f  rstn (IN)
                         net (fo=0)                   0.000     0.000    rstn
    U13                  IBUF (Prop_ibuf_I_O)         0.212     0.212 f  rstn_IBUF_inst/O
                         net (fo=49, routed)          0.542     0.754    u_aes_slave/u_aes_core/key_schedule_inst/rstn_IBUF
    SLICE_X3Y51          LUT1 (Prop_lut1_I0_O)        0.045     0.799 r  u_aes_slave/u_aes_core/key_schedule_inst/key_state_reg[0][255]_i_1/O
                         net (fo=6481, routed)        0.215     1.014    u_aes_slave/u_aes_core/key_schedule_inst/SR[0]
    SLICE_X7Y51          FDRE                                         r  u_aes_slave/u_aes_core/key_schedule_inst/key_state_reg_reg[1][122]/R
  -------------------------------------------------------------------    -------------------

                         (clock CLK rise edge)        0.000     0.000 r  
    N15                                               0.000     0.000 r  clk (IN)
                         net (fo=0)                   0.000     0.000    clk
    N15                  IBUF (Prop_ibuf_I_O)         0.365     0.365 r  clk_IBUF_inst/O
                         net (fo=1, routed)           0.695     1.060    clk_IBUF
    BUFGCTRL_X0Y0        BUFG (Prop_bufg_I_O)         0.029     1.089 r  clk_IBUF_BUFG_inst/O
                         net (fo=11156, routed)       0.873     1.962    u_aes_slave/u_aes_core/key_schedule_inst/clk_IBUF_BUFG
    SLICE_X7Y51          FDRE                                         r  u_aes_slave/u_aes_core/key_schedule_inst/key_state_reg_reg[1][122]/C

Slack:                    inf
  Source:                 rstn
                            (input port)
  Destination:            u_aes_slave/u_aes_core/key_schedule_inst/key_state_reg_reg[1][249]/R
                            (rising edge-triggered cell FDRE clocked by CLK  {rise@0.000ns fall@10.000ns period=20.000ns})
  Path Group:             (none)
  Path Type:              Hold (Min at Fast Process Corner)
  Data Path Delay:        1.014ns  (logic 0.257ns (25.369%)  route 0.757ns (74.631%))
  Logic Levels:           2  (IBUF=1 LUT1=1)
  Clock Path Skew:        1.962ns (DCD - SCD - CPR)
    Destination Clock Delay (DCD):    1.962ns
    Source Clock Delay      (SCD):    0.000ns
    Clock Pessimism Removal (CPR):    -0.000ns
  Timing Exception:       False Path

    Location             Delay type                Incr(ns)  Path(ns)    Netlist Resource(s)
  -------------------------------------------------------------------    -------------------
    U13                                               0.000     0.000 f  rstn (IN)
                         net (fo=0)                   0.000     0.000    rstn
    U13                  IBUF (Prop_ibuf_I_O)         0.212     0.212 f  rstn_IBUF_inst/O
                         net (fo=49, routed)          0.542     0.754    u_aes_slave/u_aes_core/key_schedule_inst/rstn_IBUF
    SLICE_X3Y51          LUT1 (Prop_lut1_I0_O)        0.045     0.799 r  u_aes_slave/u_aes_core/key_schedule_inst/key_state_reg[0][255]_i_1/O
                         net (fo=6481, routed)        0.215     1.014    u_aes_slave/u_aes_core/key_schedule_inst/SR[0]
    SLICE_X6Y51          FDRE                                         r  u_aes_slave/u_aes_core/key_schedule_inst/key_state_reg_reg[1][249]/R
  -------------------------------------------------------------------    -------------------

                         (clock CLK rise edge)        0.000     0.000 r  
    N15                                               0.000     0.000 r  clk (IN)
                         net (fo=0)                   0.000     0.000    clk
    N15                  IBUF (Prop_ibuf_I_O)         0.365     0.365 r  clk_IBUF_inst/O
                         net (fo=1, routed)           0.695     1.060    clk_IBUF
    BUFGCTRL_X0Y0        BUFG (Prop_bufg_I_O)         0.029     1.089 r  clk_IBUF_BUFG_inst/O
                         net (fo=11156, routed)       0.873     1.962    u_aes_slave/u_aes_core/key_schedule_inst/clk_IBUF_BUFG
    SLICE_X6Y51          FDRE                                         r  u_aes_slave/u_aes_core/key_schedule_inst/key_state_reg_reg[1][249]/C

Slack:                    inf
  Source:                 rstn
                            (input port)
  Destination:            u_aes_slave/u_aes_core/key_schedule_inst/key_state_reg_reg[2][249]/R
                            (rising edge-triggered cell FDRE clocked by CLK  {rise@0.000ns fall@10.000ns period=20.000ns})
  Path Group:             (none)
  Path Type:              Hold (Min at Fast Process Corner)
  Data Path Delay:        1.014ns  (logic 0.257ns (25.369%)  route 0.757ns (74.631%))
  Logic Levels:           2  (IBUF=1 LUT1=1)
  Clock Path Skew:        1.962ns (DCD - SCD - CPR)
    Destination Clock Delay (DCD):    1.962ns
    Source Clock Delay      (SCD):    0.000ns
    Clock Pessimism Removal (CPR):    -0.000ns
  Timing Exception:       False Path

    Location             Delay type                Incr(ns)  Path(ns)    Netlist Resource(s)
  -------------------------------------------------------------------    -------------------
    U13                                               0.000     0.000 f  rstn (IN)
                         net (fo=0)                   0.000     0.000    rstn
    U13                  IBUF (Prop_ibuf_I_O)         0.212     0.212 f  rstn_IBUF_inst/O
                         net (fo=49, routed)          0.542     0.754    u_aes_slave/u_aes_core/key_schedule_inst/rstn_IBUF
    SLICE_X3Y51          LUT1 (Prop_lut1_I0_O)        0.045     0.799 r  u_aes_slave/u_aes_core/key_schedule_inst/key_state_reg[0][255]_i_1/O
                         net (fo=6481, routed)        0.215     1.014    u_aes_slave/u_aes_core/key_schedule_inst/SR[0]
    SLICE_X6Y51          FDRE                                         r  u_aes_slave/u_aes_core/key_schedule_inst/key_state_reg_reg[2][249]/R
  -------------------------------------------------------------------    -------------------

                         (clock CLK rise edge)        0.000     0.000 r  
    N15                                               0.000     0.000 r  clk (IN)
                         net (fo=0)                   0.000     0.000    clk
    N15                  IBUF (Prop_ibuf_I_O)         0.365     0.365 r  clk_IBUF_inst/O
                         net (fo=1, routed)           0.695     1.060    clk_IBUF
    BUFGCTRL_X0Y0        BUFG (Prop_bufg_I_O)         0.029     1.089 r  clk_IBUF_BUFG_inst/O
                         net (fo=11156, routed)       0.873     1.962    u_aes_slave/u_aes_core/key_schedule_inst/clk_IBUF_BUFG
    SLICE_X6Y51          FDRE                                         r  u_aes_slave/u_aes_core/key_schedule_inst/key_state_reg_reg[2][249]/C

Slack:                    inf
  Source:                 rstn
                            (input port)
  Destination:            u_aes_slave/u_aes_core/state_reg_reg[1][89]/R
                            (rising edge-triggered cell FDRE clocked by CLK  {rise@0.000ns fall@10.000ns period=20.000ns})
  Path Group:             (none)
  Path Type:              Hold (Min at Fast Process Corner)
  Data Path Delay:        1.014ns  (logic 0.257ns (25.369%)  route 0.757ns (74.631%))
  Logic Levels:           2  (IBUF=1 LUT1=1)
  Clock Path Skew:        1.962ns (DCD - SCD - CPR)
    Destination Clock Delay (DCD):    1.962ns
    Source Clock Delay      (SCD):    0.000ns
    Clock Pessimism Removal (CPR):    -0.000ns
  Timing Exception:       False Path

    Location             Delay type                Incr(ns)  Path(ns)    Netlist Resource(s)
  -------------------------------------------------------------------    -------------------
    U13                                               0.000     0.000 f  rstn (IN)
                         net (fo=0)                   0.000     0.000    rstn
    U13                  IBUF (Prop_ibuf_I_O)         0.212     0.212 f  rstn_IBUF_inst/O
                         net (fo=49, routed)          0.542     0.754    u_aes_slave/u_aes_core/key_schedule_inst/rstn_IBUF
    SLICE_X3Y51          LUT1 (Prop_lut1_I0_O)        0.045     0.799 r  u_aes_slave/u_aes_core/key_schedule_inst/key_state_reg[0][255]_i_1/O
                         net (fo=6481, routed)        0.215     1.014    u_aes_slave/u_aes_core/SR[0]
    SLICE_X6Y51          FDRE                                         r  u_aes_slave/u_aes_core/state_reg_reg[1][89]/R
  -------------------------------------------------------------------    -------------------

                         (clock CLK rise edge)        0.000     0.000 r  
    N15                                               0.000     0.000 r  clk (IN)
                         net (fo=0)                   0.000     0.000    clk
    N15                  IBUF (Prop_ibuf_I_O)         0.365     0.365 r  clk_IBUF_inst/O
                         net (fo=1, routed)           0.695     1.060    clk_IBUF
    BUFGCTRL_X0Y0        BUFG (Prop_bufg_I_O)         0.029     1.089 r  clk_IBUF_BUFG_inst/O
                         net (fo=11156, routed)       0.873     1.962    u_aes_slave/u_aes_core/clk_IBUF_BUFG
    SLICE_X6Y51          FDRE                                         r  u_aes_slave/u_aes_core/state_reg_reg[1][89]/C

Slack:                    inf
  Source:                 rstn
                            (input port)
  Destination:            u_aes_slave/u_aes_core/state_reg_reg[1][91]/R
                            (rising edge-triggered cell FDRE clocked by CLK  {rise@0.000ns fall@10.000ns period=20.000ns})
  Path Group:             (none)
  Path Type:              Hold (Min at Fast Process Corner)
  Data Path Delay:        1.014ns  (logic 0.257ns (25.369%)  route 0.757ns (74.631%))
  Logic Levels:           2  (IBUF=1 LUT1=1)
  Clock Path Skew:        1.962ns (DCD - SCD - CPR)
    Destination Clock Delay (DCD):    1.962ns
    Source Clock Delay      (SCD):    0.000ns
    Clock Pessimism Removal (CPR):    -0.000ns
  Timing Exception:       False Path

    Location             Delay type                Incr(ns)  Path(ns)    Netlist Resource(s)
  -------------------------------------------------------------------    -------------------
    U13                                               0.000     0.000 f  rstn (IN)
                         net (fo=0)                   0.000     0.000    rstn
    U13                  IBUF (Prop_ibuf_I_O)         0.212     0.212 f  rstn_IBUF_inst/O
                         net (fo=49, routed)          0.542     0.754    u_aes_slave/u_aes_core/key_schedule_inst/rstn_IBUF
    SLICE_X3Y51          LUT1 (Prop_lut1_I0_O)        0.045     0.799 r  u_aes_slave/u_aes_core/key_schedule_inst/key_state_reg[0][255]_i_1/O
                         net (fo=6481, routed)        0.215     1.014    u_aes_slave/u_aes_core/SR[0]
    SLICE_X6Y51          FDRE                                         r  u_aes_slave/u_aes_core/state_reg_reg[1][91]/R
  -------------------------------------------------------------------    -------------------

                         (clock CLK rise edge)        0.000     0.000 r  
    N15                                               0.000     0.000 r  clk (IN)
                         net (fo=0)                   0.000     0.000    clk
    N15                  IBUF (Prop_ibuf_I_O)         0.365     0.365 r  clk_IBUF_inst/O
                         net (fo=1, routed)           0.695     1.060    clk_IBUF
    BUFGCTRL_X0Y0        BUFG (Prop_bufg_I_O)         0.029     1.089 r  clk_IBUF_BUFG_inst/O
                         net (fo=11156, routed)       0.873     1.962    u_aes_slave/u_aes_core/clk_IBUF_BUFG
    SLICE_X6Y51          FDRE                                         r  u_aes_slave/u_aes_core/state_reg_reg[1][91]/C

Slack:                    inf
  Source:                 rstn
                            (input port)
  Destination:            u_aes_slave/u_aes_core/state_reg_reg[1][92]/R
                            (rising edge-triggered cell FDRE clocked by CLK  {rise@0.000ns fall@10.000ns period=20.000ns})
  Path Group:             (none)
  Path Type:              Hold (Min at Fast Process Corner)
  Data Path Delay:        1.014ns  (logic 0.257ns (25.369%)  route 0.757ns (74.631%))
  Logic Levels:           2  (IBUF=1 LUT1=1)
  Clock Path Skew:        1.962ns (DCD - SCD - CPR)
    Destination Clock Delay (DCD):    1.962ns
    Source Clock Delay      (SCD):    0.000ns
    Clock Pessimism Removal (CPR):    -0.000ns
  Timing Exception:       False Path

    Location             Delay type                Incr(ns)  Path(ns)    Netlist Resource(s)
  -------------------------------------------------------------------    -------------------
    U13                                               0.000     0.000 f  rstn (IN)
                         net (fo=0)                   0.000     0.000    rstn
    U13                  IBUF (Prop_ibuf_I_O)         0.212     0.212 f  rstn_IBUF_inst/O
                         net (fo=49, routed)          0.542     0.754    u_aes_slave/u_aes_core/key_schedule_inst/rstn_IBUF
    SLICE_X3Y51          LUT1 (Prop_lut1_I0_O)        0.045     0.799 r  u_aes_slave/u_aes_core/key_schedule_inst/key_state_reg[0][255]_i_1/O
                         net (fo=6481, routed)        0.215     1.014    u_aes_slave/u_aes_core/SR[0]
    SLICE_X6Y51          FDRE                                         r  u_aes_slave/u_aes_core/state_reg_reg[1][92]/R
  -------------------------------------------------------------------    -------------------

                         (clock CLK rise edge)        0.000     0.000 r  
    N15                                               0.000     0.000 r  clk (IN)
                         net (fo=0)                   0.000     0.000    clk
    N15                  IBUF (Prop_ibuf_I_O)         0.365     0.365 r  clk_IBUF_inst/O
                         net (fo=1, routed)           0.695     1.060    clk_IBUF
    BUFGCTRL_X0Y0        BUFG (Prop_bufg_I_O)         0.029     1.089 r  clk_IBUF_BUFG_inst/O
                         net (fo=11156, routed)       0.873     1.962    u_aes_slave/u_aes_core/clk_IBUF_BUFG
    SLICE_X6Y51          FDRE                                         r  u_aes_slave/u_aes_core/state_reg_reg[1][92]/C

Slack:                    inf
  Source:                 rstn
                            (input port)
  Destination:            u_aes_slave/u_aes_core/key_schedule_inst/key_state_reg_reg[1][158]/R
                            (rising edge-triggered cell FDRE clocked by CLK  {rise@0.000ns fall@10.000ns period=20.000ns})
  Path Group:             (none)
  Path Type:              Hold (Min at Fast Process Corner)
  Data Path Delay:        1.015ns  (logic 0.257ns (25.353%)  route 0.757ns (74.647%))
  Logic Levels:           2  (IBUF=1 LUT1=1)
  Clock Path Skew:        1.962ns (DCD - SCD - CPR)
    Destination Clock Delay (DCD):    1.962ns
    Source Clock Delay      (SCD):    0.000ns
    Clock Pessimism Removal (CPR):    -0.000ns
  Timing Exception:       False Path

    Location             Delay type                Incr(ns)  Path(ns)    Netlist Resource(s)
  -------------------------------------------------------------------    -------------------
    U13                                               0.000     0.000 f  rstn (IN)
                         net (fo=0)                   0.000     0.000    rstn
    U13                  IBUF (Prop_ibuf_I_O)         0.212     0.212 f  rstn_IBUF_inst/O
                         net (fo=49, routed)          0.542     0.754    u_aes_slave/u_aes_core/key_schedule_inst/rstn_IBUF
    SLICE_X3Y51          LUT1 (Prop_lut1_I0_O)        0.045     0.799 r  u_aes_slave/u_aes_core/key_schedule_inst/key_state_reg[0][255]_i_1/O
                         net (fo=6481, routed)        0.216     1.015    u_aes_slave/u_aes_core/key_schedule_inst/SR[0]
    SLICE_X5Y51          FDRE                                         r  u_aes_slave/u_aes_core/key_schedule_inst/key_state_reg_reg[1][158]/R
  -------------------------------------------------------------------    -------------------

                         (clock CLK rise edge)        0.000     0.000 r  
    N15                                               0.000     0.000 r  clk (IN)
                         net (fo=0)                   0.000     0.000    clk
    N15                  IBUF (Prop_ibuf_I_O)         0.365     0.365 r  clk_IBUF_inst/O
                         net (fo=1, routed)           0.695     1.060    clk_IBUF
    BUFGCTRL_X0Y0        BUFG (Prop_bufg_I_O)         0.029     1.089 r  clk_IBUF_BUFG_inst/O
                         net (fo=11156, routed)       0.873     1.962    u_aes_slave/u_aes_core/key_schedule_inst/clk_IBUF_BUFG
    SLICE_X5Y51          FDRE                                         r  u_aes_slave/u_aes_core/key_schedule_inst/key_state_reg_reg[1][158]/C

Slack:                    inf
  Source:                 rstn
                            (input port)
  Destination:            u_aes_slave/u_aes_core/key_schedule_inst/key_state_reg_reg[1][190]/R
                            (rising edge-triggered cell FDRE clocked by CLK  {rise@0.000ns fall@10.000ns period=20.000ns})
  Path Group:             (none)
  Path Type:              Hold (Min at Fast Process Corner)
  Data Path Delay:        1.015ns  (logic 0.257ns (25.353%)  route 0.757ns (74.647%))
  Logic Levels:           2  (IBUF=1 LUT1=1)
  Clock Path Skew:        1.962ns (DCD - SCD - CPR)
    Destination Clock Delay (DCD):    1.962ns
    Source Clock Delay      (SCD):    0.000ns
    Clock Pessimism Removal (CPR):    -0.000ns
  Timing Exception:       False Path

    Location             Delay type                Incr(ns)  Path(ns)    Netlist Resource(s)
  -------------------------------------------------------------------    -------------------
    U13                                               0.000     0.000 f  rstn (IN)
                         net (fo=0)                   0.000     0.000    rstn
    U13                  IBUF (Prop_ibuf_I_O)         0.212     0.212 f  rstn_IBUF_inst/O
                         net (fo=49, routed)          0.542     0.754    u_aes_slave/u_aes_core/key_schedule_inst/rstn_IBUF
    SLICE_X3Y51          LUT1 (Prop_lut1_I0_O)        0.045     0.799 r  u_aes_slave/u_aes_core/key_schedule_inst/key_state_reg[0][255]_i_1/O
                         net (fo=6481, routed)        0.216     1.015    u_aes_slave/u_aes_core/key_schedule_inst/SR[0]
    SLICE_X5Y51          FDRE                                         r  u_aes_slave/u_aes_core/key_schedule_inst/key_state_reg_reg[1][190]/R
  -------------------------------------------------------------------    -------------------

                         (clock CLK rise edge)        0.000     0.000 r  
    N15                                               0.000     0.000 r  clk (IN)
                         net (fo=0)                   0.000     0.000    clk
    N15                  IBUF (Prop_ibuf_I_O)         0.365     0.365 r  clk_IBUF_inst/O
                         net (fo=1, routed)           0.695     1.060    clk_IBUF
    BUFGCTRL_X0Y0        BUFG (Prop_bufg_I_O)         0.029     1.089 r  clk_IBUF_BUFG_inst/O
                         net (fo=11156, routed)       0.873     1.962    u_aes_slave/u_aes_core/key_schedule_inst/clk_IBUF_BUFG
    SLICE_X5Y51          FDRE                                         r  u_aes_slave/u_aes_core/key_schedule_inst/key_state_reg_reg[1][190]/C

Slack:                    inf
  Source:                 rstn
                            (input port)
  Destination:            u_aes_slave/u_aes_core/key_schedule_inst/key_state_reg_reg[2][158]/R
                            (rising edge-triggered cell FDRE clocked by CLK  {rise@0.000ns fall@10.000ns period=20.000ns})
  Path Group:             (none)
  Path Type:              Hold (Min at Fast Process Corner)
  Data Path Delay:        1.015ns  (logic 0.257ns (25.353%)  route 0.757ns (74.647%))
  Logic Levels:           2  (IBUF=1 LUT1=1)
  Clock Path Skew:        1.962ns (DCD - SCD - CPR)
    Destination Clock Delay (DCD):    1.962ns
    Source Clock Delay      (SCD):    0.000ns
    Clock Pessimism Removal (CPR):    -0.000ns
  Timing Exception:       False Path

    Location             Delay type                Incr(ns)  Path(ns)    Netlist Resource(s)
  -------------------------------------------------------------------    -------------------
    U13                                               0.000     0.000 f  rstn (IN)
                         net (fo=0)                   0.000     0.000    rstn
    U13                  IBUF (Prop_ibuf_I_O)         0.212     0.212 f  rstn_IBUF_inst/O
                         net (fo=49, routed)          0.542     0.754    u_aes_slave/u_aes_core/key_schedule_inst/rstn_IBUF
    SLICE_X3Y51          LUT1 (Prop_lut1_I0_O)        0.045     0.799 r  u_aes_slave/u_aes_core/key_schedule_inst/key_state_reg[0][255]_i_1/O
                         net (fo=6481, routed)        0.216     1.015    u_aes_slave/u_aes_core/key_schedule_inst/SR[0]
    SLICE_X5Y51          FDRE                                         r  u_aes_slave/u_aes_core/key_schedule_inst/key_state_reg_reg[2][158]/R
  -------------------------------------------------------------------    -------------------

                         (clock CLK rise edge)        0.000     0.000 r  
    N15                                               0.000     0.000 r  clk (IN)
                         net (fo=0)                   0.000     0.000    clk
    N15                  IBUF (Prop_ibuf_I_O)         0.365     0.365 r  clk_IBUF_inst/O
                         net (fo=1, routed)           0.695     1.060    clk_IBUF
    BUFGCTRL_X0Y0        BUFG (Prop_bufg_I_O)         0.029     1.089 r  clk_IBUF_BUFG_inst/O
                         net (fo=11156, routed)       0.873     1.962    u_aes_slave/u_aes_core/key_schedule_inst/clk_IBUF_BUFG
    SLICE_X5Y51          FDRE                                         r  u_aes_slave/u_aes_core/key_schedule_inst/key_state_reg_reg[2][158]/C

Slack:                    inf
  Source:                 rstn
                            (input port)
  Destination:            u_aes_slave/u_aes_core/key_schedule_inst/key_state_reg_reg[2][187]/R
                            (rising edge-triggered cell FDRE clocked by CLK  {rise@0.000ns fall@10.000ns period=20.000ns})
  Path Group:             (none)
  Path Type:              Hold (Min at Fast Process Corner)
  Data Path Delay:        1.015ns  (logic 0.257ns (25.353%)  route 0.757ns (74.647%))
  Logic Levels:           2  (IBUF=1 LUT1=1)
  Clock Path Skew:        1.962ns (DCD - SCD - CPR)
    Destination Clock Delay (DCD):    1.962ns
    Source Clock Delay      (SCD):    0.000ns
    Clock Pessimism Removal (CPR):    -0.000ns
  Timing Exception:       False Path

    Location             Delay type                Incr(ns)  Path(ns)    Netlist Resource(s)
  -------------------------------------------------------------------    -------------------
    U13                                               0.000     0.000 f  rstn (IN)
                         net (fo=0)                   0.000     0.000    rstn
    U13                  IBUF (Prop_ibuf_I_O)         0.212     0.212 f  rstn_IBUF_inst/O
                         net (fo=49, routed)          0.542     0.754    u_aes_slave/u_aes_core/key_schedule_inst/rstn_IBUF
    SLICE_X3Y51          LUT1 (Prop_lut1_I0_O)        0.045     0.799 r  u_aes_slave/u_aes_core/key_schedule_inst/key_state_reg[0][255]_i_1/O
                         net (fo=6481, routed)        0.216     1.015    u_aes_slave/u_aes_core/key_schedule_inst/SR[0]
    SLICE_X5Y51          FDRE                                         r  u_aes_slave/u_aes_core/key_schedule_inst/key_state_reg_reg[2][187]/R
  -------------------------------------------------------------------    -------------------

                         (clock CLK rise edge)        0.000     0.000 r  
    N15                                               0.000     0.000 r  clk (IN)
                         net (fo=0)                   0.000     0.000    clk
    N15                  IBUF (Prop_ibuf_I_O)         0.365     0.365 r  clk_IBUF_inst/O
                         net (fo=1, routed)           0.695     1.060    clk_IBUF
    BUFGCTRL_X0Y0        BUFG (Prop_bufg_I_O)         0.029     1.089 r  clk_IBUF_BUFG_inst/O
                         net (fo=11156, routed)       0.873     1.962    u_aes_slave/u_aes_core/key_schedule_inst/clk_IBUF_BUFG
    SLICE_X5Y51          FDRE                                         r  u_aes_slave/u_aes_core/key_schedule_inst/key_state_reg_reg[2][187]/C

Slack:                    inf
  Source:                 rstn
                            (input port)
  Destination:            u_aes_slave/u_aes_core/key_schedule_inst/key_state_reg_reg[2][190]/R
                            (rising edge-triggered cell FDRE clocked by CLK  {rise@0.000ns fall@10.000ns period=20.000ns})
  Path Group:             (none)
  Path Type:              Hold (Min at Fast Process Corner)
  Data Path Delay:        1.015ns  (logic 0.257ns (25.353%)  route 0.757ns (74.647%))
  Logic Levels:           2  (IBUF=1 LUT1=1)
  Clock Path Skew:        1.962ns (DCD - SCD - CPR)
    Destination Clock Delay (DCD):    1.962ns
    Source Clock Delay      (SCD):    0.000ns
    Clock Pessimism Removal (CPR):    -0.000ns
  Timing Exception:       False Path

    Location             Delay type                Incr(ns)  Path(ns)    Netlist Resource(s)
  -------------------------------------------------------------------    -------------------
    U13                                               0.000     0.000 f  rstn (IN)
                         net (fo=0)                   0.000     0.000    rstn
    U13                  IBUF (Prop_ibuf_I_O)         0.212     0.212 f  rstn_IBUF_inst/O
                         net (fo=49, routed)          0.542     0.754    u_aes_slave/u_aes_core/key_schedule_inst/rstn_IBUF
    SLICE_X3Y51          LUT1 (Prop_lut1_I0_O)        0.045     0.799 r  u_aes_slave/u_aes_core/key_schedule_inst/key_state_reg[0][255]_i_1/O
                         net (fo=6481, routed)        0.216     1.015    u_aes_slave/u_aes_core/key_schedule_inst/SR[0]
    SLICE_X5Y51          FDRE                                         r  u_aes_slave/u_aes_core/key_schedule_inst/key_state_reg_reg[2][190]/R
  -------------------------------------------------------------------    -------------------

                         (clock CLK rise edge)        0.000     0.000 r  
    N15                                               0.000     0.000 r  clk (IN)
                         net (fo=0)                   0.000     0.000    clk
    N15                  IBUF (Prop_ibuf_I_O)         0.365     0.365 r  clk_IBUF_inst/O
                         net (fo=1, routed)           0.695     1.060    clk_IBUF
    BUFGCTRL_X0Y0        BUFG (Prop_bufg_I_O)         0.029     1.089 r  clk_IBUF_BUFG_inst/O
                         net (fo=11156, routed)       0.873     1.962    u_aes_slave/u_aes_core/key_schedule_inst/clk_IBUF_BUFG
    SLICE_X5Y51          FDRE                                         r  u_aes_slave/u_aes_core/key_schedule_inst/key_state_reg_reg[2][190]/C

Slack:                    inf
  Source:                 rstn
                            (input port)
  Destination:            u_aes_slave/u_aes_core/key_schedule_inst/key_state_reg_reg[0][219]/R
                            (rising edge-triggered cell FDRE clocked by CLK  {rise@0.000ns fall@10.000ns period=20.000ns})
  Path Group:             (none)
  Path Type:              Hold (Min at Fast Process Corner)
  Data Path Delay:        1.019ns  (logic 0.257ns (25.245%)  route 0.762ns (74.755%))
  Logic Levels:           2  (IBUF=1 LUT1=1)
  Clock Path Skew:        1.962ns (DCD - SCD - CPR)
    Destination Clock Delay (DCD):    1.962ns
    Source Clock Delay      (SCD):    0.000ns
    Clock Pessimism Removal (CPR):    -0.000ns
  Timing Exception:       False Path

    Location             Delay type                Incr(ns)  Path(ns)    Netlist Resource(s)
  -------------------------------------------------------------------    -------------------
    U13                                               0.000     0.000 f  rstn (IN)
                         net (fo=0)                   0.000     0.000    rstn
    U13                  IBUF (Prop_ibuf_I_O)         0.212     0.212 f  rstn_IBUF_inst/O
                         net (fo=49, routed)          0.542     0.754    u_aes_slave/u_aes_core/key_schedule_inst/rstn_IBUF
    SLICE_X3Y51          LUT1 (Prop_lut1_I0_O)        0.045     0.799 r  u_aes_slave/u_aes_core/key_schedule_inst/key_state_reg[0][255]_i_1/O
                         net (fo=6481, routed)        0.220     1.019    u_aes_slave/u_aes_core/key_schedule_inst/SR[0]
    SLICE_X4Y51          FDRE                                         r  u_aes_slave/u_aes_core/key_schedule_inst/key_state_reg_reg[0][219]/R
  -------------------------------------------------------------------    -------------------

                         (clock CLK rise edge)        0.000     0.000 r  
    N15                                               0.000     0.000 r  clk (IN)
                         net (fo=0)                   0.000     0.000    clk
    N15                  IBUF (Prop_ibuf_I_O)         0.365     0.365 r  clk_IBUF_inst/O
                         net (fo=1, routed)           0.695     1.060    clk_IBUF
    BUFGCTRL_X0Y0        BUFG (Prop_bufg_I_O)         0.029     1.089 r  clk_IBUF_BUFG_inst/O
                         net (fo=11156, routed)       0.873     1.962    u_aes_slave/u_aes_core/key_schedule_inst/clk_IBUF_BUFG
    SLICE_X4Y51          FDRE                                         r  u_aes_slave/u_aes_core/key_schedule_inst/key_state_reg_reg[0][219]/C

Slack:                    inf
  Source:                 rstn
                            (input port)
  Destination:            u_aes_slave/u_aes_core/key_schedule_inst/key_state_reg_reg[1][187]/R
                            (rising edge-triggered cell FDRE clocked by CLK  {rise@0.000ns fall@10.000ns period=20.000ns})
  Path Group:             (none)
  Path Type:              Hold (Min at Fast Process Corner)
  Data Path Delay:        1.019ns  (logic 0.257ns (25.245%)  route 0.762ns (74.755%))
  Logic Levels:           2  (IBUF=1 LUT1=1)
  Clock Path Skew:        1.962ns (DCD - SCD - CPR)
    Destination Clock Delay (DCD):    1.962ns
    Source Clock Delay      (SCD):    0.000ns
    Clock Pessimism Removal (CPR):    -0.000ns
  Timing Exception:       False Path

    Location             Delay type                Incr(ns)  Path(ns)    Netlist Resource(s)
  -------------------------------------------------------------------    -------------------
    U13                                               0.000     0.000 f  rstn (IN)
                         net (fo=0)                   0.000     0.000    rstn
    U13                  IBUF (Prop_ibuf_I_O)         0.212     0.212 f  rstn_IBUF_inst/O
                         net (fo=49, routed)          0.542     0.754    u_aes_slave/u_aes_core/key_schedule_inst/rstn_IBUF
    SLICE_X3Y51          LUT1 (Prop_lut1_I0_O)        0.045     0.799 r  u_aes_slave/u_aes_core/key_schedule_inst/key_state_reg[0][255]_i_1/O
                         net (fo=6481, routed)        0.220     1.019    u_aes_slave/u_aes_core/key_schedule_inst/SR[0]
    SLICE_X4Y51          FDRE                                         r  u_aes_slave/u_aes_core/key_schedule_inst/key_state_reg_reg[1][187]/R
  -------------------------------------------------------------------    -------------------

                         (clock CLK rise edge)        0.000     0.000 r  
    N15                                               0.000     0.000 r  clk (IN)
                         net (fo=0)                   0.000     0.000    clk
    N15                  IBUF (Prop_ibuf_I_O)         0.365     0.365 r  clk_IBUF_inst/O
                         net (fo=1, routed)           0.695     1.060    clk_IBUF
    BUFGCTRL_X0Y0        BUFG (Prop_bufg_I_O)         0.029     1.089 r  clk_IBUF_BUFG_inst/O
                         net (fo=11156, routed)       0.873     1.962    u_aes_slave/u_aes_core/key_schedule_inst/clk_IBUF_BUFG
    SLICE_X4Y51          FDRE                                         r  u_aes_slave/u_aes_core/key_schedule_inst/key_state_reg_reg[1][187]/C

Slack:                    inf
  Source:                 rstn
                            (input port)
  Destination:            u_aes_slave/u_aes_core/key_schedule_inst/key_state_reg_reg[1][222]/R
                            (rising edge-triggered cell FDRE clocked by CLK  {rise@0.000ns fall@10.000ns period=20.000ns})
  Path Group:             (none)
  Path Type:              Hold (Min at Fast Process Corner)
  Data Path Delay:        1.019ns  (logic 0.257ns (25.245%)  route 0.762ns (74.755%))
  Logic Levels:           2  (IBUF=1 LUT1=1)
  Clock Path Skew:        1.962ns (DCD - SCD - CPR)
    Destination Clock Delay (DCD):    1.962ns
    Source Clock Delay      (SCD):    0.000ns
    Clock Pessimism Removal (CPR):    -0.000ns
  Timing Exception:       False Path

    Location             Delay type                Incr(ns)  Path(ns)    Netlist Resource(s)
  -------------------------------------------------------------------    -------------------
    U13                                               0.000     0.000 f  rstn (IN)
                         net (fo=0)                   0.000     0.000    rstn
    U13                  IBUF (Prop_ibuf_I_O)         0.212     0.212 f  rstn_IBUF_inst/O
                         net (fo=49, routed)          0.542     0.754    u_aes_slave/u_aes_core/key_schedule_inst/rstn_IBUF
    SLICE_X3Y51          LUT1 (Prop_lut1_I0_O)        0.045     0.799 r  u_aes_slave/u_aes_core/key_schedule_inst/key_state_reg[0][255]_i_1/O
                         net (fo=6481, routed)        0.220     1.019    u_aes_slave/u_aes_core/key_schedule_inst/SR[0]
    SLICE_X4Y51          FDRE                                         r  u_aes_slave/u_aes_core/key_schedule_inst/key_state_reg_reg[1][222]/R
  -------------------------------------------------------------------    -------------------

                         (clock CLK rise edge)        0.000     0.000 r  
    N15                                               0.000     0.000 r  clk (IN)
                         net (fo=0)                   0.000     0.000    clk
    N15                  IBUF (Prop_ibuf_I_O)         0.365     0.365 r  clk_IBUF_inst/O
                         net (fo=1, routed)           0.695     1.060    clk_IBUF
    BUFGCTRL_X0Y0        BUFG (Prop_bufg_I_O)         0.029     1.089 r  clk_IBUF_BUFG_inst/O
                         net (fo=11156, routed)       0.873     1.962    u_aes_slave/u_aes_core/key_schedule_inst/clk_IBUF_BUFG
    SLICE_X4Y51          FDRE                                         r  u_aes_slave/u_aes_core/key_schedule_inst/key_state_reg_reg[1][222]/C

Slack:                    inf
  Source:                 rstn
                            (input port)
  Destination:            u_aes_slave/u_aes_core/key_schedule_inst/key_state_reg_reg[1][254]/R
                            (rising edge-triggered cell FDRE clocked by CLK  {rise@0.000ns fall@10.000ns period=20.000ns})
  Path Group:             (none)
  Path Type:              Hold (Min at Fast Process Corner)
  Data Path Delay:        1.019ns  (logic 0.257ns (25.245%)  route 0.762ns (74.755%))
  Logic Levels:           2  (IBUF=1 LUT1=1)
  Clock Path Skew:        1.962ns (DCD - SCD - CPR)
    Destination Clock Delay (DCD):    1.962ns
    Source Clock Delay      (SCD):    0.000ns
    Clock Pessimism Removal (CPR):    -0.000ns
  Timing Exception:       False Path

    Location             Delay type                Incr(ns)  Path(ns)    Netlist Resource(s)
  -------------------------------------------------------------------    -------------------
    U13                                               0.000     0.000 f  rstn (IN)
                         net (fo=0)                   0.000     0.000    rstn
    U13                  IBUF (Prop_ibuf_I_O)         0.212     0.212 f  rstn_IBUF_inst/O
                         net (fo=49, routed)          0.542     0.754    u_aes_slave/u_aes_core/key_schedule_inst/rstn_IBUF
    SLICE_X3Y51          LUT1 (Prop_lut1_I0_O)        0.045     0.799 r  u_aes_slave/u_aes_core/key_schedule_inst/key_state_reg[0][255]_i_1/O
                         net (fo=6481, routed)        0.220     1.019    u_aes_slave/u_aes_core/key_schedule_inst/SR[0]
    SLICE_X4Y51          FDRE                                         r  u_aes_slave/u_aes_core/key_schedule_inst/key_state_reg_reg[1][254]/R
  -------------------------------------------------------------------    -------------------

                         (clock CLK rise edge)        0.000     0.000 r  
    N15                                               0.000     0.000 r  clk (IN)
                         net (fo=0)                   0.000     0.000    clk
    N15                  IBUF (Prop_ibuf_I_O)         0.365     0.365 r  clk_IBUF_inst/O
                         net (fo=1, routed)           0.695     1.060    clk_IBUF
    BUFGCTRL_X0Y0        BUFG (Prop_bufg_I_O)         0.029     1.089 r  clk_IBUF_BUFG_inst/O
                         net (fo=11156, routed)       0.873     1.962    u_aes_slave/u_aes_core/key_schedule_inst/clk_IBUF_BUFG
    SLICE_X4Y51          FDRE                                         r  u_aes_slave/u_aes_core/key_schedule_inst/key_state_reg_reg[1][254]/C

Slack:                    inf
  Source:                 rstn
                            (input port)
  Destination:            u_aes_slave/u_aes_core/key_schedule_inst/key_state_reg_reg[2][222]/R
                            (rising edge-triggered cell FDRE clocked by CLK  {rise@0.000ns fall@10.000ns period=20.000ns})
  Path Group:             (none)
  Path Type:              Hold (Min at Fast Process Corner)
  Data Path Delay:        1.019ns  (logic 0.257ns (25.245%)  route 0.762ns (74.755%))
  Logic Levels:           2  (IBUF=1 LUT1=1)
  Clock Path Skew:        1.962ns (DCD - SCD - CPR)
    Destination Clock Delay (DCD):    1.962ns
    Source Clock Delay      (SCD):    0.000ns
    Clock Pessimism Removal (CPR):    -0.000ns
  Timing Exception:       False Path

    Location             Delay type                Incr(ns)  Path(ns)    Netlist Resource(s)
  -------------------------------------------------------------------    -------------------
    U13                                               0.000     0.000 f  rstn (IN)
                         net (fo=0)                   0.000     0.000    rstn
    U13                  IBUF (Prop_ibuf_I_O)         0.212     0.212 f  rstn_IBUF_inst/O
                         net (fo=49, routed)          0.542     0.754    u_aes_slave/u_aes_core/key_schedule_inst/rstn_IBUF
    SLICE_X3Y51          LUT1 (Prop_lut1_I0_O)        0.045     0.799 r  u_aes_slave/u_aes_core/key_schedule_inst/key_state_reg[0][255]_i_1/O
                         net (fo=6481, routed)        0.220     1.019    u_aes_slave/u_aes_core/key_schedule_inst/SR[0]
    SLICE_X4Y51          FDRE                                         r  u_aes_slave/u_aes_core/key_schedule_inst/key_state_reg_reg[2][222]/R
  -------------------------------------------------------------------    -------------------

                         (clock CLK rise edge)        0.000     0.000 r  
    N15                                               0.000     0.000 r  clk (IN)
                         net (fo=0)                   0.000     0.000    clk
    N15                  IBUF (Prop_ibuf_I_O)         0.365     0.365 r  clk_IBUF_inst/O
                         net (fo=1, routed)           0.695     1.060    clk_IBUF
    BUFGCTRL_X0Y0        BUFG (Prop_bufg_I_O)         0.029     1.089 r  clk_IBUF_BUFG_inst/O
                         net (fo=11156, routed)       0.873     1.962    u_aes_slave/u_aes_core/key_schedule_inst/clk_IBUF_BUFG
    SLICE_X4Y51          FDRE                                         r  u_aes_slave/u_aes_core/key_schedule_inst/key_state_reg_reg[2][222]/C

Slack:                    inf
  Source:                 rstn
                            (input port)
  Destination:            u_aes_slave/u_aes_core/key_schedule_inst/key_state_reg_reg[2][254]/R
                            (rising edge-triggered cell FDRE clocked by CLK  {rise@0.000ns fall@10.000ns period=20.000ns})
  Path Group:             (none)
  Path Type:              Hold (Min at Fast Process Corner)
  Data Path Delay:        1.019ns  (logic 0.257ns (25.245%)  route 0.762ns (74.755%))
  Logic Levels:           2  (IBUF=1 LUT1=1)
  Clock Path Skew:        1.962ns (DCD - SCD - CPR)
    Destination Clock Delay (DCD):    1.962ns
    Source Clock Delay      (SCD):    0.000ns
    Clock Pessimism Removal (CPR):    -0.000ns
  Timing Exception:       False Path

    Location             Delay type                Incr(ns)  Path(ns)    Netlist Resource(s)
  -------------------------------------------------------------------    -------------------
    U13                                               0.000     0.000 f  rstn (IN)
                         net (fo=0)                   0.000     0.000    rstn
    U13                  IBUF (Prop_ibuf_I_O)         0.212     0.212 f  rstn_IBUF_inst/O
                         net (fo=49, routed)          0.542     0.754    u_aes_slave/u_aes_core/key_schedule_inst/rstn_IBUF
    SLICE_X3Y51          LUT1 (Prop_lut1_I0_O)        0.045     0.799 r  u_aes_slave/u_aes_core/key_schedule_inst/key_state_reg[0][255]_i_1/O
                         net (fo=6481, routed)        0.220     1.019    u_aes_slave/u_aes_core/key_schedule_inst/SR[0]
    SLICE_X4Y51          FDRE                                         r  u_aes_slave/u_aes_core/key_schedule_inst/key_state_reg_reg[2][254]/R
  -------------------------------------------------------------------    -------------------

                         (clock CLK rise edge)        0.000     0.000 r  
    N15                                               0.000     0.000 r  clk (IN)
                         net (fo=0)                   0.000     0.000    clk
    N15                  IBUF (Prop_ibuf_I_O)         0.365     0.365 r  clk_IBUF_inst/O
                         net (fo=1, routed)           0.695     1.060    clk_IBUF
    BUFGCTRL_X0Y0        BUFG (Prop_bufg_I_O)         0.029     1.089 r  clk_IBUF_BUFG_inst/O
                         net (fo=11156, routed)       0.873     1.962    u_aes_slave/u_aes_core/key_schedule_inst/clk_IBUF_BUFG
    SLICE_X4Y51          FDRE                                         r  u_aes_slave/u_aes_core/key_schedule_inst/key_state_reg_reg[2][254]/C





--------------------------------------------------------------------------------------
Path Group:  (none)
From Clock:  CLK
  To Clock:  

Max Delay             3 Endpoints
Min Delay             3 Endpoints
--------------------------------------------------------------------------------------


Max Delay Paths
--------------------------------------------------------------------------------------
Slack:                    inf
  Source:                 u_cpu/dut_pc/pc_reg[5]_rep__3/C
                            (rising edge-triggered cell FDRE clocked by CLK  {rise@0.000ns fall@10.000ns period=20.000ns})
  Destination:            cpu_stall_debug
                            (output port)
  Path Group:             (none)
  Path Type:              Max at Slow Process Corner
  Data Path Delay:        18.361ns  (logic 5.073ns (27.629%)  route 13.288ns (72.371%))
  Logic Levels:           13  (LUT4=3 LUT5=1 LUT6=7 MUXF7=1 OBUF=1)
  Clock Uncertainty:      0.325ns  ((TSJ^2 + TIJ^2)^1/2 + DJ) / 2 + PE + UU
    Total System Jitter     (TSJ):    0.050ns
    Total Input Jitter      (TIJ):    0.000ns
    Discrete Jitter          (DJ):    0.000ns
    Phase Error              (PE):    0.000ns
    User Uncertainty         (UU):    0.300ns

    Location             Delay type                Incr(ns)  Path(ns)    Netlist Resource(s)
  -------------------------------------------------------------------    -------------------
                         (clock CLK rise edge)        0.000     0.000 r  
    N15                                               0.000     0.000 r  clk (IN)
                         net (fo=0)                   0.000     0.000    clk
    N15                  IBUF (Prop_ibuf_I_O)         0.948     0.948 r  clk_IBUF_inst/O
                         net (fo=1, routed)           2.016     2.963    clk_IBUF
    BUFGCTRL_X0Y0        BUFG (Prop_bufg_I_O)         0.096     3.059 r  clk_IBUF_BUFG_inst/O
                         net (fo=11156, routed)       1.810     4.870    u_cpu/dut_pc/clk_IBUF_BUFG
    SLICE_X32Y11         FDRE                                         r  u_cpu/dut_pc/pc_reg[5]_rep__3/C
  -------------------------------------------------------------------    -------------------
    SLICE_X32Y11         FDRE (Prop_fdre_C_Q)         0.456     5.326 r  u_cpu/dut_pc/pc_reg[5]_rep__3/Q
                         net (fo=128, routed)         1.820     7.146    u_l1_icache/instruction_hold_q_reg[6]_i_15_0
    SLICE_X59Y19         LUT6 (Prop_lut6_I2_O)        0.124     7.270 f  u_l1_icache/instruction_hold_q[2]_i_57/O
                         net (fo=1, routed)           0.000     7.270    u_l1_icache/instruction_hold_q[2]_i_57_n_0
    SLICE_X59Y19         MUXF7 (Prop_muxf7_I0_O)      0.212     7.482 f  u_l1_icache/instruction_hold_q_reg[2]_i_29/O
                         net (fo=1, routed)           0.913     8.395    u_l1_icache/instruction_hold_q_reg[2]_i_29_n_0
    SLICE_X54Y17         LUT6 (Prop_lut6_I0_O)        0.299     8.694 f  u_l1_icache/instruction_hold_q[2]_i_13/O
                         net (fo=1, routed)           1.298     9.992    u_l1_icache/instruction_hold_q[2]_i_13_n_0
    SLICE_X33Y6          LUT6 (Prop_lut6_I5_O)        0.124    10.116 r  u_l1_icache/instruction_hold_q[2]_i_4/O
                         net (fo=1, routed)           0.564    10.681    u_cpu/dut_pc/instruction_hold_q_reg[2]
    SLICE_X31Y6          LUT6 (Prop_lut6_I2_O)        0.124    10.805 f  u_cpu/dut_pc/instruction_hold_q[2]_i_1/O
                         net (fo=3, routed)           0.655    11.459    u_cpu/dut_pc/pc_reg[6]_rep__4_6[2]
    SLICE_X25Y6          LUT4 (Prop_lut4_I0_O)        0.124    11.583 f  u_cpu/dut_pc/instr_debug[2]_i_1/O
                         net (fo=16, routed)          0.872    12.455    u_cpu/dut_pc/instruction_hold_valid_q_reg_1
    SLICE_X22Y12         LUT4 (Prop_lut4_I0_O)        0.118    12.573 r  u_cpu/dut_pc/cpu_stall_debug_OBUF_inst_i_18/O
                         net (fo=5, routed)           0.844    13.417    u_cpu/dut_pc/mem_read
    SLICE_X27Y15         LUT5 (Prop_lut5_I2_O)        0.326    13.743 r  u_cpu/dut_pc/FSM_onehot_current_state[4]_i_4/O
                         net (fo=75, routed)          0.999    14.742    u_cpu/dut_pc/u_cpu_axi_arbiter/select_data__0
    SLICE_X23Y14         LUT4 (Prop_lut4_I1_O)        0.124    14.866 r  u_cpu/dut_pc/FSM_onehot_current_state[4]_i_5/O
                         net (fo=5, routed)           0.416    15.282    u_cpu/dut_pc/axi_req_read
    SLICE_X23Y16         LUT6 (Prop_lut6_I3_O)        0.124    15.406 r  u_cpu/dut_pc/FSM_sequential_owner_q[1]_i_2/O
                         net (fo=10, routed)          0.642    16.049    u_cpu/dut_pc/FSM_onehot_current_state_reg[0]
    SLICE_X28Y14         LUT6 (Prop_lut6_I3_O)        0.124    16.173 r  u_cpu/dut_pc/cpu_stall_debug_OBUF_inst_i_5/O
                         net (fo=4, routed)           0.704    16.877    u_cpu/dut_pc/cpu_mem_stall
    SLICE_X27Y14         LUT6 (Prop_lut6_I5_O)        0.124    17.001 r  u_cpu/dut_pc/cpu_stall_debug_OBUF_inst_i_1/O
                         net (fo=1, routed)           3.560    20.561    cpu_stall_debug_OBUF
    T10                  OBUF (Prop_obuf_I_O)         2.670    23.231 r  cpu_stall_debug_OBUF_inst/O
                         net (fo=0)                   0.000    23.231    cpu_stall_debug
    T10                                                               r  cpu_stall_debug (OUT)
  -------------------------------------------------------------------    -------------------

Slack:                    inf
  Source:                 u_uart_slave/u_uart_core/uart_tx_inst/bit_cnt_reg[1]/C
                            (rising edge-triggered cell FDRE clocked by CLK  {rise@0.000ns fall@10.000ns period=20.000ns})
  Destination:            uart_tx_o
                            (output port)
  Path Group:             (none)
  Path Type:              Max at Slow Process Corner
  Data Path Delay:        7.511ns  (logic 3.763ns (50.108%)  route 3.747ns (49.892%))
  Logic Levels:           4  (LUT5=1 LUT6=1 MUXF7=1 OBUF=1)
  Clock Uncertainty:      0.325ns  ((TSJ^2 + TIJ^2)^1/2 + DJ) / 2 + PE + UU
    Total System Jitter     (TSJ):    0.050ns
    Total Input Jitter      (TIJ):    0.000ns
    Discrete Jitter          (DJ):    0.000ns
    Phase Error              (PE):    0.000ns
    User Uncertainty         (UU):    0.300ns

    Location             Delay type                Incr(ns)  Path(ns)    Netlist Resource(s)
  -------------------------------------------------------------------    -------------------
                         (clock CLK rise edge)        0.000     0.000 r  
    N15                                               0.000     0.000 r  clk (IN)
                         net (fo=0)                   0.000     0.000    clk
    N15                  IBUF (Prop_ibuf_I_O)         0.948     0.948 r  clk_IBUF_inst/O
                         net (fo=1, routed)           2.016     2.963    clk_IBUF
    BUFGCTRL_X0Y0        BUFG (Prop_bufg_I_O)         0.096     3.059 r  clk_IBUF_BUFG_inst/O
                         net (fo=11156, routed)       1.883     4.943    u_uart_slave/u_uart_core/uart_tx_inst/clk_IBUF_BUFG
    SLICE_X0Y28          FDRE                                         r  u_uart_slave/u_uart_core/uart_tx_inst/bit_cnt_reg[1]/C
  -------------------------------------------------------------------    -------------------
    SLICE_X0Y28          FDRE (Prop_fdre_C_Q)         0.456     5.399 r  u_uart_slave/u_uart_core/uart_tx_inst/bit_cnt_reg[1]/Q
                         net (fo=5, routed)           0.994     6.392    u_uart_slave/u_uart_core/uart_tx_inst/bit_cnt[1]
    SLICE_X3Y26          LUT6 (Prop_lut6_I2_O)        0.124     6.516 r  u_uart_slave/u_uart_core/uart_tx_inst/uart_tx_o_OBUF_inst_i_4/O
                         net (fo=1, routed)           0.000     6.516    u_uart_slave/u_uart_core/uart_tx_inst/uart_tx_o_OBUF_inst_i_4_n_0
    SLICE_X3Y26          MUXF7 (Prop_muxf7_I1_O)      0.217     6.733 r  u_uart_slave/u_uart_core/uart_tx_inst/uart_tx_o_OBUF_inst_i_2/O
                         net (fo=1, routed)           0.399     7.132    u_uart_slave/u_uart_core/uart_tx_inst/uart_tx_o_OBUF_inst_i_2_n_0
    SLICE_X1Y26          LUT5 (Prop_lut5_I2_O)        0.299     7.431 r  u_uart_slave/u_uart_core/uart_tx_inst/uart_tx_o_OBUF_inst_i_1/O
                         net (fo=1, routed)           2.355     9.786    uart_tx_o_OBUF
    T9                   OBUF (Prop_obuf_I_O)         2.667    12.453 r  uart_tx_o_OBUF_inst/O
                         net (fo=0)                   0.000    12.453    uart_tx_o
    T9                                                                r  uart_tx_o (OUT)
  -------------------------------------------------------------------    -------------------

Slack:                    inf
  Source:                 u_aes_slave/done_q_reg/C
                            (rising edge-triggered cell FDRE clocked by CLK  {rise@0.000ns fall@10.000ns period=20.000ns})
  Destination:            aes_done_debug
                            (output port)
  Path Group:             (none)
  Path Type:              Max at Slow Process Corner
  Data Path Delay:        5.740ns  (logic 3.297ns (57.442%)  route 2.443ns (42.558%))
  Logic Levels:           1  (OBUF=1)
  Clock Uncertainty:      0.325ns  ((TSJ^2 + TIJ^2)^1/2 + DJ) / 2 + PE + UU
    Total System Jitter     (TSJ):    0.050ns
    Total Input Jitter      (TIJ):    0.000ns
    Discrete Jitter          (DJ):    0.000ns
    Phase Error              (PE):    0.000ns
    User Uncertainty         (UU):    0.300ns

    Location             Delay type                Incr(ns)  Path(ns)    Netlist Resource(s)
  -------------------------------------------------------------------    -------------------
                         (clock CLK rise edge)        0.000     0.000 r  
    N15                                               0.000     0.000 r  clk (IN)
                         net (fo=0)                   0.000     0.000    clk
    N15                  IBUF (Prop_ibuf_I_O)         0.948     0.948 r  clk_IBUF_inst/O
                         net (fo=1, routed)           2.016     2.963    clk_IBUF
    BUFGCTRL_X0Y0        BUFG (Prop_bufg_I_O)         0.096     3.059 r  clk_IBUF_BUFG_inst/O
                         net (fo=11156, routed)       1.885     4.945    u_aes_slave/clk_IBUF_BUFG
    SLICE_X2Y30          FDRE                                         r  u_aes_slave/done_q_reg/C
  -------------------------------------------------------------------    -------------------
    SLICE_X2Y30          FDRE (Prop_fdre_C_Q)         0.478     5.423 r  u_aes_slave/done_q_reg/Q
                         net (fo=3, routed)           2.443     7.866    aes_done_debug_OBUF
    R10                  OBUF (Prop_obuf_I_O)         2.819    10.685 r  aes_done_debug_OBUF_inst/O
                         net (fo=0)                   0.000    10.685    aes_done_debug
    R10                                                               r  aes_done_debug (OUT)
  -------------------------------------------------------------------    -------------------





Min Delay Paths
--------------------------------------------------------------------------------------
Slack:                    inf
  Source:                 u_aes_slave/done_q_reg/C
                            (rising edge-triggered cell FDRE clocked by CLK  {rise@0.000ns fall@10.000ns period=20.000ns})
  Destination:            aes_done_debug
                            (output port)
  Path Group:             (none)
  Path Type:              Min at Fast Process Corner
  Data Path Delay:        2.034ns  (logic 1.366ns (67.160%)  route 0.668ns (32.840%))
  Logic Levels:           1  (OBUF=1)
  Clock Uncertainty:      0.125ns  ((TSJ^2 + TIJ^2)^1/2 + DJ) / 2 + PE + UU
    Total System Jitter     (TSJ):    0.050ns
    Total Input Jitter      (TIJ):    0.000ns
    Discrete Jitter          (DJ):    0.000ns
    Phase Error              (PE):    0.000ns
    User Uncertainty         (UU):    0.100ns

    Location             Delay type                Incr(ns)  Path(ns)    Netlist Resource(s)
  -------------------------------------------------------------------    -------------------
                         (clock CLK rise edge)        0.000     0.000 r  
    N15                                               0.000     0.000 r  clk (IN)
                         net (fo=0)                   0.000     0.000    clk
    N15                  IBUF (Prop_ibuf_I_O)         0.177     0.177 r  clk_IBUF_inst/O
                         net (fo=1, routed)           0.640     0.817    clk_IBUF
    BUFGCTRL_X0Y0        BUFG (Prop_bufg_I_O)         0.026     0.843 r  clk_IBUF_BUFG_inst/O
                         net (fo=11156, routed)       0.660     1.503    u_aes_slave/clk_IBUF_BUFG
    SLICE_X2Y30          FDRE                                         r  u_aes_slave/done_q_reg/C
  -------------------------------------------------------------------    -------------------
    SLICE_X2Y30          FDRE (Prop_fdre_C_Q)         0.148     1.651 r  u_aes_slave/done_q_reg/Q
                         net (fo=3, routed)           0.668     2.319    aes_done_debug_OBUF
    R10                  OBUF (Prop_obuf_I_O)         1.218     3.537 r  aes_done_debug_OBUF_inst/O
                         net (fo=0)                   0.000     3.537    aes_done_debug
    R10                                                               r  aes_done_debug (OUT)
  -------------------------------------------------------------------    -------------------

Slack:                    inf
  Source:                 u_uart_slave/u_uart_core/uart_tx_inst/FSM_sequential_current_state_reg[2]/C
                            (rising edge-triggered cell FDRE clocked by CLK  {rise@0.000ns fall@10.000ns period=20.000ns})
  Destination:            uart_tx_o
                            (output port)
  Path Group:             (none)
  Path Type:              Min at Fast Process Corner
  Data Path Delay:        2.273ns  (logic 1.430ns (62.918%)  route 0.843ns (37.082%))
  Logic Levels:           2  (LUT5=1 OBUF=1)
  Clock Uncertainty:      0.125ns  ((TSJ^2 + TIJ^2)^1/2 + DJ) / 2 + PE + UU
    Total System Jitter     (TSJ):    0.050ns
    Total Input Jitter      (TIJ):    0.000ns
    Discrete Jitter          (DJ):    0.000ns
    Phase Error              (PE):    0.000ns
    User Uncertainty         (UU):    0.100ns

    Location             Delay type                Incr(ns)  Path(ns)    Netlist Resource(s)
  -------------------------------------------------------------------    -------------------
                         (clock CLK rise edge)        0.000     0.000 r  
    N15                                               0.000     0.000 r  clk (IN)
                         net (fo=0)                   0.000     0.000    clk
    N15                  IBUF (Prop_ibuf_I_O)         0.177     0.177 r  clk_IBUF_inst/O
                         net (fo=1, routed)           0.640     0.817    clk_IBUF
    BUFGCTRL_X0Y0        BUFG (Prop_bufg_I_O)         0.026     0.843 r  clk_IBUF_BUFG_inst/O
                         net (fo=11156, routed)       0.658     1.501    u_uart_slave/u_uart_core/uart_tx_inst/clk_IBUF_BUFG
    SLICE_X2Y27          FDRE                                         r  u_uart_slave/u_uart_core/uart_tx_inst/FSM_sequential_current_state_reg[2]/C
  -------------------------------------------------------------------    -------------------
    SLICE_X2Y27          FDRE (Prop_fdre_C_Q)         0.148     1.649 f  u_uart_slave/u_uart_core/uart_tx_inst/FSM_sequential_current_state_reg[2]/Q
                         net (fo=12, routed)          0.246     1.895    u_uart_slave/u_uart_core/uart_tx_inst/current_state[2]
    SLICE_X1Y26          LUT5 (Prop_lut5_I0_O)        0.098     1.993 r  u_uart_slave/u_uart_core/uart_tx_inst/uart_tx_o_OBUF_inst_i_1/O
                         net (fo=1, routed)           0.597     2.590    uart_tx_o_OBUF
    T9                   OBUF (Prop_obuf_I_O)         1.184     3.773 r  uart_tx_o_OBUF_inst/O
                         net (fo=0)                   0.000     3.773    uart_tx_o
    T9                                                                r  uart_tx_o (OUT)
  -------------------------------------------------------------------    -------------------

Slack:                    inf
  Source:                 u_cpu/instruction_hold_valid_q_reg/C
                            (rising edge-triggered cell FDRE clocked by CLK  {rise@0.000ns fall@10.000ns period=20.000ns})
  Destination:            cpu_stall_debug
                            (output port)
  Path Group:             (none)
  Path Type:              Min at Fast Process Corner
  Data Path Delay:        2.946ns  (logic 1.372ns (46.586%)  route 1.574ns (53.414%))
  Logic Levels:           2  (LUT6=1 OBUF=1)
  Clock Uncertainty:      0.125ns  ((TSJ^2 + TIJ^2)^1/2 + DJ) / 2 + PE + UU
    Total System Jitter     (TSJ):    0.050ns
    Total Input Jitter      (TIJ):    0.000ns
    Discrete Jitter          (DJ):    0.000ns
    Phase Error              (PE):    0.000ns
    User Uncertainty         (UU):    0.100ns

    Location             Delay type                Incr(ns)  Path(ns)    Netlist Resource(s)
  -------------------------------------------------------------------    -------------------
                         (clock CLK rise edge)        0.000     0.000 r  
    N15                                               0.000     0.000 r  clk (IN)
                         net (fo=0)                   0.000     0.000    clk
    N15                  IBUF (Prop_ibuf_I_O)         0.177     0.177 r  clk_IBUF_inst/O
                         net (fo=1, routed)           0.640     0.817    clk_IBUF
    BUFGCTRL_X0Y0        BUFG (Prop_bufg_I_O)         0.026     0.843 r  clk_IBUF_BUFG_inst/O
                         net (fo=11156, routed)       0.633     1.476    u_cpu/clk_IBUF_BUFG
    SLICE_X27Y14         FDRE                                         r  u_cpu/instruction_hold_valid_q_reg/C
  -------------------------------------------------------------------    -------------------
    SLICE_X27Y14         FDRE (Prop_fdre_C_Q)         0.141     1.617 f  u_cpu/instruction_hold_valid_q_reg/Q
                         net (fo=46, routed)          0.387     2.004    u_cpu/dut_pc/instruction_hold_valid_q
    SLICE_X27Y14         LUT6 (Prop_lut6_I4_O)        0.045     2.049 r  u_cpu/dut_pc/cpu_stall_debug_OBUF_inst_i_1/O
                         net (fo=1, routed)           1.187     3.236    cpu_stall_debug_OBUF
    T10                  OBUF (Prop_obuf_I_O)         1.186     4.422 r  cpu_stall_debug_OBUF_inst/O
                         net (fo=0)                   0.000     4.422    cpu_stall_debug
    T10                                                               r  cpu_stall_debug (OUT)
  -------------------------------------------------------------------    -------------------





